vehicle_uid,name,year,selling_price,km_driven,fuel,seller_type,transmission,owner,car_record_id,car_age,price_category,km_category,owner_count,fuel_transmission,brand,price_per_km,is_diesel
CAR_000001,Maruti 800 AC,2007,60000,70000,Petrol,Individual,Manual,First Owner,1,18,Low,,0,Petrol_Manual,Maruti,0.86,0
CAR_000002,Maruti Wagon R LXI Minor,2007,135000,50000,,Individual,Manual,First Owner,2,18,Low,,0,Petrol_Manual,Maruti,2.7,0
CAR_000003,Hyundai Verna 1.6 SX,2012,600000,100000,Diesel,Individual,Manual,First Owner,3,13,,,,Diesel_Manual,Hyundai,6,1
CAR_000004,Datsun RediGO T Option,2017,250000,46000,Petrol,Individual,Manual,First Owner,4,8,Low,Medium,0,Petrol_Manual,Datsun,5.43,0
CAR_000005,Honda Amaze VX i-DTEC,2014,450000,141000,Diesel,Individual,Manual,Second Owner,5,11,,High,0,Diesel_Manual,Honda,3.19,1
CAR_000006,Maruti Alto LX BSIII,2007,140000,125000,Petrol,Individual,Manual,First Owner,6,18,Low,High,0,Petrol_Manual,Maruti,1.12,0
CAR_000007,Hyundai Xcent 1.2 Kappa S,2016,550000,25000,Petrol,Individual,,First Owner,7,9,Mid,Low,0,Petrol_Manual,Hyundai,22,0
CAR_000008,Tata Indigo Grand Petrol,2014,240000,60000,Petrol,Individual,Manual,Second Owner,8,11,Low,Medium,0,Petrol_Manual,Tata,4,0
CAR_000009,Hyundai Creta 1.6 VTVT S,2015,,25000,,Individual,Manual,First Owner,9,10,High,Low,0,Petrol_Manual,Hyundai,34,0
CAR_000010,Maruti Celerio Green VXI,2017,365000,78000,CNG,Individual,Manual,First Owner,10,8,Mid,High,0,CNG_Manual,Maruti,4.68,0
CAR_000011,Chevrolet Sail 1.2 Base,2015,260000,35000,Petrol,Individual,Manual,First Owner,11,10,Low,Medium,0,Petrol_Manual,Chevrolet,7.43,0
CAR_000012,Tata Indigo Grand Petrol,2014,250000,100000,Petrol,Individual,Manual,First Owner,12,11,Low,High,0,Petrol_Manual,Tata,2.5,0
CAR_000013,Toyota Corolla Altis 1.8 VL CVT,2018,1650000,25000,Petrol,Dealer,Automatic,First Owner,13,7,Premium,Low,0,Petrol_Automatic,Toyota,66,0
CAR_000014,Maruti 800 AC,2007,60000,70000,Petrol,Individual,Manual,First Owner,14,18,Low,Medium,0,Petrol_Manual,Maruti,0.86,0
CAR_000015,Maruti Wagon R LXI Minor,2007,135000,,Petrol,Individual,Manual,First Owner,15,18,Low,Medium,0,Petrol_Manual,Maruti,2.7,0
CAR_000016,Hyundai Verna 1.6 SX,2012,600000,100000,,Individual,Manual,First Owner,16,13,Mid,High,0,Diesel_Manual,Hyundai,6,1
CAR_000017,Datsun RediGO T Option,2017,250000,46000,Petrol,Individual,Manual,First Owner,17,8,Low,Medium,0,Petrol_Manual,Datsun,5.43,0
CAR_000018,Honda Amaze VX i-DTEC,2014,,,Diesel,Individual,Manual,Second Owner,18,11,Mid,High,0,Diesel_Manual,Honda,3.19,1
CAR_000019,Maruti Alto LX BSIII,2007,140000,125000,Petrol,Individual,Manual,First Owner,19,18,Low,High,0,Petrol_Manual,Maruti,1.12,0
CAR_000020,Hyundai Xcent 1.2 Kappa S,2016,550000,25000,Petrol,Individual,,First Owner,20,9,Mid,Low,,Petrol_Manual,Hyundai,22,0
CAR_000021,Tata Indigo Grand Petrol,2014,240000,60000,Petrol,Individual,Manual,Second Owner,21,11,Low,Medium,,Petrol_Manual,Tata,4,0
CAR_000022,Hyundai Creta 1.6 VTVT S,2015,850000,25000,Petrol,Individual,Manual,First Owner,22,10,High,Low,0,Petrol_Manual,Hyundai,34,0
CAR_000023,Maruti Celerio Green VXI,2017,365000,,CNG,Individual,Manual,First Owner,23,8,Mid,High,0,CNG_Manual,Maruti,4.68,0
CAR_000024,Chevrolet Sail 1.2 Base,2015,,,Petrol,Individual,Manual,First Owner,24,10,,Medium,0,Petrol_Manual,Chevrolet,7.43,0
CAR_000025,Tata Indigo Grand Petrol,2014,250000,100000,Petrol,Individual,Manual,First Owner,25,11,Low,High,0,Petrol_Manual,Tata,2.5,0
CAR_000026,Toyota Corolla Altis 1.8 VL CVT,2018,1650000,25000,Petrol,Dealer,Automatic,First Owner,26,7,Premium,Low,0,Petrol_Automatic,Toyota,66,0
CAR_000027,Maruti Ciaz VXi Plus,2015,585000,24000,Petrol,Dealer,Manual,First Owner,27,10,Mid,Low,0,Petrol_Manual,Maruti,24.38,0
CAR_000028,Hyundai Venue SX Opt Diesel,2019,1195000,5000,Diesel,Dealer,Manual,First Owner,28,6,Premium,Low,0,Diesel_Manual,Hyundai,239,1
CAR_000029,Chevrolet Enjoy TCDi LTZ 7 Seater,2013,390000,33000,Diesel,Individual,Manual,Second Owner,29,12,,Medium,0,Diesel_Manual,Chevrolet,11.82,1
CAR_000030,Jaguar XF 2.2 Litre Luxury,2014,1964999,28000,Diesel,Dealer,Automatic,First Owner,30,11,Premium,Low,0,Diesel_Automatic,Jaguar,70.18,1
CAR_000031,Mercedes-Benz New C-Class 220 CDI AT,2013,1425000,59000,Diesel,Dealer,Automatic,First Owner,31,12,Premium,Medium,0,Diesel_Automatic,Mercedes-Benz,24.15,1
CAR_000032,Maruti Vitara Brezza ZDi Plus AMT,2018,975000,4500,Diesel,Dealer,Automatic,First Owner,32,7,High,Low,0,Diesel_Automatic,Maruti,216.67,1
CAR_000033,Audi Q5 2.0 TDI,2011,1190000,,Diesel,Dealer,,First Owner,33,14,Premium,Very High,0,Diesel_Automatic,Audi,6.77,1
CAR_000034,Honda City V MT,2018,,,Petrol,Dealer,Manual,First Owner,34,7,High,Low,0,Petrol_Manual,Honda,64.14,0
CAR_000035,Tata Tigor 1.2 Revotron XT,2018,525000,15000,Petrol,Individual,Manual,First Owner,35,7,Mid,Low,0,Petrol_Manual,Tata,35,0
CAR_000036,Audi A6 2.0 TDI  Design Edition,2013,1735000,50000,Diesel,Dealer,Automatic,First Owner,36,12,Premium,Medium,0,Diesel_Automatic,Audi,34.7,1
CAR_000037,Mercedes-Benz New C-Class C 220 CDI Avantgarde,2012,1375000,33800,Diesel,Dealer,Automatic,Second Owner,37,13,Premium,,0,Diesel_Automatic,Mercedes-Benz,40.68,1
CAR_000038,Skoda Superb Ambition 2.0 TDI CR AT,2011,450000,,Diesel,Dealer,Automatic,Second Owner,38,14,Mid,High,0,Diesel_Automatic,Skoda,3.45,1
CAR_000039,Toyota Corolla Altis G AT,2016,900000,50000,Petrol,Individual,Automatic,First Owner,39,9,High,Medium,0,Petrol_Automatic,Toyota,18,0
CAR_000040,Toyota Innova 2.5 G (Diesel) 7 Seater,2015,1300000,80000,Diesel,Individual,Manual,First Owner,40,10,Premium,High,0,Diesel_Manual,Toyota,16.25,1
CAR_000041,Jeep Compass 1.4 Sport Plus BSIV,2019,1400000,10000,Petrol,Individual,,First Owner,41,6,Premium,,0,Petrol_Manual,Jeep,140,0
CAR_000042,Mercedes-Benz E-Class E 200 CGI Elegance,2010,850000,119000,Petrol,Dealer,Automatic,First Owner,42,15,High,High,0,Petrol_Automatic,Mercedes-Benz,7.14,0
CAR_000043,Hyundai i10 Magna 1.1L,2014,229999,60000,,Individual,Manual,Fourth & Above Owner,43,11,Low,Medium,0,Petrol_Manual,Hyundai,3.83,0
CAR_000044,BMW 3 Series 320d Sport Line,2013,1550000,75800,Diesel,Dealer,Automatic,Second Owner,44,12,Premium,High,0,Diesel_Automatic,BMW,20.45,1
CAR_000045,Audi Q7 35 TDI Quattro Premium,2009,1250000,78000,Diesel,Dealer,,Third Owner,45,16,Premium,High,0,Diesel_Automatic,Audi,16.03,1
CAR_000046,Hyundai Elantra CRDi S,2012,625000,40000,Diesel,Individual,Manual,First Owner,46,13,High,Medium,0,Diesel_Manual,Hyundai,15.62,1
CAR_000047,Mahindra Scorpio 1.99 S10,2014,1050000,50000,Diesel,Individual,Manual,First Owner,47,11,Premium,Medium,0,Diesel_Manual,Mahindra,21,1
CAR_000048,Honda City i DTEC V,2014,560000,74000,,Individual,Manual,Second Owner,48,11,,High,0,Diesel_Manual,Honda,7.57,1
CAR_000049,Maruti Wagon R VXI BS IV with ABS,2014,290000,64000,Petrol,Individual,Manual,Second Owner,49,11,Low,Medium,0,Petrol_Manual,Maruti,4.53,0
CAR_000050,Maruti Wagon R VXI BS IV,2012,275000,60000,,Individual,Manual,Second Owner,50,13,Low,Medium,0,Petrol_Manual,Maruti,4.58,0
CAR_000051,Mahindra Scorpio LX,2009,411000,120000,,Individual,Manual,Second Owner,51,16,Mid,High,0,Diesel_Manual,Mahindra,3.42,1
CAR_000052,Hyundai Santro Xing GLS,2009,,79000,Petrol,Individual,Manual,Third Owner,52,16,Low,High,0,Petrol_Manual,Hyundai,1.9,0
CAR_000053,Hyundai Grand i10 1.2 Kappa Asta,2019,500000,15000,,Individual,Manual,First Owner,53,6,Mid,,0,Petrol_Manual,Hyundai,33.33,0
CAR_000054,Maruti Alto LXi,2006,100000,80000,Petrol,Individual,,First Owner,54,19,Low,High,,Petrol_Manual,Maruti,1.25,0
CAR_000055,Maruti Swift Dzire VDI Optional,2017,725000,18500,Diesel,Dealer,Manual,First Owner,55,8,High,Low,0,Diesel_Manual,Maruti,39.19,1
CAR_000056,Maruti Eeco 5 Seater AC BSIV,2018,401000,10200,Petrol,Dealer,Manual,First Owner,56,7,Mid,Low,0,Petrol_Manual,Maruti,39.31,0
CAR_000057,Hyundai i20 Sportz 1.4 CRDi,2018,750000,29000,Diesel,Dealer,Manual,First Owner,57,7,,Low,0,Diesel_Manual,Hyundai,25.86,1
CAR_000058,Maruti Omni Maruti Omni MPI STD BSIII 5-STR W/ IMMOBILISER,2018,310000,28000,Petrol,Dealer,Manual,First Owner,58,7,Mid,Low,0,Petrol_Manual,Maruti,11.07,0
CAR_000059,Maruti Swift ZDi BSIV,2016,665000,46000,Diesel,Dealer,Manual,First Owner,59,9,High,Medium,0,Diesel_Manual,Maruti,14.46,1
CAR_000060,Hyundai i20 2015-2017 Sportz Option 1.4 CRDi,2014,465000,70000,Diesel,Dealer,,First Owner,60,11,Mid,Medium,0,Diesel_Manual,Hyundai,6.64,1
CAR_000061,Maruti Alto LXi,2012,160000,60000,Petrol,Individual,,Second Owner,61,13,Low,,0,Petrol_Manual,Maruti,2.67,0
CAR_000062,Mahindra Jeep CL 500 MDI,1996,250000,35000,Diesel,Individual,Manual,Second Owner,62,29,,,0,Diesel_Manual,Mahindra,7.14,1
CAR_000063,Honda City i DTEC VX,2014,675000,90000,Diesel,Dealer,Manual,First Owner,63,11,High,High,0,Diesel_Manual,Honda,7.5,1
CAR_000064,Maruti Wagon R VXI BS IV,2013,300000,80000,Petrol,Dealer,Manual,First Owner,64,12,Low,High,,Petrol_Manual,Maruti,3.75,0
CAR_000065,Tata Indica DLS,2005,70000,80000,Diesel,Individual,Manual,First Owner,65,20,Low,High,0,Diesel_Manual,Tata,0.88,1
CAR_000066,Hyundai EON Magna Plus,2014,240000,73300,Petrol,Dealer,Manual,Second Owner,66,11,Low,High,0,Petrol_Manual,Hyundai,3.27,0
CAR_000067,Toyota Etios GD,2014,525000,92000,Diesel,Dealer,Manual,First Owner,67,11,Mid,High,0,Diesel_Manual,Toyota,5.71,1
CAR_000068,Maruti Alto LXi,2009,151000,66764,Petrol,Dealer,Manual,Second Owner,68,16,Low,Medium,,Petrol_Manual,Maruti,2.26,0
CAR_000069,Maruti Alto LXi,2009,140000,100000,Petrol,Individual,Manual,First Owner,69,16,Low,High,,Petrol_Manual,Maruti,1.4,0
CAR_000070,Chevrolet Tavera Neo LS B3 - 7(C) seats BSIII,2010,280000,350000,Diesel,Individual,Manual,Second Owner,70,15,,Very High,0,Diesel_Manual,Chevrolet,0.8,1
CAR_000071,Toyota Corolla Altis Diesel D4DG,2011,,230000,Diesel,Individual,Manual,First Owner,71,14,Mid,Very High,0,Diesel_Manual,Toyota,1.52,1
CAR_000072,Mahindra Scorpio 1.99 S6 Plus,2017,570000,60000,Diesel,Individual,Manual,First Owner,72,8,Mid,Medium,0,Diesel_Manual,Mahindra,9.5,1
CAR_000073,Hyundai EON Magna Plus,2018,300000,31000,,Individual,Manual,First Owner,73,7,Low,Medium,0,Petrol_Manual,Hyundai,9.68,0
CAR_000074,Tata Indigo Classic Dicor,2007,100000,39000,Diesel,Individual,Manual,First Owner,74,18,Low,Medium,0,Diesel_Manual,Tata,2.56,1
CAR_000075,Toyota Innova 2.5 V Diesel 8-seater,2009,500000,120000,Diesel,Individual,Manual,Third Owner,75,16,Mid,,0,Diesel_Manual,Toyota,4.17,1
CAR_000076,Tata Indica Vista Quadrajet LS,2014,125000,166000,Diesel,Individual,Manual,Fourth & Above Owner,76,11,Low,Very High,0,Diesel_Manual,Tata,0.75,1
CAR_000077,Maruti Swift 1.3 VXi,2006,130000,110000,Petrol,Individual,Manual,Third Owner,77,19,Low,High,0,Petrol_Manual,Maruti,1.18,0
CAR_000078,Ford EcoSport 1.5 Diesel Titanium BSIV,2017,925000,35000,Diesel,Individual,Manual,First Owner,78,8,High,,0,Diesel_Manual,Ford,26.43,1
CAR_000079,Maruti Ciaz 1.3 Delta,2018,750000,60000,,Individual,Manual,First Owner,79,7,High,Medium,0,Diesel_Manual,Maruti,12.5,1
CAR_000080,Honda Civic 1.8 V AT,2007,200000,54000,Petrol,Individual,Automatic,Second Owner,80,18,Low,Medium,0,Petrol_Automatic,Honda,3.7,0
CAR_000081,Hyundai i10 Sportz 1.2,2010,,,Petrol,Individual,Manual,Second Owner,81,15,Low,Medium,0,Petrol_Manual,Hyundai,3.94,0
CAR_000082,Skoda Rapid 1.5 TDI Elegance,2014,450000,120000,Diesel,Individual,Manual,Second Owner,82,11,Mid,High,,Diesel_Manual,Skoda,3.75,1
CAR_000083,Hyundai Getz GLS,2005,80000,120000,Petrol,Individual,Manual,Third Owner,83,20,Low,,0,Petrol_Manual,Hyundai,0.67,0
CAR_000084,Nissan Terrano XL,2014,650000,76000,,Individual,Manual,Second Owner,84,11,High,High,0,Petrol_Manual,Nissan,8.55,0
CAR_000085,Hyundai Grand i10 CRDi Sportz,2015,,80000,Diesel,Individual,Manual,First Owner,85,10,Mid,High,0,Diesel_Manual,Hyundai,5.62,1
CAR_000086,Hyundai Elite i20 Diesel Era,2019,650000,25000,Diesel,Individual,Manual,First Owner,86,6,,Low,0,Diesel_Manual,Hyundai,26,1
CAR_000087,Honda Amaze S i-VTEC,2016,495000,11958,Petrol,Dealer,Manual,First Owner,87,9,Mid,Low,0,Petrol_Manual,Honda,41.39,0
CAR_000088,Honda Brio S MT,2015,371000,20000,Petrol,Dealer,Manual,First Owner,88,10,Mid,Low,0,Petrol_Manual,Honda,18.55,0
CAR_000089,Hyundai Creta 1.6 SX Option,2017,1025000,,Petrol,Dealer,Manual,First Owner,89,8,Premium,Low,0,Petrol_Manual,Hyundai,113.89,0
CAR_000090,Mercedes-Benz S-Class S 350d Connoisseurs Edition,2017,8150000,6500,Diesel,Dealer,Automatic,First Owner,90,8,Premium,Low,0,Diesel_Automatic,Mercedes-Benz,1253.85,1
CAR_000091,Mahindra XUV500 W8 2WD,2015,750000,70000,Diesel,Individual,Manual,First Owner,91,10,High,Medium,0,Diesel_Manual,Mahindra,10.71,1
CAR_000092,Renault Duster 85PS Diesel RxL Optional,2013,600000,120000,Diesel,Individual,Manual,First Owner,92,12,Mid,High,0,Diesel_Manual,Renault,5,1
CAR_000093,Hyundai Santro Xing XO,2007,80000,58000,Petrol,Dealer,Manual,Second Owner,93,18,Low,Medium,0,Petrol_Manual,Hyundai,1.38,0
CAR_000094,Mahindra Bolero 2011-2019 SLE,2013,,,Diesel,Dealer,,First Owner,94,12,Mid,Medium,0,Diesel_Manual,Mahindra,5.23,1
CAR_000095,Audi A6 2.0 TDI Premium Plus,2014,1470000,34000,Diesel,Dealer,Automatic,Second Owner,95,11,Premium,Medium,0,Diesel_Automatic,Audi,43.24,1
CAR_000096,Fiat Avventura MULTIJET Emotion,2015,350000,,Diesel,Individual,Manual,Second Owner,96,10,Mid,Medium,0,Diesel_Manual,Fiat,6.6,1
CAR_000097,Audi A8 4.2 TDI,2013,,49000,Diesel,Dealer,Automatic,First Owner,97,12,Premium,Medium,0,Diesel_Automatic,Audi,57.14,1
CAR_000098,Datsun RediGO 1.0 S,2017,210000,,Petrol,Dealer,Manual,Second Owner,98,8,Low,Low,0,Petrol_Manual,Datsun,14,0
CAR_000099,Volkswagen Jetta 1.4 TSI Comfortline,2013,450000,50000,Petrol,Individual,Manual,First Owner,99,12,Mid,Medium,0,Petrol_Manual,Volkswagen,9,0
CAR_000100,Audi A4 2.0 TDI 177 Bhp Premium Plus,2013,1150000,53000,Diesel,Dealer,Automatic,First Owner,100,12,Premium,Medium,0,Diesel_Automatic,Audi,21.7,1
CAR_000101,Honda Civic 1.8 V AT,2009,210000,63500,Petrol,Dealer,Automatic,First Owner,101,16,Low,Medium,0,Petrol_Automatic,Honda,3.31,0
CAR_000102,Mercedes-Benz E-Class Exclusive E 200 BSIV,2018,4500000,9800,Petrol,Dealer,,First Owner,102,7,Premium,Low,0,Petrol_Automatic,Mercedes-Benz,459.18,0
CAR_000103,BMW X1 sDrive 20d xLine,2017,2750000,13000,Diesel,Individual,Automatic,First Owner,103,8,Premium,Low,0,Diesel_Automatic,BMW,211.54,1
CAR_000104,Volvo V40 D3 R Design,2018,1975000,21000,Diesel,Dealer,Automatic,First Owner,104,7,Premium,Low,0,Diesel_Automatic,Volvo,94.05,1
CAR_000105,Maruti SX4 Zxi BSIII,2008,175000,29173,Petrol,Dealer,Manual,First Owner,105,17,Low,Low,0,Petrol_Manual,Maruti,6,0
CAR_000106,BMW 7 Series 730Ld,2012,2500000,48000,Diesel,Dealer,Automatic,First Owner,106,13,Premium,Medium,0,Diesel_Automatic,BMW,52.08,1
CAR_000107,Mahindra Bolero Power Plus SLX,2017,628000,120000,Diesel,Individual,Manual,First Owner,107,8,High,High,0,Diesel_Manual,Mahindra,5.23,1
CAR_000108,Hyundai Sonata CRDi M/T,2010,600000,100000,Diesel,Individual,Manual,First Owner,108,15,Mid,High,0,Diesel_Manual,Hyundai,6,1
CAR_000109,Nissan Micra Active XV Petrol,2017,399000,30000,Petrol,Individual,Manual,First Owner,109,8,Mid,Low,0,Petrol_Manual,Nissan,13.3,0
CAR_000110,Mahindra Xylo D4,2018,,87000,Diesel,Individual,Manual,First Owner,110,7,High,High,0,Diesel_Manual,Mahindra,8.62,1
CAR_000111,Hyundai Elite i20 Sportz Plus Dual Tone BSIV,2019,750000,15000,Petrol,Individual,Manual,First Owner,111,6,High,Low,0,Petrol_Manual,Hyundai,50,0
CAR_000112,Renault KWID RXT,2017,315000,16000,Petrol,Individual,Manual,First Owner,112,8,Mid,Low,0,Petrol_Manual,Renault,19.69,0
CAR_000113,Mahindra Xylo E4 BS III,2012,600000,60000,,Individual,Manual,First Owner,113,13,Mid,Medium,0,Diesel_Manual,Mahindra,10,1
CAR_000114,Maruti Wagon R LXI Minor,2010,100000,60000,,Individual,Manual,Fourth & Above Owner,114,15,Low,Medium,0,Petrol_Manual,Maruti,1.67,0
CAR_000115,Maruti SX4 ZXI MT BSIV,2011,250000,110000,Petrol,Individual,,Third Owner,115,14,Low,,0,Petrol_Manual,Maruti,2.27,0
CAR_000116,Renault KWID RXT,2017,350000,25000,Petrol,Individual,Manual,First Owner,116,8,Mid,Low,0,Petrol_Manual,Renault,14,0
CAR_000117,Hyundai Creta 1.4 CRDi S,2016,780000,60000,Diesel,Individual,Manual,First Owner,117,9,High,,0,Diesel_Manual,Hyundai,13,1
CAR_000118,Maruti Swift Dzire VDI,2014,434000,79350,Diesel,Individual,Manual,Second Owner,118,11,Mid,High,0,Diesel_Manual,Maruti,5.47,1
CAR_000119,Hyundai Verna 1.6 VTVT AT S Option,2016,690000,80000,Petrol,Individual,,First Owner,119,9,High,High,0,Petrol_Automatic,Hyundai,8.62,0
CAR_000120,Mahindra Scorpio LX BSIV,2014,555000,90000,Diesel,Individual,Manual,Second Owner,120,11,,,0,Diesel_Manual,Mahindra,6.17,1
CAR_000121,Maruti SX4 Vxi BSIII,2007,,90000,Petrol,Individual,Manual,Second Owner,121,18,Low,High,0,Petrol_Manual,Maruti,1.33,0
CAR_000122,Maruti Ertiga VDI,2014,500000,120000,Diesel,Individual,Manual,Second Owner,122,11,Mid,High,0,Diesel_Manual,Maruti,4.17,1
CAR_000123,Chevrolet Beat Diesel,2013,165000,60000,Diesel,Individual,,Second Owner,123,12,Low,,0,Diesel_Manual,Chevrolet,2.75,1
CAR_000124,Maruti Zen LX,2004,95000,,Petrol,Individual,,First Owner,124,21,Low,Medium,0,Petrol_Manual,Maruti,1.9,0
CAR_000125,Maruti Baleno Delta 1.2,2018,550000,20000,Petrol,Individual,Manual,First Owner,125,7,Mid,Low,0,Petrol_Manual,Maruti,27.5,0
CAR_000126,Maruti Swift Vdi BSIII,2007,100000,110000,Diesel,Individual,Manual,Fourth & Above Owner,126,18,Low,High,0,Diesel_Manual,Maruti,0.91,1
CAR_000127,Tata Nano Lx BSIV,2012,100000,50000,Petrol,Individual,Manual,Second Owner,127,13,Low,Medium,0,Petrol_Manual,Tata,2,0
CAR_000128,Toyota Innova 2.5 GX (Diesel) 8 Seater,2012,500000,100000,Diesel,Individual,Manual,First Owner,128,13,Mid,High,0,Diesel_Manual,Toyota,5,1
CAR_000129,Maruti Ertiga SHVS VDI,2016,800000,70000,,Individual,,Second Owner,129,9,High,Medium,0,Diesel_Manual,Maruti,11.43,1
CAR_000130,Hyundai Creta 1.6 CRDi SX,2016,840000,70000,Diesel,Individual,,Second Owner,130,9,,Medium,0,Diesel_Manual,Hyundai,12,1
CAR_000131,Honda Amaze S i-Vtech,2016,490000,,Petrol,Individual,Manual,First Owner,131,9,,Medium,0,Petrol_Manual,Honda,9.8,0
CAR_000132,Tata Indica Vista Aqua 1.4 TDI,2010,125000,81000,Diesel,Individual,Manual,Second Owner,132,15,Low,High,0,Diesel_Manual,Tata,1.54,1
CAR_000133,Chevrolet Tavera Neo 2 LS B4 7 Str BSIII,2012,,120000,Diesel,Individual,Manual,Third Owner,133,13,Mid,High,0,Diesel_Manual,Chevrolet,3.33,1
CAR_000134,Chevrolet Cruze LTZ,2015,1000000,3600,Diesel,Dealer,Manual,First Owner,134,10,High,Low,0,Diesel_Manual,Chevrolet,277.78,1
CAR_000135,Ford Figo Aspire 1.2 Ti-VCT Titanium Plus,2015,,14272,Petrol,Dealer,Manual,First Owner,135,10,Mid,Low,0,Petrol_Manual,Ford,37.14,0
CAR_000136,Ford EcoSport 1.5 Diesel Titanium Plus BSIV,2017,840000,49213,,Dealer,Manual,First Owner,136,8,High,Medium,0,Diesel_Manual,Ford,17.07,1
CAR_000137,Hyundai i10 Sportz 1.1L,2015,229999,40000,Petrol,Individual,Manual,First Owner,137,10,Low,Medium,0,Petrol_Manual,Hyundai,5.75,0
CAR_000138,Maruti 800 Std,1998,40000,40000,Petrol,Individual,Manual,Fourth & Above Owner,138,27,Low,Medium,0,Petrol_Manual,Maruti,1,0
CAR_000139,Chevrolet Spark 1.0 LS,2012,130000,80000,Petrol,Individual,,First Owner,139,13,Low,,,Petrol_Manual,Chevrolet,1.62,0
CAR_000140,Hyundai EON Era Plus,2015,200000,70000,Petrol,Individual,Manual,First Owner,140,10,Low,Medium,0,Petrol_Manual,Hyundai,2.86,0
CAR_000141,Tata Indica Vista Aqua TDI BSIII,2011,120000,70000,Diesel,Individual,Manual,First Owner,141,14,Low,Medium,0,Diesel_Manual,Tata,1.71,1
CAR_000142,Hyundai Santro LP zipPlus,2003,75000,,Petrol,Individual,Manual,First Owner,142,22,Low,,0,Petrol_Manual,Hyundai,1.32,0
CAR_000143,Tata Bolt Quadrajet XE,2016,250000,120000,Diesel,Individual,Manual,First Owner,143,9,Low,High,0,Diesel_Manual,Tata,2.08,1
CAR_000144,Maruti 800 AC BSIII,2005,100000,30000,Petrol,Individual,Manual,First Owner,144,20,,Low,0,Petrol_Manual,Maruti,3.33,0
CAR_000145,Hyundai EON Era Plus,2013,,3240,Petrol,Individual,Manual,Second Owner,145,12,Low,Low,0,Petrol_Manual,Hyundai,86.42,0
CAR_000146,Hyundai i20 Magna 1.2,2015,540000,5000,Petrol,Individual,,First Owner,146,10,Mid,Low,,Petrol_Manual,Hyundai,108,0
CAR_000147,Hyundai i20 1.2 Asta,2018,700000,10000,Petrol,Individual,Manual,First Owner,147,7,High,Low,0,Petrol_Manual,Hyundai,70,0
CAR_000148,Maruti Ciaz VDi Plus,2015,525000,100000,Diesel,Individual,Manual,First Owner,148,10,Mid,High,0,Diesel_Manual,Maruti,5.25,1
CAR_000149,Hyundai i20 Asta 1.4 CRDi,2016,430000,80000,Diesel,Individual,Manual,First Owner,149,9,Mid,High,0,Diesel_Manual,Hyundai,5.38,1
CAR_000150,Hyundai Santro LE,2002,,70000,,Individual,Manual,First Owner,150,23,Low,Medium,0,Petrol_Manual,Hyundai,0.93,0
CAR_000151,Maruti Vitara Brezza VDi,2018,,35000,Diesel,Individual,Manual,First Owner,151,7,High,Medium,0,Diesel_Manual,Maruti,22.86,1
CAR_000152,Hyundai Santro Xing XL eRLX Euro III,2007,,114000,Petrol,Individual,Manual,Second Owner,152,18,Low,High,0,Petrol_Manual,Hyundai,0.66,0
CAR_000153,Hyundai Getz 1.3 GLS,2008,,53772,,Individual,Manual,First Owner,153,17,Low,Medium,0,Petrol_Manual,Hyundai,3.91,0
CAR_000154,Mahindra Quanto C8,2012,195000,140000,Diesel,Individual,Manual,Second Owner,154,13,,High,0,Diesel_Manual,Mahindra,1.39,1
CAR_000155,Chevrolet Tavera Neo 3 LS 7 C BSIII,2015,400000,120000,Diesel,Individual,Manual,First Owner,155,10,Mid,High,0,Diesel_Manual,Chevrolet,3.33,1
CAR_000156,Hyundai EON Magna Plus,2012,170000,60000,Petrol,Individual,Manual,First Owner,156,13,Low,Medium,0,Petrol_Manual,Hyundai,2.83,0
CAR_000157,Renault KWID RXT,2016,225000,25000,Petrol,Individual,,First Owner,157,9,Low,Low,0,Petrol_Manual,Renault,9,0
CAR_000158,Maruti Wagon R DUO LPG,2014,,90000,LPG,Individual,Manual,First Owner,158,11,,High,0,LPG_Manual,Maruti,2.33,0
CAR_000159,Maruti Wagon R LXI,2020,240000,120000,Petrol,Individual,Manual,First Owner,159,5,Low,,,Petrol_Manual,Maruti,2,0
CAR_000160,Chevrolet Enjoy 1.3 TCDi LS 8,2015,300000,,Diesel,Individual,Manual,First Owner,160,10,Low,Very High,0,Diesel_Manual,Chevrolet,1.71,1
CAR_000161,Chevrolet Spark 1.0 LS,2011,99000,100000,,Individual,Manual,Third Owner,161,14,Low,,0,Petrol_Manual,Chevrolet,0.99,0
CAR_000162,Honda City i VTEC SV,2014,620000,36000,Petrol,Individual,Manual,First Owner,162,11,High,Medium,0,Petrol_Manual,Honda,17.22,0
CAR_000163,Honda Amaze VX i-DTEC,2013,500000,30000,Diesel,Individual,Manual,First Owner,163,12,,Low,0,Diesel_Manual,Honda,16.67,1
CAR_000164,Jaguar XJ 5.0 L V8 Supercharged,2010,2550000,40000,Petrol,Individual,,Second Owner,164,15,Premium,Medium,0,Petrol_Automatic,Jaguar,63.75,0
CAR_000165,Honda Brio E MT,2013,260000,70000,Petrol,Individual,Manual,Second Owner,165,12,Low,Medium,0,Petrol_Manual,Honda,3.71,0
CAR_000166,Maruti Swift VVT ZXI,2017,550000,60000,Petrol,Individual,Manual,First Owner,166,8,Mid,Medium,0,Petrol_Manual,Maruti,9.17,0
CAR_000167,Tata Indigo CR4,2011,,155500,Diesel,Individual,Manual,First Owner,167,14,Low,Very High,0,Diesel_Manual,Tata,0.96,1
CAR_000168,Hyundai i10 Asta AT,2011,350000,50000,Petrol,Individual,Automatic,Second Owner,168,14,Mid,Medium,0,Petrol_Automatic,Hyundai,7,0
CAR_000169,Chevrolet Beat LT,2016,320000,40000,Petrol,Individual,Manual,First Owner,169,9,Mid,Medium,0,Petrol_Manual,Chevrolet,8,0
CAR_000170,Maruti Swift VDI BSIV,2015,400000,100000,Diesel,Individual,,Third Owner,170,10,Mid,High,0,Diesel_Manual,Maruti,4,1
CAR_000171,Maruti Alto LXi,2012,175000,80000,Petrol,Individual,Manual,Third Owner,171,13,Low,High,0,Petrol_Manual,Maruti,2.19,0
CAR_000172,Chevrolet Beat LT,2011,120000,90000,Petrol,Individual,Manual,Second Owner,172,14,,,0,Petrol_Manual,Chevrolet,1.33,0
CAR_000173,Renault Duster 110PS Diesel RxZ,2013,320000,90000,Diesel,Individual,Manual,Second Owner,173,12,Mid,High,0,Diesel_Manual,Renault,3.56,1
CAR_000174,Hyundai Santro Xing XG,2006,70000,110000,Petrol,Individual,Manual,Third Owner,174,19,Low,High,,Petrol_Manual,Hyundai,0.64,0
CAR_000175,Maruti Swift Dzire ZXI Plus,2019,810000,15000,Petrol,Individual,Manual,First Owner,175,6,High,Low,0,Petrol_Manual,Maruti,54,0
CAR_000176,Maruti 800 AC,2007,,100000,Petrol,Individual,Manual,Second Owner,176,18,Low,High,0,Petrol_Manual,Maruti,0.95,0
CAR_000177,Maruti Alto K10 LXI CNG,2020,282000,40000,CNG,Individual,Manual,First Owner,177,5,Low,Medium,0,CNG_Manual,Maruti,7.05,0
CAR_000178,Maruti 800 Std BSII,2004,80000,60000,Petrol,Individual,Manual,Second Owner,178,21,Low,Medium,0,Petrol_Manual,Maruti,1.33,0
CAR_000179,Tata Nano LX SE,2013,72000,25000,Petrol,Individual,,First Owner,179,12,Low,Low,0,Petrol_Manual,Tata,2.88,0
CAR_000180,Hyundai i20 Magna 1.2,2016,,25000,Petrol,Individual,Manual,First Owner,180,9,Mid,Low,0,Petrol_Manual,Hyundai,24,0
CAR_000181,Skoda Rapid 1.6 MPI Ambition With Alloy Wheel,2015,640000,23000,Petrol,Individual,Manual,First Owner,181,10,,Low,0,Petrol_Manual,Skoda,27.83,0
CAR_000182,Maruti Alto K10 VXI,2018,380000,22155,Petrol,Individual,Manual,First Owner,182,7,Mid,Low,0,Petrol_Manual,Maruti,17.15,0
CAR_000183,Maruti Ciaz 1.4 Delta,2018,650000,,,Individual,Manual,First Owner,183,7,High,Medium,0,Petrol_Manual,Maruti,9.29,0
CAR_000184,Maruti Alto LX,2009,150000,60000,Petrol,Individual,Manual,Second Owner,184,16,,Medium,0,Petrol_Manual,Maruti,2.5,0
CAR_000185,Hyundai i20 Asta,2009,,110000,Petrol,Individual,Manual,Second Owner,185,16,,High,0,Petrol_Manual,Hyundai,2.55,0
CAR_000186,Tata Nexon 1.2 Revotron XM,2018,430000,,Petrol,Individual,Manual,First Owner,186,7,Mid,Low,0,Petrol_Manual,Tata,14.33,0
CAR_000187,Mahindra Bolero Power Plus SLX,2019,800000,15000,Diesel,Individual,Manual,First Owner,187,6,High,,,Diesel_Manual,Mahindra,53.33,1
CAR_000188,Maruti Zen D,2003,75000,100000,Diesel,Individual,Manual,Second Owner,188,22,Low,High,0,Diesel_Manual,Maruti,0.75,1
CAR_000189,Volkswagen Vento Celeste 1.5 TDI Highline AT,2016,,70000,Diesel,Individual,Automatic,First Owner,189,9,High,Medium,0,Diesel_Automatic,Volkswagen,9.29,1
CAR_000190,Maruti Eeco 7 Seater Standard BSIV,2017,390000,,Petrol,Individual,,First Owner,190,8,Mid,Low,0,Petrol_Manual,Maruti,16.25,0
CAR_000191,Honda City 1.5 EXI,2005,100000,120000,Petrol,Individual,Manual,Second Owner,191,20,Low,High,0,Petrol_Manual,Honda,0.83,0
CAR_000192,Mercedes-Benz New C-Class 220 CDI AT,2013,1500000,35000,Diesel,Individual,Automatic,First Owner,192,12,Premium,Medium,0,Diesel_Automatic,Mercedes-Benz,42.86,1
CAR_000193,Maruti SX4 Zxi with Leather BSIII,2007,,78380,Petrol,Individual,Manual,First Owner,193,18,Low,High,0,Petrol_Manual,Maruti,2.23,0
CAR_000194,Renault Duster 110PS Diesel RxZ,2012,434999,110000,Diesel,Individual,Manual,Second Owner,194,13,Mid,High,0,Diesel_Manual,Renault,3.95,1
CAR_000195,Ford Figo Diesel Titanium,2010,170000,90000,Diesel,Individual,Manual,Third Owner,195,15,,High,0,Diesel_Manual,Ford,1.89,1
CAR_000196,Ford Figo Diesel Titanium,2011,190000,90000,,Individual,Manual,Third Owner,196,14,Low,High,0,Diesel_Manual,Ford,2.11,1
CAR_000197,Maruti Swift Dzire VDi,2009,,150000,Diesel,Individual,Manual,Third Owner,197,16,Low,High,,Diesel_Manual,Maruti,1.67,1
CAR_000198,Mahindra Xylo E4,2009,229999,,Diesel,Individual,Manual,Third Owner,198,16,Low,Very High,0,Diesel_Manual,Mahindra,1,1
CAR_000199,Maruti Esteem Vxi - BSIII,2006,140000,70000,Petrol,Individual,Manual,Third Owner,199,19,Low,Medium,0,Petrol_Manual,Maruti,2,0
CAR_000200,Maruti Swift VDI BSIV,2017,600000,80362,Diesel,Individual,Manual,First Owner,200,8,Mid,High,,Diesel_Manual,Maruti,7.47,1
CAR_000201,Hyundai i20 1.2 Sportz,2012,280000,110000,,Individual,Manual,Third Owner,201,13,Low,,0,Petrol_Manual,Hyundai,2.55,0
CAR_000202,Chevrolet Beat Diesel LT,2012,150000,,Diesel,Individual,Manual,First Owner,202,13,Low,Medium,0,Diesel_Manual,Chevrolet,2.5,1
CAR_000203,Chevrolet Cruze LTZ AT,2015,650000,50000,Diesel,Individual,Automatic,First Owner,203,10,High,Medium,0,Diesel_Automatic,Chevrolet,13,1
CAR_000204,Nissan Micra XL,2014,210000,40000,Petrol,Individual,Manual,Second Owner,204,11,Low,Medium,0,Petrol_Manual,Nissan,5.25,0
CAR_000205,BMW 5 Series 520d Luxury Line,2017,2900000,40000,Diesel,Individual,Automatic,First Owner,205,8,,Medium,0,Diesel_Automatic,BMW,72.5,1
CAR_000206,Chevrolet Enjoy 1.3 TCDi LS 8,2013,,20000,,Dealer,,First Owner,206,12,Mid,Low,,Diesel_Manual,Chevrolet,21.25,1
CAR_000207,Hyundai EON Era Plus Option,2014,265000,55000,Petrol,Dealer,Manual,First Owner,207,11,Low,Medium,0,Petrol_Manual,Hyundai,4.82,0
CAR_000208,Fiat Linea T Jet Emotion,2018,890000,1136,Petrol,Dealer,Manual,First Owner,208,7,High,Low,0,Petrol_Manual,Fiat,783.45,0
CAR_000209,Renault Scala RxL,2013,365000,55000,,Dealer,Manual,First Owner,209,12,Mid,Medium,0,Petrol_Manual,Renault,6.64,0
CAR_000210,Ford Figo Petrol Titanium,2014,350000,43000,Petrol,Dealer,Manual,First Owner,210,11,Mid,,0,Petrol_Manual,Ford,8.14,0
CAR_000211,Maruti Ciaz ZDi SHVS,2016,685000,60000,Diesel,Individual,Manual,First Owner,211,9,,Medium,0,Diesel_Manual,Maruti,11.42,1
CAR_000212,Skoda Rapid 1.5 TDI Ambition BSIV,2018,,2650,Diesel,Dealer,Manual,First Owner,212,7,High,Low,0,Diesel_Manual,Skoda,354.72,1
CAR_000213,Mahindra XUV500 W6 2WD,2017,1000000,,Diesel,Individual,Manual,First Owner,213,8,High,Medium,0,Diesel_Manual,Mahindra,25,1
CAR_000214,Mahindra XUV300 W8 Option,2019,1150000,15000,Petrol,Dealer,Manual,First Owner,214,6,Premium,Low,0,Petrol_Manual,Mahindra,76.67,0
CAR_000215,Maruti Ertiga SHVS ZDI,2016,450000,115962,Diesel,Individual,Manual,Second Owner,215,9,,High,0,Diesel_Manual,Maruti,3.88,1
CAR_000216,Nissan Terrano XE D,2015,590000,65000,Diesel,Dealer,Manual,First Owner,216,10,Mid,Medium,0,Diesel_Manual,Nissan,9.08,1
CAR_000217,Maruti S-Cross Facelift,2017,800000,40000,Diesel,Individual,Manual,First Owner,217,8,High,Medium,0,Diesel_Manual,Maruti,20,1
CAR_000218,Hyundai i20 Magna 1.4 CRDi (Diesel),2012,385000,58000,Diesel,Dealer,,First Owner,218,13,,Medium,0,Diesel_Manual,Hyundai,6.64,1
CAR_000219,Mercedes-Benz New C-Class C 220 CDI BE Avantgare,2013,2000000,15000,,Individual,Automatic,First Owner,219,12,Premium,Low,0,Diesel_Automatic,Mercedes-Benz,133.33,1
CAR_000220,Hyundai EON Era Plus,2012,235000,54000,Petrol,Dealer,Manual,First Owner,220,13,Low,Medium,0,Petrol_Manual,Hyundai,4.35,0
CAR_000221,Volkswagen Ameo 1.5 TDI Highline,2017,,56000,Diesel,Dealer,Manual,First Owner,221,8,High,Medium,0,Diesel_Manual,Volkswagen,11.43,1
CAR_000222,Maruti Alto LX,2006,52000,,Petrol,Individual,Manual,Third Owner,222,19,Low,,0,Petrol_Manual,Maruti,0.43,0
CAR_000223,Maruti Omni LPG CARGO BSIII W IMMOBILISER,2009,80000,,LPG,Individual,Manual,Second Owner,223,16,,High,0,LPG_Manual,Maruti,0.89,0
CAR_000224,Maruti Alto LX,2012,140000,70000,Petrol,Individual,,Second Owner,224,13,Low,Medium,,Petrol_Manual,Maruti,2,0
CAR_000225,Hyundai Verna i (Petrol),2008,120000,90000,Petrol,Individual,,Second Owner,225,17,Low,High,0,Petrol_Manual,Hyundai,1.33,0
CAR_000226,Mahindra Renault Logan 1.5 DLS,2008,89999,213000,Diesel,Individual,,First Owner,226,17,,Very High,0,Diesel_Manual,Mahindra,0.42,1
CAR_000227,Chevrolet Optra Magnum 2.0 LS BSIII,2012,180000,120000,Diesel,Individual,Manual,First Owner,227,13,Low,High,,Diesel_Manual,Chevrolet,1.5,1
CAR_000228,Mahindra Scorpio S11 BSIV,2017,1500000,20000,Diesel,Individual,Manual,First Owner,228,8,Premium,Low,0,Diesel_Manual,Mahindra,75,1
CAR_000229,Hyundai i20 Active 1.2 SX,2017,700000,10000,Petrol,Individual,Manual,First Owner,229,8,High,Low,0,Petrol_Manual,Hyundai,70,0
CAR_000230,Maruti SX4 Celebration Diesel,2012,285000,80000,Diesel,Individual,Manual,Second Owner,230,13,Low,,0,Diesel_Manual,Maruti,3.56,1
CAR_000231,Hyundai Grand i10 Magna,2015,390000,90000,Petrol,Individual,Manual,First Owner,231,10,Mid,High,0,Petrol_Manual,Hyundai,4.33,0
CAR_000232,Maruti Alto LXi BSIII,2008,125000,80000,Petrol,Individual,,First Owner,232,17,Low,High,0,Petrol_Manual,Maruti,1.56,0
CAR_000233,Maruti SX4 Zxi with Leather BSIII,2008,225000,,Petrol,Individual,Manual,Second Owner,233,17,Low,Medium,0,Petrol_Manual,Maruti,3.75,0
CAR_000234,Hyundai i10 Era,2011,175000,,Petrol,Individual,Manual,Second Owner,234,14,Low,High,0,Petrol_Manual,Hyundai,1.26,0
CAR_000235,Toyota Innova 2.5 V Diesel 7-seater,2011,1075000,160000,Diesel,Individual,,Second Owner,235,14,Premium,Very High,0,Diesel_Manual,Toyota,6.72,1
CAR_000236,Honda Mobilio V i DTEC,2014,300000,150000,Diesel,Individual,Manual,First Owner,236,11,,High,,Diesel_Manual,Honda,2,1
CAR_000237,Toyota Innova 2.5 G (Diesel) 7 Seater BS IV,2010,700000,163000,Diesel,Individual,Manual,Fourth & Above Owner,237,15,High,Very High,0,Diesel_Manual,Toyota,4.29,1
CAR_000238,Tata Indica V2 2001-2011 DLS BSIII,2009,90000,120000,Diesel,Dealer,Manual,First Owner,238,16,Low,High,0,Diesel_Manual,Tata,0.75,1
CAR_000239,Tata Indica Vista TDI LS,2011,,120000,Diesel,Individual,Manual,Second Owner,239,14,Low,High,0,Diesel_Manual,Tata,1,1
CAR_000240,Chevrolet Beat Diesel LS,2012,220000,,Diesel,Individual,Manual,Second Owner,240,13,Low,High,0,Diesel_Manual,Chevrolet,2.2,1
CAR_000241,Tata Zest Quadrajet 1.3 75PS XE,2015,300000,140000,,Dealer,Manual,First Owner,241,10,Low,High,0,Diesel_Manual,Tata,2.14,1
CAR_000242,Skoda Fabia 1.2L Diesel Ambiente,2010,180000,87000,Diesel,Dealer,Manual,Second Owner,242,15,Low,High,,Diesel_Manual,Skoda,2.07,1
CAR_000243,Maruti 800 Std,2013,170000,70000,Petrol,Individual,Manual,First Owner,243,12,Low,Medium,0,Petrol_Manual,Maruti,2.43,0
CAR_000244,Ford Figo Petrol Titanium,2015,300000,50000,Petrol,Individual,Manual,Second Owner,244,10,Low,Medium,0,Petrol_Manual,Ford,6,0
CAR_000245,Toyota Innova 2.5 VX (Diesel) 8 Seater,2014,1050000,70000,Diesel,Individual,Manual,First Owner,245,11,Premium,Medium,0,Diesel_Manual,Toyota,15,1
CAR_000246,Honda Mobilio V i DTEC,2014,300000,,Diesel,Individual,Manual,First Owner,246,11,Low,High,0,Diesel_Manual,Honda,2,1
CAR_000247,Hyundai Grand i10 1.2 CRDi Asta,2018,465000,25000,Diesel,Individual,Manual,First Owner,247,7,Mid,Low,0,Diesel_Manual,Hyundai,18.6,1
CAR_000248,Chevrolet Beat Diesel LT,2011,130000,80000,,Individual,Manual,Second Owner,248,14,Low,High,0,Diesel_Manual,Chevrolet,1.62,1
CAR_000249,Datsun GO Plus T Option Petrol,2018,434999,10000,Petrol,Individual,Manual,First Owner,249,7,Mid,Low,0,Petrol_Manual,Datsun,43.5,0
CAR_000250,Hyundai Grand i10 1.2 Kappa Asta,2018,500000,32000,Petrol,Individual,Manual,First Owner,250,7,Mid,Medium,0,Petrol_Manual,Hyundai,15.62,0
CAR_000251,Maruti Omni MPI STD BSIV,2018,200000,10000,,Individual,,First Owner,251,7,,Low,0,Petrol_Manual,Maruti,20,0
CAR_000252,Maruti Baleno Alpha 1.2,2017,625000,52000,,Dealer,Manual,First Owner,252,8,High,,0,Petrol_Manual,Maruti,12.02,0
CAR_000253,Ford Fiesta Classic 1.4 SXI Duratorq,2006,110000,120000,Diesel,Individual,Manual,Third Owner,253,19,Low,High,0,Diesel_Manual,Ford,0.92,1
CAR_000254,Hyundai Elite i20 Asta Option BSIV,2019,800000,11240,Petrol,Individual,Manual,First Owner,254,6,High,Low,0,Petrol_Manual,Hyundai,71.17,0
CAR_000255,Hyundai Grand i10 CRDi Magna,2017,,66000,Diesel,Dealer,Manual,First Owner,255,8,Mid,Medium,0,Diesel_Manual,Hyundai,7.42,1
CAR_000256,Maruti Ertiga SHVS ZDI,2017,880000,64000,Diesel,Dealer,,First Owner,256,8,High,Medium,0,Diesel_Manual,Maruti,13.75,1
CAR_000257,Hyundai Santro Xing GL Plus,2013,290000,49000,Petrol,Individual,Manual,First Owner,257,12,Low,Medium,0,Petrol_Manual,Hyundai,5.92,0
CAR_000258,Tata Sumo GX TC 7 Str BSIII,2006,115999,100000,Diesel,Individual,Manual,Second Owner,258,19,Low,High,0,Diesel_Manual,Tata,1.16,1
CAR_000259,Renault KWID RXT,2018,360000,26500,Petrol,Individual,Manual,First Owner,259,7,,Low,0,Petrol_Manual,Renault,13.58,0
CAR_000260,Maruti 800 AC,2002,65000,100000,Petrol,Individual,Manual,Second Owner,260,23,Low,High,0,Petrol_Manual,Maruti,0.65,0
CAR_000261,Maruti Vitara Brezza LDi Option,2017,685000,72000,Diesel,Dealer,Manual,First Owner,261,8,High,High,0,Diesel_Manual,Maruti,9.51,1
CAR_000262,Honda Jazz S,2009,300000,50000,Petrol,Individual,Manual,First Owner,262,16,Low,,0,Petrol_Manual,Honda,6,0
CAR_000263,Hyundai i20 1.4 Sportz,2017,680000,44000,,Dealer,Manual,First Owner,263,8,High,Medium,0,Diesel_Manual,Hyundai,15.45,1
CAR_000264,Maruti Ertiga SHVS ZDI Plus,2017,1000000,60000,Diesel,Individual,Manual,Second Owner,264,8,High,Medium,,Diesel_Manual,Maruti,16.67,1
CAR_000265,Tata Sumo SE Plus BSIII,2002,100000,120000,Diesel,Individual,,First Owner,265,23,Low,High,0,Diesel_Manual,Tata,0.83,1
CAR_000266,Mahindra Xylo E4,2010,160000,130000,Diesel,Individual,Manual,First Owner,266,15,Low,High,0,Diesel_Manual,Mahindra,1.23,1
CAR_000267,Maruti Swift ZDi BSIV,2017,450000,70000,Diesel,Individual,Manual,First Owner,267,8,Mid,Medium,0,Diesel_Manual,Maruti,6.43,1
CAR_000268,Maruti Ertiga VXI,2014,600000,20000,Petrol,Individual,Manual,First Owner,268,11,Mid,Low,0,Petrol_Manual,Maruti,30,0
CAR_000269,Hyundai i20 1.4 Magna ABS,2009,180000,60000,Diesel,Individual,Manual,Second Owner,269,16,Low,Medium,0,Diesel_Manual,Hyundai,3,1
CAR_000270,Maruti Alto LXi,2007,100000,195000,Petrol,Individual,Manual,First Owner,270,18,Low,Very High,0,Petrol_Manual,Maruti,0.51,0
CAR_000271,Maruti Alto LXi,2010,,90000,Petrol,Individual,Manual,Second Owner,271,15,Low,High,0,Petrol_Manual,Maruti,1.33,0
CAR_000272,Hyundai Getz GL,2006,130000,80000,Petrol,Individual,Manual,Third Owner,272,19,Low,High,0,Petrol_Manual,Hyundai,1.62,0
CAR_000273,Maruti Wagon R LX BS IV,2011,160000,155000,Petrol,Individual,Manual,First Owner,273,14,Low,Very High,,Petrol_Manual,Maruti,1.03,0
CAR_000274,Mahindra Bolero Power Plus SLX,2019,860000,35000,Diesel,Individual,Manual,First Owner,274,6,High,Medium,0,Diesel_Manual,Mahindra,24.57,1
CAR_000275,Hyundai i20 1.2 Spotz,2018,,20000,Petrol,Individual,Manual,Second Owner,275,7,High,Low,,Petrol_Manual,Hyundai,32.5,0
CAR_000276,Maruti Wagon R LXI Minor,2010,100000,80000,Petrol,Individual,Manual,Second Owner,276,15,Low,,0,Petrol_Manual,Maruti,1.25,0
CAR_000277,Maruti Alto 800 VXI,2017,282000,20000,Petrol,Individual,Manual,First Owner,277,8,Low,Low,0,Petrol_Manual,Maruti,14.1,0
CAR_000278,Hyundai i20 Asta (o),2009,300000,50000,Petrol,Individual,Manual,First Owner,278,16,Low,Medium,0,Petrol_Manual,Hyundai,6,0
CAR_000279,Hyundai i20 Asta,2010,270000,110000,Petrol,Individual,Manual,Second Owner,279,15,Low,High,0,Petrol_Manual,Hyundai,2.45,0
CAR_000280,Hyundai Verna 1.6 SX CRDi (O),2013,550000,29000,Diesel,Individual,Manual,First Owner,280,12,,Low,0,Diesel_Manual,Hyundai,18.97,1
CAR_000281,Mahindra Xylo D2 BSIV,2013,450000,120000,Diesel,Individual,Manual,First Owner,281,12,Mid,High,0,Diesel_Manual,Mahindra,3.75,1
CAR_000282,Mahindra Bolero SLX 2WD BSIII,2011,430000,70000,Diesel,Individual,Manual,Second Owner,282,14,Mid,Medium,0,Diesel_Manual,Mahindra,6.14,1
CAR_000283,Maruti Ertiga VXI ABS,2013,350000,40000,,Individual,Manual,First Owner,283,12,Mid,Medium,0,Petrol_Manual,Maruti,8.75,0
CAR_000284,Honda Brio 1.2 E MT,2017,350000,20000,Petrol,Individual,Manual,First Owner,284,8,Mid,Low,0,Petrol_Manual,Honda,17.5,0
CAR_000285,Toyota Etios Liva G,2013,229999,50000,,Individual,Manual,Second Owner,285,12,Low,Medium,0,Petrol_Manual,Toyota,4.6,0
CAR_000286,Maruti Alto 800 LXI,2013,110000,50000,Petrol,Individual,Manual,First Owner,286,12,Low,,,Petrol_Manual,Maruti,2.2,0
CAR_000287,Maruti Swift Dzire 1.2 Vxi BSIV,2012,395000,49000,Petrol,Individual,Manual,Second Owner,287,13,,Medium,0,Petrol_Manual,Maruti,8.06,0
CAR_000288,Mahindra Scorpio VLS AT 2.2 mHAWK,2011,,70000,Diesel,Individual,Automatic,Second Owner,288,14,High,Medium,0,Diesel_Automatic,Mahindra,9.29,1
CAR_000289,Mahindra Bolero SLX,2011,350000,90000,Diesel,Individual,Manual,Second Owner,289,14,Mid,High,0,Diesel_Manual,Mahindra,3.89,1
CAR_000290,Mahindra XUV500 W11 Option AWD,2020,1400000,,Diesel,Dealer,Manual,First Owner,290,5,Premium,,0,Diesel_Manual,Mahindra,56,1
CAR_000291,Tata Tiago 1.2 Revotron XZ,2018,,4000,,Individual,,First Owner,291,7,Mid,Low,0,Petrol_Manual,Tata,90,0
CAR_000292,Mahindra Marazzo M8 8Str,2018,1300000,10000,Diesel,Individual,Manual,First Owner,292,7,Premium,Low,0,Diesel_Manual,Mahindra,130,1
CAR_000293,Renault Duster 110PS Diesel RxL,2015,800000,15000,Diesel,Individual,Manual,First Owner,293,10,High,Low,0,Diesel_Manual,Renault,53.33,1
CAR_000294,Hyundai EON Magna Plus,2018,229999,30000,Petrol,Individual,Manual,First Owner,294,7,Low,Low,,Petrol_Manual,Hyundai,7.67,0
CAR_000295,Maruti Wagon R VXI,2014,315000,41000,Petrol,Dealer,Manual,First Owner,295,11,Mid,Medium,,Petrol_Manual,Maruti,7.68,0
CAR_000296,Chevrolet Spark 1.0 LT,2012,125000,28000,Petrol,Individual,Manual,First Owner,296,13,Low,Low,0,Petrol_Manual,Chevrolet,4.46,0
CAR_000297,Maruti Baleno Alpha,2019,,16000,Petrol,Individual,Manual,First Owner,297,6,High,Low,0,Petrol_Manual,Maruti,43.75,0
CAR_000298,Hyundai EON 1.0 Kappa Magna Plus,2015,,70000,Petrol,Individual,Manual,First Owner,298,10,Low,Medium,0,Petrol_Manual,Hyundai,2.29,0
CAR_000299,Ford Figo Aspire 1.2 Ti-VCT Trend,2017,,10832,Petrol,Dealer,Manual,First Owner,299,8,Mid,Low,,Petrol_Manual,Ford,48.93,0
CAR_000300,Ford Figo Aspire Facelift,2018,624000,14681,Diesel,Dealer,Manual,First Owner,300,7,High,Low,,Diesel_Manual,Ford,42.5,1
CAR_000301,Hyundai i10 Era,2009,250000,50000,Petrol,Individual,Manual,First Owner,301,16,,Medium,,Petrol_Manual,Hyundai,5,0
CAR_000302,Mahindra Bolero SLX,2016,585000,51000,Diesel,Dealer,Manual,First Owner,302,9,Mid,Medium,0,Diesel_Manual,Mahindra,11.47,1
CAR_000303,Hyundai Verna 1.4 VTVT,2015,500000,,Petrol,Individual,Manual,First Owner,303,10,Mid,Low,0,Petrol_Manual,Hyundai,20,0
CAR_000304,Chevrolet Sail 1.2 LT ABS,2014,350000,30000,Petrol,Individual,Manual,First Owner,304,11,Mid,Low,0,Petrol_Manual,Chevrolet,11.67,0
CAR_000305,Honda City i-DTEC SV,2014,495000,,Diesel,Dealer,Manual,First Owner,305,11,,High,0,Diesel_Manual,Honda,6.19,1
CAR_000306,Hyundai Grand i10 1.2 Kappa Asta,2017,,50000,Petrol,Individual,Manual,First Owner,306,8,Mid,,0,Petrol_Manual,Hyundai,10,0
CAR_000307,Mahindra Bolero Power Plus Plus AC BSIV PS,2015,430000,200000,Diesel,Individual,Manual,First Owner,307,10,Mid,Very High,,Diesel_Manual,Mahindra,2.15,1
CAR_000308,Hyundai Grand i10 1.2 Kappa Sportz Option,2013,345000,44000,Petrol,Dealer,Manual,First Owner,308,12,Mid,Medium,0,Petrol_Manual,Hyundai,7.84,0
CAR_000309,Maruti Baleno Sigma 1.2,2015,,10000,Petrol,Individual,,First Owner,309,10,Mid,Low,0,Petrol_Manual,Maruti,50,0
CAR_000310,Tata Tiago 1.2 Revotron XZ,2019,,19600,Petrol,Individual,Manual,First Owner,310,6,,,0,Petrol_Manual,Tata,21.68,0
CAR_000311,Maruti Wagon R LXI,2005,80000,40000,Petrol,Individual,Manual,Second Owner,311,20,Low,Medium,,Petrol_Manual,Maruti,2,0
CAR_000312,Chevrolet Beat Diesel LS,2011,106000,,,Individual,Manual,First Owner,312,14,Low,,0,Diesel_Manual,Chevrolet,2.12,1
CAR_000313,Maruti A-Star Vxi,2009,180000,46730,Petrol,Individual,Manual,First Owner,313,16,Low,Medium,,Petrol_Manual,Maruti,3.85,0
CAR_000314,Datsun GO A,2015,250000,40000,Petrol,Individual,Manual,Second Owner,314,10,Low,Medium,0,Petrol_Manual,Datsun,6.25,0
CAR_000315,Skoda Yeti Ambition 4WD,2011,,80000,,Individual,Manual,First Owner,315,14,Mid,High,0,Diesel_Manual,Skoda,4.38,1
CAR_000316,Maruti Zen LXi BSII,2002,,,Petrol,Individual,Manual,Second Owner,316,23,Low,High,0,Petrol_Manual,Maruti,0.75,0
CAR_000317,Hyundai Verna CRDi 1.6 EX,2018,900000,,Diesel,Individual,Manual,First Owner,317,7,High,,0,Diesel_Manual,Hyundai,37.5,1
CAR_000318,Ford Aspire Titanium Diesel BSIV,2017,700000,21170,Diesel,Dealer,Manual,First Owner,318,8,High,Low,0,Diesel_Manual,Ford,33.07,1
CAR_000319,BMW 3 Series 320d Sport,2013,,,Diesel,Dealer,Automatic,First Owner,319,12,Premium,Very High,0,Diesel_Automatic,BMW,11.96,1
CAR_000320,Maruti Ertiga SHVS ZDI Plus,2017,1000000,40000,Diesel,Individual,Manual,First Owner,320,8,High,Medium,,Diesel_Manual,Maruti,25,1
CAR_000321,BMW X1 sDrive 20d Exclusive,2011,1375000,60000,Diesel,Individual,Automatic,First Owner,321,14,Premium,Medium,0,Diesel_Automatic,BMW,22.92,1
CAR_000322,Toyota Innova Crysta 2.4 VX MT,2016,1800000,,Diesel,Dealer,,First Owner,322,9,Premium,High,0,Diesel_Manual,Toyota,12.73,1
CAR_000323,Chevrolet Tavera Neo 3 10 Seats BSIV,2007,160000,120000,Diesel,Individual,Manual,Third Owner,323,18,Low,High,0,Diesel_Manual,Chevrolet,1.33,1
CAR_000324,Mitsubishi Outlander 2.4,2012,525000,140000,Petrol,Individual,Automatic,First Owner,324,13,Mid,High,,Petrol_Automatic,Mitsubishi,3.75,0
CAR_000325,Mahindra XUV500 W8 2WD,2012,850000,212814,Diesel,Dealer,Manual,First Owner,325,13,High,,0,Diesel_Manual,Mahindra,3.99,1
CAR_000326,Maruti Baleno Alpha 1.3,2019,800000,30000,Diesel,Individual,Manual,First Owner,326,6,High,Low,0,Diesel_Manual,Maruti,26.67,1
CAR_000327,Ford Figo Aspire 1.5 TDCi Titanium,2017,700000,88635,Diesel,Dealer,Manual,First Owner,327,8,High,High,0,Diesel_Manual,Ford,7.9,1
CAR_000328,Maruti Swift Dzire VDI,2018,800000,25000,Diesel,Individual,Manual,First Owner,328,7,High,Low,0,Diesel_Manual,Maruti,32,1
CAR_000329,Hyundai i20 1.2 Spotz,2017,575000,20000,Petrol,Individual,Manual,Second Owner,329,8,Mid,Low,0,Petrol_Manual,Hyundai,28.75,0
CAR_000330,Renault Duster 110PS Diesel RxZ,2012,350000,110000,Diesel,Individual,Manual,Second Owner,330,13,,,0,Diesel_Manual,Renault,3.18,1
CAR_000331,Maruti Swift Vdi BSIII,2008,250000,120000,Diesel,Individual,Manual,Third Owner,331,17,Low,High,0,Diesel_Manual,Maruti,2.08,1
CAR_000332,Ford Endeavour Titanium 4X2,2011,600000,149674,Diesel,Dealer,Manual,Second Owner,332,14,,High,0,Diesel_Manual,Ford,4.01,1
CAR_000333,Mahindra Scorpio 2.6 Turbo 9 Str,2007,370000,100000,Diesel,Individual,Manual,Third Owner,333,18,Mid,High,0,Diesel_Manual,Mahindra,3.7,1
CAR_000334,Maruti Baleno Vxi,2006,80000,,Petrol,Individual,Manual,Third Owner,334,19,Low,High,0,Petrol_Manual,Maruti,0.67,0
CAR_000335,Tata Indica DLX,2003,50000,120000,Diesel,Individual,Manual,Second Owner,335,22,Low,High,0,Diesel_Manual,Tata,0.42,1
CAR_000336,Hyundai Verna CRDi 1.6 EX,2018,900000,25000,Diesel,Individual,Manual,First Owner,336,7,High,Low,0,Diesel_Manual,Hyundai,36,1
CAR_000337,Maruti Wagon R VXI BS IV,2014,300000,35000,Petrol,Individual,Manual,Second Owner,337,11,Low,Medium,0,Petrol_Manual,Maruti,8.57,0
CAR_000338,Tata Indica LSI,2002,125000,40000,Petrol,Individual,Manual,First Owner,338,23,Low,Medium,0,Petrol_Manual,Tata,3.12,0
CAR_000339,Maruti Swift Dzire VDI,2015,490000,60000,Diesel,Individual,Manual,Second Owner,339,10,Mid,Medium,0,Diesel_Manual,Maruti,8.17,1
CAR_000340,Toyota Etios Liva GD,2012,300000,50000,Diesel,Individual,Manual,Second Owner,340,13,Low,Medium,0,Diesel_Manual,Toyota,6,1
CAR_000341,Tata Nano STD,2013,55000,25000,Petrol,Individual,Manual,Fourth & Above Owner,341,12,Low,Low,,Petrol_Manual,Tata,2.2,0
CAR_000342,Hyundai Grand i10 Sportz,2016,350000,25000,Petrol,Individual,,First Owner,342,9,Mid,,,Petrol_Manual,Hyundai,14,0
CAR_000343,Hyundai Grand i10 1.2 CRDi Asta,2019,755000,8000,Diesel,Individual,Manual,First Owner,343,6,High,Low,0,Diesel_Manual,Hyundai,94.38,1
CAR_000344,Maruti Ertiga SHVS VDI,2017,720000,60000,Diesel,Individual,Manual,First Owner,344,8,High,Medium,0,Diesel_Manual,Maruti,12,1
CAR_000345,Mahindra Bolero SLX,2006,229999,200000,Diesel,Individual,Manual,Third Owner,345,19,Low,Very High,0,Diesel_Manual,Mahindra,1.15,1
CAR_000346,Mahindra Scorpio S7 140 BSIV,2018,1100000,20000,,Individual,Manual,First Owner,346,7,Premium,Low,0,Diesel_Manual,Mahindra,55,1
CAR_000347,Volkswagen Polo Petrol Comfortline 1.2L,2013,400000,,Petrol,Individual,,First Owner,347,12,Mid,High,0,Petrol_Manual,Volkswagen,4,0
CAR_000348,Hyundai Xcent 1.1 CRDi Base,2015,350000,70000,Diesel,Individual,Manual,Second Owner,348,10,Mid,Medium,0,Diesel_Manual,Hyundai,5,1
CAR_000349,Chevrolet Beat Diesel PS,2012,159000,68000,Diesel,Dealer,Manual,First Owner,349,13,Low,Medium,0,Diesel_Manual,Chevrolet,2.34,1
CAR_000350,Maruti Swift ZXi BSIV,2017,550000,38000,Petrol,Dealer,Manual,First Owner,350,8,Mid,Medium,0,Petrol_Manual,Maruti,14.47,0
CAR_000351,Maruti Ritz VDi,2013,335000,80000,Diesel,Dealer,Manual,First Owner,351,12,Mid,High,0,Diesel_Manual,Maruti,4.19,1
CAR_000352,Tata Indigo CS Emax CNG GLX,2014,,72000,,Dealer,Manual,First Owner,352,11,Low,High,0,CNG_Manual,Tata,2.57,0
CAR_000353,Maruti Eeco 5 STR With AC Plus HTR CNG,2012,229999,75000,CNG,Dealer,,First Owner,353,13,Low,High,0,CNG_Manual,Maruti,3.07,0
CAR_000354,Maruti Estilo LXI,2014,225000,,Petrol,Dealer,Manual,First Owner,354,11,Low,Medium,0,Petrol_Manual,Maruti,5.23,0
CAR_000355,Maruti Swift VXI with ABS,2007,250000,120000,,Individual,Manual,Second Owner,355,18,Low,High,0,Petrol_Manual,Maruti,2.08,0
CAR_000356,Tata Zest Quadrajet 1.3 XM,2015,400000,100000,Diesel,Individual,Manual,First Owner,356,10,Mid,High,0,Diesel_Manual,Tata,4,1
CAR_000357,Maruti Swift VDI BSIV,2014,470000,163000,Diesel,Individual,Manual,First Owner,357,11,Mid,Very High,0,Diesel_Manual,Maruti,2.88,1
CAR_000358,Maruti Alto K10 VXI AGS Optional,2018,300000,25000,,Individual,Automatic,First Owner,358,7,Low,Low,0,Petrol_Automatic,Maruti,12,0
CAR_000359,Maruti Alto LX,2011,145000,25000,Petrol,Individual,Manual,First Owner,359,14,Low,,0,Petrol_Manual,Maruti,5.8,0
CAR_000360,Maruti SX4 Vxi BSIII,2007,100000,90000,Petrol,Individual,Manual,Second Owner,360,18,Low,High,0,Petrol_Manual,Maruti,1.11,0
CAR_000361,Mahindra Scorpio SLE BSIV,2014,500000,,,Individual,Manual,Second Owner,361,11,Mid,Medium,0,Diesel_Manual,Mahindra,7.14,1
CAR_000362,Hyundai Santro Xing GLS CNG,2010,130000,98000,CNG,Individual,,Second Owner,362,15,Low,High,0,CNG_Manual,Hyundai,1.33,0
CAR_000363,Chevrolet Cruze LTZ,2010,240000,81925,Diesel,Individual,Manual,First Owner,363,15,Low,High,0,Diesel_Manual,Chevrolet,2.93,1
CAR_000364,Ford Figo Diesel Celebration Edition,2013,150000,80000,Diesel,Individual,Manual,Second Owner,364,12,Low,High,0,Diesel_Manual,Ford,1.88,1
CAR_000365,Renault KWID RXT Optional,2017,270000,40000,Petrol,Individual,Manual,First Owner,365,8,Low,Medium,0,Petrol_Manual,Renault,6.75,0
CAR_000366,Maruti Swift Dzire VDI,2014,400000,90000,,Individual,Manual,First Owner,366,11,Mid,High,0,Diesel_Manual,Maruti,4.44,1
CAR_000367,Hyundai EON Era Plus,2012,,46000,Petrol,Individual,Manual,First Owner,367,13,Low,Medium,0,Petrol_Manual,Hyundai,4.35,0
CAR_000368,Mahindra XUV500 W6 2WD,2012,550000,80000,Diesel,Individual,Manual,First Owner,368,13,Mid,High,0,Diesel_Manual,Mahindra,6.88,1
CAR_000369,Renault KWID 1.0 RXT Optional,2018,325000,35000,Petrol,Individual,Manual,First Owner,369,7,Mid,Medium,0,Petrol_Manual,Renault,9.29,0
CAR_000370,Skoda Rapid 1.5 TDI AT Style BSIV,2017,860000,82080,,Individual,Automatic,First Owner,370,8,High,High,0,Diesel_Automatic,Skoda,10.48,1
CAR_000371,Mahindra XUV500 W8 2WD,2012,600000,200000,Diesel,Individual,Manual,First Owner,371,13,Mid,Very High,0,Diesel_Manual,Mahindra,3,1
CAR_000372,Chevrolet Spark 1.0,2009,,70000,Petrol,Individual,Manual,First Owner,372,16,Low,Medium,0,Petrol_Manual,Chevrolet,1.79,0
CAR_000373,Maruti 800 AC,2000,60000,40000,Petrol,Individual,Manual,Third Owner,373,25,Low,Medium,0,Petrol_Manual,Maruti,1.5,0
CAR_000374,Chevrolet Tavera Neo 3 10 Seats BSIV,2010,300000,120000,Diesel,Individual,Manual,Third Owner,374,15,Low,High,0,Diesel_Manual,Chevrolet,2.5,1
CAR_000375,Ford Fiesta 1.6 ZXi Duratec,2007,190000,60000,Petrol,Individual,Manual,Third Owner,375,18,Low,Medium,0,Petrol_Manual,Ford,3.17,0
CAR_000376,Maruti Ertiga VDI,2013,400000,110000,Diesel,Individual,Manual,First Owner,376,12,Mid,High,0,Diesel_Manual,Maruti,3.64,1
CAR_000377,Tata Manza Aura Quadrajet BS IV,2011,,97000,Diesel,Individual,Manual,Second Owner,377,14,Low,High,0,Diesel_Manual,Tata,2.68,1
CAR_000378,Maruti Swift VVT VXI,2017,400000,30000,Petrol,Individual,Manual,First Owner,378,8,Mid,Low,0,Petrol_Manual,Maruti,13.33,0
CAR_000379,Hyundai i20 Sportz Petrol,2010,250000,40000,Petrol,Individual,Manual,First Owner,379,15,Low,,,Petrol_Manual,Hyundai,6.25,0
CAR_000380,Hyundai Grand i10 1.2 Kappa Asta,2019,600000,10000,Petrol,Individual,Manual,First Owner,380,6,Mid,Low,0,Petrol_Manual,Hyundai,60,0
CAR_000381,Maruti Zen Estilo VXI BSIV,2010,175000,52047,Petrol,Individual,Manual,First Owner,381,15,Low,Medium,0,Petrol_Manual,Maruti,3.36,0
CAR_000382,Toyota Innova 2.5 G (Diesel) 8 Seater BS IV,2011,450000,200000,Diesel,Individual,Manual,Third Owner,382,14,Mid,Very High,0,Diesel_Manual,Toyota,2.25,1
CAR_000383,Tata Tiago 1.2 Revotron XZA,2019,350000,15000,Petrol,Individual,Automatic,Second Owner,383,6,Mid,Low,,Petrol_Automatic,Tata,23.33,0
CAR_000384,Maruti Vitara Brezza ZDi,2018,800000,50000,Diesel,Individual,,First Owner,384,7,High,Medium,0,Diesel_Manual,Maruti,16,1
CAR_000385,Maruti Swift VXI BSIII,2011,250000,,Petrol,Individual,,Second Owner,385,14,Low,Medium,0,Petrol_Manual,Maruti,3.57,0
CAR_000386,Maruti Swift VXI BSIV,2019,600000,,,Individual,Manual,First Owner,386,6,,Low,0,Petrol_Manual,Maruti,60,0
CAR_000387,Maruti Swift VDI BSIV,2017,600000,90000,Diesel,Individual,Manual,First Owner,387,8,Mid,High,0,Diesel_Manual,Maruti,6.67,1
CAR_000388,Maruti Alto 800 LXI,2016,130000,40000,Petrol,Individual,Manual,First Owner,388,9,Low,Medium,0,Petrol_Manual,Maruti,3.25,0
CAR_000389,Maruti Wagon R LXI,2006,90000,62009,Petrol,Individual,Manual,Second Owner,389,19,Low,Medium,0,Petrol_Manual,Maruti,1.45,0
CAR_000390,Hyundai i20 Active 1.2 S,2017,595000,33100,Petrol,Individual,Manual,Second Owner,390,8,Mid,,0,Petrol_Manual,Hyundai,17.98,0
CAR_000391,Hyundai EON Era Plus,2014,190000,40000,Petrol,Individual,Manual,Second Owner,391,11,Low,Medium,0,Petrol_Manual,Hyundai,4.75,0
CAR_000392,Hyundai Santro GLS I - Euro I,1999,50000,120000,Petrol,Individual,Manual,Second Owner,392,26,Low,High,0,Petrol_Manual,Hyundai,0.42,0
CAR_000393,Maruti Wagon R LXI Minor,2007,95000,80000,Petrol,Individual,Manual,First Owner,393,18,Low,High,0,Petrol_Manual,Maruti,1.19,0
CAR_000394,Tata Safari Storme VX,2016,1000000,70000,Diesel,Individual,Manual,First Owner,394,9,High,Medium,0,Diesel_Manual,Tata,14.29,1
CAR_000395,Mahindra Scorpio REV 116,2006,220000,220000,Petrol,Individual,Manual,Second Owner,395,19,Low,Very High,0,Petrol_Manual,Mahindra,1,0
CAR_000396,Mahindra Bolero SLX,2010,400000,50000,Diesel,Individual,Manual,First Owner,396,15,Mid,Medium,0,Diesel_Manual,Mahindra,8,1
CAR_000397,Datsun GO Plus A,2015,315000,45000,,Individual,Manual,Second Owner,397,10,Mid,Medium,0,Petrol_Manual,Datsun,7,0
CAR_000398,Toyota Fortuner 4x4 MT,2014,1000000,110000,Diesel,Individual,Manual,First Owner,398,11,High,High,,Diesel_Manual,Toyota,9.09,1
CAR_000399,Ford Ecosport 1.5 DV5 MT Titanium,2014,500000,49000,Diesel,Individual,Manual,First Owner,399,11,Mid,Medium,0,Diesel_Manual,Ford,10.2,1
CAR_000400,Mahindra XUV500 W11 AT BSIV,2018,1600000,,Diesel,Individual,Automatic,First Owner,400,7,Premium,Medium,0,Diesel_Automatic,Mahindra,45.71,1
CAR_000401,Mahindra Supro VX 8 Str,2017,500000,,Diesel,Individual,Manual,First Owner,401,8,Mid,Very High,0,Diesel_Manual,Mahindra,3.12,1
CAR_000402,Maruti Alto LX,2007,70000,180000,Petrol,Individual,Manual,Third Owner,402,18,Low,Very High,0,Petrol_Manual,Maruti,0.39,0
CAR_000403,Maruti 800 AC,2007,105000,60000,Petrol,Individual,Manual,Second Owner,403,18,Low,Medium,0,Petrol_Manual,Maruti,1.75,0
CAR_000404,Ford Endeavour 2.5L 4X2 MT,2008,400000,110000,Diesel,Individual,Manual,Third Owner,404,17,Mid,High,0,Diesel_Manual,Ford,3.64,1
CAR_000405,Maruti Wagon R LXI,2004,80000,60000,Petrol,Individual,Manual,Third Owner,405,21,Low,Medium,0,Petrol_Manual,Maruti,1.33,0
CAR_000406,Maruti Alto 800 VXI,2016,300000,30000,Petrol,Individual,Manual,First Owner,406,9,Low,Low,0,Petrol_Manual,Maruti,10,0
CAR_000407,Mahindra KUV 100 D75 K2,2017,409999,40000,Diesel,Individual,Manual,First Owner,407,8,Mid,Medium,0,Diesel_Manual,Mahindra,10.25,1
CAR_000408,Maruti Swift Glam,2009,250000,70000,Petrol,Individual,Manual,First Owner,408,16,Low,Medium,0,Petrol_Manual,Maruti,3.57,0
CAR_000409,Tata New Safari DICOR 2.2 EX 4x2,2010,250000,120000,Diesel,Individual,Manual,Second Owner,409,15,Low,High,0,Diesel_Manual,Tata,2.08,1
CAR_000410,Maruti Swift Dzire VDI,2012,215000,80000,Diesel,Individual,Manual,Third Owner,410,13,Low,High,0,Diesel_Manual,Maruti,2.69,1
CAR_000411,Toyota Fortuner 4x4 MT,2015,1400000,120000,Diesel,Individual,Manual,First Owner,411,10,,,0,Diesel_Manual,Toyota,11.67,1
CAR_000412,Honda Brio 1.2 VX MT,2018,475000,20000,Petrol,Individual,Manual,First Owner,412,7,Mid,Low,0,Petrol_Manual,Honda,23.75,0
CAR_000413,Honda Brio 1.2 VX MT,2018,475000,22000,Petrol,Individual,Manual,First Owner,413,7,Mid,Low,0,Petrol_Manual,Honda,21.59,0
CAR_000414,Chevrolet Spark 1.0 LS,2008,75000,35000,Petrol,Individual,Manual,Second Owner,414,17,Low,Medium,0,Petrol_Manual,Chevrolet,2.14,0
CAR_000415,Chevrolet Sail Hatchback LS ABS,2013,,120000,Diesel,Individual,Manual,Second Owner,415,12,Low,High,0,Diesel_Manual,Chevrolet,1.67,1
CAR_000416,Tata Tiago NRG Petrol,2019,575000,8000,Petrol,Individual,Manual,First Owner,416,6,Mid,,0,Petrol_Manual,Tata,71.88,0
CAR_000417,Maruti Ritz VDi,2011,150000,40000,Diesel,Individual,,Second Owner,417,14,Low,Medium,0,Diesel_Manual,Maruti,3.75,1
CAR_000418,Maruti Vitara Brezza ZDi Plus,2018,850000,10000,Diesel,Individual,Manual,First Owner,418,7,High,Low,,Diesel_Manual,Maruti,85,1
CAR_000419,Hyundai Santro Era,2019,350000,30000,Petrol,Individual,Manual,First Owner,419,6,Mid,Low,0,Petrol_Manual,Hyundai,11.67,0
CAR_000420,Ford Endeavour 2.5L 4X2 MT,2011,550000,54000,Diesel,Individual,Manual,Second Owner,420,14,Mid,Medium,0,Diesel_Manual,Ford,10.19,1
CAR_000421,Hyundai Verna 1.4 VTVT,2017,330000,80577,Petrol,Individual,Manual,First Owner,421,8,Mid,High,,Petrol_Manual,Hyundai,4.1,0
CAR_000422,Honda City i-DTEC V,2017,1044999,25000,Diesel,Individual,,First Owner,422,8,Premium,Low,0,Diesel_Manual,Honda,41.8,1
CAR_000423,Hyundai Verna 1.6 CRDI,2011,300000,127500,Diesel,Individual,Manual,Second Owner,423,14,Low,,0,Diesel_Manual,Hyundai,2.35,1
CAR_000424,Hyundai EON D Lite Plus,2015,235000,40903,Petrol,Dealer,Manual,First Owner,424,10,Low,Medium,,Petrol_Manual,Hyundai,5.75,0
CAR_000425,Ford Figo Petrol Titanium,2011,120000,60000,Petrol,Individual,,Third Owner,425,14,Low,Medium,0,Petrol_Manual,Ford,2,0
CAR_000426,Maruti Wagon R VXI,2004,130000,46000,Petrol,Individual,Manual,First Owner,426,21,Low,Medium,0,Petrol_Manual,Maruti,2.83,0
CAR_000427,Ford Endeavour 4x4 XLT,2004,,22288,Diesel,Dealer,Manual,Second Owner,427,21,Low,,,Diesel_Manual,Ford,12.34,1
CAR_000428,Volkswagen Jetta 2.0 TDI Trendline,2011,270000,180000,Diesel,Individual,Manual,Second Owner,428,14,Low,Very High,0,Diesel_Manual,Volkswagen,1.5,1
CAR_000429,Volkswagen Polo 1.5 TDI Highline,2015,500000,30000,Diesel,Individual,Manual,Second Owner,429,10,Mid,,0,Diesel_Manual,Volkswagen,16.67,1
CAR_000430,Hyundai Grand i10 Sportz,2015,400000,,,Dealer,Manual,First Owner,430,10,Mid,Medium,0,Petrol_Manual,Hyundai,6.48,0
CAR_000431,Hyundai i20 Asta 1.2,2015,600000,64484,Petrol,Dealer,Manual,First Owner,431,10,,Medium,0,Petrol_Manual,Hyundai,9.3,0
CAR_000432,Audi Q5 2.0 TDI,2012,1350000,90000,Diesel,Individual,,Second Owner,432,13,Premium,High,0,Diesel_Automatic,Audi,15,1
CAR_000433,Renault Duster 85PS Diesel RxE,2013,,75976,Diesel,Dealer,,Second Owner,433,12,Mid,High,0,Diesel_Manual,Renault,5.26,1
CAR_000434,Ford Figo Diesel Titanium,2011,220000,70000,Diesel,Individual,Manual,Second Owner,434,14,Low,Medium,0,Diesel_Manual,Ford,3.14,1
CAR_000435,Honda Brio E MT,2012,300000,85962,Petrol,Dealer,Manual,Second Owner,435,13,Low,High,0,Petrol_Manual,Honda,3.49,0
CAR_000436,Maruti Omni E MPI STD BS IV,2018,250000,120000,Petrol,Individual,Manual,First Owner,436,7,Low,High,0,Petrol_Manual,Maruti,2.08,0
CAR_000437,Honda Mobilio V i DTEC,2015,600000,,,Individual,Manual,First Owner,437,10,Mid,High,0,Diesel_Manual,Honda,5,1
CAR_000438,Honda Brio S Option AT,2012,285000,75000,Petrol,Individual,Automatic,Second Owner,438,13,Low,High,0,Petrol_Automatic,Honda,3.8,0
CAR_000439,Honda Accord 2.4 MT,2009,,57035,Petrol,Dealer,Manual,First Owner,439,16,,Medium,0,Petrol_Manual,Honda,6.14,0
CAR_000440,Mahindra Bolero SLX,2011,170000,70000,Diesel,Individual,Manual,Third Owner,440,14,Low,Medium,0,Diesel_Manual,Mahindra,2.43,1
CAR_000441,Ford Figo 1.2P Ambiente MT,2015,229999,45000,Petrol,Individual,Manual,First Owner,441,10,Low,Medium,0,Petrol_Manual,Ford,5.11,0
CAR_000442,Mahindra XUV500 W6 2WD,2013,500000,72104,Diesel,Dealer,Manual,Second Owner,442,12,Mid,High,0,Diesel_Manual,Mahindra,6.93,1
CAR_000443,Tata Nano Lx,2011,75000,15000,Petrol,Individual,Manual,First Owner,443,14,,Low,,Petrol_Manual,Tata,5,0
CAR_000444,Hyundai i20 Active 1.2 SX,2016,,30000,Petrol,Individual,Manual,First Owner,444,9,Mid,Low,0,Petrol_Manual,Hyundai,20,0
CAR_000445,Tata Indigo LS Dicor,2011,220000,80000,Diesel,Individual,Manual,First Owner,445,14,Low,High,0,Diesel_Manual,Tata,2.75,1
CAR_000446,Tata Indica Vista Terra 1.4 TDI,2009,150000,164000,Diesel,Individual,Manual,Second Owner,446,16,,Very High,,Diesel_Manual,Tata,0.91,1
CAR_000447,Maruti Alto LX,2006,65000,124439,Petrol,Individual,Manual,Second Owner,447,19,Low,High,0,Petrol_Manual,Maruti,0.52,0
CAR_000448,Maruti Zen VXI,2006,120000,77000,Petrol,Individual,Manual,Second Owner,448,19,Low,High,0,Petrol_Manual,Maruti,1.56,0
CAR_000449,Maruti Swift Dzire VDI,2014,240000,90000,Diesel,Individual,Manual,First Owner,449,11,Low,High,0,Diesel_Manual,Maruti,2.67,1
CAR_000450,Renault KWID 1.0 RXT Optional,2017,390000,30000,Petrol,Individual,Manual,First Owner,450,8,Mid,Low,,Petrol_Manual,Renault,13,0
CAR_000451,Chevrolet Beat LS,2012,180000,50000,Petrol,Individual,,First Owner,451,13,Low,Medium,0,Petrol_Manual,Chevrolet,3.6,0
CAR_000452,Maruti Swift VDI,2012,320000,80000,Diesel,Individual,Manual,Second Owner,452,13,Mid,High,0,Diesel_Manual,Maruti,4,1
CAR_000453,Maruti Alto 800 LXI,2018,310000,5000,Petrol,Individual,Manual,First Owner,453,7,Mid,Low,0,Petrol_Manual,Maruti,62,0
CAR_000454,Maruti Wagon R AMT VXI,2018,420000,,Petrol,Individual,Automatic,First Owner,454,7,Mid,,0,Petrol_Automatic,Maruti,17.5,0
CAR_000455,Tata Tiago NRG Petrol,2019,550000,10000,Petrol,Individual,Manual,First Owner,455,6,Mid,Low,0,Petrol_Manual,Tata,55,0
CAR_000456,Maruti Ertiga SHVS VDI,2016,550000,78000,Diesel,Individual,Manual,Third Owner,456,9,Mid,High,0,Diesel_Manual,Maruti,7.05,1
CAR_000457,Mahindra TUV 300 T4 Plus,2018,760000,50000,Diesel,Individual,,First Owner,457,7,High,Medium,0,Diesel_Manual,Mahindra,15.2,1
CAR_000458,Maruti 800 AC BSII,2001,,100000,Petrol,Individual,Manual,Second Owner,458,24,Low,High,0,Petrol_Manual,Maruti,0.43,0
CAR_000459,Maruti Omni MPI STD BSIV,2018,250000,20000,Petrol,Individual,Manual,First Owner,459,7,Low,Low,0,Petrol_Manual,Maruti,12.5,0
CAR_000460,Hyundai Santro Magna BSIV,2019,500000,1250,Petrol,Individual,Manual,First Owner,460,6,Mid,Low,0,Petrol_Manual,Hyundai,400,0
CAR_000461,Tata Zest Revotron 1.2 XT,2015,380000,17152,Petrol,Individual,,First Owner,461,10,Mid,Low,0,Petrol_Manual,Tata,22.15,0
CAR_000462,Mahindra XUV500 W11 Option AT AWD,2019,,5000,Diesel,Individual,Automatic,First Owner,462,6,Premium,Low,0,Diesel_Automatic,Mahindra,370,1
CAR_000463,Volkswagen Polo Diesel Trendline 1.2L,2012,350000,77000,Diesel,Individual,Manual,First Owner,463,13,Mid,High,0,Diesel_Manual,Volkswagen,4.55,1
CAR_000464,Hyundai Verna CRDi,2008,,90000,Diesel,Individual,Manual,Second Owner,464,17,Low,High,0,Diesel_Manual,Hyundai,2.17,1
CAR_000465,Chevrolet Beat LS,2011,225000,80000,Petrol,Individual,Manual,Second Owner,465,14,Low,High,0,Petrol_Manual,Chevrolet,2.81,0
CAR_000466,Toyota Innova 2.5 G (Diesel) 7 Seater,2015,1125000,65000,Diesel,Individual,Manual,First Owner,466,10,Premium,Medium,0,Diesel_Manual,Toyota,17.31,1
CAR_000467,Tata Indica Vista Quadrajet LX,2011,133000,,Diesel,Individual,Manual,First Owner,467,14,Low,High,0,Diesel_Manual,Tata,1.66,1
CAR_000468,Hyundai EON Era Plus,2013,200000,24005,Petrol,Individual,Manual,First Owner,468,12,Low,Low,0,Petrol_Manual,Hyundai,8.33,0
CAR_000469,Maruti Vitara Brezza ZDi Plus,2018,,20000,Diesel,Individual,Manual,First Owner,469,7,High,Low,0,Diesel_Manual,Maruti,47,1
CAR_000470,Renault Duster 85PS Diesel RxL,2014,400000,120000,Diesel,Individual,Manual,First Owner,470,11,Mid,High,0,Diesel_Manual,Renault,3.33,1
CAR_000471,Hyundai i10 Era 1.1,2009,120000,120000,Petrol,Individual,Manual,Second Owner,471,16,Low,High,0,Petrol_Manual,Hyundai,1,0
CAR_000472,Maruti Swift Dzire ZDI,2015,,80000,Diesel,Individual,,First Owner,472,10,High,High,0,Diesel_Manual,Maruti,7.81,1
CAR_000473,Maruti Swift 1.3 VXi,2005,110000,80000,Petrol,Individual,Manual,First Owner,473,20,Low,High,0,Petrol_Manual,Maruti,1.38,0
CAR_000474,Renault Duster 110PS Diesel RxZ,2012,490000,100000,Diesel,Individual,Manual,First Owner,474,13,Mid,High,0,Diesel_Manual,Renault,4.9,1
CAR_000475,Maruti Alto LX,2009,140000,,Petrol,Individual,Manual,Second Owner,475,16,Low,High,0,Petrol_Manual,Maruti,1.17,0
CAR_000476,Ford Figo Diesel ZXI,2011,175000,149000,Diesel,Individual,Manual,Second Owner,476,14,Low,High,0,Diesel_Manual,Ford,1.17,1
CAR_000477,Maruti Wagon R LXI BSIII,2005,90000,65000,Petrol,Individual,,Second Owner,477,20,Low,Medium,0,Petrol_Manual,Maruti,1.38,0
CAR_000478,Maruti Swift Ldi BSIV,2009,275000,100000,Diesel,Individual,Manual,Second Owner,478,16,Low,High,,Diesel_Manual,Maruti,2.75,1
CAR_000479,Volkswagen Vento Diesel Highline,2011,,65000,Diesel,Individual,Manual,Second Owner,479,14,Low,Medium,0,Diesel_Manual,Volkswagen,4.62,1
CAR_000480,Datsun GO Plus T Option BSIV,2018,270000,19000,Petrol,Individual,Manual,Second Owner,480,7,Low,Low,0,Petrol_Manual,Datsun,14.21,0
CAR_000481,Chevrolet Beat LT,2010,130000,80000,Petrol,Individual,,Second Owner,481,15,Low,,0,Petrol_Manual,Chevrolet,1.62,0
CAR_000482,Maruti Alto K10 VXI Airbag,2015,275000,30000,Petrol,Individual,Manual,First Owner,482,10,Low,Low,0,Petrol_Manual,Maruti,9.17,0
CAR_000483,Maruti Swift VDI,2012,352000,109000,Diesel,Individual,Manual,First Owner,483,13,Mid,High,0,Diesel_Manual,Maruti,3.23,1
CAR_000484,Hyundai EON LPG Magna Plus,2012,180000,90000,LPG,Individual,Manual,First Owner,484,13,Low,High,0,LPG_Manual,Hyundai,2,0
CAR_000485,Maruti Alto LX,2012,150000,90000,Petrol,Individual,,First Owner,485,13,Low,High,0,Petrol_Manual,Maruti,1.67,0
CAR_000486,Volkswagen Vento Diesel Highline,2011,300000,65000,Diesel,Individual,,Second Owner,486,14,Low,Medium,,Diesel_Manual,Volkswagen,4.62,1
CAR_000487,Maruti Swift Vdi BSIII,2010,300000,110000,Diesel,Individual,Manual,Second Owner,487,15,Low,High,0,Diesel_Manual,Maruti,2.73,1
CAR_000488,Mahindra Bolero DI DX 7 Seater,2007,225000,,Diesel,Individual,Manual,First Owner,488,18,Low,,0,Diesel_Manual,Mahindra,1.88,1
CAR_000489,Honda Mobilio V i DTEC,2014,600000,44000,Diesel,Individual,,First Owner,489,11,Mid,Medium,0,Diesel_Manual,Honda,13.64,1
CAR_000490,Maruti Ertiga BSIV ZXI,2015,500000,80000,Petrol,Individual,Manual,First Owner,490,10,,High,0,Petrol_Manual,Maruti,6.25,0
CAR_000491,Honda BR-V i-VTEC S MT,2018,900000,5000,Petrol,Individual,Manual,First Owner,491,7,High,Low,0,Petrol_Manual,Honda,180,0
CAR_000492,Hyundai i20 Magna 1.2,2016,600000,61000,Petrol,Individual,Manual,First Owner,492,9,Mid,Medium,0,Petrol_Manual,Hyundai,9.84,0
CAR_000493,Toyota Etios VD,2011,450000,100000,Diesel,Individual,Manual,Second Owner,493,14,Mid,High,0,Diesel_Manual,Toyota,4.5,1
CAR_000494,Hyundai i10 Era 1.1,2009,270000,27633,Petrol,Individual,Manual,First Owner,494,16,Low,Low,0,Petrol_Manual,Hyundai,9.77,0
CAR_000495,Maruti Swift Vdi BSIII,2010,,100000,Diesel,Individual,Manual,Third Owner,495,15,,High,,Diesel_Manual,Maruti,3.1,1
CAR_000496,Hyundai Santro Xing GLS Audio LPG,2012,250000,100000,LPG,Individual,Manual,First Owner,496,13,Low,High,0,LPG_Manual,Hyundai,2.5,0
CAR_000497,Ford Figo 1.2P Titanium MT,2019,700000,,Petrol,Dealer,Manual,First Owner,497,6,High,Low,,Petrol_Manual,Ford,55.62,0
CAR_000498,Fiat Avventura Urban Cross 1.3 Multijet Emotion,2018,,38083,Diesel,Dealer,Manual,First Owner,498,7,High,Medium,0,Diesel_Manual,Fiat,17.07,1
CAR_000499,Ford Figo Diesel ZXI,2012,400000,55328,Diesel,Dealer,Manual,First Owner,499,13,Mid,Medium,0,Diesel_Manual,Ford,7.23,1
CAR_000500,Ford Figo Diesel Titanium,2012,425000,,Diesel,Dealer,Manual,First Owner,500,13,Mid,High,0,Diesel_Manual,Ford,5.21,1
CAR_000501,Ford Aspire Titanium Diesel BSIV,2016,600000,155201,Diesel,Dealer,Manual,First Owner,501,9,Mid,Very High,0,Diesel_Manual,Ford,3.87,1
CAR_000502,Ford EcoSport 1.5 TDCi Titanium BSIV,2013,600000,93283,Diesel,Dealer,Manual,First Owner,502,12,Mid,High,0,Diesel_Manual,Ford,6.43,1
CAR_000503,Maruti Swift Ldi BSIII,2009,300000,217871,Diesel,Dealer,Manual,First Owner,503,16,Low,Very High,0,Diesel_Manual,Maruti,1.38,1
CAR_000504,Ford Fiesta Classic 1.4 Duratorq CLXI,2012,450000,90165,Diesel,Dealer,Manual,First Owner,504,13,Mid,High,0,Diesel_Manual,Ford,4.99,1
CAR_000505,Ford Ecosport 1.5 DV5 MT Titanium,2014,750000,101504,Diesel,Dealer,Manual,First Owner,505,11,High,High,,Diesel_Manual,Ford,7.39,1
CAR_000506,Ford Figo Titanium Diesel BSIV,2010,,86017,,Dealer,Manual,Second Owner,506,15,Mid,High,0,Diesel_Manual,Ford,3.78,1
CAR_000507,Mahindra XUV500 W8 2WD,2013,900000,85036,,Dealer,Manual,Second Owner,507,12,High,High,0,Diesel_Manual,Mahindra,10.58,1
CAR_000508,Ford Ikon 1.3L Rocam Flair,2006,180000,91086,Petrol,Dealer,Manual,Second Owner,508,19,Low,High,0,Petrol_Manual,Ford,1.98,0
CAR_000509,Fiat Punto 1.3 Emotion,2013,350000,160254,Diesel,Dealer,Manual,Second Owner,509,12,Mid,Very High,0,Diesel_Manual,Fiat,2.18,1
CAR_000510,Ford EcoSport 1.5 TDCi Titanium BSIV,2013,600000,,Diesel,Dealer,Manual,Second Owner,510,12,,High,0,Diesel_Manual,Ford,4.78,1
CAR_000511,Honda WR-V i-DTEC V,2019,900000,60000,Diesel,Individual,Manual,First Owner,511,6,High,,0,Diesel_Manual,Honda,15,1
CAR_000512,Skoda Laura L n K 1.9 PD,2006,,,Diesel,Individual,Manual,First Owner,512,19,Mid,High,0,Diesel_Manual,Skoda,3.5,1
CAR_000513,Maruti Ritz LDi,2013,280000,90000,Diesel,Individual,,Third Owner,513,12,Low,High,0,Diesel_Manual,Maruti,3.11,1
CAR_000514,Mahindra Xylo D2,2009,225000,120000,Diesel,Individual,,Second Owner,514,16,Low,,0,Diesel_Manual,Mahindra,1.88,1
CAR_000515,Honda City i DTEC S,2014,520000,82000,,Individual,Manual,First Owner,515,11,Mid,High,0,Diesel_Manual,Honda,6.34,1
CAR_000516,Mahindra Scorpio 1.99 S4,2016,509999,60000,Diesel,Individual,Manual,First Owner,516,9,Mid,Medium,,Diesel_Manual,Mahindra,8.5,1
CAR_000517,Maruti Baleno Alpha 1.2,2019,556000,24000,Petrol,Individual,Manual,First Owner,517,6,Mid,Low,0,Petrol_Manual,Maruti,23.17,0
CAR_000518,Tata Indigo Grand Dicor,2014,225000,120000,Diesel,Individual,Manual,First Owner,518,11,Low,,0,Diesel_Manual,Tata,1.88,1
CAR_000519,Honda Amaze EX i-Dtech,2013,325000,65000,,Dealer,Manual,First Owner,519,12,Mid,Medium,0,Diesel_Manual,Honda,5,1
CAR_000520,Maruti Swift VDI,2013,365000,65000,Diesel,Dealer,Manual,First Owner,520,12,,Medium,,Diesel_Manual,Maruti,5.62,1
CAR_000521,Hyundai Creta 1.6 CRDi SX Plus,2015,850000,84000,Diesel,Dealer,Manual,First Owner,521,10,High,High,0,Diesel_Manual,Hyundai,10.12,1
CAR_000522,Toyota Etios GD SP,2013,350000,75000,Diesel,Dealer,Manual,First Owner,522,12,Mid,High,0,Diesel_Manual,Toyota,4.67,1
CAR_000523,Maruti Swift VDI,2007,225000,50000,,Dealer,Manual,First Owner,523,18,Low,Medium,0,Diesel_Manual,Maruti,4.5,1
CAR_000524,Maruti Alto LX,2011,135000,50000,Petrol,Individual,,First Owner,524,14,Low,Medium,0,Petrol_Manual,Maruti,2.7,0
CAR_000525,Maruti Wagon R LXI Minor,2007,140000,49000,Petrol,Dealer,Manual,First Owner,525,18,Low,Medium,0,Petrol_Manual,Maruti,2.86,0
CAR_000526,Maruti SX4 S Cross DDiS 320 Delta,2016,665000,560000,,Dealer,Manual,First Owner,526,9,High,Very High,0,Diesel_Manual,Maruti,1.19,1
CAR_000527,Renault KWID RXT,2015,275000,14365,Petrol,Dealer,Manual,First Owner,527,10,,Low,0,Petrol_Manual,Renault,19.14,0
CAR_000528,Toyota Fortuner 2.8 4WD AT BSIV,2017,2750000,41000,Diesel,Individual,Automatic,First Owner,528,8,Premium,,0,Diesel_Automatic,Toyota,67.07,1
CAR_000529,Hyundai Verna 1.6 SX,2013,484999,65000,Diesel,Dealer,Manual,First Owner,529,12,Mid,Medium,0,Diesel_Manual,Hyundai,7.46,1
CAR_000530,Maruti Ciaz VDi Option SHVS,2015,565000,65000,Diesel,Dealer,Manual,First Owner,530,10,Mid,Medium,0,Diesel_Manual,Maruti,8.69,1
CAR_000531,Maruti Swift Dzire VDI,2013,,61083,Diesel,Dealer,Manual,First Owner,531,12,Mid,Medium,0,Diesel_Manual,Maruti,6.96,1
CAR_000532,Toyota Innova 2.5 VX (Diesel) 8 Seater,2013,925000,75000,,Individual,Manual,First Owner,532,12,High,High,0,Diesel_Manual,Toyota,12.33,1
CAR_000533,Mahindra Scorpio VLX 2WD AIRBAG SE BSIV,2012,565000,72000,Diesel,Dealer,Manual,First Owner,533,13,Mid,High,0,Diesel_Manual,Mahindra,7.85,1
CAR_000534,Renault Duster 110PS Diesel RxL,2014,525000,65000,Diesel,Dealer,Manual,First Owner,534,11,Mid,Medium,0,Diesel_Manual,Renault,8.08,1
CAR_000535,Hyundai Tucson 2.0 e-VGT 2WD MT,2017,1650000,55000,Diesel,Dealer,Manual,First Owner,535,8,Premium,Medium,0,Diesel_Manual,Hyundai,30,1
CAR_000536,Hyundai EON Era Plus,2015,295000,21000,Petrol,Dealer,Manual,Second Owner,536,10,Low,,0,Petrol_Manual,Hyundai,14.05,0
CAR_000537,Jaguar XF 5.0 Litre V8 Petrol,2012,2050000,66363,Petrol,Dealer,Automatic,Second Owner,537,13,Premium,Medium,0,Petrol_Automatic,Jaguar,30.89,0
CAR_000538,Hyundai Creta 1.6 VTVT AT SX Plus,2018,1475000,11700,Petrol,Dealer,,First Owner,538,7,Premium,Low,0,Petrol_Automatic,Hyundai,126.07,0
CAR_000539,Hyundai Verna VTVT 1.6 AT SX Option,2017,1100000,,Petrol,Individual,Automatic,First Owner,539,8,Premium,,0,Petrol_Automatic,Hyundai,110,0
CAR_000540,Mercedes-Benz GL-Class 350 CDI Blue Efficiency,2014,4400000,100000,Diesel,Individual,Automatic,Second Owner,540,11,Premium,High,0,Diesel_Automatic,Mercedes-Benz,44,1
CAR_000541,Maruti Swift ZXI BSIV,2016,670000,7104,Petrol,Trustmark Dealer,Manual,First Owner,541,9,High,Low,0,Petrol_Manual,Maruti,94.31,0
CAR_000542,Maruti S-Cross Zeta DDiS 200 SH,2015,750000,,Diesel,Trustmark Dealer,Manual,First Owner,542,10,High,Medium,0,Diesel_Manual,Maruti,16.31,1
CAR_000543,Hyundai Verna 1.6 VTVT SX,2015,760000,55340,Petrol,Trustmark Dealer,Manual,First Owner,543,10,High,Medium,0,Petrol_Manual,Hyundai,13.73,0
CAR_000544,Volkswagen Polo GTI,2017,850000,20000,Petrol,Dealer,Automatic,Second Owner,544,8,High,Low,0,Petrol_Automatic,Volkswagen,42.5,0
CAR_000545,Renault Pulse RxL,2015,,61585,Diesel,Trustmark Dealer,Manual,First Owner,545,10,Mid,Medium,0,Diesel_Manual,Renault,6.33,1
CAR_000546,Maruti Celerio VXI AMT BSIV,2016,450000,39415,Petrol,Trustmark Dealer,Automatic,Second Owner,546,9,Mid,Medium,,Petrol_Automatic,Maruti,11.42,0
CAR_000547,Honda Brio V MT,2014,425000,29654,Petrol,Trustmark Dealer,Manual,First Owner,547,11,Mid,Low,0,Petrol_Manual,Honda,14.33,0
CAR_000548,Maruti Baleno Alpha 1.3,2016,770000,64672,,Trustmark Dealer,Manual,First Owner,548,9,High,Medium,0,Diesel_Manual,Maruti,11.91,1
CAR_000549,Hyundai Creta 1.6 SX Automatic Diesel,2015,1150000,54634,Diesel,Trustmark Dealer,Automatic,Second Owner,549,10,Premium,Medium,0,Diesel_Automatic,Hyundai,21.05,1
CAR_000550,Honda City i VTEC V,2015,775000,66521,Petrol,Trustmark Dealer,Manual,First Owner,550,10,High,Medium,,Petrol_Manual,Honda,11.65,0
CAR_000551,Toyota Innova Crysta 2.4 GX AT,2018,1725000,23974,Diesel,Dealer,Automatic,Second Owner,551,7,Premium,Low,0,Diesel_Automatic,Toyota,71.95,1
CAR_000552,BMW 3 Series 320d Luxury Line,2016,,43000,Diesel,Dealer,Automatic,First Owner,552,9,Premium,Medium,0,Diesel_Automatic,BMW,50,1
CAR_000553,Renault Duster 85PS Diesel RxL,2013,450000,1000,Diesel,Dealer,Manual,Second Owner,553,12,Mid,Low,0,Diesel_Manual,Renault,450,1
CAR_000554,Mercedes-Benz C-Class Progressive C 220d,2018,3800000,10000,Diesel,Dealer,Automatic,First Owner,554,7,Premium,Low,0,Diesel_Automatic,Mercedes-Benz,380,1
CAR_000555,Audi A4 3.0 TDI Quattro,2013,1580000,,Diesel,Dealer,Automatic,First Owner,555,12,Premium,High,0,Diesel_Automatic,Audi,18.37,1
CAR_000556,BMW X5 xDrive 30d xLine,2019,4950000,30000,Diesel,Dealer,Automatic,First Owner,556,6,Premium,Low,0,Diesel_Automatic,BMW,165,1
CAR_000557,Hyundai Creta 1.6 CRDi SX,2016,535000,52600,Diesel,Individual,Manual,First Owner,557,9,Mid,Medium,0,Diesel_Manual,Hyundai,10.17,1
CAR_000558,Maruti SX4 Vxi BSIV,2012,225000,110000,Petrol,Individual,Manual,Second Owner,558,13,Low,High,0,Petrol_Manual,Maruti,2.05,0
CAR_000559,Hyundai Grand i10 1.2 Kappa Magna AT,2017,550000,19890,Petrol,Dealer,Automatic,First Owner,559,8,Mid,Low,0,Petrol_Automatic,Hyundai,27.65,0
CAR_000560,Maruti Swift ZXI BSIV,2016,670000,7104,Petrol,Trustmark Dealer,Manual,First Owner,560,9,High,,0,Petrol_Manual,Maruti,94.31,0
CAR_000561,Maruti Ertiga VXI,2015,625000,11918,Petrol,Trustmark Dealer,,First Owner,561,10,High,Low,,Petrol_Manual,Maruti,52.44,0
CAR_000562,Hyundai Grand i10 Magna AT,2017,,10510,Petrol,Dealer,Automatic,First Owner,562,8,,Low,0,Petrol_Automatic,Hyundai,49.48,0
CAR_000563,Chevrolet Beat LT Option,2016,239000,41000,Petrol,Dealer,Manual,First Owner,563,9,Low,Medium,0,Petrol_Manual,Chevrolet,5.83,0
CAR_000564,Toyota Fortuner 4x2 AT,2017,2600000,47162,Diesel,Trustmark Dealer,Automatic,First Owner,564,8,Premium,Medium,0,Diesel_Automatic,Toyota,55.13,1
CAR_000565,Maruti S-Cross Zeta DDiS 200 SH,2015,750000,45974,Diesel,Trustmark Dealer,Manual,First Owner,565,10,High,Medium,0,Diesel_Manual,Maruti,16.31,1
CAR_000566,Hyundai i10 Magna,2012,229999,49824,Petrol,Dealer,Manual,First Owner,566,13,Low,Medium,0,Petrol_Manual,Hyundai,4.62,0
CAR_000567,Audi A6 2.0 TDI Premium Plus,2013,1300000,58500,Diesel,Dealer,Automatic,First Owner,567,12,,,,Diesel_Automatic,Audi,22.22,1
CAR_000568,Hyundai Santro GS,2005,80000,,Petrol,Dealer,Manual,First Owner,568,20,Low,Medium,,Petrol_Manual,Hyundai,1.41,0
CAR_000569,Skoda Laura Ambiente 2.0 TDI CR MT,2012,,52000,Diesel,Dealer,Manual,First Owner,569,13,Mid,Medium,0,Diesel_Manual,Skoda,7.4,1
CAR_000570,Hyundai Verna 1.6 VTVT SX,2015,760000,55340,Petrol,Trustmark Dealer,Manual,First Owner,570,10,High,Medium,0,Petrol_Manual,Hyundai,13.73,0
CAR_000571,Maruti Swift Dzire VDI,2017,600000,46507,Diesel,Trustmark Dealer,Manual,First Owner,571,8,Mid,Medium,0,Diesel_Manual,Maruti,12.9,1
CAR_000572,Renault Duster 85PS Diesel RxL,2013,450000,1000,Diesel,Dealer,,Second Owner,572,12,Mid,Low,0,Diesel_Manual,Renault,450,1
CAR_000573,Mercedes-Benz C-Class Progressive C 220d,2018,3800000,10000,Diesel,Dealer,Automatic,First Owner,573,7,Premium,Low,0,Diesel_Automatic,Mercedes-Benz,380,1
CAR_000574,Audi A4 3.0 TDI Quattro,2013,1580000,86000,Diesel,Dealer,Automatic,First Owner,574,12,Premium,High,0,Diesel_Automatic,Audi,18.37,1
CAR_000575,BMW X5 xDrive 30d xLine,2019,4950000,30000,Diesel,Dealer,Automatic,First Owner,575,6,Premium,Low,0,Diesel_Automatic,BMW,165,1
CAR_000576,Hyundai Creta 1.6 CRDi SX,2016,535000,52600,,Individual,Manual,First Owner,576,9,Mid,Medium,0,Diesel_Manual,Hyundai,10.17,1
CAR_000577,Maruti SX4 Vxi BSIV,2012,225000,110000,Petrol,Individual,Manual,Second Owner,577,13,Low,High,0,Petrol_Manual,Maruti,2.05,0
CAR_000578,Hyundai Grand i10 1.2 Kappa Magna AT,2017,550000,19890,Petrol,Dealer,Automatic,First Owner,578,8,Mid,Low,,Petrol_Automatic,Hyundai,27.65,0
CAR_000579,Maruti Swift ZXI BSIV,2016,670000,7104,Petrol,Trustmark Dealer,Manual,First Owner,579,9,High,Low,0,Petrol_Manual,Maruti,94.31,0
CAR_000580,Maruti Ertiga VXI,2015,625000,11918,Petrol,Trustmark Dealer,Manual,First Owner,580,10,High,Low,0,Petrol_Manual,Maruti,52.44,0
CAR_000581,Hyundai Grand i10 Magna AT,2017,520000,10510,Petrol,Dealer,Automatic,First Owner,581,8,,Low,0,Petrol_Automatic,Hyundai,49.48,0
CAR_000582,Chevrolet Beat LT Option,2016,239000,41000,Petrol,Dealer,Manual,First Owner,582,9,Low,,0,Petrol_Manual,Chevrolet,5.83,0
CAR_000583,Toyota Fortuner 4x2 AT,2017,2600000,47162,Diesel,Trustmark Dealer,Automatic,First Owner,583,8,Premium,Medium,0,Diesel_Automatic,Toyota,55.13,1
CAR_000584,Maruti S-Cross Zeta DDiS 200 SH,2015,750000,45974,Diesel,Trustmark Dealer,Manual,First Owner,584,10,High,Medium,0,Diesel_Manual,Maruti,16.31,1
CAR_000585,Hyundai i10 Magna,2012,,49824,Petrol,Dealer,Manual,First Owner,585,13,Low,Medium,0,Petrol_Manual,Hyundai,4.62,0
CAR_000586,Audi A6 2.0 TDI Premium Plus,2013,1300000,58500,Diesel,Dealer,Automatic,First Owner,586,12,Premium,Medium,0,Diesel_Automatic,Audi,22.22,1
CAR_000587,Hyundai Santro GS,2005,80000,56580,,Dealer,Manual,First Owner,587,20,,Medium,0,Petrol_Manual,Hyundai,1.41,0
CAR_000588,Skoda Laura Ambiente 2.0 TDI CR MT,2012,385000,52000,Diesel,Dealer,Manual,First Owner,588,13,Mid,Medium,0,Diesel_Manual,Skoda,7.4,1
CAR_000589,Hyundai Verna 1.6 VTVT SX,2015,760000,55340,Petrol,Trustmark Dealer,,First Owner,589,10,High,Medium,0,Petrol_Manual,Hyundai,13.73,0
CAR_000590,Maruti Swift Dzire VDI,2017,,46507,Diesel,Trustmark Dealer,Manual,First Owner,590,8,Mid,Medium,0,Diesel_Manual,Maruti,12.9,1
CAR_000591,Renault Duster 85PS Diesel RxL,2013,450000,1000,Diesel,Dealer,Manual,Second Owner,591,12,,Low,,Diesel_Manual,Renault,450,1
CAR_000592,Mercedes-Benz C-Class Progressive C 220d,2018,3800000,10000,Diesel,Dealer,Automatic,First Owner,592,7,Premium,Low,0,Diesel_Automatic,Mercedes-Benz,380,1
CAR_000593,Audi A4 3.0 TDI Quattro,2013,1580000,86000,Diesel,Dealer,Automatic,First Owner,593,12,Premium,High,0,Diesel_Automatic,Audi,18.37,1
CAR_000594,BMW X5 xDrive 30d xLine,2019,4950000,30000,Diesel,Dealer,Automatic,First Owner,594,6,Premium,Low,0,Diesel_Automatic,BMW,165,1
CAR_000595,Hyundai Creta 1.6 CRDi SX,2016,535000,,Diesel,Individual,Manual,First Owner,595,9,Mid,Medium,0,Diesel_Manual,Hyundai,10.17,1
CAR_000596,Maruti SX4 Vxi BSIV,2012,225000,110000,Petrol,Individual,Manual,Second Owner,596,13,Low,High,0,Petrol_Manual,Maruti,2.05,0
CAR_000597,Hyundai Grand i10 1.2 Kappa Magna AT,2017,,19890,Petrol,Dealer,Automatic,First Owner,597,8,Mid,Low,0,Petrol_Automatic,Hyundai,27.65,0
CAR_000598,Maruti Swift ZXI BSIV,2016,670000,,Petrol,Trustmark Dealer,Manual,First Owner,598,9,,Low,0,Petrol_Manual,Maruti,94.31,0
CAR_000599,Maruti Ertiga VXI,2015,,11918,Petrol,Trustmark Dealer,Manual,First Owner,599,10,High,Low,0,Petrol_Manual,Maruti,52.44,0
CAR_000600,Hyundai Grand i10 Magna AT,2017,,10510,Petrol,Dealer,,First Owner,600,8,Mid,,0,Petrol_Automatic,Hyundai,49.48,0
CAR_000601,Chevrolet Beat LT Option,2016,239000,41000,Petrol,Dealer,Manual,First Owner,601,9,Low,Medium,0,Petrol_Manual,Chevrolet,5.83,0
CAR_000602,Toyota Fortuner 4x2 AT,2017,2600000,47162,Diesel,Trustmark Dealer,Automatic,First Owner,602,8,,Medium,,Diesel_Automatic,Toyota,55.13,1
CAR_000603,Maruti S-Cross Zeta DDiS 200 SH,2015,,45974,Diesel,Trustmark Dealer,Manual,First Owner,603,10,High,Medium,0,Diesel_Manual,Maruti,16.31,1
CAR_000604,Hyundai i10 Magna,2012,229999,49824,Petrol,Dealer,Manual,First Owner,604,13,Low,Medium,0,Petrol_Manual,Hyundai,4.62,0
CAR_000605,Audi A6 2.0 TDI Premium Plus,2013,1300000,58500,Diesel,Dealer,Automatic,First Owner,605,12,Premium,Medium,0,Diesel_Automatic,Audi,22.22,1
CAR_000606,Hyundai Santro GS,2005,80000,56580,Petrol,Dealer,Manual,First Owner,606,20,Low,Medium,0,Petrol_Manual,Hyundai,1.41,0
CAR_000607,Skoda Laura Ambiente 2.0 TDI CR MT,2012,385000,,Diesel,Dealer,,First Owner,607,13,Mid,Medium,0,Diesel_Manual,Skoda,7.4,1
CAR_000608,Hyundai Verna 1.6 VTVT SX,2015,760000,55340,Petrol,Trustmark Dealer,Manual,First Owner,608,10,High,Medium,0,Petrol_Manual,Hyundai,13.73,0
CAR_000609,Maruti Swift Dzire VDI,2017,600000,46507,Diesel,Trustmark Dealer,Manual,First Owner,609,8,Mid,Medium,0,Diesel_Manual,Maruti,12.9,1
CAR_000610,Renault Duster 85PS Diesel RxL,2013,450000,1000,Diesel,Dealer,Manual,Second Owner,610,12,Mid,Low,0,Diesel_Manual,Renault,450,1
CAR_000611,Mercedes-Benz C-Class Progressive C 220d,2018,3800000,10000,Diesel,Dealer,Automatic,First Owner,611,7,Premium,Low,0,Diesel_Automatic,Mercedes-Benz,380,1
CAR_000612,Audi A4 3.0 TDI Quattro,2013,1580000,86000,Diesel,Dealer,Automatic,First Owner,612,12,Premium,High,0,Diesel_Automatic,Audi,18.37,1
CAR_000613,BMW X5 xDrive 30d xLine,2019,4950000,,,Dealer,Automatic,First Owner,613,6,Premium,Low,0,Diesel_Automatic,BMW,165,1
CAR_000614,Hyundai Creta 1.6 CRDi SX,2016,535000,52600,Diesel,Individual,Manual,First Owner,614,9,Mid,Medium,0,Diesel_Manual,Hyundai,10.17,1
CAR_000615,Maruti SX4 Vxi BSIV,2012,225000,110000,Petrol,Individual,Manual,Second Owner,615,13,,High,0,Petrol_Manual,Maruti,2.05,0
CAR_000616,Hyundai Grand i10 1.2 Kappa Magna AT,2017,550000,19890,Petrol,Dealer,Automatic,First Owner,616,8,,Low,0,Petrol_Automatic,Hyundai,27.65,0
CAR_000617,Maruti Swift ZXI BSIV,2016,670000,7104,Petrol,Trustmark Dealer,Manual,First Owner,617,9,High,Low,0,Petrol_Manual,Maruti,94.31,0
CAR_000618,Maruti Ertiga VXI,2015,625000,11918,Petrol,Trustmark Dealer,Manual,First Owner,618,10,High,Low,0,Petrol_Manual,Maruti,52.44,0
CAR_000619,Hyundai Grand i10 Magna AT,2017,520000,10510,Petrol,Dealer,Automatic,First Owner,619,8,Mid,,0,Petrol_Automatic,Hyundai,49.48,0
CAR_000620,Chevrolet Beat LT Option,2016,239000,41000,Petrol,Dealer,Manual,First Owner,620,9,Low,Medium,0,Petrol_Manual,Chevrolet,5.83,0
CAR_000621,Toyota Fortuner 4x2 AT,2017,2600000,47162,Diesel,Trustmark Dealer,Automatic,First Owner,621,8,Premium,Medium,0,Diesel_Automatic,Toyota,55.13,1
CAR_000622,Maruti S-Cross Zeta DDiS 200 SH,2015,,45974,Diesel,Trustmark Dealer,Manual,First Owner,622,10,,Medium,0,Diesel_Manual,Maruti,16.31,1
CAR_000623,Hyundai i10 Magna,2012,229999,49824,Petrol,Dealer,Manual,First Owner,623,13,Low,Medium,0,Petrol_Manual,Hyundai,4.62,0
CAR_000624,Audi A6 2.0 TDI Premium Plus,2013,1300000,58500,Diesel,Dealer,Automatic,First Owner,624,12,Premium,,0,Diesel_Automatic,Audi,22.22,1
CAR_000625,Hyundai Santro GS,2005,80000,56580,,Dealer,Manual,First Owner,625,20,Low,Medium,0,Petrol_Manual,Hyundai,1.41,0
CAR_000626,Skoda Laura Ambiente 2.0 TDI CR MT,2012,385000,52000,Diesel,Dealer,Manual,First Owner,626,13,Mid,Medium,0,Diesel_Manual,Skoda,7.4,1
CAR_000627,Hyundai Verna 1.6 VTVT SX,2015,,55340,Petrol,Trustmark Dealer,Manual,First Owner,627,10,High,Medium,,Petrol_Manual,Hyundai,13.73,0
CAR_000628,Maruti Swift Dzire VDI,2017,600000,46507,Diesel,Trustmark Dealer,Manual,First Owner,628,8,Mid,Medium,0,Diesel_Manual,Maruti,12.9,1
CAR_000629,Hyundai i20 Sportz 1.2,2013,350000,50000,Petrol,Individual,Manual,Second Owner,629,12,Mid,Medium,0,Petrol_Manual,Hyundai,7,0
CAR_000630,Maruti Alto 800 LXI,2014,114999,30000,Petrol,Individual,,First Owner,630,11,Low,Low,0,Petrol_Manual,Maruti,3.83,0
CAR_000631,Hyundai i20 Sportz 1.2,2013,380000,50000,,Individual,Manual,Second Owner,631,12,,Medium,,Petrol_Manual,Hyundai,7.6,0
CAR_000632,Maruti Gypsy E MG410W ST,1995,95000,100000,Petrol,Individual,Manual,Second Owner,632,30,Low,High,0,Petrol_Manual,Maruti,0.95,0
CAR_000633,Mahindra Scorpio 1.99 S6 Plus,2016,900000,,Diesel,Individual,Manual,First Owner,633,9,,Medium,,Diesel_Manual,Mahindra,25.71,1
CAR_000634,Chevrolet Beat LT,2012,200999,90000,Petrol,Individual,Manual,Second Owner,634,13,Low,High,0,Petrol_Manual,Chevrolet,2.23,0
CAR_000635,Maruti Omni E MPI STD BS IV,2014,229999,11451,Petrol,Individual,Manual,First Owner,635,11,Low,Low,0,Petrol_Manual,Maruti,20.09,0
CAR_000636,Tata Nexon 1.5 Revotorq XZ,2019,800000,60000,Diesel,Individual,,First Owner,636,6,High,Medium,0,Diesel_Manual,Tata,13.33,1
CAR_000637,Mahindra Verito 1.5 D4 BSIV,2012,150000,172000,Diesel,Individual,Manual,Second Owner,637,13,Low,Very High,0,Diesel_Manual,Mahindra,0.87,1
CAR_000638,Maruti Swift VDI,2018,600000,,Diesel,Individual,Manual,First Owner,638,7,Mid,Medium,0,Diesel_Manual,Maruti,10,1
CAR_000639,Chevrolet Tavera LS B3 7 Seats BSII,2005,150000,150000,Diesel,Individual,Manual,First Owner,639,20,Low,High,0,Diesel_Manual,Chevrolet,1,1
CAR_000640,Chevrolet Optra Magnum 2.0 LS,2009,150000,66000,Diesel,Individual,Manual,First Owner,640,16,Low,Medium,0,Diesel_Manual,Chevrolet,2.27,1
CAR_000641,Maruti Eeco 5 Seater Standard BSIV,2019,380000,5000,Petrol,Individual,Manual,First Owner,641,6,Mid,Low,0,Petrol_Manual,Maruti,76,0
CAR_000642,Maruti Swift 1.3 VXi,2006,80000,66508,Petrol,Individual,Manual,Second Owner,642,19,Low,Medium,0,Petrol_Manual,Maruti,1.2,0
CAR_000643,Honda Civic 1.8 MT Sport,2007,,55000,Petrol,Individual,Manual,Second Owner,643,18,Low,Medium,0,Petrol_Manual,Honda,4.09,0
CAR_000644,Tata Nano Lx BSIV,2012,75000,29900,Petrol,Individual,Manual,First Owner,644,13,Low,Low,0,Petrol_Manual,Tata,2.51,0
CAR_000645,Tata Hexa XT 4X4,2017,1600000,3000,Diesel,Individual,Manual,First Owner,645,8,Premium,Low,0,Diesel_Manual,Tata,533.33,1
CAR_000646,Tata Indica Vista Quadrajet VX,2012,185000,85000,Diesel,Individual,Manual,First Owner,646,13,,High,0,Diesel_Manual,Tata,2.18,1
CAR_000647,Mahindra Scorpio 2.6 CRDe SLE,2011,425000,50000,Diesel,Individual,,First Owner,647,14,Mid,,0,Diesel_Manual,Mahindra,8.5,1
CAR_000648,Tata Indica Vista Aqua 1.4 TDI,2010,100000,,Diesel,Individual,,Second Owner,648,15,Low,,0,Diesel_Manual,Tata,0.83,1
CAR_000649,Maruti Zen Estilo LXI BSIII,2008,140000,90000,Petrol,Individual,Manual,Third Owner,649,17,,High,0,Petrol_Manual,Maruti,1.56,0
CAR_000650,Maruti Swift Dzire AMT ZXI Plus BS IV,2017,710000,8000,,Individual,Automatic,First Owner,650,8,High,Low,0,Petrol_Automatic,Maruti,88.75,0
CAR_000651,Honda Amaze S AT i-Vtech,2015,450000,7900,Petrol,Individual,Automatic,First Owner,651,10,Mid,Low,,Petrol_Automatic,Honda,56.96,0
CAR_000652,Datsun RediGO T Option,2017,210000,50000,Petrol,Individual,Manual,First Owner,652,8,Low,Medium,0,Petrol_Manual,Datsun,4.2,0
CAR_000653,Maruti Alto K10 VXI,2016,270000,25000,Petrol,Individual,Manual,First Owner,653,9,Low,Low,0,Petrol_Manual,Maruti,10.8,0
CAR_000654,Maruti Alto LXi,2009,110000,20000,Petrol,Individual,Manual,First Owner,654,16,Low,Low,0,Petrol_Manual,Maruti,5.5,0
CAR_000655,Maruti Swift VXI,2018,540000,17500,Petrol,Individual,Manual,First Owner,655,7,Mid,Low,0,Petrol_Manual,Maruti,30.86,0
CAR_000656,Mahindra Renault Logan 1.4 GLX Petrol,2008,145000,25000,Petrol,Individual,,First Owner,656,17,Low,Low,0,Petrol_Manual,Mahindra,5.8,0
CAR_000657,Tata Safari Storme VX,2013,360000,206500,Diesel,Individual,Manual,First Owner,657,12,Mid,,0,Diesel_Manual,Tata,1.74,1
CAR_000658,Hyundai i10 Magna LPG,2013,250000,88600,LPG,Individual,Manual,First Owner,658,12,Low,High,0,LPG_Manual,Hyundai,2.82,0
CAR_000659,Tata Venture EX,2012,110000,80000,Diesel,Individual,Manual,First Owner,659,13,Low,High,0,Diesel_Manual,Tata,1.38,1
CAR_000660,Chevrolet Captiva LT,2008,250000,100000,Diesel,Individual,Manual,Fourth & Above Owner,660,17,Low,High,0,Diesel_Manual,Chevrolet,2.5,1
CAR_000661,Ford Fiesta Classic 1.4 Duratorq CLXI,2011,150000,186000,Diesel,Individual,Manual,Second Owner,661,14,Low,Very High,0,Diesel_Manual,Ford,0.81,1
CAR_000662,Chevrolet Aveo U-VA 1.2 LS,2010,140000,60000,Petrol,Individual,Manual,First Owner,662,15,Low,Medium,0,Petrol_Manual,Chevrolet,2.33,0
CAR_000663,Maruti Ciaz Zeta BSIV,2019,925000,11000,,Individual,Manual,First Owner,663,6,High,Low,0,Petrol_Manual,Maruti,84.09,0
CAR_000664,Tata Hexa XM,2017,969999,30000,Diesel,Individual,Manual,First Owner,664,8,High,Low,0,Diesel_Manual,Tata,32.33,1
CAR_000665,Hyundai Santro Xing GL PLUS CNG,2007,90000,,CNG,Individual,,Third Owner,665,18,Low,High,0,CNG_Manual,Hyundai,1.12,0
CAR_000666,Hyundai Santro GLS I - Euro I,2001,55000,60000,Petrol,Individual,Manual,Third Owner,666,24,Low,Medium,0,Petrol_Manual,Hyundai,0.92,0
CAR_000667,Hyundai Verna CRDi,2007,155000,100000,,Individual,Manual,Fourth & Above Owner,667,18,Low,High,,Diesel_Manual,Hyundai,1.55,1
CAR_000668,Mahindra Thar CRDe ABS,2019,900000,15000,Diesel,Individual,Manual,First Owner,668,6,High,Low,0,Diesel_Manual,Mahindra,60,1
CAR_000669,Maruti Alto K10 2010-2014 VXI,2011,,,Petrol,Individual,Manual,First Owner,669,14,,High,0,Petrol_Manual,Maruti,1.5,0
CAR_000670,Maruti 800 AC,2012,180000,120000,Petrol,Individual,Manual,First Owner,670,13,Low,High,0,Petrol_Manual,Maruti,1.5,0
CAR_000671,Hyundai Verna 1.6 SX,2013,495000,100000,Diesel,Individual,Manual,Second Owner,671,12,Mid,High,0,Diesel_Manual,Hyundai,4.95,1
CAR_000672,Toyota Innova 2.5 V Diesel 8-seater,2009,400000,,Diesel,Individual,Manual,Third Owner,672,16,Mid,High,0,Diesel_Manual,Toyota,2.9,1
CAR_000673,Hyundai Verna CRDi,2008,250000,110000,Diesel,Individual,Manual,Second Owner,673,17,Low,High,0,Diesel_Manual,Hyundai,2.27,1
CAR_000674,Maruti Alto K10 LXI,2015,138000,120000,Petrol,Individual,Manual,Fourth & Above Owner,674,10,Low,High,,Petrol_Manual,Maruti,1.15,0
CAR_000675,Honda City 1.5 V AT,2011,311000,70000,Petrol,Individual,Automatic,Second Owner,675,14,Mid,Medium,0,Petrol_Automatic,Honda,4.44,0
CAR_000676,Maruti Alto 800 VXI,2015,190000,70000,Petrol,Individual,Manual,First Owner,676,10,Low,Medium,0,Petrol_Manual,Maruti,2.71,0
CAR_000677,Mahindra Bolero SLX,2011,,140000,Diesel,Individual,Manual,First Owner,677,14,Mid,,0,Diesel_Manual,Mahindra,2.22,1
CAR_000678,Maruti Ritz LXI,2009,,15000,Petrol,Individual,Manual,First Owner,678,16,Low,Low,0,Petrol_Manual,Maruti,20,0
CAR_000679,Honda Jazz VX,2018,600000,20000,,Individual,Manual,First Owner,679,7,,Low,0,Petrol_Manual,Honda,30,0
CAR_000680,Mahindra Scorpio SLE BSIII,2009,550000,100000,Diesel,Individual,Manual,First Owner,680,16,Mid,,0,Diesel_Manual,Mahindra,5.5,1
CAR_000681,Skoda Rapid 1.6 MPI AT Elegance Plus,2015,600000,70000,Petrol,Individual,Automatic,First Owner,681,10,Mid,Medium,0,Petrol_Automatic,Skoda,8.57,0
CAR_000682,Maruti Alto 800 VXI,2018,195000,5000,Petrol,Individual,,First Owner,682,7,,Low,0,Petrol_Manual,Maruti,39,0
CAR_000683,Tata Nano LX,2013,58000,27974,Petrol,Individual,Manual,First Owner,683,12,Low,Low,0,Petrol_Manual,Tata,2.07,0
CAR_000684,Maruti Alto 800 VXI,2018,183000,40000,Petrol,Individual,Manual,First Owner,684,7,Low,Medium,0,Petrol_Manual,Maruti,4.58,0
CAR_000685,Maruti Zen Estilo 1.1 VXI BSIII,2007,95000,80000,Petrol,Individual,,First Owner,685,18,Low,High,0,Petrol_Manual,Maruti,1.19,0
CAR_000686,Maruti Wagon R LX Minor,2013,250000,,Petrol,Individual,Manual,First Owner,686,12,Low,Medium,0,Petrol_Manual,Maruti,6.58,0
CAR_000687,Maruti Wagon R LX Minor,2013,250000,38000,Petrol,Individual,Manual,First Owner,687,12,Low,Medium,0,Petrol_Manual,Maruti,6.58,0
CAR_000688,Tata Zest Revotron 1.2 XT,2014,400000,35000,Petrol,Individual,,First Owner,688,11,Mid,Medium,0,Petrol_Manual,Tata,11.43,0
CAR_000689,Hyundai Verna 1.6 SX CRDi (O),2012,409999,60000,Diesel,Individual,Manual,Second Owner,689,13,Mid,Medium,0,Diesel_Manual,Hyundai,6.83,1
CAR_000690,Skoda Octavia Classic 1.9 TDI MT,2004,120000,120000,Diesel,Individual,Manual,Second Owner,690,21,Low,High,0,Diesel_Manual,Skoda,1,1
CAR_000691,Maruti Swift AMT VXI,2018,600000,18000,Petrol,Individual,Automatic,First Owner,691,7,Mid,Low,0,Petrol_Automatic,Maruti,33.33,0
CAR_000692,Honda Amaze SX i-VTEC,2016,,10000,Petrol,Individual,Manual,First Owner,692,9,Mid,,0,Petrol_Manual,Honda,60,0
CAR_000693,Mahindra XUV500 W6 2WD,2015,825000,90000,Diesel,Individual,Manual,Third Owner,693,10,High,High,0,Diesel_Manual,Mahindra,9.17,1
CAR_000694,Toyota Etios GD,2016,,80000,Diesel,Individual,Manual,Second Owner,694,9,High,High,0,Diesel_Manual,Toyota,7.81,1
CAR_000695,Hyundai Grand i10 Nios Magna CRDi,2020,700000,1400,Diesel,Individual,Manual,First Owner,695,5,High,Low,0,Diesel_Manual,Hyundai,500,1
CAR_000696,Chevrolet Beat LS,2011,160000,60000,Petrol,Individual,Manual,First Owner,696,14,Low,Medium,0,Petrol_Manual,Chevrolet,2.67,0
CAR_000697,Maruti Alto LX,2011,114999,60000,Petrol,Individual,Manual,Third Owner,697,14,Low,Medium,0,Petrol_Manual,Maruti,1.92,0
CAR_000698,Maruti Wagon R LXI Minor,2009,150000,53000,Petrol,Individual,Manual,First Owner,698,16,Low,Medium,0,Petrol_Manual,Maruti,2.83,0
CAR_000699,Volkswagen Jetta 1.9 L TDI,2010,250000,100000,Diesel,Dealer,Manual,First Owner,699,15,Low,High,0,Diesel_Manual,Volkswagen,2.5,1
CAR_000700,Hyundai Verna 1.6 SX,2012,390000,,Diesel,Dealer,,Second Owner,700,13,Mid,High,,Diesel_Manual,Hyundai,4.53,1
CAR_000701,Renault Duster 85PS Diesel RxL,2015,650000,,Diesel,Individual,Manual,First Owner,701,10,High,High,0,Diesel_Manual,Renault,6.5,1
CAR_000702,Hyundai Xcent 1.1 CRDi SX Option,2016,600000,30000,Diesel,Individual,Manual,First Owner,702,9,Mid,Low,0,Diesel_Manual,Hyundai,20,1
CAR_000703,Hyundai i20 1.2 Sportz,2011,250000,120000,Petrol,Individual,Manual,First Owner,703,14,Low,High,0,Petrol_Manual,Hyundai,2.08,0
CAR_000704,Hyundai Santro Xing GL Plus LPG,2011,229999,60000,LPG,Individual,Manual,Second Owner,704,14,,Medium,0,LPG_Manual,Hyundai,3.83,0
CAR_000705,Maruti Ritz LDi,2016,299000,50000,Diesel,Individual,Manual,Second Owner,705,9,Low,,0,Diesel_Manual,Maruti,5.98,1
CAR_000706,Chevrolet Cruze LTZ,2010,,124000,Diesel,Individual,Manual,Second Owner,706,15,Mid,High,0,Diesel_Manual,Chevrolet,2.66,1
CAR_000707,Hyundai Accent Executive,2012,180000,100000,Petrol,Individual,Manual,Third Owner,707,13,Low,High,0,Petrol_Manual,Hyundai,1.8,0
CAR_000708,Hyundai Grand i10 1.2 Kappa Asta,2017,475000,42000,Petrol,Individual,Manual,First Owner,708,8,Mid,Medium,,Petrol_Manual,Hyundai,11.31,0
CAR_000709,Hyundai Grand i10 CRDi Sportz,2015,325000,100000,Diesel,Individual,Manual,First Owner,709,10,Mid,,0,Diesel_Manual,Hyundai,3.25,1
CAR_000710,Honda City i VTEC V,2016,639000,28205,Petrol,Dealer,Manual,First Owner,710,9,,Low,0,Petrol_Manual,Honda,22.66,0
CAR_000711,Maruti Celerio VXI AT,2017,415000,32670,Petrol,Dealer,Automatic,First Owner,711,8,Mid,Medium,0,Petrol_Automatic,Maruti,12.7,0
CAR_000712,Hyundai Creta 1.6 CRDi AT SX Plus,2016,1199000,30093,Diesel,Dealer,Automatic,First Owner,712,9,Premium,Medium,0,Diesel_Automatic,Hyundai,39.84,1
CAR_000713,Maruti Ertiga VXI CNG,2013,525000,56228,CNG,Dealer,Manual,First Owner,713,12,Mid,Medium,0,CNG_Manual,Maruti,9.34,0
CAR_000714,Hyundai Verna 1.6 SX VTVT,2013,425000,59319,Petrol,Dealer,,First Owner,714,12,Mid,,0,Petrol_Manual,Hyundai,7.16,0
CAR_000715,Maruti Vitara Brezza VDi,2016,699000,39503,Diesel,Dealer,Manual,First Owner,715,9,High,Medium,0,Diesel_Manual,Maruti,17.69,1
CAR_000716,Hyundai Grand i10 1.2 Kappa Sportz Dual Tone,2013,325000,35299,Petrol,Dealer,Manual,First Owner,716,12,Mid,Medium,0,Petrol_Manual,Hyundai,9.21,0
CAR_000717,Toyota Etios V,2011,275000,51687,Petrol,Dealer,Manual,First Owner,717,14,,Medium,0,Petrol_Manual,Toyota,5.32,0
CAR_000718,Volkswagen Vento Petrol Highline AT,2011,269000,76259,Petrol,Dealer,Automatic,First Owner,718,14,Low,High,0,Petrol_Automatic,Volkswagen,3.53,0
CAR_000719,Volkswagen Polo Diesel Highline 1.2L,2013,399000,,Diesel,Dealer,Manual,First Owner,719,12,Mid,Medium,0,Diesel_Manual,Volkswagen,9.06,1
CAR_000720,Mahindra KUV 100 mFALCON D75 K8,2017,475000,45087,Diesel,Dealer,Manual,First Owner,720,8,Mid,Medium,0,Diesel_Manual,Mahindra,10.54,1
CAR_000721,Toyota Etios V,2011,249000,41125,Petrol,Dealer,Manual,First Owner,721,14,,Medium,0,Petrol_Manual,Toyota,6.05,0
CAR_000722,Audi A4 New  2.0 TDI Multitronic,2014,,42215,Diesel,Dealer,Automatic,First Owner,722,11,,Medium,0,Diesel_Automatic,Audi,36.69,1
CAR_000723,Volkswagen Polo Petrol Highline 1.2L,2011,254999,54206,Petrol,Dealer,Manual,First Owner,723,14,Low,Medium,,Petrol_Manual,Volkswagen,4.7,0
CAR_000724,Skoda Rapid 1.6 MPI Active,2012,269000,52547,Petrol,Dealer,Manual,First Owner,724,13,Low,Medium,0,Petrol_Manual,Skoda,5.12,0
CAR_000725,Maruti Ertiga ZDI,2014,665000,59110,,Dealer,Manual,First Owner,725,11,High,Medium,0,Diesel_Manual,Maruti,11.25,1
CAR_000726,Maruti Wagon R Stingray LXI,2014,299000,54565,Petrol,Dealer,Manual,First Owner,726,11,Low,Medium,0,Petrol_Manual,Maruti,5.48,0
CAR_000727,Hyundai i20 Asta,2010,265000,47564,Petrol,Dealer,Manual,Second Owner,727,15,Low,Medium,0,Petrol_Manual,Hyundai,5.57,0
CAR_000728,Volkswagen Polo Petrol Highline 1.2L,2010,211000,45143,Petrol,Dealer,Manual,Second Owner,728,15,Low,Medium,0,Petrol_Manual,Volkswagen,4.67,0
CAR_000729,Skoda Superb 1.8 TSI,2013,599000,61624,Petrol,Dealer,Automatic,Second Owner,729,12,Mid,Medium,0,Petrol_Automatic,Skoda,9.72,0
CAR_000730,Tata Indigo LS,2007,55000,195000,Diesel,Individual,Manual,Third Owner,730,18,,Very High,0,Diesel_Manual,Tata,0.28,1
CAR_000731,Hyundai Verna 1.6 SX CRDi (O),2014,550000,50000,Diesel,Individual,Manual,First Owner,731,11,Mid,Medium,0,Diesel_Manual,Hyundai,11,1
CAR_000732,Land Rover Discovery Sport TD4 HSE 7S,2018,4000000,68000,Diesel,Individual,Automatic,First Owner,732,7,Premium,Medium,0,Diesel_Automatic,Land,58.82,1
CAR_000733,Tata Sumo GX TC 8 Str,2010,220000,120000,Diesel,Individual,Manual,Second Owner,733,15,Low,High,0,Diesel_Manual,Tata,1.83,1
CAR_000734,Maruti Swift VXI,2019,500000,20000,Petrol,Individual,Manual,First Owner,734,6,Mid,Low,,Petrol_Manual,Maruti,25,0
CAR_000735,Maruti Alto LXi,2010,,30000,Petrol,Individual,Manual,First Owner,735,15,Low,Low,0,Petrol_Manual,Maruti,4.67,0
CAR_000736,Maruti Swift VDI,2013,325000,60000,Diesel,Individual,Manual,First Owner,736,12,Mid,Medium,0,Diesel_Manual,Maruti,5.42,1
CAR_000737,Hyundai i20 Magna,2010,210000,,Petrol,Individual,,Third Owner,737,15,,High,0,Petrol_Manual,Hyundai,2.33,0
CAR_000738,Maruti Alto LXi,2008,110000,90000,Petrol,Individual,Manual,Second Owner,738,17,Low,High,0,Petrol_Manual,Maruti,1.22,0
CAR_000739,Hyundai Verna CRDi 1.6 SX Option,2019,1200000,25000,Diesel,Individual,Manual,First Owner,739,6,Premium,Low,0,Diesel_Manual,Hyundai,48,1
CAR_000740,Maruti Alto 800 VXI,2017,229999,40000,Petrol,Individual,Manual,First Owner,740,8,Low,Medium,0,Petrol_Manual,Maruti,5.75,0
CAR_000741,Maruti SX4 Vxi BSIV,2012,225000,110000,Petrol,Individual,,Second Owner,741,13,Low,,0,Petrol_Manual,Maruti,2.05,0
CAR_000742,Maruti Alto 800 LXI,2006,165000,132000,,Individual,,First Owner,742,19,Low,High,0,Petrol_Manual,Maruti,1.25,0
CAR_000743,Tata Tiago XZA AMT,2018,525000,10980,Petrol,Dealer,Automatic,First Owner,743,7,Mid,Low,0,Petrol_Automatic,Tata,47.81,0
CAR_000744,Hyundai EON Era Plus,2018,325000,20629,Petrol,Dealer,Manual,First Owner,744,7,Mid,Low,0,Petrol_Manual,Hyundai,15.75,0
CAR_000745,Toyota Innova Crysta 2.4 VX MT BSIV,2018,,50000,,Individual,Manual,First Owner,745,7,Premium,Medium,0,Diesel_Manual,Toyota,30,1
CAR_000746,Hyundai Grand i10 AT Asta,2015,400000,30000,Petrol,Individual,Automatic,First Owner,746,10,Mid,Low,0,Petrol_Automatic,Hyundai,13.33,0
CAR_000747,Maruti Ciaz VXi,2015,550000,69782,Petrol,Dealer,Manual,First Owner,747,10,Mid,Medium,,Petrol_Manual,Maruti,7.88,0
CAR_000748,Maruti 800 Std,2003,98000,54000,,Individual,Manual,First Owner,748,22,,,0,Petrol_Manual,Maruti,1.81,0
CAR_000749,Mahindra XUV500 W8 4WD,2013,900000,,Diesel,Dealer,Manual,First Owner,749,12,High,Medium,0,Diesel_Manual,Mahindra,14.14,1
CAR_000750,Renault Lodgy 85PS RxL,2017,700000,60000,Diesel,Individual,Manual,First Owner,750,8,High,Medium,0,Diesel_Manual,Renault,11.67,1
CAR_000751,Mahindra Scorpio S6 Plus 7 Seater,2015,890000,52000,Diesel,Dealer,Manual,First Owner,751,10,High,Medium,0,Diesel_Manual,Mahindra,17.12,1
CAR_000752,Maruti Swift LDI BSIV,2015,490000,59385,Diesel,Dealer,Manual,First Owner,752,10,Mid,Medium,0,Diesel_Manual,Maruti,8.25,1
CAR_000753,Hyundai i20 2015-2017 Magna 1.2,2015,525000,70378,Petrol,Dealer,,First Owner,753,10,Mid,High,,Petrol_Manual,Hyundai,7.46,0
CAR_000754,Maruti Wagon R LXI BS IV,2013,330000,55425,Petrol,Dealer,Manual,First Owner,754,12,Mid,Medium,0,Petrol_Manual,Maruti,5.95,0
CAR_000755,Mahindra Bolero 2011-2019 SLX 2WD BSIII,2013,550000,78413,Diesel,Dealer,Manual,Second Owner,755,12,,High,0,Diesel_Manual,Mahindra,7.01,1
CAR_000756,Mahindra Bolero Power Plus SLX,2018,790000,40890,Diesel,Dealer,Manual,First Owner,756,7,High,Medium,0,Diesel_Manual,Mahindra,19.32,1
CAR_000757,Honda Brio S MT,2015,350000,34823,Petrol,Dealer,Manual,Second Owner,757,10,Mid,Medium,0,Petrol_Manual,Honda,10.05,0
CAR_000758,Toyota Innova Crysta 2.8 ZX AT BSIV,2017,1700000,75000,Diesel,Individual,Automatic,First Owner,758,8,Premium,High,0,Diesel_Automatic,Toyota,22.67,1
CAR_000759,Maruti Ciaz VDI SHVS,2017,750000,,Diesel,Dealer,Manual,First Owner,759,8,,Medium,0,Diesel_Manual,Maruti,13.5,1
CAR_000760,Honda Amaze EX i-Dtech,2014,,56541,,Dealer,Manual,First Owner,760,11,Mid,,0,Diesel_Manual,Honda,7.25,1
CAR_000761,Hyundai EON Magna Plus,2016,220000,43700,Petrol,Individual,Manual,First Owner,761,9,Low,,0,Petrol_Manual,Hyundai,5.03,0
CAR_000762,Tata Indica GLS BS IV,2009,68000,120000,Petrol,Individual,Manual,Second Owner,762,16,Low,,,Petrol_Manual,Tata,0.57,0
CAR_000763,Hyundai EON Era Plus,2017,290000,20000,Petrol,Individual,Manual,First Owner,763,8,Low,Low,0,Petrol_Manual,Hyundai,14.5,0
CAR_000764,Honda City i DTec SV,2014,600000,27483,,Dealer,Manual,First Owner,764,11,,Low,0,Diesel_Manual,Honda,21.83,1
CAR_000765,Maruti Swift LXI,2019,,8000,Petrol,Individual,Manual,First Owner,765,6,Mid,Low,0,Petrol_Manual,Maruti,58.75,0
CAR_000766,Hyundai i10 Sportz 1.2,2008,150000,30000,Petrol,Individual,Manual,First Owner,766,17,Low,Low,0,Petrol_Manual,Hyundai,5,0
CAR_000767,Maruti Alto 800 LXI,2014,180000,,Petrol,Dealer,Manual,Second Owner,767,11,Low,Medium,0,Petrol_Manual,Maruti,3.2,0
CAR_000768,Maruti Zen LXI,2006,80000,70000,Petrol,Individual,Manual,First Owner,768,19,,Medium,0,Petrol_Manual,Maruti,1.14,0
CAR_000769,Honda WR-V i-VTEC VX,2018,875000,1440,Petrol,Individual,Manual,First Owner,769,7,High,Low,,Petrol_Manual,Honda,607.64,0
CAR_000770,Maruti Alto 800 LXI,2019,300000,50000,Petrol,Individual,Manual,First Owner,770,6,Low,Medium,0,Petrol_Manual,Maruti,6,0
CAR_000771,Toyota Fortuner 2.8 2WD AT BSIV,2017,2800000,20000,Diesel,Individual,Automatic,First Owner,771,8,Premium,Low,,Diesel_Automatic,Toyota,140,1
CAR_000772,Toyota Innova Crysta 2.4 ZX MT,2017,1330000,91195,Diesel,Dealer,Manual,First Owner,772,8,Premium,High,0,Diesel_Manual,Toyota,14.58,1
CAR_000773,Volkswagen Polo 1.5 TDI Trendline,2011,220000,63657,Diesel,Dealer,Manual,First Owner,773,14,Low,Medium,0,Diesel_Manual,Volkswagen,3.46,1
CAR_000774,Mahindra Verito Vibe 1.5 dCi D4,2013,250000,60000,Diesel,Individual,Manual,First Owner,774,12,Low,Medium,,Diesel_Manual,Mahindra,4.17,1
CAR_000775,Toyota Innova 2.5 G (Diesel) 7 Seater,2016,919999,,Diesel,Dealer,Manual,First Owner,775,9,High,High,0,Diesel_Manual,Toyota,12.27,1
CAR_000776,Volkswagen Vento Magnific 1.6 Highline,2013,380000,,Petrol,Dealer,Manual,First Owner,776,12,Mid,High,0,Petrol_Manual,Volkswagen,3.91,0
CAR_000777,Maruti Swift VDI,2012,,46000,,Individual,Manual,First Owner,777,13,Mid,Medium,0,Diesel_Manual,Maruti,9.78,1
CAR_000778,Hyundai Verna 1.6 VTVT AT S Option,2016,770000,10000,Petrol,Individual,Automatic,First Owner,778,9,High,Low,0,Petrol_Automatic,Hyundai,77,0
CAR_000779,Maruti Swift Dzire LDI,2018,550000,80000,Diesel,Individual,Manual,First Owner,779,7,Mid,High,,Diesel_Manual,Maruti,6.88,1
CAR_000780,Tata New Safari DICOR 2.2 GX 4x2,2011,320000,100000,Diesel,Individual,Manual,Second Owner,780,14,Mid,High,0,Diesel_Manual,Tata,3.2,1
CAR_000781,Maruti SX4 Vxi BSIV,2013,400000,35000,Petrol,Individual,Manual,First Owner,781,12,Mid,Medium,0,Petrol_Manual,Maruti,11.43,0
CAR_000782,Maruti Celerio VXI AT,2017,450000,,Petrol,Individual,Automatic,First Owner,782,8,Mid,Medium,0,Petrol_Automatic,Maruti,9,0
CAR_000783,Maruti SX4 ZDI,2011,220000,90000,Diesel,Individual,Manual,Third Owner,783,14,Low,High,0,Diesel_Manual,Maruti,2.44,1
CAR_000784,Mahindra XUV500 W8 2WD,2012,,150000,Diesel,Individual,,Second Owner,784,13,Mid,High,0,Diesel_Manual,Mahindra,2.67,1
CAR_000785,Hyundai Verna 1.6 SX VTVT (O),2013,530000,89000,Petrol,Individual,Manual,Second Owner,785,12,Mid,High,0,Petrol_Manual,Hyundai,5.96,0
CAR_000786,Maruti Swift Dzire VDI,2014,390000,60000,Diesel,Individual,Manual,Second Owner,786,11,Mid,,0,Diesel_Manual,Maruti,6.5,1
CAR_000787,Fiat Grande Punto 1.3 Dynamic (Diesel),2012,185000,100000,Diesel,Individual,Manual,Second Owner,787,13,Low,High,0,Diesel_Manual,Fiat,1.85,1
CAR_000788,Maruti SX4 Vxi BSIV,2012,300000,100000,,Individual,Manual,Second Owner,788,13,Low,High,0,Petrol_Manual,Maruti,3,0
CAR_000789,Maruti Swift VDI BSIV,2014,575000,90000,Diesel,Individual,Manual,Second Owner,789,11,Mid,,,Diesel_Manual,Maruti,6.39,1
CAR_000790,Maruti Wagon R Stingray VXI,2014,300000,75000,Petrol,Individual,Manual,First Owner,790,11,Low,High,0,Petrol_Manual,Maruti,4,0
CAR_000791,Toyota Etios Liva 1.4 VD,2017,425000,36000,Diesel,Dealer,Manual,First Owner,791,8,Mid,Medium,0,Diesel_Manual,Toyota,11.81,1
CAR_000792,Hyundai Xcent 1.2 Kappa SX,2016,350000,12000,Petrol,Individual,Manual,First Owner,792,9,Mid,Low,0,Petrol_Manual,Hyundai,29.17,0
CAR_000793,Honda Amaze VX O iDTEC,2017,550000,,Diesel,Dealer,Manual,First Owner,793,8,Mid,Low,0,Diesel_Manual,Honda,42.32,1
CAR_000794,Maruti Ciaz 1.4 AT Zeta,2017,500000,40000,Petrol,Individual,Automatic,First Owner,794,8,Mid,Medium,0,Petrol_Automatic,Maruti,12.5,0
CAR_000795,Mahindra Scorpio S4 4WD,2015,600000,60000,Diesel,Individual,Manual,First Owner,795,10,Mid,Medium,0,Diesel_Manual,Mahindra,10,1
CAR_000796,Mahindra Quanto C8,2013,300000,25000,Diesel,Individual,,Second Owner,796,12,Low,Low,0,Diesel_Manual,Mahindra,12,1
CAR_000797,Hyundai Verna CRDi 1.6 SX Option,2018,1150000,26430,Diesel,Dealer,Manual,First Owner,797,7,Premium,Low,,Diesel_Manual,Hyundai,43.51,1
CAR_000798,Maruti Swift 1.3 VXI ABS,2015,475000,24600,Petrol,Dealer,Manual,First Owner,798,10,Mid,Low,0,Petrol_Manual,Maruti,19.31,0
CAR_000799,Maruti Wagon R LXI,2011,260000,28481,Petrol,Dealer,Manual,First Owner,799,14,Low,Low,,Petrol_Manual,Maruti,9.13,0
CAR_000800,Ford Ecosport 1.0 Ecoboost Titanium Optional,2013,350000,100000,Petrol,Individual,Manual,First Owner,800,12,Mid,High,,Petrol_Manual,Ford,3.5,0
CAR_000801,Mahindra XUV500 W8 2WD,2013,,41988,Diesel,Dealer,Manual,First Owner,801,12,High,Medium,0,Diesel_Manual,Mahindra,17.86,1
CAR_000802,Maruti Wagon R LXI,2009,180000,30375,Petrol,Dealer,,First Owner,802,16,,Medium,0,Petrol_Manual,Maruti,5.93,0
CAR_000803,Renault KWID Climber 1.0 AMT BSIV,2017,,7658,Petrol,Dealer,Automatic,First Owner,803,8,Mid,Low,0,Petrol_Automatic,Renault,45.7,0
CAR_000804,Maruti Swift Dzire VDI,2017,611000,34400,Diesel,Dealer,Manual,First Owner,804,8,High,,0,Diesel_Manual,Maruti,17.76,1
CAR_000805,Renault KWID RXL BSIV,2017,325000,18500,Petrol,Dealer,Manual,First Owner,805,8,Mid,Low,0,Petrol_Manual,Renault,17.57,0
CAR_000806,Hyundai EON 1.0 Era Plus,2012,225000,48000,,Dealer,Manual,First Owner,806,13,Low,Medium,0,Petrol_Manual,Hyundai,4.69,0
CAR_000807,Maruti Wagon R AMT VXI,2014,300000,,Petrol,Dealer,Automatic,First Owner,807,11,Low,Low,0,Petrol_Automatic,Maruti,10.37,0
CAR_000808,Mahindra Bolero Power Plus SLX,2017,,50000,Diesel,Individual,,Second Owner,808,8,Mid,Medium,0,Diesel_Manual,Mahindra,8,1
CAR_000809,Mahindra XUV500 W8 2WD,2012,711000,53600,Diesel,Dealer,Manual,First Owner,809,13,High,Medium,0,Diesel_Manual,Mahindra,13.26,1
CAR_000810,Toyota Innova 2.5 G (Diesel) 8 Seater,2015,851000,53652,Diesel,Dealer,Manual,First Owner,810,10,High,Medium,0,Diesel_Manual,Toyota,15.86,1
CAR_000811,Maruti Ertiga VXI,2014,500000,25000,Petrol,Individual,Manual,First Owner,811,11,,Low,,Petrol_Manual,Maruti,20,0
CAR_000812,Toyota Innova 2.5 G4 Diesel 8-seater,2007,,,,Individual,Manual,Second Owner,812,18,Low,High,0,Diesel_Manual,Toyota,3.12,1
CAR_000813,Maruti Alto 800 VXI,2017,150000,50000,Petrol,Individual,Manual,First Owner,813,8,Low,,0,Petrol_Manual,Maruti,3,0
CAR_000814,Mahindra Scorpio 1.99 S10,2016,610000,15000,Diesel,Individual,Manual,Second Owner,814,9,High,Low,0,Diesel_Manual,Mahindra,40.67,1
CAR_000815,Mahindra KUV 100 G80 K2,2018,450000,,Petrol,Individual,Manual,First Owner,815,7,Mid,Low,0,Petrol_Manual,Mahindra,90,0
CAR_000816,Hyundai i20 1.4 Asta Option,2017,744000,106000,Diesel,Individual,Manual,First Owner,816,8,,High,0,Diesel_Manual,Hyundai,7.02,1
CAR_000817,Chevrolet Spark 1.0,2008,120000,100000,,Individual,Manual,Third Owner,817,17,Low,High,0,Petrol_Manual,Chevrolet,1.2,0
CAR_000818,Renault KWID RXL,2016,220000,60000,Petrol,Individual,Manual,Third Owner,818,9,Low,Medium,0,Petrol_Manual,Renault,3.67,0
CAR_000819,Maruti Ertiga ZDI,2012,480000,120000,Diesel,Individual,Manual,Fourth & Above Owner,819,13,Mid,High,0,Diesel_Manual,Maruti,4,1
CAR_000820,Maruti Celerio ZXI Optional AMT BSIV,2017,370000,82000,Petrol,Individual,Automatic,First Owner,820,8,Mid,High,0,Petrol_Automatic,Maruti,4.51,0
CAR_000821,Fiat Palio D 1.9 EL PS,2003,55000,35000,Diesel,Individual,Manual,Second Owner,821,22,Low,Medium,0,Diesel_Manual,Fiat,1.57,1
CAR_000822,Hyundai EON Magna Plus,2013,125000,205000,,Individual,Manual,First Owner,822,12,,Very High,0,Petrol_Manual,Hyundai,0.61,0
CAR_000823,Hyundai Verna 1.6 CRDI,2011,260000,125000,Diesel,Individual,Manual,Third Owner,823,14,Low,High,0,Diesel_Manual,Hyundai,2.08,1
CAR_000824,Fiat Linea Classic 1.3 Multijet,2015,350000,,Diesel,Individual,Manual,First Owner,824,10,Mid,High,0,Diesel_Manual,Fiat,2.69,1
CAR_000825,Maruti Alto 800 CNG LXI,2012,170000,97000,CNG,Individual,Manual,Second Owner,825,13,Low,High,0,CNG_Manual,Maruti,1.75,0
CAR_000826,Hyundai Grand i10 Sportz,2015,350000,90000,Petrol,Individual,Manual,Second Owner,826,10,Mid,High,0,Petrol_Manual,Hyundai,3.89,0
CAR_000827,Maruti Swift Dzire VXi,2009,250000,60000,Petrol,Individual,Manual,Third Owner,827,16,Low,Medium,0,Petrol_Manual,Maruti,4.17,0
CAR_000828,Tata Indigo CR4,2013,170000,60000,Diesel,Individual,Manual,First Owner,828,12,Low,Medium,0,Diesel_Manual,Tata,2.83,1
CAR_000829,Mahindra Scorpio S11 BSIV,2018,1300000,35000,,Individual,Manual,First Owner,829,7,Premium,Medium,0,Diesel_Manual,Mahindra,37.14,1
CAR_000830,Hyundai Grand i10 1.2 Kappa Sportz BSIV,2019,,25000,Petrol,Individual,Manual,First Owner,830,6,Mid,Low,,Petrol_Manual,Hyundai,22,0
CAR_000831,Honda Brio 1.2 S MT,2017,400000,15000,Petrol,Individual,Manual,First Owner,831,8,Mid,Low,0,Petrol_Manual,Honda,26.67,0
CAR_000832,Tata Nano Lx,2011,120000,20000,Petrol,Individual,Manual,First Owner,832,14,Low,Low,,Petrol_Manual,Tata,6,0
CAR_000833,Tata Nano Lx,2011,120000,20000,Petrol,Individual,,First Owner,833,14,Low,Low,0,Petrol_Manual,Tata,6,0
CAR_000834,Ford Figo Petrol Titanium,2010,275000,70000,Petrol,Individual,Manual,First Owner,834,15,Low,Medium,0,Petrol_Manual,Ford,3.93,0
CAR_000835,Tata Zest Revotron 1.2T XE,2016,285000,90000,Petrol,Individual,Manual,First Owner,835,9,,High,0,Petrol_Manual,Tata,3.17,0
CAR_000836,Hyundai Creta 1.4 CRDi Base,2016,900000,80000,Diesel,Individual,Manual,First Owner,836,9,High,High,0,Diesel_Manual,Hyundai,11.25,1
CAR_000837,Mercedes-Benz M-Class ML 350 CDI,2014,2500000,79500,Diesel,Individual,Automatic,Second Owner,837,11,Premium,High,0,Diesel_Automatic,Mercedes-Benz,31.45,1
CAR_000838,Hyundai Verna 1.6 SX CRDi (O),2013,620000,70000,Diesel,Individual,Manual,Second Owner,838,12,High,Medium,0,Diesel_Manual,Hyundai,8.86,1
CAR_000839,Toyota Innova Crysta 2.4 GX MT 8S BSIV,2018,,5000,Diesel,Individual,Manual,First Owner,839,7,Premium,Low,0,Diesel_Manual,Toyota,340,1
CAR_000840,Ford Figo Aspire 1.2 Ti-VCT Titanium Plus,2018,650000,15000,Petrol,Individual,Manual,First Owner,840,7,High,Low,0,Petrol_Manual,Ford,43.33,0
CAR_000841,Maruti Ertiga VXI,2014,500000,35000,Petrol,Individual,Manual,First Owner,841,11,Mid,Medium,0,Petrol_Manual,Maruti,14.29,0
CAR_000842,Tata New Safari DICOR 2.2 EX 4x4,2009,250000,,,Individual,Manual,Second Owner,842,16,,High,0,Diesel_Manual,Tata,2.08,1
CAR_000843,Mahindra Marazzo M4,2018,,15000,Diesel,Individual,Manual,Second Owner,843,7,High,Low,0,Diesel_Manual,Mahindra,63.33,1
CAR_000844,Toyota Etios Cross 1.2L G,2015,320000,60000,Petrol,Individual,Manual,First Owner,844,10,Mid,Medium,0,Petrol_Manual,Toyota,5.33,0
CAR_000845,Renault Duster 110PS Diesel RxZ,2013,450000,120000,Diesel,Individual,Manual,First Owner,845,12,Mid,High,0,Diesel_Manual,Renault,3.75,1
CAR_000846,Mahindra KUV 100 mFALCON D75 K8 AW,2016,350000,90000,Diesel,Individual,Manual,First Owner,846,9,Mid,High,0,Diesel_Manual,Mahindra,3.89,1
CAR_000847,Maruti Swift Dzire VXI,2015,400000,90000,Petrol,Individual,Manual,First Owner,847,10,Mid,High,0,Petrol_Manual,Maruti,4.44,0
CAR_000848,Maruti Omni MPI STD BSIV,2018,200000,10000,Petrol,Individual,,First Owner,848,7,Low,Low,0,Petrol_Manual,Maruti,20,0
CAR_000849,Hyundai i20 Asta 1.4 CRDi (Diesel),2009,250000,72000,Diesel,Individual,Manual,Second Owner,849,16,Low,,0,Diesel_Manual,Hyundai,3.47,1
CAR_000850,Toyota Innova 2.0 GX 8 STR BSIV,2011,550000,197000,Petrol,Individual,Manual,Second Owner,850,14,Mid,Very High,0,Petrol_Manual,Toyota,2.79,0
CAR_000851,Maruti Zen LXI,1999,85000,70000,,Individual,Manual,Second Owner,851,26,Low,Medium,,Petrol_Manual,Maruti,1.21,0
CAR_000852,Hyundai Santro LP zipPlus,2001,52000,50000,Petrol,Individual,Manual,Third Owner,852,24,Low,Medium,0,Petrol_Manual,Hyundai,1.04,0
CAR_000853,Tata Hexa XTA,2017,1200000,50000,Diesel,Individual,Automatic,First Owner,853,8,Premium,,,Diesel_Automatic,Tata,24,1
CAR_000854,Hyundai Verna 1.6 SX VTVT AT,2011,450000,60000,Petrol,Individual,Automatic,Third Owner,854,14,Mid,Medium,,Petrol_Automatic,Hyundai,7.5,0
CAR_000855,Maruti Swift Dzire VXI 1.2 BS IV,2018,615000,40000,Petrol,Individual,Manual,First Owner,855,7,High,Medium,0,Petrol_Manual,Maruti,15.38,0
CAR_000856,Maruti SX4 ZDI Leather,2012,400000,60000,Diesel,Individual,Manual,Second Owner,856,13,Mid,,0,Diesel_Manual,Maruti,6.67,1
CAR_000857,Tata Nano LX,2013,60000,40000,Petrol,Individual,,First Owner,857,12,Low,Medium,0,Petrol_Manual,Tata,1.5,0
CAR_000858,Maruti Ignis 1.2 Alpha BSIV,2017,,9161,Petrol,Individual,Manual,First Owner,858,8,,Low,0,Petrol_Manual,Maruti,54.58,0
CAR_000859,Honda Mobilio V i VTEC,2015,600000,45000,Petrol,Individual,Manual,First Owner,859,10,Mid,Medium,0,Petrol_Manual,Honda,13.33,0
CAR_000860,Hyundai Getz 1.3 GVS,2010,110000,110000,Petrol,Individual,Manual,First Owner,860,15,Low,High,0,Petrol_Manual,Hyundai,1,0
CAR_000861,Hyundai Santro Xing GL Plus,2013,175000,80000,Petrol,Individual,Manual,First Owner,861,12,Low,High,0,Petrol_Manual,Hyundai,2.19,0
CAR_000862,Ford Fiesta Titanium 1.5 TDCi,2011,325000,100000,,Individual,,Second Owner,862,14,Mid,,0,Diesel_Manual,Ford,3.25,1
CAR_000863,Maruti Swift Dzire LDI,2017,,90000,Diesel,Individual,Manual,First Owner,863,8,Mid,High,0,Diesel_Manual,Maruti,4.72,1
CAR_000864,Hyundai Accent GLE CNG,2009,160000,70000,CNG,Individual,Manual,Third Owner,864,16,Low,Medium,0,CNG_Manual,Hyundai,2.29,0
CAR_000865,Maruti Zen Estilo LXI BSIII,2007,100000,80000,Petrol,Individual,Manual,Third Owner,865,18,Low,High,0,Petrol_Manual,Maruti,1.25,0
CAR_000866,Maruti Swift Dzire LDI,2014,390000,110000,Diesel,Individual,,Second Owner,866,11,Mid,High,0,Diesel_Manual,Maruti,3.55,1
CAR_000867,Hyundai i20 1.2 Spotz,2017,400000,50000,Petrol,Individual,Manual,First Owner,867,8,Mid,Medium,0,Petrol_Manual,Hyundai,8,0
CAR_000868,Tata Tigor 1.2 Revotron XM,2018,509999,5000,Petrol,Individual,Manual,First Owner,868,7,Mid,Low,,Petrol_Manual,Tata,102,0
CAR_000869,Hyundai i10 Magna 1.1,2008,150000,90000,Petrol,Individual,Manual,Third Owner,869,17,Low,High,0,Petrol_Manual,Hyundai,1.67,0
CAR_000870,Hyundai Santro Xing GLS,2009,110000,120000,Petrol,Individual,Manual,First Owner,870,16,Low,High,0,Petrol_Manual,Hyundai,0.92,0
CAR_000871,Nissan Sunny Diesel XV,2013,450000,80000,Diesel,Individual,Manual,First Owner,871,12,Mid,High,0,Diesel_Manual,Nissan,5.62,1
CAR_000872,Hyundai i20 1.2 Spotz,2017,,38000,Petrol,Individual,Manual,Second Owner,872,8,Mid,Medium,0,Petrol_Manual,Hyundai,10.53,0
CAR_000873,Hyundai Santro Xing GLS,2009,140000,120000,Petrol,Individual,Manual,First Owner,873,16,Low,High,0,Petrol_Manual,Hyundai,1.17,0
CAR_000874,Tata Indigo CR4,2011,130000,90000,Diesel,Individual,,First Owner,874,14,Low,High,0,Diesel_Manual,Tata,1.44,1
CAR_000875,Maruti Alto 800 LXI,2017,160000,50000,Petrol,Individual,Manual,First Owner,875,8,,Medium,0,Petrol_Manual,Maruti,3.2,0
CAR_000876,Maruti Alto 800 LXI,2016,150000,60000,,Individual,Manual,First Owner,876,9,,Medium,0,Petrol_Manual,Maruti,2.5,0
CAR_000877,Mahindra XUV500 W8 2WD,2013,500000,,Diesel,Individual,Manual,Second Owner,877,12,Mid,High,0,Diesel_Manual,Mahindra,5,1
CAR_000878,Tata Nano Std,2011,,19000,Petrol,Individual,Manual,First Owner,878,14,Low,Low,0,Petrol_Manual,Tata,2.11,0
CAR_000879,Chevrolet Tavera LT L1 7 Seats BSIII,2006,140000,200000,Diesel,Individual,,Third Owner,879,19,Low,Very High,0,Diesel_Manual,Chevrolet,0.7,1
CAR_000880,Mahindra Verito 1.5 D2 BSIV,2015,227000,70000,Diesel,Individual,Manual,Second Owner,880,10,Low,Medium,0,Diesel_Manual,Mahindra,3.24,1
CAR_000881,Maruti Swift VDI,2011,285000,50000,Diesel,Individual,Manual,Second Owner,881,14,Low,Medium,0,Diesel_Manual,Maruti,5.7,1
CAR_000882,Maruti Alto LX,2012,,19077,Petrol,Individual,Manual,Second Owner,882,13,Low,Low,0,Petrol_Manual,Maruti,8.12,0
CAR_000883,Hyundai EON D Lite,2016,210000,30000,,Individual,Manual,First Owner,883,9,Low,Low,0,Petrol_Manual,Hyundai,7,0
CAR_000884,Maruti Alto LXi,2009,140000,80000,Petrol,Individual,Manual,Second Owner,884,16,Low,High,0,Petrol_Manual,Maruti,1.75,0
CAR_000885,Toyota Innova 2.5 GX (Diesel) 7 Seater,2015,940000,128000,Diesel,Individual,,First Owner,885,10,,High,0,Diesel_Manual,Toyota,7.34,1
CAR_000886,Nissan Terrano XV Premium 110 PS,2013,750000,,Diesel,Individual,Manual,First Owner,886,12,High,High,0,Diesel_Manual,Nissan,9.38,1
CAR_000887,Maruti Baleno Alpha 1.3,2016,610000,100000,Diesel,Individual,Manual,First Owner,887,9,,High,,Diesel_Manual,Maruti,6.1,1
CAR_000888,Nissan Sunny XV D Premium Leather,2015,450000,50000,Diesel,Individual,,First Owner,888,10,Mid,Medium,0,Diesel_Manual,Nissan,9,1
CAR_000889,Toyota Etios Liva GD,2012,,56000,Diesel,Individual,Manual,First Owner,889,13,Mid,Medium,,Diesel_Manual,Toyota,7.32,1
CAR_000890,Hyundai EON 1.0 Era Plus,2018,,21302,Petrol,Individual,Manual,First Owner,890,7,Low,,0,Petrol_Manual,Hyundai,4.69,0
CAR_000891,Renault KWID 1.0 RXT Optional,2018,300000,10500,Petrol,Individual,Manual,First Owner,891,7,Low,Low,,Petrol_Manual,Renault,28.57,0
CAR_000892,Mahindra Bolero 2011-2019 SLX,2013,400000,107000,Diesel,Individual,Manual,First Owner,892,12,Mid,High,0,Diesel_Manual,Mahindra,3.74,1
CAR_000893,Hyundai i10 Sportz 1.2,2010,210000,60000,Petrol,Individual,Manual,Second Owner,893,15,Low,Medium,0,Petrol_Manual,Hyundai,3.5,0
CAR_000894,Hyundai Santro Xing XG eRLX Euro III,2006,90000,120000,Petrol,Individual,,Second Owner,894,19,Low,High,0,Petrol_Manual,Hyundai,0.75,0
CAR_000895,Maruti Wagon R LXI BS IV,2010,222000,70000,,Individual,Manual,First Owner,895,15,Low,Medium,0,Petrol_Manual,Maruti,3.17,0
CAR_000896,Maruti Alto 800 LXI,2015,240000,,Petrol,Individual,Manual,Second Owner,896,10,Low,Medium,0,Petrol_Manual,Maruti,4.8,0
CAR_000897,Toyota Etios Liva GD,2013,450000,70000,Diesel,Individual,Manual,Second Owner,897,12,Mid,Medium,0,Diesel_Manual,Toyota,6.43,1
CAR_000898,Renault Duster 85PS Diesel RxL,2013,,1000,Diesel,Dealer,Manual,Second Owner,898,12,Mid,Low,0,Diesel_Manual,Renault,450,1
CAR_000899,Mercedes-Benz C-Class Progressive C 220d,2018,3800000,10000,Diesel,Dealer,Automatic,First Owner,899,7,Premium,Low,0,Diesel_Automatic,Mercedes-Benz,380,1
CAR_000900,Audi A4 3.0 TDI Quattro,2013,1580000,86000,Diesel,Dealer,Automatic,First Owner,900,12,Premium,High,0,Diesel_Automatic,Audi,18.37,1
CAR_000901,BMW X5 xDrive 30d xLine,2019,4950000,30000,Diesel,Dealer,Automatic,First Owner,901,6,Premium,Low,0,Diesel_Automatic,BMW,165,1
CAR_000902,Hyundai Creta 1.6 CRDi SX,2016,535000,52600,Diesel,Individual,Manual,First Owner,902,9,,Medium,0,Diesel_Manual,Hyundai,10.17,1
CAR_000903,Maruti SX4 Vxi BSIV,2012,225000,,Petrol,Individual,Manual,Second Owner,903,13,Low,High,0,Petrol_Manual,Maruti,2.05,0
CAR_000904,Hyundai Grand i10 1.2 Kappa Magna AT,2017,,19890,,Dealer,Automatic,First Owner,904,8,Mid,Low,0,Petrol_Automatic,Hyundai,27.65,0
CAR_000905,Maruti Swift ZXI BSIV,2016,670000,7104,Petrol,Trustmark Dealer,Manual,First Owner,905,9,High,Low,0,Petrol_Manual,Maruti,94.31,0
CAR_000906,Maruti Ertiga VXI,2015,625000,11918,Petrol,Trustmark Dealer,Manual,First Owner,906,10,High,Low,0,Petrol_Manual,Maruti,52.44,0
CAR_000907,Hyundai Grand i10 Magna AT,2017,520000,10510,Petrol,Dealer,,First Owner,907,8,Mid,Low,0,Petrol_Automatic,Hyundai,49.48,0
CAR_000908,Chevrolet Beat LT Option,2016,,41000,,Dealer,Manual,First Owner,908,9,Low,Medium,0,Petrol_Manual,Chevrolet,5.83,0
CAR_000909,Toyota Fortuner 4x2 AT,2017,2600000,47162,Diesel,Trustmark Dealer,Automatic,First Owner,909,8,Premium,Medium,0,Diesel_Automatic,Toyota,55.13,1
CAR_000910,Maruti S-Cross Zeta DDiS 200 SH,2015,750000,,Diesel,Trustmark Dealer,Manual,First Owner,910,10,High,Medium,0,Diesel_Manual,Maruti,16.31,1
CAR_000911,Hyundai i10 Magna,2012,229999,49824,Petrol,Dealer,Manual,First Owner,911,13,Low,Medium,0,Petrol_Manual,Hyundai,4.62,0
CAR_000912,Audi A6 2.0 TDI Premium Plus,2013,,58500,Diesel,Dealer,Automatic,First Owner,912,12,Premium,,0,Diesel_Automatic,Audi,22.22,1
CAR_000913,Hyundai Santro GS,2005,80000,56580,Petrol,Dealer,Manual,First Owner,913,20,Low,Medium,0,Petrol_Manual,Hyundai,1.41,0
CAR_000914,Skoda Laura Ambiente 2.0 TDI CR MT,2012,385000,52000,Diesel,Dealer,,First Owner,914,13,Mid,Medium,0,Diesel_Manual,Skoda,7.4,1
CAR_000915,Hyundai Verna 1.6 VTVT SX,2015,760000,55340,Petrol,Trustmark Dealer,Manual,First Owner,915,10,High,Medium,0,Petrol_Manual,Hyundai,13.73,0
CAR_000916,Maruti Swift Dzire VDI,2017,600000,46507,Diesel,Trustmark Dealer,Manual,First Owner,916,8,,,0,Diesel_Manual,Maruti,12.9,1
CAR_000917,Renault Duster 85PS Diesel RxL,2013,450000,1000,Diesel,Dealer,Manual,Second Owner,917,12,Mid,Low,0,Diesel_Manual,Renault,450,1
CAR_000918,Mercedes-Benz C-Class Progressive C 220d,2018,3800000,10000,Diesel,Dealer,,First Owner,918,7,Premium,,0,Diesel_Automatic,Mercedes-Benz,380,1
CAR_000919,Audi A4 3.0 TDI Quattro,2013,1580000,86000,Diesel,Dealer,Automatic,First Owner,919,12,Premium,High,0,Diesel_Automatic,Audi,18.37,1
CAR_000920,BMW X5 xDrive 30d xLine,2019,4950000,30000,Diesel,Dealer,Automatic,First Owner,920,6,Premium,Low,0,Diesel_Automatic,BMW,165,1
CAR_000921,Hyundai Creta 1.6 CRDi SX,2016,535000,52600,Diesel,Individual,Manual,First Owner,921,9,Mid,Medium,0,Diesel_Manual,Hyundai,10.17,1
CAR_000922,Maruti SX4 Vxi BSIV,2012,225000,110000,Petrol,Individual,Manual,Second Owner,922,13,Low,High,0,Petrol_Manual,Maruti,2.05,0
CAR_000923,Hyundai Grand i10 1.2 Kappa Magna AT,2017,550000,19890,Petrol,Dealer,Automatic,First Owner,923,8,,Low,0,Petrol_Automatic,Hyundai,27.65,0
CAR_000924,Maruti Swift ZXI BSIV,2016,670000,7104,Petrol,Trustmark Dealer,Manual,First Owner,924,9,High,Low,0,Petrol_Manual,Maruti,94.31,0
CAR_000925,Maruti Ertiga VXI,2015,625000,11918,Petrol,Trustmark Dealer,Manual,First Owner,925,10,High,Low,,Petrol_Manual,Maruti,52.44,0
CAR_000926,Hyundai Grand i10 Magna AT,2017,520000,10510,Petrol,Dealer,Automatic,First Owner,926,8,Mid,Low,0,Petrol_Automatic,Hyundai,49.48,0
CAR_000927,Chevrolet Beat LT Option,2016,239000,41000,Petrol,Dealer,Manual,First Owner,927,9,Low,,0,Petrol_Manual,Chevrolet,5.83,0
CAR_000928,Toyota Fortuner 4x2 AT,2017,2600000,,Diesel,Trustmark Dealer,Automatic,First Owner,928,8,Premium,Medium,0,Diesel_Automatic,Toyota,55.13,1
CAR_000929,Maruti S-Cross Zeta DDiS 200 SH,2015,750000,45974,Diesel,Trustmark Dealer,Manual,First Owner,929,10,,Medium,0,Diesel_Manual,Maruti,16.31,1
CAR_000930,Hyundai i10 Magna,2012,229999,49824,Petrol,Dealer,Manual,First Owner,930,13,Low,Medium,0,Petrol_Manual,Hyundai,4.62,0
CAR_000931,Audi A6 2.0 TDI Premium Plus,2013,1300000,,Diesel,Dealer,,First Owner,931,12,Premium,Medium,0,Diesel_Automatic,Audi,22.22,1
CAR_000932,Hyundai Santro GS,2005,80000,56580,Petrol,Dealer,Manual,First Owner,932,20,Low,Medium,0,Petrol_Manual,Hyundai,1.41,0
CAR_000933,Skoda Laura Ambiente 2.0 TDI CR MT,2012,385000,,Diesel,Dealer,Manual,First Owner,933,13,Mid,Medium,0,Diesel_Manual,Skoda,7.4,1
CAR_000934,Hyundai Verna 1.6 VTVT SX,2015,760000,,,Trustmark Dealer,Manual,First Owner,934,10,,Medium,0,Petrol_Manual,Hyundai,13.73,0
CAR_000935,Maruti Swift Dzire VDI,2017,600000,,Diesel,Trustmark Dealer,Manual,First Owner,935,8,,Medium,0,Diesel_Manual,Maruti,12.9,1
CAR_000936,Volkswagen Jetta 2.0L TDI Highline AT,2012,735000,55300,Diesel,Dealer,Automatic,First Owner,936,13,High,Medium,0,Diesel_Automatic,Volkswagen,13.29,1
CAR_000937,Tata Indica Vista Quadrajet 90 VX,2012,285000,74300,Diesel,Dealer,Manual,First Owner,937,13,Low,High,0,Diesel_Manual,Tata,3.84,1
CAR_000938,Honda City VX MT,2010,350000,48781,,Dealer,Manual,First Owner,938,15,,Medium,0,Petrol_Manual,Honda,7.17,0
CAR_000939,Volkswagen Jetta 1.9 Highline TDI,2010,290000,87620,Diesel,Dealer,Automatic,First Owner,939,15,Low,High,0,Diesel_Automatic,Volkswagen,3.31,1
CAR_000940,Volkswagen Vento 1.5 TDI Highline Plus AT,2017,890000,40219,Diesel,Dealer,Automatic,First Owner,940,8,High,Medium,0,Diesel_Automatic,Volkswagen,22.13,1
CAR_000941,Honda Jazz VX,2011,385000,11473,Petrol,Dealer,Manual,First Owner,941,14,Mid,Low,0,Petrol_Manual,Honda,33.56,0
CAR_000942,Maruti Eeco 5 Seater AC BSIV,2017,425000,8352,Petrol,Dealer,Manual,First Owner,942,8,Mid,,0,Petrol_Manual,Maruti,50.89,0
CAR_000943,Maruti Wagon R VXI AMT1.2BSIV,2017,525000,9745,Petrol,Dealer,Automatic,First Owner,943,8,Mid,Low,0,Petrol_Automatic,Maruti,53.87,0
CAR_000944,Hyundai Grand i10 Asta,2017,550000,9748,Petrol,Dealer,Manual,First Owner,944,8,Mid,Low,0,Petrol_Manual,Hyundai,56.42,0
CAR_000945,Volkswagen Polo 1.0 MPI Trendline,2012,271000,49000,Petrol,Dealer,Manual,First Owner,945,13,Low,Medium,,Petrol_Manual,Volkswagen,5.53,0
CAR_000946,Hyundai Creta 1.6 CRDi SX Option,2018,1490000,20694,Diesel,Dealer,Manual,First Owner,946,7,Premium,Low,0,Diesel_Manual,Hyundai,72,1
CAR_000947,Hyundai Grand i10 Asta Option,2015,490000,31080,Petrol,Dealer,Manual,First Owner,947,10,Mid,Medium,0,Petrol_Manual,Hyundai,15.77,0
CAR_000948,Hyundai EON Era Plus,2014,260000,37605,Petrol,Dealer,Manual,First Owner,948,11,Low,Medium,0,Petrol_Manual,Hyundai,6.91,0
CAR_000949,Hyundai Xcent 1.1 CRDi SX Option,2014,455000,55850,Diesel,Dealer,Manual,First Owner,949,11,Mid,,0,Diesel_Manual,Hyundai,8.15,1
CAR_000950,Tata Nano Lx BSIV,2010,75000,58850,Petrol,Dealer,Manual,First Owner,950,15,Low,Medium,0,Petrol_Manual,Tata,1.27,0
CAR_000951,Toyota Etios Cross 1.2L G,2015,421000,23839,,Dealer,Manual,First Owner,951,10,Mid,Low,0,Petrol_Manual,Toyota,17.66,0
CAR_000952,Maruti Swift DDiS LDI,2016,550000,54000,Diesel,Dealer,Manual,First Owner,952,9,Mid,Medium,0,Diesel_Manual,Maruti,10.19,1
CAR_000953,Hyundai i10 Sportz 1.2 AT,2013,330000,38000,Petrol,Dealer,Automatic,First Owner,953,12,,Medium,0,Petrol_Automatic,Hyundai,8.68,0
CAR_000954,Volkswagen Vento 1.5 TDI Comfortline,2012,390000,45454,Diesel,Dealer,Manual,First Owner,954,13,Mid,Medium,0,Diesel_Manual,Volkswagen,8.58,1
CAR_000955,Skoda Rapid 1.5 TDI AT Ambition,2015,599000,46957,Diesel,Dealer,Automatic,First Owner,955,10,,Medium,0,Diesel_Automatic,Skoda,12.76,1
CAR_000956,Hyundai Getz GLE,2007,110000,60000,,Individual,Manual,Fourth & Above Owner,956,18,,Medium,0,Petrol_Manual,Hyundai,1.83,0
CAR_000957,Renault KWID RXT Optional,2016,250000,25000,Petrol,Individual,Manual,First Owner,957,9,Low,Low,0,Petrol_Manual,Renault,10,0
CAR_000958,Mahindra Scorpio M2DI,2012,600000,110000,Diesel,Individual,Manual,Fourth & Above Owner,958,13,Mid,High,0,Diesel_Manual,Mahindra,5.45,1
CAR_000959,Ford Endeavour XLT TDCi 4X2,2008,280000,190000,Diesel,Individual,Manual,Second Owner,959,17,Low,Very High,0,Diesel_Manual,Ford,1.47,1
CAR_000960,Audi Q3 35 TDI Quattro Technology,2018,2700000,25000,Diesel,Individual,Automatic,First Owner,960,7,Premium,Low,0,Diesel_Automatic,Audi,108,1
CAR_000961,Mahindra Renault Logan 1.4 GLX Petrol,2008,80000,90000,Petrol,Individual,Manual,First Owner,961,17,Low,High,0,Petrol_Manual,Mahindra,0.89,0
CAR_000962,Maruti Alto K10 VXI,2019,350000,5000,Petrol,Individual,Manual,First Owner,962,6,Mid,Low,0,Petrol_Manual,Maruti,70,0
CAR_000963,Maruti Swift VDI BSIV,2015,475000,60000,Diesel,Individual,Manual,First Owner,963,10,,Medium,0,Diesel_Manual,Maruti,7.92,1
CAR_000964,Audi A5 Sportback,2020,4700000,,Diesel,Individual,,First Owner,964,5,Premium,Low,,Diesel_Automatic,Audi,3133.33,1
CAR_000965,Maruti Swift Dzire VDI,2018,500000,50000,Diesel,Individual,Manual,First Owner,965,7,Mid,Medium,0,Diesel_Manual,Maruti,10,1
CAR_000966,Chevrolet Sail Hatchback 1.3 TCDi LT ABS,2014,250000,,Diesel,Individual,Manual,First Owner,966,11,Low,High,0,Diesel_Manual,Chevrolet,2.08,1
CAR_000967,Hyundai Accent CRDi,2005,100000,120000,Diesel,Individual,Manual,Second Owner,967,20,,High,0,Diesel_Manual,Hyundai,0.83,1
CAR_000968,Maruti Alto K10 VXI Airbag,2019,350000,5000,Petrol,Individual,Manual,First Owner,968,6,Mid,,0,Petrol_Manual,Maruti,70,0
CAR_000969,BMW 7 Series Signature 730Ld,2014,4000000,47000,Diesel,Individual,Automatic,First Owner,969,11,Premium,Medium,0,Diesel_Automatic,BMW,85.11,1
CAR_000970,Toyota Camry 2.5 Hybrid,2017,,20000,Petrol,Individual,Automatic,First Owner,970,8,Premium,Low,0,Petrol_Automatic,Toyota,95,0
CAR_000971,Hyundai Santro Xing XG,2005,95000,120000,Petrol,Individual,Manual,Second Owner,971,20,Low,High,0,Petrol_Manual,Hyundai,0.79,0
CAR_000972,Hyundai Grand i10 CRDi Sportz,2015,409999,58000,Diesel,Individual,Manual,First Owner,972,10,Mid,Medium,,Diesel_Manual,Hyundai,7.07,1
CAR_000973,Mahindra XUV500 W5 BSIV,2018,1050000,35000,Diesel,Individual,Manual,First Owner,973,7,Premium,Medium,0,Diesel_Manual,Mahindra,30,1
CAR_000974,Maruti Alto K10 VXI,2017,320000,30000,Petrol,Individual,Manual,First Owner,974,8,Mid,Low,0,Petrol_Manual,Maruti,10.67,0
CAR_000975,Mahindra XUV300 W8 Option Diesel BSIV,2019,1000000,10000,Diesel,Individual,Manual,First Owner,975,6,High,Low,0,Diesel_Manual,Mahindra,100,1
CAR_000976,Toyota Innova Crysta 2.4 VX MT BSIV,2017,1770000,25000,Diesel,Individual,Manual,First Owner,976,8,,Low,0,Diesel_Manual,Toyota,70.8,1
CAR_000977,Mahindra Thar CRDe,2018,950000,20000,Diesel,Individual,Manual,First Owner,977,7,High,Low,0,Diesel_Manual,Mahindra,47.5,1
CAR_000978,Maruti Swift Dzire ZDI,2018,750000,50000,,Individual,Manual,First Owner,978,7,High,Medium,0,Diesel_Manual,Maruti,15,1
CAR_000979,Hyundai EON Magna Plus,2014,220000,42000,Petrol,Individual,Manual,First Owner,979,11,Low,Medium,0,Petrol_Manual,Hyundai,5.24,0
CAR_000980,Tata Hexa XM,2017,1000000,50000,,Individual,Manual,First Owner,980,8,High,Medium,0,Diesel_Manual,Tata,20,1
CAR_000981,Honda Mobilio E i DTEC,2017,660000,116000,,Individual,Manual,First Owner,981,8,High,High,0,Diesel_Manual,Honda,5.69,1
CAR_000982,Maruti Ertiga ZDI,2015,716000,100000,Diesel,Individual,Manual,First Owner,982,10,High,High,0,Diesel_Manual,Maruti,7.16,1
CAR_000983,Maruti Ciaz ZXi Plus,2015,675000,66000,Petrol,Individual,Manual,First Owner,983,10,,Medium,0,Petrol_Manual,Maruti,10.23,0
CAR_000984,Mahindra Scorpio LX,2010,385000,110000,Diesel,Individual,Manual,Third Owner,984,15,Mid,High,0,Diesel_Manual,Mahindra,3.5,1
CAR_000985,Fiat Grande Punto EVO 1.3 Dynamic,2014,325000,70000,Diesel,Individual,Manual,First Owner,985,11,,Medium,0,Diesel_Manual,Fiat,4.64,1
CAR_000986,Hyundai Creta 1.6 CRDi SX Option,2015,950000,60000,Diesel,Individual,Manual,First Owner,986,10,High,Medium,0,Diesel_Manual,Hyundai,15.83,1
CAR_000987,Ford Endeavour Hurricane Limited Edition,2007,400000,,Diesel,Individual,Automatic,Fourth & Above Owner,987,18,Mid,High,,Diesel_Automatic,Ford,3.64,1
CAR_000988,Tata Indica Vista TDI LS,2014,250000,25000,Diesel,Individual,Manual,First Owner,988,11,Low,Low,0,Diesel_Manual,Tata,10,1
CAR_000989,Land Rover Discovery S 2.0 SD4,2018,4000000,68000,Petrol,Individual,Automatic,First Owner,989,7,Premium,Medium,0,Petrol_Automatic,Land,58.82,0
CAR_000990,Maruti Alto 800 LXI,2014,210000,20000,Petrol,Individual,Manual,First Owner,990,11,Low,Low,0,Petrol_Manual,Maruti,10.5,0
CAR_000991,Hyundai i10 Era 1.1 iTech SE,2011,147000,110000,Petrol,Individual,Manual,Second Owner,991,14,Low,High,0,Petrol_Manual,Hyundai,1.34,0
CAR_000992,Maruti Vitara Brezza VDi Option,2018,725000,26350,Diesel,Individual,Manual,First Owner,992,7,High,,0,Diesel_Manual,Maruti,27.51,1
CAR_000993,Mahindra Scorpio SLE BSIV,2012,550000,90000,Diesel,Individual,Manual,First Owner,993,13,Mid,High,0,Diesel_Manual,Mahindra,6.11,1
CAR_000994,Hyundai i20 Sportz Option 1.2,2016,475000,25000,,Individual,Manual,First Owner,994,9,Mid,,0,Petrol_Manual,Hyundai,19,0
CAR_000995,Hyundai Santro Xing GLS,2014,250000,50000,Petrol,Individual,Manual,Second Owner,995,11,Low,,0,Petrol_Manual,Hyundai,5,0
CAR_000996,Tata Indica LSI,2006,70000,60000,Petrol,Individual,Manual,Second Owner,996,19,Low,,0,Petrol_Manual,Tata,1.17,0
CAR_000997,Hyundai EON Era Plus,2012,160000,70000,Petrol,Individual,Manual,Third Owner,997,13,Low,Medium,0,Petrol_Manual,Hyundai,2.29,0
CAR_000998,Ford Endeavour 3.0L 4X4 AT,2011,1000000,90000,Diesel,Individual,Automatic,Second Owner,998,14,High,High,0,Diesel_Automatic,Ford,11.11,1
CAR_000999,Hyundai Santro LE zipPlus,2001,68000,70000,Petrol,Individual,Manual,First Owner,999,24,Low,Medium,0,Petrol_Manual,Hyundai,0.97,0
CAR_001000,Hyundai Grand i10 1.2 Kappa Asta,2017,,26500,,Individual,Manual,First Owner,1000,8,Mid,Low,0,Petrol_Manual,Hyundai,18.87,0
CAR_001001,Tata Indigo CR4,2013,170000,60000,Diesel,Individual,Manual,First Owner,1001,12,Low,Medium,0,Diesel_Manual,Tata,2.83,1
CAR_001002,Mahindra Scorpio S11 BSIV,2018,1300000,35000,Diesel,Individual,,First Owner,1002,7,Premium,Medium,0,Diesel_Manual,Mahindra,37.14,1
CAR_001003,Hyundai Creta 1.4 EX Diesel,2020,1050000,10000,Diesel,Individual,Manual,First Owner,1003,5,Premium,Low,0,Diesel_Manual,Hyundai,105,1
CAR_001004,Maruti Ritz LXI,2009,300000,15000,Petrol,Individual,Manual,First Owner,1004,16,Low,Low,0,Petrol_Manual,Maruti,20,0
CAR_001005,Hyundai i20 Magna 1.2,2016,600000,25000,Petrol,Individual,Manual,First Owner,1005,9,Mid,Low,0,Petrol_Manual,Hyundai,24,0
CAR_001006,Hyundai Verna CRDi 1.6 SX,2017,900000,,Diesel,Individual,Manual,First Owner,1006,8,High,Medium,0,Diesel_Manual,Hyundai,18,1
CAR_001007,Hyundai Grand i10 1.2 Kappa Sportz BSIV,2019,550000,,Petrol,Individual,Manual,First Owner,1007,6,Mid,Low,0,Petrol_Manual,Hyundai,22,0
CAR_001008,Maruti Alto LX,2007,100000,52000,Petrol,Individual,Manual,Second Owner,1008,18,Low,Medium,0,Petrol_Manual,Maruti,1.92,0
CAR_001009,Honda Brio 1.2 S MT,2017,400000,15000,Petrol,Individual,Manual,First Owner,1009,8,Mid,Low,0,Petrol_Manual,Honda,26.67,0
CAR_001010,Tata Nano Lx,2011,120000,20000,Petrol,Individual,Manual,First Owner,1010,14,Low,Low,0,Petrol_Manual,Tata,6,0
CAR_001011,Hyundai i20 Asta 1.4 CRDi,2013,300000,90000,Diesel,Individual,Manual,First Owner,1011,12,Low,High,0,Diesel_Manual,Hyundai,3.33,1
CAR_001012,Tata Indigo LX,2011,140000,60000,Diesel,Individual,Manual,Second Owner,1012,14,Low,Medium,0,Diesel_Manual,Tata,2.33,1
CAR_001013,Skoda Rapid 1.6 MPI Ambition With Alloy Wheel,2015,640000,23000,Petrol,Individual,Manual,First Owner,1013,10,High,Low,0,Petrol_Manual,Skoda,27.83,0
CAR_001014,Maruti Alto K10 VXI,2018,380000,22155,Petrol,Individual,Manual,First Owner,1014,7,Mid,Low,0,Petrol_Manual,Maruti,17.15,0
CAR_001015,Tata Nano Lx,2011,120000,20000,Petrol,Individual,Manual,First Owner,1015,14,Low,Low,0,Petrol_Manual,Tata,6,0
CAR_001016,Maruti Ciaz 1.4 Delta,2018,650000,70000,,Individual,,First Owner,1016,7,High,Medium,0,Petrol_Manual,Maruti,9.29,0
CAR_001017,Maruti Alto LX,2009,150000,60000,Petrol,Individual,Manual,Second Owner,1017,16,Low,Medium,0,Petrol_Manual,Maruti,2.5,0
CAR_001018,Ford Figo Aspire 1.2 Ti-VCT Trend,2018,550000,35000,Petrol,Individual,Manual,First Owner,1018,7,Mid,Medium,0,Petrol_Manual,Ford,15.71,0
CAR_001019,Mahindra XUV500 W8 4WD,2012,,71042,Diesel,Dealer,Manual,First Owner,1019,13,High,High,0,Diesel_Manual,Mahindra,9.15,1
CAR_001020,Mitsubishi Pajero Sport 4X4,2012,1025000,167870,Diesel,Dealer,Manual,Second Owner,1020,13,,Very High,0,Diesel_Manual,Mitsubishi,6.11,1
CAR_001021,Ford Fiesta 1.5 TDCi Titanium,2011,195000,133564,Diesel,Dealer,,First Owner,1021,14,Low,,0,Diesel_Manual,Ford,1.46,1
CAR_001022,Mercedes-Benz C-Class Progressive C 220d,2018,3800000,10000,Diesel,Dealer,Automatic,First Owner,1022,7,Premium,Low,0,Diesel_Automatic,Mercedes-Benz,380,1
CAR_001023,BMW 3 Series 320d Sport,2013,,40000,,Dealer,Automatic,First Owner,1023,12,Premium,,0,Diesel_Automatic,BMW,37.25,1
CAR_001024,BMW X5 xDrive 30d xLine,2019,4950000,,Diesel,Dealer,Automatic,First Owner,1024,6,Premium,Low,0,Diesel_Automatic,BMW,165,1
CAR_001025,Honda City i-VTEC CVT ZX,2018,,23038,Petrol,Trustmark Dealer,Automatic,First Owner,1025,7,Premium,Low,0,Petrol_Automatic,Honda,49.48,0
CAR_001026,Chevrolet Beat Diesel LS,2011,95000,70000,Diesel,Individual,Manual,First Owner,1026,14,Low,Medium,0,Diesel_Manual,Chevrolet,1.36,1
CAR_001027,BMW 3 Series GT Luxury Line,2017,3050000,30000,Diesel,Individual,Automatic,First Owner,1027,8,Premium,Low,0,Diesel_Automatic,BMW,101.67,1
CAR_001028,Hyundai Grand i10 1.2 Kappa Magna AT,2017,550000,,Petrol,Dealer,,First Owner,1028,8,Mid,Low,0,Petrol_Automatic,Hyundai,27.65,0
CAR_001029,Maruti Ertiga VXI,2015,625000,11918,Petrol,Trustmark Dealer,Manual,First Owner,1029,10,High,Low,0,Petrol_Manual,Maruti,52.44,0
CAR_001030,Hyundai Grand i10 Magna AT,2017,,10510,Petrol,Dealer,Automatic,First Owner,1030,8,Mid,Low,0,Petrol_Automatic,Hyundai,49.48,0
CAR_001031,Chevrolet Beat LT Option,2016,239000,41000,Petrol,Dealer,,First Owner,1031,9,Low,Medium,0,Petrol_Manual,Chevrolet,5.83,0
CAR_001032,Toyota Fortuner 4x2 AT,2017,2600000,47162,Diesel,Trustmark Dealer,Automatic,First Owner,1032,8,Premium,Medium,0,Diesel_Automatic,Toyota,55.13,1
CAR_001033,Hyundai i10 Magna,2012,229999,49824,Petrol,Dealer,Manual,First Owner,1033,13,,Medium,,Petrol_Manual,Hyundai,4.62,0
CAR_001034,Audi A6 2.0 TDI Premium Plus,2013,1300000,58500,,Dealer,Automatic,First Owner,1034,12,Premium,Medium,,Diesel_Automatic,Audi,22.22,1
CAR_001035,Maruti Baleno Delta 1.2,2017,,,Petrol,Trustmark Dealer,Manual,First Owner,1035,8,Mid,Medium,0,Petrol_Manual,Maruti,13.41,0
CAR_001036,Maruti Baleno Alpha CVT,2018,825000,11212,Petrol,Trustmark Dealer,Automatic,First Owner,1036,7,High,Low,0,Petrol_Automatic,Maruti,73.58,0
CAR_001037,Hyundai i20 1.4 Magna Executive,2013,280000,52000,Diesel,Dealer,Manual,First Owner,1037,12,Low,Medium,0,Diesel_Manual,Hyundai,5.38,1
CAR_001038,Maruti Baleno Zeta,2016,725000,49217,Petrol,Trustmark Dealer,Manual,First Owner,1038,9,High,Medium,0,Petrol_Manual,Maruti,14.73,0
CAR_001039,Mahindra Verito 1.5 D4 BSIV,2015,,,Diesel,Individual,Manual,First Owner,1039,10,Low,High,0,Diesel_Manual,Mahindra,3.33,1
CAR_001040,Hyundai Xcent 1.2 Kappa S,2015,375000,70000,Petrol,Individual,Manual,First Owner,1040,10,Mid,Medium,0,Petrol_Manual,Hyundai,5.36,0
CAR_001041,Honda City VTEC,2003,310000,90000,Petrol,Individual,Manual,Fourth & Above Owner,1041,22,Mid,High,0,Petrol_Manual,Honda,3.44,0
CAR_001042,Maruti Swift Dzire VDi,2011,375000,190000,Diesel,Individual,Manual,Third Owner,1042,14,Mid,,0,Diesel_Manual,Maruti,1.97,1
CAR_001043,Ford Endeavour 3.2 Titanium AT 4X4,2016,1950000,106000,Diesel,Individual,,First Owner,1043,9,Premium,High,0,Diesel_Automatic,Ford,18.4,1
CAR_001044,Tata Xenon XT EX 4X2,2012,400000,80000,Diesel,Individual,Manual,Second Owner,1044,13,Mid,High,0,Diesel_Manual,Tata,5,1
CAR_001045,Nissan Terrano XL Plus 85 PS,2014,,,Diesel,Individual,Manual,Second Owner,1045,11,Mid,High,0,Diesel_Manual,Nissan,6.88,1
CAR_001046,Maruti Eeco 7 Seater Standard BSIV,2018,270000,20000,Petrol,Individual,,First Owner,1046,7,Low,,0,Petrol_Manual,Maruti,13.5,0
CAR_001047,Maruti Ertiga ZDI,2012,555000,110000,Diesel,Individual,Manual,Second Owner,1047,13,Mid,High,0,Diesel_Manual,Maruti,5.05,1
CAR_001048,Ford Ecosport 1.5 DV5 MT Ambiente,2013,,60000,Diesel,Individual,Manual,Second Owner,1048,12,Mid,Medium,0,Diesel_Manual,Ford,8.33,1
CAR_001049,Skoda Laura Elegance 1.9 TDI  AT,2010,400000,130000,Diesel,Individual,Automatic,Second Owner,1049,15,Mid,High,0,Diesel_Automatic,Skoda,3.08,1
CAR_001050,Hyundai EON 1.0 Era Plus,2017,280000,28838,Petrol,Individual,Manual,First Owner,1050,8,Low,Low,0,Petrol_Manual,Hyundai,9.71,0
CAR_001051,Tata Indica GLS BS IV,2008,80000,200000,Petrol,Individual,Manual,First Owner,1051,17,Low,Very High,0,Petrol_Manual,Tata,0.4,0
CAR_001052,Tata Indica DLS,2006,55000,100000,Diesel,Individual,Manual,First Owner,1052,19,Low,High,0,Diesel_Manual,Tata,0.55,1
CAR_001053,Maruti Alto 800 LXI Airbag,2014,,50000,Petrol,Individual,,First Owner,1053,11,Low,Medium,,Petrol_Manual,Maruti,5,0
CAR_001054,Mahindra Bolero SLX 2WD,2010,250000,190000,,Individual,Manual,Fourth & Above Owner,1054,15,Low,Very High,0,Diesel_Manual,Mahindra,1.32,1
CAR_001055,Mahindra Jeep MM 540,2007,95000,100000,Diesel,Individual,Manual,Second Owner,1055,18,Low,High,0,Diesel_Manual,Mahindra,0.95,1
CAR_001056,Mahindra Scorpio 1.99 S10,2014,,135000,Diesel,Individual,Manual,Second Owner,1056,11,High,High,0,Diesel_Manual,Mahindra,5.37,1
CAR_001057,Mahindra Bolero Power Plus Plus AC BSIV PS,2015,,50000,Diesel,Individual,Manual,Third Owner,1057,10,Mid,Medium,,Diesel_Manual,Mahindra,6.4,1
CAR_001058,Skoda Octavia Elegance 2.0 TDI AT,2014,,135000,Diesel,Individual,Automatic,Third Owner,1058,11,Premium,High,0,Diesel_Automatic,Skoda,8.89,1
CAR_001059,Chevrolet Beat Diesel LS,2012,160000,50000,Diesel,Individual,Manual,First Owner,1059,13,Low,Medium,0,Diesel_Manual,Chevrolet,3.2,1
CAR_001060,Honda Jazz 1.5 VX i DTEC,2018,790000,19571,Diesel,Dealer,Manual,First Owner,1060,7,High,Low,,Diesel_Manual,Honda,40.37,1
CAR_001061,Honda City i-VTEC ZX,2018,1200000,29600,Petrol,Dealer,Manual,First Owner,1061,7,Premium,Low,,Petrol_Manual,Honda,40.54,0
CAR_001062,Maruti Swift LXI,2011,,70000,Petrol,Individual,Manual,First Owner,1062,14,Low,Medium,0,Petrol_Manual,Maruti,2.5,0
CAR_001063,Maruti Vitara Brezza ZDi Plus AMT Dual Tone,2018,950000,,Diesel,Individual,Automatic,First Owner,1063,7,High,Low,0,Diesel_Automatic,Maruti,63.33,1
CAR_001064,Maruti Celerio LXI MT BSIV,2019,340000,50000,Petrol,Individual,Manual,First Owner,1064,6,Mid,Medium,0,Petrol_Manual,Maruti,6.8,0
CAR_001065,Renault Captur 1.5 Diesel RXT,2017,825000,13500,Diesel,Individual,Manual,First Owner,1065,8,High,Low,0,Diesel_Manual,Renault,61.11,1
CAR_001066,Audi A4 30 TFSI Technology,2018,3100000,22000,Petrol,Individual,Automatic,First Owner,1066,7,Premium,Low,0,Petrol_Automatic,Audi,140.91,0
CAR_001067,Honda Amaze VX Diesel BSIV,2018,780000,25000,Diesel,Dealer,Manual,First Owner,1067,7,High,Low,0,Diesel_Manual,Honda,31.2,1
CAR_001068,Toyota Corolla Altis 1.8 VL AT,2010,350000,80000,Petrol,Individual,Automatic,Third Owner,1068,15,Mid,High,0,Petrol_Automatic,Toyota,4.38,0
CAR_001069,Honda Amaze VX Petrol BSIV,2018,690000,39000,Petrol,Dealer,Manual,First Owner,1069,7,High,Medium,0,Petrol_Manual,Honda,17.69,0
CAR_001070,Maruti Alto 800 VXI,2016,245000,60000,Petrol,Individual,Manual,First Owner,1070,9,Low,Medium,0,Petrol_Manual,Maruti,4.08,0
CAR_001071,Honda Amaze VX Diesel BSIV,2018,790000,,Diesel,Dealer,Manual,First Owner,1071,7,High,Medium,0,Diesel_Manual,Honda,16.12,1
CAR_001072,Honda Amaze VX i-VTEC,2018,680000,48600,Petrol,Dealer,Manual,First Owner,1072,7,High,Medium,0,Petrol_Manual,Honda,13.99,0
CAR_001073,Hyundai Grand i10 Asta Option,2017,540000,20000,,Individual,,Second Owner,1073,8,Mid,Low,,Petrol_Manual,Hyundai,27,0
CAR_001074,Mahindra KUV 100 mFALCON G80 K2,2016,425000,25000,Petrol,Individual,Manual,First Owner,1074,9,Mid,Low,0,Petrol_Manual,Mahindra,17,0
CAR_001075,Maruti Zen Estilo Sports,2008,140000,120000,Petrol,Individual,Manual,First Owner,1075,17,Low,High,0,Petrol_Manual,Maruti,1.17,0
CAR_001076,Maruti Ertiga ZDI Plus,2019,1100000,,Diesel,Individual,Manual,First Owner,1076,6,Premium,Low,0,Diesel_Manual,Maruti,36.67,1
CAR_001077,Renault Lodgy 85PS RxL,2015,715000,35000,Diesel,Individual,Manual,First Owner,1077,10,High,Medium,,Diesel_Manual,Renault,20.43,1
CAR_001078,Audi A4 3.0 TDI Quattro,2013,1580000,86000,Diesel,Dealer,Automatic,First Owner,1078,12,Premium,High,0,Diesel_Automatic,Audi,18.37,1
CAR_001079,Audi Q3 2.0 TDI Quattro Premium Plus,2015,1750000,127643,Diesel,Dealer,Automatic,First Owner,1079,10,Premium,High,0,Diesel_Automatic,Audi,13.71,1
CAR_001080,Tata Zest Revotron 1.2T XMS,2018,400000,54000,Petrol,Dealer,Manual,Second Owner,1080,7,Mid,Medium,0,Petrol_Manual,Tata,7.41,0
CAR_001081,Audi A6 2.0 TDI  Design Edition,2014,1750000,102354,Diesel,Dealer,Automatic,First Owner,1081,11,Premium,High,0,Diesel_Automatic,Audi,17.1,1
CAR_001082,Audi Q5 2.0 TFSI Quattro Premium Plus,2014,1850000,62237,,Dealer,Automatic,First Owner,1082,11,Premium,Medium,0,Petrol_Automatic,Audi,29.73,0
CAR_001083,Hyundai Santro Xing XL eRLX Euro III,2005,114999,90000,Petrol,Dealer,Manual,Second Owner,1083,20,Low,High,0,Petrol_Manual,Hyundai,1.28,0
CAR_001084,Ford EcoSport 1.5 TDCi Titanium BSIV,2018,950000,21394,Diesel,Dealer,Manual,First Owner,1084,7,High,Low,0,Diesel_Manual,Ford,44.4,1
CAR_001085,Datsun GO T Petrol,2015,310000,32686,Petrol,Dealer,Manual,First Owner,1085,10,,Medium,0,Petrol_Manual,Datsun,9.48,0
CAR_001086,Mahindra Jeep CJ 500 DI,2006,575000,1001,,Dealer,Manual,First Owner,1086,19,Mid,Low,0,Diesel_Manual,Mahindra,574.43,1
CAR_001087,Renault Pulse RxZ,2017,490000,22000,Diesel,Dealer,Manual,First Owner,1087,8,Mid,Low,0,Diesel_Manual,Renault,22.27,1
CAR_001088,Hyundai Grand i10 Magna,2017,480000,53261,Petrol,Dealer,Manual,First Owner,1088,8,Mid,Medium,,Petrol_Manual,Hyundai,9.01,0
CAR_001089,Land Rover Discovery Sport SD4 HSE Luxury,2016,3500000,53000,Diesel,Dealer,Automatic,First Owner,1089,9,,Medium,0,Diesel_Automatic,Land,66.04,1
CAR_001090,Renault KWID 1.0 RXT Optional,2018,370000,10000,Petrol,Dealer,Manual,First Owner,1090,7,Mid,Low,0,Petrol_Manual,Renault,37,0
CAR_001091,Maruti Baleno Alpha 1.3,2017,835000,,Diesel,Dealer,Manual,First Owner,1091,8,,,0,Diesel_Manual,Maruti,59.64,1
CAR_001092,Volkswagen Polo 2015-2019 1.2 MPI Highline,2017,650000,44000,Petrol,Dealer,Manual,First Owner,1092,8,High,Medium,0,Petrol_Manual,Volkswagen,14.77,0
CAR_001093,Toyota Etios VD,2014,670000,39895,Diesel,Dealer,Manual,First Owner,1093,11,,,0,Diesel_Manual,Toyota,16.79,1
CAR_001094,Chevrolet Cruze LTZ AT,2017,950000,73000,Diesel,Dealer,Automatic,First Owner,1094,8,,High,0,Diesel_Automatic,Chevrolet,13.01,1
CAR_001095,Honda City i-VTEC SV,2014,690000,17000,Petrol,Dealer,Manual,First Owner,1095,11,High,Low,0,Petrol_Manual,Honda,40.59,0
CAR_001096,Volkswagen Polo 2015-2019 1.2 MPI Highline,2017,670000,18591,Petrol,Dealer,Manual,First Owner,1096,8,High,Low,0,Petrol_Manual,Volkswagen,36.04,0
CAR_001097,Tata Nexon 1.5 Revotorq XZ,2017,925000,26766,Diesel,Dealer,Manual,First Owner,1097,8,,Low,0,Diesel_Manual,Tata,34.56,1
CAR_001098,Hyundai EON Magna Plus,2015,250000,30000,Petrol,Individual,Manual,First Owner,1098,10,Low,Low,0,Petrol_Manual,Hyundai,8.33,0
CAR_001099,Tata Sumo Gold EX,2016,509999,42000,Diesel,Individual,Manual,First Owner,1099,9,Mid,Medium,0,Diesel_Manual,Tata,12.14,1
CAR_001100,Honda City i DTEC VX,2014,520000,110000,Diesel,Individual,Manual,First Owner,1100,11,Mid,,,Diesel_Manual,Honda,4.73,1
CAR_001101,Tata Indica DLE,2005,100000,,Diesel,Individual,Manual,First Owner,1101,20,Low,High,0,Diesel_Manual,Tata,1,1
CAR_001102,Tata Indica DLS,2006,85000,300000,,Individual,Manual,Second Owner,1102,19,Low,Very High,0,Diesel_Manual,Tata,0.28,1
CAR_001103,Tata Indigo LX,2009,130000,110000,Diesel,Individual,Manual,Third Owner,1103,16,Low,High,0,Diesel_Manual,Tata,1.18,1
CAR_001104,Ford EcoSport 1.5 TDCi Titanium BSIV,2018,950000,27620,Diesel,Dealer,Manual,First Owner,1104,7,High,Low,,Diesel_Manual,Ford,34.4,1
CAR_001105,Ford Figo Aspire 1.2 Ti-VCT Titanium Plus,2015,450000,70000,Petrol,Individual,Manual,First Owner,1105,10,,Medium,0,Petrol_Manual,Ford,6.43,0
CAR_001106,Honda City S,2012,320000,50000,Petrol,Individual,Manual,Second Owner,1106,13,Mid,Medium,0,Petrol_Manual,Honda,6.4,0
CAR_001107,Maruti Swift Dzire VDI,2015,480000,50000,Diesel,Individual,Manual,First Owner,1107,10,Mid,Medium,0,Diesel_Manual,Maruti,9.6,1
CAR_001108,Mercedes-Benz New C-Class C 220 CDI Grand Edition,2014,2490000,46000,Diesel,Individual,Automatic,First Owner,1108,11,Premium,Medium,0,Diesel_Automatic,Mercedes-Benz,54.13,1
CAR_001109,Toyota Innova 2.5 VX 8 STR,2012,790000,82000,Diesel,Individual,,First Owner,1109,13,High,High,0,Diesel_Manual,Toyota,9.63,1
CAR_001110,Maruti Omni MPI STD BSIV,2016,120000,120000,Petrol,Individual,Manual,First Owner,1110,9,,,0,Petrol_Manual,Maruti,1,0
CAR_001111,Maruti Alto LXi,2006,75000,,Petrol,Individual,Manual,Third Owner,1111,19,Low,High,0,Petrol_Manual,Maruti,0.94,0
CAR_001112,Tata Indica GLS BS IV,2010,99000,70000,Petrol,Individual,Manual,First Owner,1112,15,Low,Medium,0,Petrol_Manual,Tata,1.41,0
CAR_001113,Maruti S-Cross Zeta DDiS 200 SH,2018,1015000,20000,Diesel,Individual,Manual,First Owner,1113,7,Premium,,0,Diesel_Manual,Maruti,50.75,1
CAR_001114,Mahindra Xylo D4 BSIV,2013,250000,200000,Diesel,Individual,Manual,Second Owner,1114,12,Low,Very High,0,Diesel_Manual,Mahindra,1.25,1
CAR_001115,Toyota Innova Crysta 2.5 VX BS IV,2011,520000,120000,,Individual,Manual,First Owner,1115,14,Mid,High,0,Diesel_Manual,Toyota,4.33,1
CAR_001116,Hyundai Verna CRDi 1.6 AT SX Option,2018,1100000,30000,Diesel,Individual,Automatic,First Owner,1116,7,Premium,Low,0,Diesel_Automatic,Hyundai,36.67,1
CAR_001117,Toyota Innova 2.5 V Diesel 7-seater,2005,,223000,Diesel,Individual,Manual,First Owner,1117,20,Low,Very High,0,Diesel_Manual,Toyota,0.9,1
CAR_001118,Maruti Swift Dzire VDI,2016,,60000,Diesel,Individual,Manual,First Owner,1118,9,Mid,Medium,0,Diesel_Manual,Maruti,8.75,1
CAR_001119,Hyundai i20 Asta 1.2,2016,500000,40000,Petrol,Individual,Manual,First Owner,1119,9,Mid,,0,Petrol_Manual,Hyundai,12.5,0
CAR_001120,Mahindra Scorpio S2 7 Seater,2016,675000,161327,Diesel,Individual,Manual,First Owner,1120,9,High,Very High,0,Diesel_Manual,Mahindra,4.18,1
CAR_001121,Hyundai i10 Magna 1.2 iTech SE,2009,150000,60000,Petrol,Individual,Manual,Third Owner,1121,16,Low,Medium,0,Petrol_Manual,Hyundai,2.5,0
CAR_001122,Mahindra Bolero DI,2007,250000,50000,Diesel,Individual,,First Owner,1122,18,Low,Medium,0,Diesel_Manual,Mahindra,5,1
CAR_001123,Hyundai Grand i10 1.2 Kappa Sportz BSIV,2018,450000,6000,Petrol,Individual,Manual,First Owner,1123,7,,Low,0,Petrol_Manual,Hyundai,75,0
CAR_001124,Hyundai Santro Xing XS,2009,150000,68000,Petrol,Individual,Manual,Second Owner,1124,16,Low,,0,Petrol_Manual,Hyundai,2.21,0
CAR_001125,Chevrolet Beat Diesel LS,2012,200000,85000,Diesel,Individual,Manual,First Owner,1125,13,Low,High,0,Diesel_Manual,Chevrolet,2.35,1
CAR_001126,Mahindra Scorpio VLS AT 2.2 mHAWK,2011,525000,70000,Diesel,Individual,Automatic,First Owner,1126,14,Mid,Medium,0,Diesel_Automatic,Mahindra,7.5,1
CAR_001127,Maruti Esteem VX,1999,60000,35000,Petrol,Individual,Manual,Second Owner,1127,26,Low,Medium,0,Petrol_Manual,Maruti,1.71,0
CAR_001128,Maruti Swift Vdi BSIII,2010,180000,100000,Diesel,Individual,Manual,Second Owner,1128,15,Low,High,0,Diesel_Manual,Maruti,1.8,1
CAR_001129,Honda Amaze S i-Dtech,2015,475000,110000,Diesel,Individual,Manual,First Owner,1129,10,Mid,High,0,Diesel_Manual,Honda,4.32,1
CAR_001130,Mahindra Scorpio VLS AT 2.2 mHAWK,2010,380000,195000,Diesel,Individual,Automatic,Second Owner,1130,15,,Very High,0,Diesel_Automatic,Mahindra,1.95,1
CAR_001131,Maruti Alto 800 LXI,2015,285000,,Petrol,Individual,Manual,Second Owner,1131,10,Low,Medium,,Petrol_Manual,Maruti,6.2,0
CAR_001132,Maruti Alto LXi BSIII,2008,91200,60000,,Individual,Manual,Second Owner,1132,17,Low,Medium,0,Petrol_Manual,Maruti,1.52,0
CAR_001133,Datsun RediGO T Option,2017,250000,,Petrol,Individual,Manual,First Owner,1133,8,Low,Medium,0,Petrol_Manual,Datsun,5.43,0
CAR_001134,Hyundai Grand i10 CRDi Sportz,2015,400000,42000,Diesel,Individual,Manual,First Owner,1134,10,Mid,Medium,0,Diesel_Manual,Hyundai,9.52,1
CAR_001135,Hyundai Santro Xing XG AT,2006,160000,90000,Petrol,Individual,Automatic,Second Owner,1135,19,,,0,Petrol_Automatic,Hyundai,1.78,0
CAR_001136,Skoda Yeti Ambition 4X2,2012,650000,85000,Diesel,Individual,Manual,Second Owner,1136,13,High,High,0,Diesel_Manual,Skoda,7.65,1
CAR_001137,Hyundai Verna 1.6 SX,2012,409999,120000,Diesel,Individual,Manual,Third Owner,1137,13,Mid,High,0,Diesel_Manual,Hyundai,3.42,1
CAR_001138,Ford Ecosport 1.5 DV5 MT Titanium,2013,425000,72000,Diesel,Individual,Manual,First Owner,1138,12,Mid,,0,Diesel_Manual,Ford,5.9,1
CAR_001139,Maruti Wagon R LXI CNG,2013,250000,,CNG,Individual,Manual,Second Owner,1139,12,Low,High,0,CNG_Manual,Maruti,3.52,0
CAR_001140,Maruti Swift Dzire VXi,2009,200000,110000,Petrol,Individual,Manual,Fourth & Above Owner,1140,16,Low,High,0,Petrol_Manual,Maruti,1.82,0
CAR_001141,Maruti Wagon R LXI CNG,2013,250000,71000,CNG,Individual,Manual,Second Owner,1141,12,Low,,,CNG_Manual,Maruti,3.52,0
CAR_001142,Volkswagen Polo Diesel Trendline 1.2L,2010,130000,144000,Diesel,Individual,Manual,Fourth & Above Owner,1142,15,Low,High,,Diesel_Manual,Volkswagen,0.9,1
CAR_001143,Maruti Eeco 5 Seater AC BSIV,2017,260000,,,Dealer,Manual,First Owner,1143,8,Low,Low,0,Petrol_Manual,Maruti,8.67,0
CAR_001144,Hyundai Verna SX,2007,155000,65000,Petrol,Dealer,Manual,First Owner,1144,18,Low,Medium,,Petrol_Manual,Hyundai,2.38,0
CAR_001145,Honda Jazz 1.5 VX i DTEC,2015,450000,38000,Diesel,Individual,,First Owner,1145,10,,Medium,0,Diesel_Manual,Honda,11.84,1
CAR_001146,Maruti SX4 Celebration Petrol,2012,220000,90000,Petrol,Individual,Manual,Second Owner,1146,13,Low,High,0,Petrol_Manual,Maruti,2.44,0
CAR_001147,Hyundai i20 Active S Diesel,2018,,37000,Diesel,Dealer,,First Owner,1147,7,High,Medium,,Diesel_Manual,Hyundai,17.57,1
CAR_001148,Maruti Alto 800 LXI,2018,285000,30000,Petrol,Dealer,Manual,First Owner,1148,7,Low,Low,0,Petrol_Manual,Maruti,9.5,0
CAR_001149,Honda Amaze V CVT Petrol BSIV,2018,725000,26000,Petrol,Dealer,,First Owner,1149,7,High,Low,,Petrol_Automatic,Honda,27.88,0
CAR_001150,Maruti Ciaz ZXi,2016,,30000,Petrol,Dealer,Manual,First Owner,1150,9,High,Low,0,Petrol_Manual,Maruti,20.83,0
CAR_001151,Hyundai i20 Active SX Petrol,2016,550000,23000,Petrol,Dealer,Manual,First Owner,1151,9,Mid,Low,,Petrol_Manual,Hyundai,23.91,0
CAR_001152,Hyundai i10 Magna,2012,240000,40000,Petrol,Dealer,Manual,First Owner,1152,13,Low,,0,Petrol_Manual,Hyundai,6,0
CAR_001153,Nissan Terrano XL 85 PS,2014,600000,27000,Diesel,Dealer,Manual,First Owner,1153,11,,Low,0,Diesel_Manual,Nissan,22.22,1
CAR_001154,Tata New Safari DICOR 2.2 EX 4x2,2012,350000,65000,,Dealer,Manual,First Owner,1154,13,Mid,Medium,0,Diesel_Manual,Tata,5.38,1
CAR_001155,Hyundai EON Magna Plus,2015,245000,32000,Petrol,Dealer,Manual,First Owner,1155,10,Low,Medium,0,Petrol_Manual,Hyundai,7.66,0
CAR_001156,Mahindra Bolero B6,2016,600000,56000,Diesel,Dealer,Manual,First Owner,1156,9,Mid,Medium,0,Diesel_Manual,Mahindra,10.71,1
CAR_001157,BMW X1 sDrive 20d xLine,2017,2400000,30000,Diesel,Individual,,First Owner,1157,8,Premium,Low,0,Diesel_Automatic,BMW,80,1
CAR_001158,Mahindra Scorpio SLE BS IV,2014,,80000,Diesel,Dealer,Manual,First Owner,1158,11,High,High,0,Diesel_Manual,Mahindra,7.75,1
CAR_001159,Maruti Swift Dzire 1.2 Vxi BSIV,2014,395000,52000,Petrol,Dealer,Manual,Second Owner,1159,11,,Medium,,Petrol_Manual,Maruti,7.6,0
CAR_001160,Maruti Ertiga ZXI,2014,635000,13250,Petrol,Dealer,Manual,First Owner,1160,11,High,Low,0,Petrol_Manual,Maruti,47.92,0
CAR_001161,Maruti Alto LX,2011,180000,36000,Petrol,Dealer,Manual,First Owner,1161,14,Low,Medium,0,Petrol_Manual,Maruti,5,0
CAR_001162,Maruti Swift ZDI Plus,2015,484999,73000,Diesel,Dealer,Manual,Second Owner,1162,10,Mid,High,0,Diesel_Manual,Maruti,6.64,1
CAR_001163,Maruti Alto LX,2004,110000,60000,Petrol,Individual,,First Owner,1163,21,Low,Medium,,Petrol_Manual,Maruti,1.83,0
CAR_001164,Maruti Wagon R VXI BSIII,2006,150000,60000,Petrol,Individual,Manual,Second Owner,1164,19,Low,Medium,0,Petrol_Manual,Maruti,2.5,0
CAR_001165,Chevrolet Tavera Neo 2 LT L 9 Str,2012,400000,110000,Diesel,Individual,,First Owner,1165,13,Mid,High,0,Diesel_Manual,Chevrolet,3.64,1
CAR_001166,Tata Indica Vista Aura Plus 1.3 Quadrajet,2012,200000,,Diesel,Individual,Manual,Second Owner,1166,13,Low,Medium,0,Diesel_Manual,Tata,2.86,1
CAR_001167,Renault Duster 85PS Diesel RxL Plus,2013,302000,60000,,Individual,Manual,Second Owner,1167,12,Mid,Medium,0,Diesel_Manual,Renault,5.03,1
CAR_001168,Maruti Swift Dzire Vdi BSIV,2011,215000,90000,Diesel,Individual,Manual,Fourth & Above Owner,1168,14,Low,,0,Diesel_Manual,Maruti,2.39,1
CAR_001169,Maruti Wagon R VXI BSIII,2004,155000,80000,Petrol,Individual,Manual,Second Owner,1169,21,Low,High,,Petrol_Manual,Maruti,1.94,0
CAR_001170,Toyota Innova 2.5 G (Diesel) 8 Seater,2014,1000000,101000,Diesel,Individual,Manual,Second Owner,1170,11,High,High,0,Diesel_Manual,Toyota,9.9,1
CAR_001171,Mahindra Bolero Power Plus SLX,2018,,44000,Diesel,Individual,Manual,First Owner,1171,7,Mid,,0,Diesel_Manual,Mahindra,12.5,1
CAR_001172,Maruti Swift 1.3 VXi,2006,200000,,,Individual,Manual,First Owner,1172,19,Low,Medium,0,Petrol_Manual,Maruti,4.44,0
CAR_001173,Mahindra Scorpio S2 7 Seater,2017,750000,120000,,Individual,Manual,First Owner,1173,8,High,High,0,Diesel_Manual,Mahindra,6.25,1
CAR_001174,Maruti Zen LXI,2005,90000,90000,,Individual,Manual,Second Owner,1174,20,Low,High,0,Petrol_Manual,Maruti,1,0
CAR_001175,Maruti Wagon R LXI Minor,2007,80000,120000,Petrol,Individual,Manual,Second Owner,1175,18,Low,High,0,Petrol_Manual,Maruti,0.67,0
CAR_001176,Hyundai EON D Lite Plus,2013,229999,13500,,Individual,Manual,First Owner,1176,12,Low,Low,0,Petrol_Manual,Hyundai,17.04,0
CAR_001177,Renault KWID 1.0 RXT Optional,2017,,,Petrol,Individual,Manual,First Owner,1177,8,Mid,Low,0,Petrol_Manual,Renault,35,0
CAR_001178,Hyundai Grand i10 Magna,2015,325000,25000,Petrol,Individual,Manual,Third Owner,1178,10,Mid,Low,0,Petrol_Manual,Hyundai,13,0
CAR_001179,Tata Tigor 1.2 Revotron XT,2018,450000,8500,Petrol,Individual,Manual,First Owner,1179,7,Mid,Low,0,Petrol_Manual,Tata,52.94,0
CAR_001180,Maruti SX4 Celebration Diesel,2012,250000,120000,Diesel,Individual,Manual,First Owner,1180,13,Low,High,0,Diesel_Manual,Maruti,2.08,1
CAR_001181,Volkswagen Polo Diesel Comfortline 1.2L,2012,,120000,Diesel,Individual,Manual,First Owner,1181,13,Low,,0,Diesel_Manual,Volkswagen,1.88,1
CAR_001182,Maruti Alto LXi,2009,150000,90246,Petrol,Individual,Manual,Third Owner,1182,16,,High,0,Petrol_Manual,Maruti,1.66,0
CAR_001183,Maruti Alto LX BSIII,2008,110000,90000,,Individual,Manual,Second Owner,1183,17,Low,,0,Petrol_Manual,Maruti,1.22,0
CAR_001184,Maruti Alto LXi BSIII,2010,,40000,Petrol,Individual,Manual,Second Owner,1184,15,Low,,0,Petrol_Manual,Maruti,3.75,0
CAR_001185,Maruti Gypsy King Hard Top,2000,165000,60000,Petrol,Individual,Manual,Fourth & Above Owner,1185,25,Low,Medium,0,Petrol_Manual,Maruti,2.75,0
CAR_001186,Renault Duster 85PS Diesel RxL,2017,610000,32000,Diesel,Individual,Manual,Second Owner,1186,8,,Medium,0,Diesel_Manual,Renault,19.06,1
CAR_001187,Tata Manza Club Class Quadrajet90 VX,2013,170000,60400,Diesel,Individual,Manual,First Owner,1187,12,,Medium,0,Diesel_Manual,Tata,2.81,1
CAR_001188,Hyundai Verna CRDi,2008,150000,70950,Diesel,Individual,Manual,Second Owner,1188,17,Low,High,0,Diesel_Manual,Hyundai,2.11,1
CAR_001189,Hyundai i20 Asta 1.4 CRDi,2013,,90000,Diesel,Individual,Manual,First Owner,1189,12,Low,High,0,Diesel_Manual,Hyundai,3.33,1
CAR_001190,Hyundai Xcent 1.1 CRDi Base,2015,375000,72000,Diesel,Individual,Manual,First Owner,1190,10,,High,0,Diesel_Manual,Hyundai,5.21,1
CAR_001191,Maruti Swift VDI,2013,390000,90000,Diesel,Individual,Manual,First Owner,1191,12,Mid,High,,Diesel_Manual,Maruti,4.33,1
CAR_001192,Hyundai i20 Active 1.2 S,2017,600000,10000,,Individual,Manual,First Owner,1192,8,Mid,Low,0,Petrol_Manual,Hyundai,60,0
CAR_001193,Maruti Alto 800 LXI,2014,204999,25000,Petrol,Individual,Manual,Second Owner,1193,11,Low,Low,0,Petrol_Manual,Maruti,8.2,0
CAR_001194,Hyundai Verna CRDi,2009,270000,80000,Diesel,Individual,Manual,Second Owner,1194,16,Low,High,0,Diesel_Manual,Hyundai,3.38,1
CAR_001195,Hyundai Grand i10 Sportz,2017,375000,10000,Petrol,Individual,Manual,First Owner,1195,8,Mid,Low,0,Petrol_Manual,Hyundai,37.5,0
CAR_001196,Maruti Baleno Zeta,2020,700000,1100,Petrol,Individual,Manual,First Owner,1196,5,High,Low,0,Petrol_Manual,Maruti,636.36,0
CAR_001197,Maruti Swift VXI Deca,2017,455000,40000,Petrol,Individual,Manual,First Owner,1197,8,Mid,Medium,0,Petrol_Manual,Maruti,11.38,0
CAR_001198,Hyundai i10 Sportz 1.1L,2017,375000,,,Individual,Manual,First Owner,1198,8,Mid,Low,0,Petrol_Manual,Hyundai,37.5,0
CAR_001199,Hyundai Grand i10 Asta,2014,341000,31491,Petrol,Individual,Manual,First Owner,1199,11,Mid,Medium,0,Petrol_Manual,Hyundai,10.83,0
CAR_001200,Maruti Swift Dzire VDI,2014,200000,107143,Diesel,Individual,Manual,Second Owner,1200,11,Low,High,0,Diesel_Manual,Maruti,1.87,1
CAR_001201,Maruti Ignis 1.2 AMT Delta BSIV,2017,,15000,,Individual,Automatic,First Owner,1201,8,,Low,0,Petrol_Automatic,Maruti,30,0
CAR_001202,Hyundai Santro Xing GL Plus,2012,170000,50000,Petrol,Individual,Manual,Second Owner,1202,13,Low,Medium,0,Petrol_Manual,Hyundai,3.4,0
CAR_001203,Toyota Innova Crysta 2.4 VX MT 8S BSIV,2017,1900000,,Diesel,Individual,Manual,First Owner,1203,8,Premium,High,,Diesel_Manual,Toyota,19,1
CAR_001204,Mahindra Bolero Power Plus LX,2016,500000,60000,Diesel,Individual,Manual,First Owner,1204,9,Mid,Medium,,Diesel_Manual,Mahindra,8.33,1
CAR_001205,Maruti Vitara Brezza ZDi Plus,2016,,85000,Diesel,Individual,Manual,First Owner,1205,9,High,High,0,Diesel_Manual,Maruti,9.65,1
CAR_001206,Maruti Swift 1.2 DLX,2014,351000,40000,Petrol,Individual,Manual,Second Owner,1206,11,Mid,Medium,0,Petrol_Manual,Maruti,8.78,0
CAR_001207,Hyundai i10 Magna 1.2 iTech SE,2011,195000,80000,Petrol,Individual,Manual,Second Owner,1207,14,Low,,0,Petrol_Manual,Hyundai,2.44,0
CAR_001208,Maruti Swift Dzire VDi,2008,,82000,Diesel,Individual,Manual,Second Owner,1208,17,Low,High,0,Diesel_Manual,Maruti,3.05,1
CAR_001209,Maruti Zen Estilo 1.1 VXI BSIII,2008,120000,70000,Petrol,Individual,,Second Owner,1209,17,Low,Medium,0,Petrol_Manual,Maruti,1.71,0
CAR_001210,Maruti A-Star Vxi,2009,180000,70000,Petrol,Individual,Manual,Third Owner,1210,16,Low,,0,Petrol_Manual,Maruti,2.57,0
CAR_001211,Mahindra KUV 100 mFALCON D75 K6,2016,430000,20000,Diesel,Individual,Manual,First Owner,1211,9,Mid,Low,0,Diesel_Manual,Mahindra,21.5,1
CAR_001212,Tata Nano Cx BSIV,2012,75000,35000,Petrol,Individual,Manual,Second Owner,1212,13,Low,Medium,,Petrol_Manual,Tata,2.14,0
CAR_001213,Mahindra Xylo D4,2017,750000,80000,Diesel,Individual,Manual,First Owner,1213,8,High,High,0,Diesel_Manual,Mahindra,9.38,1
CAR_001214,Tata Nano Lx,2011,60000,40000,,Individual,Manual,First Owner,1214,14,Low,Medium,0,Petrol_Manual,Tata,1.5,0
CAR_001215,Toyota Innova 2.5 VX (Diesel) 8 Seater,2015,1500000,46412,Diesel,Individual,Manual,First Owner,1215,10,Premium,Medium,0,Diesel_Manual,Toyota,32.32,1
CAR_001216,Mahindra Bolero SLX 2WD BSIII,2011,390000,150000,Diesel,Individual,Manual,Fourth & Above Owner,1216,14,Mid,High,0,Diesel_Manual,Mahindra,2.6,1
CAR_001217,Mahindra TUV 300 T4,2016,630000,50000,Diesel,Individual,Manual,First Owner,1217,9,High,Medium,0,Diesel_Manual,Mahindra,12.6,1
CAR_001218,Tata Safari Storme VX Varicor 400,2018,1085000,15000,Diesel,Individual,Manual,First Owner,1218,7,Premium,,0,Diesel_Manual,Tata,72.33,1
CAR_001219,Hyundai i10 Magna 1.2 iTech SE,2012,190000,60000,Petrol,Individual,Manual,Second Owner,1219,13,Low,Medium,0,Petrol_Manual,Hyundai,3.17,0
CAR_001220,Maruti Baleno Delta Automatic,2018,550000,25000,Petrol,Individual,Automatic,First Owner,1220,7,Mid,Low,0,Petrol_Automatic,Maruti,22,0
CAR_001221,Maruti Alto 800 LXI,2012,200000,90000,Petrol,Individual,Manual,Third Owner,1221,13,Low,,0,Petrol_Manual,Maruti,2.22,0
CAR_001222,Chevrolet Spark 1.0 LT,2011,,60000,Petrol,Individual,Manual,First Owner,1222,14,Low,Medium,0,Petrol_Manual,Chevrolet,2.75,0
CAR_001223,Ford Figo Diesel Celebration Edition,2013,260000,65000,Diesel,Individual,Manual,First Owner,1223,12,Low,Medium,0,Diesel_Manual,Ford,4,1
CAR_001224,Maruti Alto LX,2011,151000,40000,Petrol,Individual,Manual,First Owner,1224,14,Low,Medium,0,Petrol_Manual,Maruti,3.78,0
CAR_001225,Maruti Vitara Brezza VDi,2018,780000,50000,Diesel,Individual,Manual,First Owner,1225,7,,Medium,0,Diesel_Manual,Maruti,15.6,1
CAR_001226,Tata Indica Vista Quadrajet LX,2012,175000,80000,Diesel,Individual,Manual,Third Owner,1226,13,,High,0,Diesel_Manual,Tata,2.19,1
CAR_001227,Tata Indica Vista TDI LS,2010,170000,107500,Diesel,Dealer,Manual,First Owner,1227,15,,High,0,Diesel_Manual,Tata,1.58,1
CAR_001228,Tata Indica Vista TDI LS,2013,210000,135000,Diesel,Dealer,Manual,Second Owner,1228,12,,High,,Diesel_Manual,Tata,1.56,1
CAR_001229,Maruti Alto LXi,2007,90000,43826,Petrol,Dealer,Manual,Second Owner,1229,18,Low,Medium,0,Petrol_Manual,Maruti,2.05,0
CAR_001230,Hyundai i20 Active S Petrol,2016,535000,55838,,Dealer,Manual,First Owner,1230,9,Mid,Medium,0,Petrol_Manual,Hyundai,9.58,0
CAR_001231,Maruti Swift VDI BSIV,2007,195000,112880,Diesel,Dealer,Manual,First Owner,1231,18,Low,High,0,Diesel_Manual,Maruti,1.73,1
CAR_001232,Tata Indica Vista Terra Quadrajet 1.3L,2011,,90000,Diesel,Individual,Manual,Third Owner,1232,14,Low,High,0,Diesel_Manual,Tata,1.56,1
CAR_001233,Nissan Sunny XL,2012,350000,40000,Petrol,Individual,Manual,First Owner,1233,13,Mid,Medium,0,Petrol_Manual,Nissan,8.75,0
CAR_001234,Hyundai Verna 1.6 SX VTVT (O),2013,425000,,Petrol,Individual,Manual,First Owner,1234,12,Mid,Medium,0,Petrol_Manual,Hyundai,6.44,0
CAR_001235,Renault KWID 1.0 RXT Optional,2017,300000,30300,Petrol,Individual,Manual,First Owner,1235,8,,Medium,0,Petrol_Manual,Renault,9.9,0
CAR_001236,Volkswagen Vento Diesel Style Limited Edition,2013,,85000,,Individual,Manual,Second Owner,1236,12,Mid,High,,Diesel_Manual,Volkswagen,4,1
CAR_001237,Maruti Swift Dzire VXi,2009,250000,80659,Petrol,Dealer,Manual,First Owner,1237,16,Low,High,0,Petrol_Manual,Maruti,3.1,0
CAR_001238,Chevrolet Aveo 1.4 LS,2008,170000,,Petrol,Dealer,Manual,First Owner,1238,17,Low,High,0,Petrol_Manual,Chevrolet,2.09,0
CAR_001239,Honda Amaze S i-Dtech,2013,315000,127884,,Dealer,Manual,First Owner,1239,12,Mid,High,0,Diesel_Manual,Honda,2.46,1
CAR_001240,Chevrolet Beat PS,2015,200000,50000,Petrol,Individual,,First Owner,1240,10,Low,Medium,0,Petrol_Manual,Chevrolet,4,0
CAR_001241,Chevrolet Beat PS,2016,300000,25000,Petrol,Individual,Manual,First Owner,1241,9,Low,Low,0,Petrol_Manual,Chevrolet,12,0
CAR_001242,Honda Amaze S i-Dtech,2015,300000,66755,Diesel,Dealer,Manual,First Owner,1242,10,Low,Medium,,Diesel_Manual,Honda,4.49,1
CAR_001243,Honda City E,2013,,123084,Petrol,Dealer,Manual,First Owner,1243,12,Mid,High,0,Petrol_Manual,Honda,3.09,0
CAR_001244,Maruti Swift VXI BSIII,2009,250000,806599,,Dealer,Manual,First Owner,1244,16,Low,Very High,,Petrol_Manual,Maruti,0.31,0
CAR_001245,Honda Amaze S i-Dtech,2013,310000,95851,Diesel,Dealer,Manual,First Owner,1245,12,Mid,,,Diesel_Manual,Honda,3.23,1
CAR_001246,Maruti Wagon R VXI Minor ABS,2010,260000,50000,Petrol,Individual,Manual,First Owner,1246,15,Low,Medium,0,Petrol_Manual,Maruti,5.2,0
CAR_001247,Maruti Omni BSIII 8-STR W/ IMMOBILISER,2008,150000,,Petrol,Individual,Manual,Second Owner,1247,17,Low,Medium,0,Petrol_Manual,Maruti,3,0
CAR_001248,Maruti Esteem Vxi - BSIII,2006,85000,60000,Petrol,Individual,Manual,Second Owner,1248,19,Low,,0,Petrol_Manual,Maruti,1.42,0
CAR_001249,Maruti Alto 800 LXI,2015,280000,15000,Petrol,Individual,Manual,Second Owner,1249,10,Low,Low,0,Petrol_Manual,Maruti,18.67,0
CAR_001250,Mahindra Xylo H4 ABS,2016,850000,40000,Diesel,Individual,Manual,First Owner,1250,9,High,Medium,0,Diesel_Manual,Mahindra,21.25,1
CAR_001251,Datsun GO Plus T Option BSIV,2017,375000,,Petrol,Individual,Manual,Second Owner,1251,8,Mid,Low,0,Petrol_Manual,Datsun,18.75,0
CAR_001252,Hyundai Elantra CRDi (Leather Option),2006,125000,120000,,Individual,Manual,Third Owner,1252,19,Low,High,0,Diesel_Manual,Hyundai,1.04,1
CAR_001253,Chevrolet Beat Diesel LT,2012,250000,110000,Diesel,Individual,Manual,First Owner,1253,13,Low,High,0,Diesel_Manual,Chevrolet,2.27,1
CAR_001254,Toyota Corolla Altis D-4D J,2014,715000,234000,Diesel,Individual,Manual,First Owner,1254,11,High,,0,Diesel_Manual,Toyota,3.06,1
CAR_001255,Hyundai i20 1.4 CRDi Era,2011,220000,,Diesel,Individual,Manual,First Owner,1255,14,,Medium,0,Diesel_Manual,Hyundai,3.14,1
CAR_001256,Tata Indica Vista Aqua 1.3 Quadrajet,2010,110000,110000,Diesel,Individual,Manual,Second Owner,1256,15,Low,High,0,Diesel_Manual,Tata,1,1
CAR_001257,Hyundai Verna XXi (Petrol),2007,150000,84000,Petrol,Individual,,Second Owner,1257,18,Low,High,0,Petrol_Manual,Hyundai,1.79,0
CAR_001258,Nissan Sunny Diesel XV,2012,,170000,Diesel,Individual,Manual,First Owner,1258,13,Low,Very High,0,Diesel_Manual,Nissan,1.76,1
CAR_001259,Datsun RediGO T Option,2017,220000,40000,Petrol,Individual,Manual,First Owner,1259,8,Low,Medium,0,Petrol_Manual,Datsun,5.5,0
CAR_001260,Maruti Wagon R LX,2006,75000,96000,Petrol,Individual,Manual,Second Owner,1260,19,Low,High,0,Petrol_Manual,Maruti,0.78,0
CAR_001261,Tata Indigo LS,2009,100000,20000,Diesel,Individual,Manual,First Owner,1261,16,Low,Low,0,Diesel_Manual,Tata,5,1
CAR_001262,Ford Figo Aspire 1.2 Ti-VCT Trend,2016,380000,15000,,Individual,,First Owner,1262,9,Mid,Low,0,Petrol_Manual,Ford,25.33,0
CAR_001263,Hyundai Santro Xing XK (Non-AC),2007,100000,50000,Petrol,Individual,Manual,First Owner,1263,18,Low,Medium,0,Petrol_Manual,Hyundai,2,0
CAR_001264,Volkswagen Passat 1.8 TSI MT,2010,480000,,Petrol,Individual,Manual,Second Owner,1264,15,Mid,High,0,Petrol_Manual,Volkswagen,6,0
CAR_001265,Toyota Etios GD,2012,,124000,Diesel,Individual,Manual,First Owner,1265,13,Low,High,0,Diesel_Manual,Toyota,2.42,1
CAR_001266,Chevrolet Beat Diesel LS,2013,190000,,,Individual,Manual,First Owner,1266,12,Low,Medium,,Diesel_Manual,Chevrolet,2.71,1
CAR_001267,Ford Figo Diesel LXI,2012,190000,130000,Diesel,Individual,Manual,Second Owner,1267,13,Low,High,,Diesel_Manual,Ford,1.46,1
CAR_001268,Ford EcoSport 1.5 Ti VCT MT Trend BSIV,2017,650000,,Petrol,Dealer,,First Owner,1268,8,High,Low,0,Petrol_Manual,Ford,34.19,0
CAR_001269,Toyota Corolla Executive (HE),2009,300000,23262,Petrol,Dealer,Manual,First Owner,1269,16,Low,Low,0,Petrol_Manual,Toyota,12.9,0
CAR_001270,Ford Freestyle Titanium Diesel BSIV,2016,700000,29600,Diesel,Dealer,Manual,First Owner,1270,9,High,Low,0,Diesel_Manual,Ford,23.65,1
CAR_001271,Hyundai i10 Sportz 1.1L,2015,310000,35925,,Dealer,Manual,First Owner,1271,10,Mid,Medium,,Petrol_Manual,Hyundai,8.63,0
CAR_001272,Maruti Ignis 1.2 Zeta BSIV,2018,500000,12000,,Individual,Manual,First Owner,1272,7,Mid,Low,0,Petrol_Manual,Maruti,41.67,0
CAR_001273,Toyota Etios V,2013,415000,40771,Petrol,Dealer,Manual,First Owner,1273,12,Mid,,0,Petrol_Manual,Toyota,10.18,0
CAR_001274,Maruti Celerio VXI AT,2015,395000,30500,Petrol,Dealer,Automatic,Second Owner,1274,10,Mid,Medium,0,Petrol_Automatic,Maruti,12.95,0
CAR_001275,Toyota Etios Liva 1.2 G,2014,430000,42000,Petrol,Dealer,Manual,Second Owner,1275,11,,Medium,0,Petrol_Manual,Toyota,10.24,0
CAR_001276,Toyota Corolla H6,2007,215000,55800,Petrol,Dealer,,Second Owner,1276,18,Low,Medium,0,Petrol_Manual,Toyota,3.85,0
CAR_001277,Renault Duster RXL AWD,2014,550000,,Diesel,Dealer,Manual,First Owner,1277,11,Mid,Medium,0,Diesel_Manual,Renault,8.26,1
CAR_001278,Volkswagen Polo 1.5 TDI Trendline,2014,415000,81358,Diesel,Dealer,Manual,First Owner,1278,11,Mid,High,0,Diesel_Manual,Volkswagen,5.1,1
CAR_001279,Volkswagen Polo 1.5 TDI Comfortline,2015,450000,82695,Diesel,Dealer,Manual,First Owner,1279,10,Mid,High,0,Diesel_Manual,Volkswagen,5.44,1
CAR_001280,Ford Figo Diesel EXI,2014,285000,68293,Diesel,Dealer,Manual,Second Owner,1280,11,Low,Medium,0,Diesel_Manual,Ford,4.17,1
CAR_001281,Honda Jazz VX CVT,2016,580000,,Petrol,Dealer,Automatic,First Owner,1281,9,Mid,Medium,0,Petrol_Automatic,Honda,18.12,0
CAR_001282,Maruti Swift Dzire Tour LDI,2014,,190621,Diesel,Dealer,Manual,First Owner,1282,11,Low,Very High,0,Diesel_Manual,Maruti,1.57,1
CAR_001283,Hyundai Verna CRDi 1.6 SX Option,2018,1200000,60000,Diesel,Individual,Manual,First Owner,1283,7,Premium,Medium,0,Diesel_Manual,Hyundai,20,1
CAR_001284,Maruti 800 Std MPFi,2006,78000,64700,Petrol,Individual,Manual,First Owner,1284,19,Low,Medium,0,Petrol_Manual,Maruti,1.21,0
CAR_001285,Maruti 800 AC,2002,65000,100000,Petrol,Individual,Manual,Second Owner,1285,23,Low,High,0,Petrol_Manual,Maruti,0.65,0
CAR_001286,Tata Zest Quadrajet 1.3 75PS XE,2016,400000,,Diesel,Individual,Manual,First Owner,1286,9,Mid,High,0,Diesel_Manual,Tata,4.52,1
CAR_001287,Hyundai Verna 1.6 CRDI SX Option,2016,850000,75000,Diesel,Individual,Manual,First Owner,1287,9,High,High,0,Diesel_Manual,Hyundai,11.33,1
CAR_001288,Volkswagen Vento Diesel Highline,2013,450000,,Diesel,Individual,Manual,Second Owner,1288,12,Mid,High,0,Diesel_Manual,Volkswagen,3.75,1
CAR_001289,Mercedes-Benz E-Class E250 CDI Blue Efficiency,2012,,35000,Diesel,Individual,Automatic,First Owner,1289,13,Premium,Medium,0,Diesel_Automatic,Mercedes-Benz,71.43,1
CAR_001290,Toyota Etios 1.4 VXD,2017,780000,70000,Diesel,Individual,Manual,First Owner,1290,8,High,,0,Diesel_Manual,Toyota,11.14,1
CAR_001291,Toyota Fortuner 2.8 2WD AT BSIV,2017,3200000,57000,Diesel,Individual,Automatic,First Owner,1291,8,Premium,Medium,0,Diesel_Automatic,Toyota,56.14,1
CAR_001292,Maruti Alto 800 VXI,2020,350000,1000,Petrol,Individual,,First Owner,1292,5,Mid,,0,Petrol_Manual,Maruti,350,0
CAR_001293,Mahindra Quanto C6,2013,,120000,Diesel,Individual,Manual,Second Owner,1293,12,Low,High,0,Diesel_Manual,Mahindra,2.38,1
CAR_001294,Volkswagen Vento 1.5 TDI Highline,2015,525000,,Diesel,Dealer,Manual,First Owner,1294,10,,,0,Diesel_Manual,Volkswagen,5.36,1
CAR_001295,Maruti Ciaz ZDi,2014,550000,90000,Diesel,Dealer,Manual,Second Owner,1295,11,Mid,High,0,Diesel_Manual,Maruti,6.11,1
CAR_001296,Volkswagen Ameo 1.5 TDI Comfortline,2018,,70000,Diesel,Individual,Manual,First Owner,1296,7,Mid,Medium,0,Diesel_Manual,Volkswagen,8.29,1
CAR_001297,Tata Nano CX SE,2013,75000,25000,Petrol,Individual,Manual,Third Owner,1297,12,,Low,0,Petrol_Manual,Tata,3,0
CAR_001298,Tata Manza Aura Quadrajet,2009,185000,60000,Diesel,Individual,Manual,Third Owner,1298,16,Low,Medium,0,Diesel_Manual,Tata,3.08,1
CAR_001299,Maruti Omni E 8 Str STD,2007,110000,90000,Petrol,Individual,Manual,Fourth & Above Owner,1299,18,Low,High,0,Petrol_Manual,Maruti,1.22,0
CAR_001300,Honda City 1.5 EXI,2004,180000,200000,Petrol,Individual,Manual,Second Owner,1300,21,Low,Very High,0,Petrol_Manual,Honda,0.9,0
CAR_001301,Volkswagen Polo Diesel Comfortline 1.2L,2010,350000,110000,,Individual,Manual,Second Owner,1301,15,Mid,High,0,Diesel_Manual,Volkswagen,3.18,1
CAR_001302,Chevrolet Optra 1.6 LS,2005,60000,126000,Petrol,Individual,Manual,Second Owner,1302,20,Low,High,0,Petrol_Manual,Chevrolet,0.48,0
CAR_001303,Mahindra TUV 300 T10,2018,695000,70000,Diesel,Individual,Manual,First Owner,1303,7,High,Medium,0,Diesel_Manual,Mahindra,9.93,1
CAR_001304,Mahindra Alturas G4 4X2 AT BSIV,2019,2700000,5000,Diesel,Individual,Automatic,First Owner,1304,6,Premium,Low,0,Diesel_Automatic,Mahindra,540,1
CAR_001305,Maruti Zen Estilo LX BSIII,2007,135000,74183,Petrol,Individual,Manual,Second Owner,1305,18,Low,High,0,Petrol_Manual,Maruti,1.82,0
CAR_001306,Mahindra Bolero Power Plus Plus AC BSIV PS,2015,640000,70000,Diesel,Individual,Manual,Second Owner,1306,10,,Medium,0,Diesel_Manual,Mahindra,9.14,1
CAR_001307,Maruti Alto 800 VXI,2014,160000,90000,Petrol,Individual,Manual,First Owner,1307,11,Low,High,0,Petrol_Manual,Maruti,1.78,0
CAR_001308,Tata Indica LXI,2004,80000,46000,Petrol,Individual,,Second Owner,1308,21,Low,Medium,0,Petrol_Manual,Tata,1.74,0
CAR_001309,Maruti Swift Dzire VDI,2013,340000,,Diesel,Individual,Manual,Second Owner,1309,12,Mid,High,0,Diesel_Manual,Maruti,3.09,1
CAR_001310,Maruti Ritz VDi,2012,,80000,Diesel,Individual,Manual,Second Owner,1310,13,Low,High,0,Diesel_Manual,Maruti,1.38,1
CAR_001311,Tata Sumo Gold EX,2013,250000,90000,Diesel,Individual,Manual,Second Owner,1311,12,Low,High,0,Diesel_Manual,Tata,2.78,1
CAR_001312,Toyota Innova Crysta 2.4 VX MT BSIV,2017,1300000,70000,,Individual,Manual,First Owner,1312,8,Premium,Medium,0,Diesel_Manual,Toyota,18.57,1
CAR_001313,Mahindra Quanto C6,2014,250000,1,Diesel,Individual,Manual,Second Owner,1313,11,Low,Low,0,Diesel_Manual,Mahindra,250000,1
CAR_001314,Toyota Innova 2.5 G (Diesel) 8 Seater BS IV,2009,450000,192000,Diesel,Individual,Manual,First Owner,1314,16,Mid,Very High,0,Diesel_Manual,Toyota,2.34,1
CAR_001315,Maruti Wagon R LX Minor,2013,240000,70000,,Individual,Manual,Fourth & Above Owner,1315,12,Low,Medium,0,Petrol_Manual,Maruti,3.43,0
CAR_001316,Mahindra Bolero DI DX 7 Seater,2007,225000,120000,Diesel,Individual,,Second Owner,1316,18,Low,High,0,Diesel_Manual,Mahindra,1.88,1
CAR_001317,Maruti Wagon R VXI Optional,2015,275000,60000,Petrol,Individual,Manual,Second Owner,1317,10,Low,,0,Petrol_Manual,Maruti,4.58,0
CAR_001318,Tata Sumo Victa CX 7/9 Str BSII,2012,320000,120000,Diesel,Individual,Manual,Second Owner,1318,13,Mid,,0,Diesel_Manual,Tata,2.67,1
CAR_001319,Maruti Alto LX BSIII,2008,75000,120000,Petrol,Individual,Manual,First Owner,1319,17,,High,0,Petrol_Manual,Maruti,0.62,0
CAR_001320,Tata Indica GLS BS IV,2007,85000,50000,Petrol,Individual,Manual,Second Owner,1320,18,Low,Medium,,Petrol_Manual,Tata,1.7,0
CAR_001321,Tata Indica Vista Aqua TDI BSIII,2009,90000,120000,Diesel,Individual,Manual,First Owner,1321,16,,High,0,Diesel_Manual,Tata,0.75,1
CAR_001322,Maruti Wagon R LXI Minor,2007,,80000,Petrol,Individual,Manual,Second Owner,1322,18,Low,High,,Petrol_Manual,Maruti,1.06,0
CAR_001323,Mahindra Scorpio M2DI,2008,,80000,Diesel,Individual,Manual,Second Owner,1323,17,Mid,High,0,Diesel_Manual,Mahindra,4.38,1
CAR_001324,Skoda Superb Elegance 2.0 TDI CR AT,2009,355000,100000,,Individual,Automatic,Second Owner,1324,16,Mid,High,0,Diesel_Automatic,Skoda,3.55,1
CAR_001325,Maruti Swift VXI,2020,619000,1500,,Individual,Manual,First Owner,1325,5,High,Low,0,Petrol_Manual,Maruti,412.67,0
CAR_001326,Jeep Compass 2.0 Longitude Option BSIV,2018,1700000,50000,Diesel,Individual,Manual,First Owner,1326,7,Premium,Medium,0,Diesel_Manual,Jeep,34,1
CAR_001327,Tata Indica DL,2006,55000,100000,Diesel,Individual,Manual,Second Owner,1327,19,Low,,0,Diesel_Manual,Tata,0.55,1
CAR_001328,Ford Fiesta 1.6 ZXi Leather,2006,95000,83411,Petrol,Individual,Manual,First Owner,1328,19,Low,High,0,Petrol_Manual,Ford,1.14,0
CAR_001329,Volkswagen Vento Diesel Highline,2011,300000,120000,Diesel,Individual,,Second Owner,1329,14,Low,High,0,Diesel_Manual,Volkswagen,2.5,1
CAR_001330,Ford Fiesta 1.6 ZXi Leather,2006,81000,83411,Petrol,Individual,Manual,First Owner,1330,19,Low,High,0,Petrol_Manual,Ford,0.97,0
CAR_001331,Skoda Superb Elegance 2.0 TDI CR AT,2015,1000000,80000,Diesel,Individual,Automatic,Second Owner,1331,10,High,High,0,Diesel_Automatic,Skoda,12.5,1
CAR_001332,Maruti Ertiga VDI,2019,925000,50000,Diesel,Individual,Manual,First Owner,1332,6,,Medium,0,Diesel_Manual,Maruti,18.5,1
CAR_001333,Mahindra Bolero Power Plus Plus AC BSIV PS,2015,450000,40000,Diesel,Individual,Manual,First Owner,1333,10,Mid,Medium,0,Diesel_Manual,Mahindra,11.25,1
CAR_001334,Mahindra Scorpio EX,2014,600000,13270,,Individual,Manual,First Owner,1334,11,Mid,Low,0,Diesel_Manual,Mahindra,45.21,1
CAR_001335,Hyundai Santro Xing XL AT eRLX Euro III,2006,85000,100000,Petrol,Individual,Automatic,Third Owner,1335,19,Low,High,0,Petrol_Automatic,Hyundai,0.85,0
CAR_001336,Mahindra Thar DI 4X4 PS,2016,700000,50000,Diesel,Individual,Manual,First Owner,1336,9,High,Medium,0,Diesel_Manual,Mahindra,14,1
CAR_001337,Hyundai Grand i10 1.2 Kappa Magna BSIV,2017,486000,,Petrol,Individual,Manual,First Owner,1337,8,Mid,Low,,Petrol_Manual,Hyundai,18.34,0
CAR_001338,Maruti Swift VDI,2013,400000,90000,Diesel,Individual,Manual,First Owner,1338,12,Mid,High,,Diesel_Manual,Maruti,4.44,1
CAR_001339,Ford Fiesta 1.4 Duratec ZXI,2008,120000,100000,Petrol,Individual,Manual,Third Owner,1339,17,Low,High,0,Petrol_Manual,Ford,1.2,0
CAR_001340,Maruti Alto 800 LXI,2018,275000,35000,Petrol,Individual,Manual,First Owner,1340,7,Low,Medium,0,Petrol_Manual,Maruti,7.86,0
CAR_001341,Hyundai i20 Asta Option 1.4 CRDi,2016,580000,57000,Diesel,Individual,Manual,First Owner,1341,9,Mid,Medium,0,Diesel_Manual,Hyundai,10.18,1
CAR_001342,Maruti Swift Dzire LXI,2015,375000,70000,Petrol,Individual,Manual,First Owner,1342,10,Mid,Medium,0,Petrol_Manual,Maruti,5.36,0
CAR_001343,Maruti Wagon R VXI BS IV with ABS,2015,229999,100000,Petrol,Individual,,Third Owner,1343,10,Low,High,0,Petrol_Manual,Maruti,2.3,0
CAR_001344,Maruti Alto LX,2010,110000,88000,Petrol,Individual,Manual,Second Owner,1344,15,Low,High,,Petrol_Manual,Maruti,1.25,0
CAR_001345,Maruti Swift Dzire VDI,2017,,60000,Diesel,Individual,Manual,First Owner,1345,8,Mid,Medium,,Diesel_Manual,Maruti,10,1
CAR_001346,Maruti A-Star Vxi,2009,,76000,Petrol,Individual,Manual,Second Owner,1346,16,Low,High,0,Petrol_Manual,Maruti,1.58,0
CAR_001347,Ford Figo Diesel Titanium,2010,200000,100000,Diesel,Individual,,Second Owner,1347,15,Low,High,0,Diesel_Manual,Ford,2,1
CAR_001348,Hyundai Verna 1.6 SX CRDi (O),2012,450000,110000,Diesel,Individual,Manual,Second Owner,1348,13,Mid,High,0,Diesel_Manual,Hyundai,4.09,1
CAR_001349,Hyundai Verna 1.6 SX CRDi (O),2012,550000,80000,Diesel,Individual,,Second Owner,1349,13,Mid,High,0,Diesel_Manual,Hyundai,6.88,1
CAR_001350,Maruti Alto LX,2012,220000,80000,Petrol,Individual,Manual,Second Owner,1350,13,Low,High,0,Petrol_Manual,Maruti,2.75,0
CAR_001351,Maruti 800 EX,2001,40000,30000,Petrol,Individual,Manual,First Owner,1351,24,Low,Low,0,Petrol_Manual,Maruti,1.33,0
CAR_001352,Renault KWID Climber 1.0 AMT,2017,300000,20000,,Individual,Automatic,First Owner,1352,8,Low,Low,0,Petrol_Automatic,Renault,15,0
CAR_001353,Mahindra Bolero Power Plus SLE,2018,630000,40000,Diesel,Individual,Manual,First Owner,1353,7,High,Medium,0,Diesel_Manual,Mahindra,15.75,1
CAR_001354,Maruti Swift Dzire VDI,2017,610000,40000,Diesel,Individual,Manual,Second Owner,1354,8,High,Medium,0,Diesel_Manual,Maruti,15.25,1
CAR_001355,Hyundai Xcent 1.2 VTVT S,2019,660000,7000,Petrol,Individual,Manual,Second Owner,1355,6,,Low,0,Petrol_Manual,Hyundai,94.29,0
CAR_001356,Maruti Wagon R LXI LPG BSIV,2012,220000,80000,,Individual,,Second Owner,1356,13,Low,High,0,LPG_Manual,Maruti,2.75,0
CAR_001357,Nissan Micra Diesel XV Premium,2011,138000,90000,Diesel,Individual,Manual,Second Owner,1357,14,,High,0,Diesel_Manual,Nissan,1.53,1
CAR_001358,Nissan Micra Diesel XV Premium,2013,210000,13770,Diesel,Individual,Manual,First Owner,1358,12,Low,Low,,Diesel_Manual,Nissan,15.25,1
CAR_001359,Maruti Zen LXi - BS III,2005,125000,34000,Petrol,Dealer,Manual,First Owner,1359,20,Low,Medium,0,Petrol_Manual,Maruti,3.68,0
CAR_001360,Maruti Alto LXi BSIII,2008,125000,102000,Petrol,Dealer,Manual,First Owner,1360,17,Low,High,0,Petrol_Manual,Maruti,1.23,0
CAR_001361,Honda City i DTEC SV,2014,725000,110000,Diesel,Individual,Manual,First Owner,1361,11,High,High,0,Diesel_Manual,Honda,6.59,1
CAR_001362,Maruti Alto K10 2010-2014 VXI,2011,170000,90000,Petrol,Individual,Manual,Second Owner,1362,14,Low,High,0,Petrol_Manual,Maruti,1.89,0
CAR_001363,Toyota Innova 2.5 VX (Diesel) 7 Seater,2015,1200000,70000,Diesel,Individual,Manual,Third Owner,1363,10,Premium,Medium,0,Diesel_Manual,Toyota,17.14,1
CAR_001364,Maruti Wagon R VXI BSIII,2003,70000,90000,Petrol,Individual,Manual,Second Owner,1364,22,Low,High,0,Petrol_Manual,Maruti,0.78,0
CAR_001365,Maruti Alto LXi,2007,100000,70000,Petrol,Individual,Manual,Second Owner,1365,18,Low,Medium,0,Petrol_Manual,Maruti,1.43,0
CAR_001366,Honda Civic 1.8 (E) MT,2006,300000,80000,Petrol,Individual,Manual,Second Owner,1366,19,Low,High,0,Petrol_Manual,Honda,3.75,0
CAR_001367,Maruti Swift VDI,2013,450000,100000,Diesel,Individual,Manual,Second Owner,1367,12,Mid,High,0,Diesel_Manual,Maruti,4.5,1
CAR_001368,Maruti Swift Dzire VDI,2015,530000,100000,Diesel,Individual,Manual,First Owner,1368,10,Mid,High,0,Diesel_Manual,Maruti,5.3,1
CAR_001369,Maruti Zen Estilo 1.1 LXI BSIII,2007,100000,143000,Petrol,Individual,Manual,Third Owner,1369,18,Low,High,0,Petrol_Manual,Maruti,0.7,0
CAR_001370,Honda City 1.5 V MT,2010,350000,115000,Petrol,Individual,Manual,Second Owner,1370,15,Mid,High,0,Petrol_Manual,Honda,3.04,0
CAR_001371,Tata Manza ELAN Quadrajet BS IV,2011,165000,100000,,Individual,Manual,Second Owner,1371,14,Low,High,0,Diesel_Manual,Tata,1.65,1
CAR_001372,Maruti Swift Dzire ZDI,2019,475000,120000,Diesel,Individual,Manual,Second Owner,1372,6,Mid,High,0,Diesel_Manual,Maruti,3.96,1
CAR_001373,Mahindra Xylo E4 ABS BS IV,2013,350000,42000,Diesel,Individual,Manual,First Owner,1373,12,,Medium,,Diesel_Manual,Mahindra,8.33,1
CAR_001374,Renault KWID RXL,2016,229999,,,Individual,Manual,First Owner,1374,9,Low,Medium,0,Petrol_Manual,Renault,6.05,0
CAR_001375,Honda WR-V i-DTEC VX,2018,,,Diesel,Individual,Manual,First Owner,1375,7,High,,0,Diesel_Manual,Honda,22.86,1
CAR_001376,Maruti Swift Dzire ZDI,2014,475000,120000,Diesel,Individual,Manual,Second Owner,1376,11,Mid,,0,Diesel_Manual,Maruti,3.96,1
CAR_001377,Nissan Terrano XL 110 PS,2014,425000,,Diesel,Individual,Manual,First Owner,1377,11,Mid,,0,Diesel_Manual,Nissan,3.1,1
CAR_001378,Maruti Ciaz VDi Plus,2015,660000,97000,Diesel,Individual,Manual,Second Owner,1378,10,High,High,0,Diesel_Manual,Maruti,6.8,1
CAR_001379,Honda Amaze S CVT Petrol,2019,,10000,Petrol,Individual,Automatic,First Owner,1379,6,High,Low,0,Petrol_Automatic,Honda,61,0
CAR_001380,Honda Brio S MT,2013,240000,50000,Petrol,Individual,Manual,Third Owner,1380,12,Low,Medium,0,Petrol_Manual,Honda,4.8,0
CAR_001381,Maruti Esteem Lxi,2005,70000,60000,,Individual,Manual,Second Owner,1381,20,Low,Medium,0,Petrol_Manual,Maruti,1.17,0
CAR_001382,Toyota Corolla Altis Diesel D4DGL,2011,550000,,Diesel,Individual,Manual,First Owner,1382,14,Mid,High,0,Diesel_Manual,Toyota,4.58,1
CAR_001383,Tata Indica Vista Aura 1.2 Safire,2010,100000,,Petrol,Individual,,Second Owner,1383,15,Low,High,0,Petrol_Manual,Tata,0.83,0
CAR_001384,Mahindra Bolero SLE,2010,350000,90000,Diesel,Individual,Manual,Second Owner,1384,15,Mid,High,0,Diesel_Manual,Mahindra,3.89,1
CAR_001385,Hyundai EON Era Plus,2013,200000,120000,Petrol,Individual,Manual,First Owner,1385,12,Low,,0,Petrol_Manual,Hyundai,1.67,0
CAR_001386,Hyundai Elite i20 Asta Option CVT BSIV,2019,720000,3000,Petrol,Individual,Automatic,First Owner,1386,6,High,Low,,Petrol_Automatic,Hyundai,240,0
CAR_001387,Maruti Ritz VDi,2014,350000,133000,Diesel,Individual,Manual,First Owner,1387,11,Mid,High,0,Diesel_Manual,Maruti,2.63,1
CAR_001388,Maruti Wagon R VXI BS IV,2016,400000,25000,Petrol,Individual,Manual,First Owner,1388,9,Mid,Low,0,Petrol_Manual,Maruti,16,0
CAR_001389,Hyundai i20 Active 1.2 S,2017,570000,35000,Petrol,Individual,Manual,First Owner,1389,8,Mid,Medium,0,Petrol_Manual,Hyundai,16.29,0
CAR_001390,Maruti Omni MPI STD BSIV,2015,130000,70000,Petrol,Individual,,First Owner,1390,10,Low,Medium,0,Petrol_Manual,Maruti,1.86,0
CAR_001391,Maruti Alto 800 LXI,2016,210000,52000,,Individual,Manual,First Owner,1391,9,Low,Medium,0,Petrol_Manual,Maruti,4.04,0
CAR_001392,Hyundai Creta 1.4 E Plus,2018,800000,52000,Diesel,Individual,Manual,First Owner,1392,7,High,,0,Diesel_Manual,Hyundai,15.38,1
CAR_001393,Honda Jazz 1.5 E i DTEC,2017,700000,39000,,Individual,Manual,First Owner,1393,8,High,Medium,0,Diesel_Manual,Honda,17.95,1
CAR_001394,Tata Indica Vista Quadrajet VX,2011,200000,28689,Diesel,Individual,Manual,First Owner,1394,14,Low,Low,0,Diesel_Manual,Tata,6.97,1
CAR_001395,Tata Aria Pure LX 4x2,2014,495000,90000,Diesel,Individual,Manual,Second Owner,1395,11,Mid,,0,Diesel_Manual,Tata,5.5,1
CAR_001396,Ford Fiesta Classic 1.4 Duratorq CLXI,2014,325000,,Diesel,Dealer,Manual,First Owner,1396,11,Mid,High,0,Diesel_Manual,Ford,4.05,1
CAR_001397,Ford Freestyle Trend Petrol BSIV,2019,650000,8000,Petrol,Individual,Manual,First Owner,1397,6,High,Low,0,Petrol_Manual,Ford,81.25,0
CAR_001398,Mahindra Jeep MM 775 XDB,2000,,50000,Diesel,Individual,Manual,Second Owner,1398,25,,Medium,0,Diesel_Manual,Mahindra,3.1,1
CAR_001399,Maruti 800 AC BSIII,2007,,90000,Petrol,Individual,Manual,Second Owner,1399,18,Low,High,0,Petrol_Manual,Maruti,0.83,0
CAR_001400,Hyundai Grand i10 1.2 CRDi Magna,2015,350000,61658,Diesel,Dealer,Manual,First Owner,1400,10,Mid,Medium,0,Diesel_Manual,Hyundai,5.68,1
CAR_001401,Maruti Zen Estilo LX BSIV,2010,90000,,Petrol,Individual,Manual,Third Owner,1401,15,Low,Medium,0,Petrol_Manual,Maruti,1.8,0
CAR_001402,Maruti Ertiga SHVS VDI,2016,600000,80000,Diesel,Individual,Manual,First Owner,1402,9,Mid,High,0,Diesel_Manual,Maruti,7.5,1
CAR_001403,Mahindra Scorpio SLE BSIII,2010,,185000,,Individual,Manual,First Owner,1403,15,Mid,Very High,0,Diesel_Manual,Mahindra,2.16,1
CAR_001404,Maruti Swift VDI BSIV,2014,370000,57000,Diesel,Individual,Manual,Second Owner,1404,11,Mid,Medium,0,Diesel_Manual,Maruti,6.49,1
CAR_001405,Maruti 800 DX,2000,50000,60000,Petrol,Individual,Manual,First Owner,1405,25,Low,Medium,0,Petrol_Manual,Maruti,0.83,0
CAR_001406,Honda City 1.5 GXI,2004,125000,120000,Petrol,Individual,Manual,Second Owner,1406,21,Low,High,0,Petrol_Manual,Honda,1.04,0
CAR_001407,Honda CR-V Diesel 4WD,2018,,26000,Diesel,Individual,Automatic,First Owner,1407,7,,Low,0,Diesel_Automatic,Honda,69.23,1
CAR_001408,Hyundai Grand i10 1.2 Kappa Magna AT,2019,650000,20000,Petrol,Individual,Automatic,First Owner,1408,6,High,Low,0,Petrol_Automatic,Hyundai,32.5,0
CAR_001409,Maruti Ertiga BSIV VXI AT,2017,800000,,Petrol,Individual,Automatic,First Owner,1409,8,High,,0,Petrol_Automatic,Maruti,26.14,0
CAR_001410,Volkswagen Polo 1.0 TSI Highline Plus,2020,802000,5000,Petrol,Individual,Manual,First Owner,1410,5,High,Low,0,Petrol_Manual,Volkswagen,160.4,0
CAR_001411,Audi A4 35 TDI Premium,2015,2300000,35000,Diesel,Individual,Automatic,Third Owner,1411,10,,Medium,,Diesel_Automatic,Audi,65.71,1
CAR_001412,Hyundai Xcent 1.1 CRDi SX,2016,430000,35000,,Individual,Manual,First Owner,1412,9,Mid,Medium,0,Diesel_Manual,Hyundai,12.29,1
CAR_001413,Hyundai Verna 1.6 SX VTVT,2017,650000,23000,Petrol,Individual,Manual,First Owner,1413,8,,Low,0,Petrol_Manual,Hyundai,28.26,0
CAR_001414,Mahindra Scorpio 2.6 SLX Turbo 7 Seater,2004,170000,120000,Diesel,Individual,,First Owner,1414,21,Low,High,0,Diesel_Manual,Mahindra,1.42,1
CAR_001415,Skoda Superb Elegance 2.0 TDI CR AT,2011,450000,235000,Diesel,Individual,Automatic,First Owner,1415,14,Mid,Very High,0,Diesel_Automatic,Skoda,1.91,1
CAR_001416,Maruti Alto 800 LXI,2013,250000,87000,Petrol,Individual,Manual,First Owner,1416,12,Low,High,0,Petrol_Manual,Maruti,2.87,0
CAR_001417,Ford Ecosport 1.0 Ecoboost Titanium,2014,550000,72000,Petrol,Individual,Manual,Second Owner,1417,11,,,0,Petrol_Manual,Ford,7.64,0
CAR_001418,Jaguar XF 3.0 Litre S Premium Luxury,2013,2000000,,Diesel,Individual,Automatic,Second Owner,1418,12,Premium,Medium,0,Diesel_Automatic,Jaguar,31.25,1
CAR_001419,Maruti Zen Estilo VXI BSIII,2007,140000,100000,Petrol,Individual,Manual,Second Owner,1419,18,Low,,0,Petrol_Manual,Maruti,1.4,0
CAR_001420,Chevrolet Beat LT,2012,155000,12000,Petrol,Individual,Manual,First Owner,1420,13,Low,Low,0,Petrol_Manual,Chevrolet,12.92,0
CAR_001421,Hyundai Accent Executive,2010,120000,67000,Petrol,Individual,Manual,Third Owner,1421,15,Low,Medium,0,Petrol_Manual,Hyundai,1.79,0
CAR_001422,Toyota Innova 2.5 E 8 STR,2012,287000,70000,Diesel,Individual,Manual,First Owner,1422,13,Low,Medium,0,Diesel_Manual,Toyota,4.1,1
CAR_001423,Maruti Baleno Alpha 1.3,2016,675000,60000,Diesel,Individual,,First Owner,1423,9,High,Medium,0,Diesel_Manual,Maruti,11.25,1
CAR_001424,Hyundai i10 Magna 1.2 iTech SE,2011,235000,74500,Petrol,Individual,Manual,Second Owner,1424,14,Low,High,0,Petrol_Manual,Hyundai,3.15,0
CAR_001425,Hyundai i20 1.4 CRDi Asta,2011,,118700,Diesel,Individual,Manual,Second Owner,1425,14,Low,High,0,Diesel_Manual,Hyundai,2.53,1
CAR_001426,Nissan Micra XL CVT,2015,434999,40000,Petrol,Individual,Automatic,Second Owner,1426,10,Mid,Medium,0,Petrol_Automatic,Nissan,10.87,0
CAR_001427,Mahindra Scorpio VLX AT 2WD BSIII,2004,225000,,Diesel,Individual,Automatic,Third Owner,1427,21,Low,Very High,0,Diesel_Automatic,Mahindra,1.01,1
CAR_001428,Toyota Corolla AE,2006,160000,140000,Petrol,Individual,Manual,Second Owner,1428,19,Low,High,,Petrol_Manual,Toyota,1.14,0
CAR_001429,Hyundai Grand i10 Nios Sportz,2020,600000,5000,Petrol,Individual,Manual,First Owner,1429,5,Mid,Low,0,Petrol_Manual,Hyundai,120,0
CAR_001430,Chevrolet Tavera Neo 3 LT 9 Seats BSIII,2016,,100000,,Individual,,Second Owner,1430,9,Mid,High,0,Diesel_Manual,Chevrolet,4.7,1
CAR_001431,Maruti Swift Dzire VXi,2011,300000,100000,Petrol,Individual,Manual,Second Owner,1431,14,Low,High,0,Petrol_Manual,Maruti,3,0
CAR_001432,Maruti Baleno Delta 1.2,2018,600000,,,Individual,Manual,First Owner,1432,7,Mid,Low,0,Petrol_Manual,Maruti,300,0
CAR_001433,Hyundai Grand i10 Nios AMT Magna,2020,,,Petrol,Individual,Automatic,First Owner,1433,5,High,Low,0,Petrol_Automatic,Hyundai,160,0
CAR_001434,Tata Indica DLS,2006,50000,120000,Diesel,Individual,Manual,Fourth & Above Owner,1434,19,Low,High,0,Diesel_Manual,Tata,0.42,1
CAR_001435,Hyundai Verna 1.6 VTVT S,2015,,35000,,Individual,,First Owner,1435,10,Mid,Medium,0,Petrol_Manual,Hyundai,17.14,0
CAR_001436,Hyundai i10 Magna LPG,2014,290000,29000,LPG,Individual,Manual,First Owner,1436,11,Low,Low,0,LPG_Manual,Hyundai,10,0
CAR_001437,Hyundai Verna 1.6 VTVT S,2015,600000,30000,Petrol,Individual,Manual,First Owner,1437,10,Mid,,0,Petrol_Manual,Hyundai,20,0
CAR_001438,Tata Manza Aqua Quadrajet BS IV,2012,190000,120000,Diesel,Individual,Manual,First Owner,1438,13,Low,High,0,Diesel_Manual,Tata,1.58,1
CAR_001439,Hyundai i10 Era 1.1,2008,160000,,Petrol,Individual,Manual,Third Owner,1439,17,Low,High,0,Petrol_Manual,Hyundai,1.45,0
CAR_001440,Maruti Alto K10 VXI,2017,325000,,Petrol,Individual,Manual,First Owner,1440,8,Mid,Low,,Petrol_Manual,Maruti,21.67,0
CAR_001441,Mahindra Bolero DI,2006,200000,73756,Diesel,Individual,Manual,First Owner,1441,19,Low,High,0,Diesel_Manual,Mahindra,2.71,1
CAR_001442,Toyota Fortuner 2.8 2WD AT BSIV,2018,2800000,40000,Diesel,Individual,Automatic,First Owner,1442,7,Premium,Medium,0,Diesel_Automatic,Toyota,70,1
CAR_001443,Chevrolet Spark 1.0 LS,2011,125000,,Petrol,Individual,Manual,Third Owner,1443,14,Low,Medium,0,Petrol_Manual,Chevrolet,2.08,0
CAR_001444,Hyundai i10 Magna 1.1,2008,155000,60000,Petrol,Individual,Manual,Fourth & Above Owner,1444,17,,Medium,0,Petrol_Manual,Hyundai,2.58,0
CAR_001445,Hyundai i20 Asta 1.4 CRDi,2015,,90000,Diesel,Individual,Manual,First Owner,1445,10,Mid,High,0,Diesel_Manual,Hyundai,6.11,1
CAR_001446,Maruti Wagon R LX BSIII,2009,130000,70000,Petrol,Individual,Manual,Fourth & Above Owner,1446,16,Low,Medium,0,Petrol_Manual,Maruti,1.86,0
CAR_001447,Maruti 800 AC,2002,80000,70000,Petrol,Individual,Manual,Second Owner,1447,23,Low,Medium,0,Petrol_Manual,Maruti,1.14,0
CAR_001448,Toyota Etios Cross 1.4L GD,2015,500000,80000,Diesel,Individual,Manual,Second Owner,1448,10,Mid,High,0,Diesel_Manual,Toyota,6.25,1
CAR_001449,Renault KWID RXT BSIV,2019,,27000,Petrol,Individual,Manual,First Owner,1449,6,Low,Low,,Petrol_Manual,Renault,9.26,0
CAR_001450,Mahindra XUV500 W8 2WD,2012,580000,70000,Diesel,Individual,Manual,First Owner,1450,13,Mid,Medium,0,Diesel_Manual,Mahindra,8.29,1
CAR_001451,Daewoo Matiz SD,2002,,50000,Petrol,Individual,Manual,First Owner,1451,23,Low,Medium,0,Petrol_Manual,Daewoo,1.2,0
CAR_001452,Toyota Etios GD,2012,300000,185000,Diesel,Individual,Manual,First Owner,1452,13,Low,Very High,0,Diesel_Manual,Toyota,1.62,1
CAR_001453,Ford Figo Diesel Titanium,2014,200000,,Diesel,Individual,Manual,Second Owner,1453,11,Low,High,0,Diesel_Manual,Ford,2.22,1
CAR_001454,Tata Hexa XT,2017,1200000,,Diesel,Individual,,First Owner,1454,8,Premium,Low,0,Diesel_Manual,Tata,73.17,1
CAR_001455,Toyota Etios Cross 1.4L GD,2015,350000,80000,Diesel,Individual,Manual,Second Owner,1455,10,Mid,High,0,Diesel_Manual,Toyota,4.38,1
CAR_001456,Mahindra XUV500 W8 4WD,2012,600000,80000,Diesel,Individual,Manual,Second Owner,1456,13,Mid,High,0,Diesel_Manual,Mahindra,7.5,1
CAR_001457,Honda Jazz V,2019,,4000,Petrol,Individual,Manual,First Owner,1457,6,High,Low,,Petrol_Manual,Honda,162.5,0
CAR_001458,Maruti A-Star Lxi,2008,120000,,Petrol,Individual,Manual,First Owner,1458,17,Low,Medium,,Petrol_Manual,Maruti,3,0
CAR_001459,Tata New Safari DICOR 2.2 EX 4x2,2010,180000,120000,Diesel,Individual,Manual,Second Owner,1459,15,Low,High,0,Diesel_Manual,Tata,1.5,1
CAR_001460,Hyundai Verna VTVT 1.6 AT SX Option,2018,950000,41395,Petrol,Individual,Automatic,First Owner,1460,7,High,Medium,0,Petrol_Automatic,Hyundai,22.95,0
CAR_001461,Tata Manza Aura Quadrajet BS IV,2012,250999,35000,,Individual,Manual,Second Owner,1461,13,Low,Medium,0,Diesel_Manual,Tata,7.17,1
CAR_001462,Skoda Laura Ambiente 2.0 TDI CR MT,2012,385000,52000,Diesel,Dealer,Manual,First Owner,1462,13,Mid,Medium,0,Diesel_Manual,Skoda,7.4,1
CAR_001463,Audi A8 L 3.0 TDI quattro,2009,1250000,47000,Diesel,Dealer,Automatic,Second Owner,1463,16,Premium,,0,Diesel_Automatic,Audi,26.6,1
CAR_001464,Chevrolet Beat LT,2013,165000,50000,Petrol,Individual,,First Owner,1464,12,Low,Medium,0,Petrol_Manual,Chevrolet,3.3,0
CAR_001465,Hyundai Elantra SX,2015,700000,48000,Petrol,Dealer,,First Owner,1465,10,High,Medium,0,Petrol_Manual,Hyundai,14.58,0
CAR_001466,Mahindra XUV500 W8 4WD,2015,750000,53000,Diesel,Dealer,Manual,First Owner,1466,10,High,Medium,,Diesel_Manual,Mahindra,14.15,1
CAR_001467,Mahindra Renault Logan 1.5 DLS,2008,89999,213000,Diesel,Individual,Manual,First Owner,1467,17,,Very High,0,Diesel_Manual,Mahindra,0.42,1
CAR_001468,Datsun redi-GO AMT 1.0 T Option,2018,,15000,Petrol,Dealer,Automatic,First Owner,1468,7,Low,Low,0,Petrol_Automatic,Datsun,19.33,0
CAR_001469,Tata Nano Cx BSIII,2014,45000,7000,Petrol,Individual,Manual,Second Owner,1469,11,Low,Low,0,Petrol_Manual,Tata,6.43,0
CAR_001470,Skoda Superb Ambition 2.0 TDI CR AT,2013,675000,88000,Diesel,Dealer,Automatic,First Owner,1470,12,High,High,0,Diesel_Automatic,Skoda,7.67,1
CAR_001471,Nissan Terrano XL Plus 85 PS,2015,530000,55000,Diesel,Dealer,Manual,First Owner,1471,10,Mid,Medium,0,Diesel_Manual,Nissan,9.64,1
CAR_001472,BMW X1 sDrive20d M Sport,2014,1485000,48000,Diesel,Dealer,Automatic,First Owner,1472,11,Premium,Medium,0,Diesel_Automatic,BMW,30.94,1
CAR_001473,Chevrolet Enjoy TCDi LT 7 Seater,2014,325000,71014,Diesel,Dealer,Manual,First Owner,1473,11,Mid,High,0,Diesel_Manual,Chevrolet,4.58,1
CAR_001474,Honda Amaze S Diesel,2015,400000,60000,Diesel,Dealer,Manual,First Owner,1474,10,Mid,Medium,0,Diesel_Manual,Honda,6.67,1
CAR_001475,Mahindra KUV 100 D75 K6 Plus,2017,380000,71000,,Dealer,Manual,First Owner,1475,8,Mid,High,0,Diesel_Manual,Mahindra,5.35,1
CAR_001476,Honda City i-VTEC CVT VX,2016,750000,45000,Petrol,Dealer,Automatic,First Owner,1476,9,High,,0,Petrol_Automatic,Honda,16.67,0
CAR_001477,Honda Brio VX,2017,,,Petrol,Dealer,Manual,First Owner,1477,8,,Medium,0,Petrol_Manual,Honda,8.67,0
CAR_001478,Maruti Alto LXi,2009,110000,20000,Petrol,Individual,Manual,First Owner,1478,16,Low,Low,,Petrol_Manual,Maruti,5.5,0
CAR_001479,MG Hector Sharp Diesel MT BSIV,2019,1825000,14000,Diesel,Dealer,Manual,First Owner,1479,6,Premium,,0,Diesel_Manual,MG,130.36,1
CAR_001480,Audi A4 35 TDI Premium Plus,2019,3256000,17000,Diesel,Dealer,Automatic,First Owner,1480,6,Premium,Low,0,Diesel_Automatic,Audi,191.53,1
CAR_001481,Renault Scala Diesel RxL,2015,370000,60000,Diesel,Dealer,Manual,First Owner,1481,10,,Medium,0,Diesel_Manual,Renault,6.17,1
CAR_001482,Chevrolet Beat Diesel LT,2013,210000,80000,Diesel,Individual,Manual,Second Owner,1482,12,Low,High,0,Diesel_Manual,Chevrolet,2.62,1
CAR_001483,Skoda Laura Ambiente 1.9 PD,2007,,181000,Diesel,Individual,Manual,Fourth & Above Owner,1483,18,Low,Very High,0,Diesel_Manual,Skoda,0.97,1
CAR_001484,Hyundai Verna 1.6 SX CRDi (O),2012,575000,89550,Diesel,Individual,Manual,Second Owner,1484,13,Mid,,0,Diesel_Manual,Hyundai,6.42,1
CAR_001485,Mahindra Xylo D4,2010,320000,90000,Diesel,Individual,Manual,Third Owner,1485,15,Mid,High,0,Diesel_Manual,Mahindra,3.56,1
CAR_001486,Maruti Swift Ldi BSIV,2010,280000,149500,Diesel,Individual,Manual,Third Owner,1486,15,Low,High,0,Diesel_Manual,Maruti,1.87,1
CAR_001487,Renault Duster 85PS Diesel RxL Optional,2013,500000,,Diesel,Individual,Manual,Second Owner,1487,12,Mid,Very High,0,Diesel_Manual,Renault,2.63,1
CAR_001488,Ford Fiesta Diesel Style,2013,380000,83000,Diesel,Dealer,Manual,First Owner,1488,12,Mid,High,,Diesel_Manual,Ford,4.58,1
CAR_001489,Maruti 800 AC BSIII,2005,120000,20000,Petrol,Individual,Manual,Second Owner,1489,20,Low,Low,0,Petrol_Manual,Maruti,6,0
CAR_001490,Maruti Eeco 5 Seater AC BSIV,2018,395000,20000,Petrol,Individual,Manual,First Owner,1490,7,Mid,Low,0,Petrol_Manual,Maruti,19.75,0
CAR_001491,Skoda Laura 1.9 TDI MT Ambiente,2010,360000,160000,Diesel,Individual,Manual,First Owner,1491,15,Mid,Very High,0,Diesel_Manual,Skoda,2.25,1
CAR_001492,Nissan Terrano XL Plus 85 PS,2015,451000,100000,,Individual,Manual,First Owner,1492,10,Mid,High,0,Diesel_Manual,Nissan,4.51,1
CAR_001493,Chevrolet Spark 1.0 LS,2010,175000,45000,Petrol,Individual,,Second Owner,1493,15,Low,Medium,0,Petrol_Manual,Chevrolet,3.89,0
CAR_001494,Chevrolet Spark 1.0 LS,2009,170000,44800,Petrol,Individual,,Second Owner,1494,16,Low,Medium,0,Petrol_Manual,Chevrolet,3.79,0
CAR_001495,Hyundai Santro Xing XL eRLX Euro III,2006,100000,40000,Petrol,Individual,Manual,Second Owner,1495,19,Low,Medium,0,Petrol_Manual,Hyundai,2.5,0
CAR_001496,Maruti Omni MPI STD BSIV,2014,150000,120000,Petrol,Individual,Manual,Third Owner,1496,11,Low,,0,Petrol_Manual,Maruti,1.25,0
CAR_001497,Tata Indica Vista Quadrajet LX,2011,149000,10000,,Individual,Manual,Second Owner,1497,14,Low,Low,0,Diesel_Manual,Tata,14.9,1
CAR_001498,Tata Indica Vista Aqua 1.3 Quadrajet,2011,160000,80000,Diesel,Individual,Manual,Second Owner,1498,14,Low,High,0,Diesel_Manual,Tata,2,1
CAR_001499,Datsun GO Plus T Option Petrol,2018,434999,10000,,Individual,,First Owner,1499,7,Mid,Low,0,Petrol_Manual,Datsun,43.5,0
CAR_001500,Mahindra XUV500 W8 4WD,2014,800000,156000,Diesel,Individual,Manual,First Owner,1500,11,,Very High,0,Diesel_Manual,Mahindra,5.13,1
CAR_001501,Toyota Innova 2.5 VX (Diesel) 7 Seater BS IV,2010,819999,120000,Diesel,Individual,Manual,Second Owner,1501,15,High,High,0,Diesel_Manual,Toyota,6.83,1
CAR_001502,Maruti Baleno Vxi,2007,,100000,Petrol,Individual,Manual,Second Owner,1502,18,Low,High,0,Petrol_Manual,Maruti,1.63,0
CAR_001503,Mercedes-Benz E-Class 220 CDI,2001,350000,100000,Diesel,Individual,Manual,Second Owner,1503,24,Mid,High,0,Diesel_Manual,Mercedes-Benz,3.5,1
CAR_001504,Tata Indica GLS BS IV,2006,75000,100000,Petrol,Individual,Manual,Second Owner,1504,19,Low,High,0,Petrol_Manual,Tata,0.75,0
CAR_001505,Maruti Alto LXi,2012,180000,60000,Petrol,Individual,Manual,Second Owner,1505,13,,Medium,0,Petrol_Manual,Maruti,3,0
CAR_001506,Ford Figo Aspire 1.5 TDCi Trend,2017,,30000,Diesel,Individual,Manual,First Owner,1506,8,High,Low,0,Diesel_Manual,Ford,22.5,1
CAR_001507,Maruti Swift VDI,2013,400000,170000,Diesel,Individual,Manual,First Owner,1507,12,Mid,Very High,0,Diesel_Manual,Maruti,2.35,1
CAR_001508,Volkswagen Polo Diesel Highline 1.2L,2013,434999,100000,Diesel,Individual,Manual,Second Owner,1508,12,Mid,High,,Diesel_Manual,Volkswagen,4.35,1
CAR_001509,Tata Indigo GLX,2006,100000,110000,Petrol,Individual,Manual,Second Owner,1509,19,Low,High,0,Petrol_Manual,Tata,0.91,0
CAR_001510,Maruti Swift Dzire LDI Optional,2015,,170000,Diesel,Individual,Manual,Second Owner,1510,10,Mid,Very High,0,Diesel_Manual,Maruti,2.46,1
CAR_001511,Tata Indica GLS BS IV,2009,200000,100000,Petrol,Individual,Manual,First Owner,1511,16,Low,High,0,Petrol_Manual,Tata,2,0
CAR_001512,Renault Scala Diesel RxL,2014,400000,35000,Diesel,Individual,Manual,First Owner,1512,11,Mid,Medium,0,Diesel_Manual,Renault,11.43,1
CAR_001513,Ford EcoSport 1.5 Diesel Ambiente BSIV,2018,790000,40000,,Individual,Manual,Second Owner,1513,7,High,Medium,,Diesel_Manual,Ford,19.75,1
CAR_001514,Renault Duster 85PS Diesel RxL Plus,2015,500000,90000,Diesel,Individual,Manual,Second Owner,1514,10,Mid,High,0,Diesel_Manual,Renault,5.56,1
CAR_001515,Skoda Rapid 1.6 TDI Elegance,2012,275000,120000,Diesel,Individual,Manual,Second Owner,1515,13,Low,High,0,Diesel_Manual,Skoda,2.29,1
CAR_001516,Hyundai i20 1.4 CRDi Sportz,2012,,120000,Diesel,Individual,Manual,Second Owner,1516,13,Mid,High,0,Diesel_Manual,Hyundai,3.75,1
CAR_001517,Mahindra XUV500 W11 Option AWD,2020,1400000,,Diesel,Dealer,Manual,First Owner,1517,5,Premium,Low,0,Diesel_Manual,Mahindra,56,1
CAR_001518,Renault Duster 110PS Diesel RxL,2015,800000,15000,Diesel,Individual,Manual,First Owner,1518,10,High,Low,0,Diesel_Manual,Renault,53.33,1
CAR_001519,Maruti Wagon R VXI,2014,315000,41000,Petrol,Dealer,Manual,First Owner,1519,11,,Medium,0,Petrol_Manual,Maruti,7.68,0
CAR_001520,Maruti Baleno Alpha,2019,700000,16000,Petrol,Individual,Manual,First Owner,1520,6,High,Low,0,Petrol_Manual,Maruti,43.75,0
CAR_001521,Mahindra Bolero SLX,2016,585000,51000,Diesel,Dealer,Manual,First Owner,1521,9,Mid,,0,Diesel_Manual,Mahindra,11.47,1
CAR_001522,Chevrolet Sail 1.2 LT ABS,2014,350000,30000,,Individual,Manual,First Owner,1522,11,,Low,0,Petrol_Manual,Chevrolet,11.67,0
CAR_001523,Honda City i-DTEC SV,2014,,80000,Diesel,Dealer,Manual,First Owner,1523,11,Mid,High,0,Diesel_Manual,Honda,6.19,1
CAR_001524,Hyundai Grand i10 1.2 Kappa Asta,2017,500000,,Petrol,Individual,Manual,First Owner,1524,8,Mid,Medium,0,Petrol_Manual,Hyundai,10,0
CAR_001525,Hyundai Grand i10 1.2 Kappa Sportz Option,2013,345000,44000,Petrol,Dealer,Manual,First Owner,1525,12,Mid,Medium,0,Petrol_Manual,Hyundai,7.84,0
CAR_001526,Maruti Baleno Sigma 1.2,2015,500000,10000,Petrol,Individual,Manual,First Owner,1526,10,Mid,Low,0,Petrol_Manual,Maruti,50,0
CAR_001527,Maruti Wagon R VXI,2016,360000,33000,Petrol,Dealer,Manual,First Owner,1527,9,Mid,,0,Petrol_Manual,Maruti,10.91,0
CAR_001528,Maruti Alto LXi BSIII,2010,210000,,Petrol,Individual,Manual,First Owner,1528,15,Low,Low,0,Petrol_Manual,Maruti,8.4,0
CAR_001529,Maruti Alto K10 LXI,2014,220000,66000,,Dealer,Manual,First Owner,1529,11,Low,Medium,0,Petrol_Manual,Maruti,3.33,0
CAR_001530,Chevrolet Aveo 1.4 LT BSIV,2009,250000,48000,Petrol,Individual,Manual,First Owner,1530,16,Low,Medium,0,Petrol_Manual,Chevrolet,5.21,0
CAR_001531,Toyota Innova 2.5 G (Diesel) 8 Seater,2016,990000,146000,Diesel,Dealer,Manual,First Owner,1531,9,High,High,,Diesel_Manual,Toyota,6.78,1
CAR_001532,Mahindra Quanto C4,2013,220000,,Diesel,Individual,Manual,Fourth & Above Owner,1532,12,Low,High,0,Diesel_Manual,Mahindra,2.2,1
CAR_001533,Jaguar XF 3.0 Litre S Premium Luxury,2012,1800000,50000,Diesel,Individual,Automatic,Second Owner,1533,13,Premium,,0,Diesel_Automatic,Jaguar,36,1
CAR_001534,Honda City i VTEC V,2014,530000,50000,Petrol,Individual,Manual,First Owner,1534,11,Mid,Medium,0,Petrol_Manual,Honda,10.6,0
CAR_001535,Maruti Baleno Alpha 1.3,2016,575000,50000,Diesel,Individual,Manual,First Owner,1535,9,Mid,Medium,0,Diesel_Manual,Maruti,11.5,1
CAR_001536,Mahindra Xylo E4,2012,400000,99000,Diesel,Dealer,Manual,First Owner,1536,13,Mid,High,0,Diesel_Manual,Mahindra,4.04,1
CAR_001537,Honda Mobilio S i DTEC,2016,680000,50000,Diesel,Individual,Manual,First Owner,1537,9,,Medium,0,Diesel_Manual,Honda,13.6,1
CAR_001538,Hyundai Santa Fe 4WD AT,2014,1000000,80000,Diesel,Individual,Automatic,First Owner,1538,11,High,High,0,Diesel_Automatic,Hyundai,12.5,1
CAR_001539,Maruti Alto 800 LXI,2016,260000,45000,Petrol,Individual,,Second Owner,1539,9,Low,Medium,0,Petrol_Manual,Maruti,5.78,0
CAR_001540,Tata Manza Aura (ABS) Safire BS IV,2010,150000,50000,Petrol,Individual,Manual,Second Owner,1540,15,Low,Medium,0,Petrol_Manual,Tata,3,0
CAR_001541,Maruti Alto LXi BSIII,2008,180000,70000,Petrol,Individual,,Third Owner,1541,17,Low,Medium,,Petrol_Manual,Maruti,2.57,0
CAR_001542,Force One EX,2014,346000,37516,Diesel,Individual,Manual,First Owner,1542,11,Mid,Medium,0,Diesel_Manual,Force,9.22,1
CAR_001543,Mahindra Xylo D2 BS IV,2015,450000,20000,Diesel,Individual,Manual,First Owner,1543,10,Mid,Low,0,Diesel_Manual,Mahindra,22.5,1
CAR_001544,Hyundai Grand i10 1.2 Kappa Sportz BSIV,2019,,5000,Petrol,Individual,Manual,First Owner,1544,6,Mid,Low,0,Petrol_Manual,Hyundai,100,0
CAR_001545,Hyundai Grand i10 1.2 CRDi Asta,2019,700000,8000,Diesel,Individual,Manual,First Owner,1545,6,,Low,,Diesel_Manual,Hyundai,87.5,1
CAR_001546,Maruti Alto 800 LXI,2019,280000,25880,Petrol,Individual,Manual,First Owner,1546,6,,Low,0,Petrol_Manual,Maruti,10.82,0
CAR_001547,Hyundai Santro Magna AMT BSIV,2019,475000,10000,Petrol,Individual,Automatic,First Owner,1547,6,Mid,Low,0,Petrol_Automatic,Hyundai,47.5,0
CAR_001548,Maruti Swift Dzire VDi,2009,300000,50000,Diesel,Individual,Manual,First Owner,1548,16,Low,Medium,0,Diesel_Manual,Maruti,6,1
CAR_001549,Maruti Alto K10 LXI,2014,200999,40000,Petrol,Individual,Manual,First Owner,1549,11,Low,Medium,0,Petrol_Manual,Maruti,5.02,0
CAR_001550,Skoda Laura 1.9 TDI MT Ambiente,2009,200000,,Diesel,Individual,Manual,Third Owner,1550,16,Low,High,0,Diesel_Manual,Skoda,2,1
CAR_001551,Chevrolet Aveo U-VA 1.2 LS,2009,,80000,Petrol,Individual,Manual,Second Owner,1551,16,Low,High,0,Petrol_Manual,Chevrolet,2.62,0
CAR_001552,Tata Indigo LS BSII,2012,,110000,Diesel,Individual,Manual,First Owner,1552,13,Low,High,0,Diesel_Manual,Tata,1.45,1
CAR_001553,Hyundai Verna CRDi SX ABS,2009,,136000,Diesel,Individual,Manual,Second Owner,1553,16,Low,High,0,Diesel_Manual,Hyundai,1.29,1
CAR_001554,Tata New Safari DICOR 2.2 GX 4x2 BS IV,2012,320000,80000,Diesel,Individual,Manual,First Owner,1554,13,Mid,High,0,Diesel_Manual,Tata,4,1
CAR_001555,Maruti Alto LXi,2009,110000,50000,,Individual,Manual,Second Owner,1555,16,Low,Medium,0,Petrol_Manual,Maruti,2.2,0
CAR_001556,Maruti Wagon R LXI Minor,2008,300000,30000,Petrol,Individual,Manual,First Owner,1556,17,Low,Low,,Petrol_Manual,Maruti,10,0
CAR_001557,Honda City V MT,2012,700000,,Petrol,Individual,Manual,First Owner,1557,13,High,Low,0,Petrol_Manual,Honda,70,0
CAR_001558,Tata Indica Vista Aura 1.3 Quadrajet,2009,135000,90000,Diesel,Individual,Manual,Fourth & Above Owner,1558,16,Low,,0,Diesel_Manual,Tata,1.5,1
CAR_001559,Mahindra Bolero Power Plus Plus Non AC BSIV PS,2015,500000,110000,Diesel,Individual,Manual,First Owner,1559,10,Mid,High,,Diesel_Manual,Mahindra,4.55,1
CAR_001560,Mahindra Scorpio VLX 2WD AIRBAG BSIV,2012,550000,,Diesel,Individual,Manual,Second Owner,1560,13,Mid,High,,Diesel_Manual,Mahindra,4.58,1
CAR_001561,Toyota Innova 2.5 Z Diesel 7 Seater BS IV,2014,1050000,90000,Diesel,Individual,Manual,Third Owner,1561,11,Premium,High,0,Diesel_Manual,Toyota,11.67,1
CAR_001562,Honda City i VTEC V,2016,500000,20000,Petrol,Individual,Manual,First Owner,1562,9,Mid,Low,0,Petrol_Manual,Honda,25,0
CAR_001563,Maruti Ritz VDi,2011,180000,,,Individual,Manual,Second Owner,1563,14,Low,High,0,Diesel_Manual,Maruti,2,1
CAR_001564,Hyundai Santro Xing GLS,2010,170000,50000,,Individual,Manual,Second Owner,1564,15,Low,Medium,0,Petrol_Manual,Hyundai,3.4,0
CAR_001565,Honda Brio 1.2 S Option MT,2019,,9000,Petrol,Individual,Manual,First Owner,1565,6,Mid,Low,0,Petrol_Manual,Honda,53.89,0
CAR_001566,Maruti A-Star Vxi,2011,150000,70000,Petrol,Individual,Manual,Second Owner,1566,14,Low,Medium,0,Petrol_Manual,Maruti,2.14,0
CAR_001567,Maruti Alto K10 VXI Airbag,2018,380000,25000,Petrol,Individual,Manual,First Owner,1567,7,Mid,Low,0,Petrol_Manual,Maruti,15.2,0
CAR_001568,Hyundai Santro Sportz BSIV,2019,480000,10000,Petrol,Individual,Manual,First Owner,1568,6,Mid,Low,0,Petrol_Manual,Hyundai,48,0
CAR_001569,Tata Indica Vista Aura 1.3 Quadrajet,2009,135000,90000,Diesel,Individual,Manual,Fourth & Above Owner,1569,16,Low,High,0,Diesel_Manual,Tata,1.5,1
CAR_001570,Volkswagen Polo Diesel Highline 1.2L,2011,290000,,Diesel,Individual,Manual,Second Owner,1570,14,Low,Medium,0,Diesel_Manual,Volkswagen,4.83,1
CAR_001571,Fiat Linea Dynamic,2013,350000,70000,Petrol,Individual,Manual,First Owner,1571,12,Mid,Medium,0,Petrol_Manual,Fiat,5,0
CAR_001572,Maruti Alto 800 LXI,2014,110000,25000,Petrol,Individual,Manual,First Owner,1572,11,,Low,0,Petrol_Manual,Maruti,4.4,0
CAR_001573,Hyundai Santro LE zipPlus,2003,70000,80000,Petrol,Individual,Manual,Third Owner,1573,22,Low,High,0,Petrol_Manual,Hyundai,0.88,0
CAR_001574,Volkswagen Vento Petrol Highline AT,2011,300000,70000,Petrol,Individual,Automatic,Third Owner,1574,14,Low,Medium,0,Petrol_Automatic,Volkswagen,4.29,0
CAR_001575,Maruti Alto 800 LX,2017,180000,60000,Petrol,Individual,Manual,First Owner,1575,8,Low,Medium,0,Petrol_Manual,Maruti,3,0
CAR_001576,Renault KWID RXL,2020,300000,20000,Petrol,Individual,Manual,First Owner,1576,5,Low,Low,0,Petrol_Manual,Renault,15,0
CAR_001577,Maruti Baleno Delta 1.2,2017,509000,60000,Petrol,Individual,Manual,First Owner,1577,8,Mid,Medium,0,Petrol_Manual,Maruti,8.48,0
CAR_001578,Maruti SX4 S Cross DDiS 320 Zeta,2016,650000,80000,Diesel,Individual,Manual,First Owner,1578,9,High,High,0,Diesel_Manual,Maruti,8.12,1
CAR_001579,Maruti Swift VDI BSIV,2015,450000,70000,Diesel,Individual,Manual,Third Owner,1579,10,,Medium,0,Diesel_Manual,Maruti,6.43,1
CAR_001580,Mahindra Jeep Classic,1999,170000,2020,Diesel,Individual,Manual,Second Owner,1580,26,Low,Low,,Diesel_Manual,Mahindra,84.16,1
CAR_001581,Mahindra Scorpio 2.6 Turbo 7 Str,2007,,100000,Diesel,Individual,Manual,Second Owner,1581,18,Low,High,0,Diesel_Manual,Mahindra,2.1,1
CAR_001582,Hyundai i20 Asta 1.4 CRDi,2013,360000,80000,Diesel,Individual,Manual,Second Owner,1582,12,Mid,High,0,Diesel_Manual,Hyundai,4.5,1
CAR_001583,Toyota Innova 2.5 GX (Diesel) 7 Seater BS IV,2011,,120000,Diesel,Individual,Manual,Second Owner,1583,14,Mid,High,,Diesel_Manual,Toyota,4.12,1
CAR_001584,Maruti Alto LX,2006,105000,100000,Petrol,Individual,Manual,Third Owner,1584,19,Low,High,,Petrol_Manual,Maruti,1.05,0
CAR_001585,Hyundai i20 Magna,2010,270000,60000,Petrol,Individual,Manual,Third Owner,1585,15,Low,Medium,0,Petrol_Manual,Hyundai,4.5,0
CAR_001586,Ford Figo Petrol LXI,2010,130000,110000,Petrol,Individual,Manual,First Owner,1586,15,Low,High,0,Petrol_Manual,Ford,1.18,0
CAR_001587,Honda City i DTEC S,2014,,90000,Diesel,Individual,Manual,Second Owner,1587,11,High,High,0,Diesel_Manual,Honda,7.78,1
CAR_001588,Chevrolet Cruze LTZ,2012,400000,40000,Diesel,Individual,Manual,First Owner,1588,13,Mid,Medium,0,Diesel_Manual,Chevrolet,10,1
CAR_001589,Maruti Swift ZXI ABS,2009,250000,,Petrol,Individual,Manual,Second Owner,1589,16,Low,Medium,0,Petrol_Manual,Maruti,4.17,0
CAR_001590,Honda Amaze VX i-DTEC,2013,325000,94000,Diesel,Individual,Manual,Second Owner,1590,12,Mid,High,0,Diesel_Manual,Honda,3.46,1
CAR_001591,Maruti Alto LXi,2008,69000,100000,Petrol,Individual,Manual,First Owner,1591,17,Low,,0,Petrol_Manual,Maruti,0.69,0
CAR_001592,Mahindra Scorpio S11 BSIV,2018,1380000,25000,Diesel,Individual,Manual,First Owner,1592,7,Premium,Low,0,Diesel_Manual,Mahindra,55.2,1
CAR_001593,Maruti Zen Estilo VXI BSIII,2007,90000,90000,Petrol,Individual,Manual,First Owner,1593,18,Low,High,0,Petrol_Manual,Maruti,1,0
CAR_001594,Mahindra XUV500 W6 1.99 mHawk,2016,,40000,Diesel,Individual,Manual,First Owner,1594,9,High,Medium,0,Diesel_Manual,Mahindra,25,1
CAR_001595,Hyundai Accent GLE CNG,2010,145000,90000,CNG,Individual,Manual,Second Owner,1595,15,Low,High,0,CNG_Manual,Hyundai,1.61,0
CAR_001596,Maruti Alto K10 LX,2020,250000,1100,Petrol,Individual,Manual,Fourth & Above Owner,1596,5,Low,Low,0,Petrol_Manual,Maruti,227.27,0
CAR_001597,Maruti Swift VDI,2011,256000,70000,Diesel,Individual,Manual,Third Owner,1597,14,Low,Medium,0,Diesel_Manual,Maruti,3.66,1
CAR_001598,Tata Indica DLS,2005,70000,120000,Diesel,Individual,Manual,First Owner,1598,20,Low,High,0,Diesel_Manual,Tata,0.58,1
CAR_001599,Maruti Wagon R VX,2000,50000,,Petrol,Individual,Manual,Fourth & Above Owner,1599,25,Low,High,0,Petrol_Manual,Maruti,0.56,0
CAR_001600,Renault KWID RXT,2016,240000,70000,Petrol,Individual,Manual,Second Owner,1600,9,Low,Medium,0,Petrol_Manual,Renault,3.43,0
CAR_001601,Tata Indica Vista Aqua 1.2 Safire BSIV,2010,,128000,,Individual,Manual,First Owner,1601,15,Low,High,0,Petrol_Manual,Tata,0.76,0
CAR_001602,Tata Indigo CR4,2012,130000,120000,Diesel,Individual,,First Owner,1602,13,Low,,0,Diesel_Manual,Tata,1.08,1
CAR_001603,Maruti Swift 1.3 VXi,2009,,52536,Petrol,Individual,Manual,First Owner,1603,16,Low,Medium,0,Petrol_Manual,Maruti,3.79,0
CAR_001604,Honda Civic 1.8 S AT,2006,125000,70000,Petrol,Individual,Automatic,First Owner,1604,19,Low,Medium,,Petrol_Automatic,Honda,1.79,0
CAR_001605,Hyundai Xcent 1.1 CRDi Base,2015,420000,60000,Diesel,Individual,Manual,First Owner,1605,10,Mid,Medium,0,Diesel_Manual,Hyundai,7,1
CAR_001606,Mahindra NuvoSport N8,2016,525000,110000,Diesel,Individual,Manual,First Owner,1606,9,Mid,High,0,Diesel_Manual,Mahindra,4.77,1
CAR_001607,Hyundai Santro Xing GLS,2008,125000,,Petrol,Individual,,First Owner,1607,17,Low,High,0,Petrol_Manual,Hyundai,1.47,0
CAR_001608,Hyundai Verna Transform CRDi VGT SX ABS,2010,325000,,Diesel,Individual,Manual,First Owner,1608,15,Mid,,0,Diesel_Manual,Hyundai,2.41,1
CAR_001609,Volkswagen Vento New Diesel Highline,2012,330000,86000,,Individual,Manual,Fourth & Above Owner,1609,13,Mid,High,0,Diesel_Manual,Volkswagen,3.84,1
CAR_001610,Maruti Wagon R LXI BS IV,2010,110000,50000,Petrol,Individual,Manual,First Owner,1610,15,Low,Medium,0,Petrol_Manual,Maruti,2.2,0
CAR_001611,Maruti S-Presso VXI Plus,2019,450000,1950,Petrol,Individual,Manual,First Owner,1611,6,Mid,Low,0,Petrol_Manual,Maruti,230.77,0
CAR_001612,Maruti Swift 1.3 VXi,2005,85000,118400,Petrol,Individual,Manual,First Owner,1612,20,Low,,0,Petrol_Manual,Maruti,0.72,0
CAR_001613,Honda Civic 1.8 S MT,2007,,70000,Petrol,Individual,Manual,Second Owner,1613,18,Low,Medium,0,Petrol_Manual,Honda,3.29,0
CAR_001614,Hyundai i10 Magna,2012,250000,60000,Petrol,Individual,Manual,Second Owner,1614,13,Low,Medium,0,Petrol_Manual,Hyundai,4.17,0
CAR_001615,Ford Ecosport 1.5 DV5 MT Titanium,2015,650000,68000,Diesel,Individual,Manual,First Owner,1615,10,High,,0,Diesel_Manual,Ford,9.56,1
CAR_001616,Maruti Swift Dzire VDI,2017,600000,,Diesel,Trustmark Dealer,Manual,First Owner,1616,8,Mid,Medium,0,Diesel_Manual,Maruti,12.9,1
CAR_001617,Toyota Etios Liva 1.2 VX,2017,650000,6480,Petrol,Trustmark Dealer,Manual,First Owner,1617,8,High,Low,0,Petrol_Manual,Toyota,100.31,0
CAR_001618,Maruti Vitara Brezza VDi,2017,750000,32077,Diesel,Trustmark Dealer,Manual,First Owner,1618,8,High,Medium,0,Diesel_Manual,Maruti,23.38,1
CAR_001619,Toyota Yaris G,2018,,19107,Petrol,Trustmark Dealer,Manual,First Owner,1619,7,,Low,0,Petrol_Manual,Toyota,44.49,0
CAR_001620,Hyundai EON Era Plus Option,2017,315000,18469,Petrol,Trustmark Dealer,Manual,First Owner,1620,8,Mid,Low,0,Petrol_Manual,Hyundai,17.06,0
CAR_001621,Maruti Swift LXI Option,2015,415000,28217,Petrol,Trustmark Dealer,Manual,First Owner,1621,10,Mid,Low,0,Petrol_Manual,Maruti,14.71,0
CAR_001622,Maruti Ciaz ZDi Plus,2016,640000,72787,Diesel,Trustmark Dealer,Manual,First Owner,1622,9,High,High,0,Diesel_Manual,Maruti,8.79,1
CAR_001623,Maruti Ciaz 1.4 Alpha,2017,780000,31063,Petrol,Trustmark Dealer,Manual,First Owner,1623,8,High,Medium,0,Petrol_Manual,Maruti,25.11,0
CAR_001624,Toyota Fortuner 4x2 AT,2017,2595000,79641,Diesel,Trustmark Dealer,Automatic,First Owner,1624,8,,High,0,Diesel_Automatic,Toyota,32.58,1
CAR_001625,Hyundai Creta 1.6 CRDi SX,2015,850000,58692,Diesel,Trustmark Dealer,Manual,First Owner,1625,10,High,Medium,0,Diesel_Manual,Hyundai,14.48,1
CAR_001626,Hyundai Creta 1.6 CRDi SX,2015,900000,54784,Diesel,Trustmark Dealer,Manual,First Owner,1626,10,High,Medium,0,Diesel_Manual,Hyundai,16.43,1
CAR_001627,Toyota Corolla Altis GL MT,2016,1150000,64156,Petrol,Trustmark Dealer,Manual,First Owner,1627,9,Premium,Medium,0,Petrol_Manual,Toyota,17.93,0
CAR_001628,Maruti Esteem Lxi - BSIII,2007,75000,54000,Petrol,Individual,Manual,First Owner,1628,18,Low,Medium,0,Petrol_Manual,Maruti,1.39,0
CAR_001629,Volkswagen Vento Diesel Comfortline,2012,215000,,Diesel,Individual,Manual,First Owner,1629,13,Low,High,0,Diesel_Manual,Volkswagen,2.22,1
CAR_001630,Maruti SX4 ZXI AT,2009,130000,120000,Petrol,Individual,Automatic,Second Owner,1630,16,Low,High,0,Petrol_Automatic,Maruti,1.08,0
CAR_001631,Hyundai Santro Magna AMT BSIV,2019,400000,16000,Petrol,Individual,Automatic,First Owner,1631,6,Mid,Low,0,Petrol_Automatic,Hyundai,25,0
CAR_001632,Maruti Swift Dzire AMT ZXI,2019,550000,60000,Petrol,Individual,Automatic,First Owner,1632,6,Mid,Medium,0,Petrol_Automatic,Maruti,9.17,0
CAR_001633,Chevrolet Beat LT,2016,245000,52000,,Dealer,Manual,First Owner,1633,9,,Medium,0,Petrol_Manual,Chevrolet,4.71,0
CAR_001634,Maruti Swift VDI BSIV,2010,320000,110000,Diesel,Individual,Manual,Fourth & Above Owner,1634,15,Mid,High,0,Diesel_Manual,Maruti,2.91,1
CAR_001635,Mahindra TUV 300 T8 AMT,2016,,60000,Diesel,Individual,Automatic,Second Owner,1635,9,High,Medium,0,Diesel_Automatic,Mahindra,12.17,1
CAR_001636,Ford Fusion 1.6 Duratec Petrol,2005,120000,100000,Petrol,Individual,Manual,Third Owner,1636,20,Low,High,0,Petrol_Manual,Ford,1.2,0
CAR_001637,Honda City i-VTEC VX,2017,950000,35000,Petrol,Individual,Manual,First Owner,1637,8,High,Medium,,Petrol_Manual,Honda,27.14,0
CAR_001638,Maruti Wagon R VXI BS IV,2017,350000,48000,Petrol,Individual,Manual,Third Owner,1638,8,Mid,Medium,0,Petrol_Manual,Maruti,7.29,0
CAR_001639,Maruti Esteem Vxi,2005,100000,20000,,Individual,Manual,Second Owner,1639,20,Low,,0,Petrol_Manual,Maruti,5,0
CAR_001640,Maruti Wagon R VXI BS IV,2017,350000,,Petrol,Individual,,First Owner,1640,8,,Low,0,Petrol_Manual,Maruti,11.67,0
CAR_001641,Maruti Wagon R VXI BSIII,2005,80000,40000,Petrol,Individual,Manual,Second Owner,1641,20,Low,Medium,0,Petrol_Manual,Maruti,2,0
CAR_001642,Hyundai Verna 1.6 VTVT,2013,,60000,Petrol,Individual,Manual,First Owner,1642,12,Mid,Medium,0,Petrol_Manual,Hyundai,6.17,0
CAR_001643,Hyundai EON D Lite Plus,2012,160000,70000,Petrol,Individual,Manual,Second Owner,1643,13,Low,,0,Petrol_Manual,Hyundai,2.29,0
CAR_001644,Tata Sumo Victa EX 7/9 Str BSII,2009,,120000,Diesel,Individual,Manual,First Owner,1644,16,,High,0,Diesel_Manual,Tata,1.08,1
CAR_001645,Chevrolet Sail Hatchback 1.2 LS,2016,250000,30000,Petrol,Individual,,First Owner,1645,9,Low,Low,0,Petrol_Manual,Chevrolet,8.33,0
CAR_001646,Tata New Safari DICOR 2.2 GX 4x2 BS IV,2012,270000,80000,Diesel,Individual,Manual,Second Owner,1646,13,Low,,0,Diesel_Manual,Tata,3.38,1
CAR_001647,BMW X1 sDrive 20d xLine,2019,2600000,9500,Diesel,Individual,Automatic,First Owner,1647,6,Premium,Low,,Diesel_Automatic,BMW,273.68,1
CAR_001648,Hyundai EON Era Plus,2013,,80000,,Individual,Manual,First Owner,1648,12,Low,High,0,Petrol_Manual,Hyundai,2,0
CAR_001649,Hyundai EON Magna Plus,2016,229999,,Petrol,Individual,Manual,First Owner,1649,9,Low,High,0,Petrol_Manual,Hyundai,2.87,0
CAR_001650,Mahindra Bolero Power Plus ZLX,2017,750000,29000,Diesel,Individual,,First Owner,1650,8,High,Low,0,Diesel_Manual,Mahindra,25.86,1
CAR_001651,Chevrolet Optra Magnum 2.0 LS,2011,,120000,,Individual,Manual,First Owner,1651,14,Low,High,,Diesel_Manual,Chevrolet,1.62,1
CAR_001652,Toyota Etios Cross 1.2L G,2015,320000,60000,Petrol,Individual,Manual,First Owner,1652,10,Mid,Medium,0,Petrol_Manual,Toyota,5.33,0
CAR_001653,Mahindra Scorpio S7 140 BSIV,2018,1100000,20000,,Individual,Manual,First Owner,1653,7,Premium,Low,,Diesel_Manual,Mahindra,55,1
CAR_001654,Datsun RediGO S,2016,270000,22000,Petrol,Individual,Manual,First Owner,1654,9,Low,Low,,Petrol_Manual,Datsun,12.27,0
CAR_001655,Skoda Fabia 1.2 MPI Ambition Plus,2012,300000,50000,Petrol,Individual,Manual,First Owner,1655,13,Low,Medium,0,Petrol_Manual,Skoda,6,0
CAR_001656,Chevrolet Beat Diesel LT,2012,200000,50000,,Individual,Manual,First Owner,1656,13,Low,Medium,0,Diesel_Manual,Chevrolet,4,1
CAR_001657,Maruti Zen Estilo 1.1 LXI BSIII,2007,120000,81366,Petrol,Individual,Manual,First Owner,1657,18,,,0,Petrol_Manual,Maruti,1.47,0
CAR_001658,Maruti Esteem Vxi - BSIII,2006,,110000,Petrol,Individual,Manual,First Owner,1658,19,Low,High,0,Petrol_Manual,Maruti,0.86,0
CAR_001659,Volkswagen Polo Petrol Comfortline 1.2L,2013,400000,100000,Petrol,Individual,Manual,First Owner,1659,12,Mid,High,,Petrol_Manual,Volkswagen,4,0
CAR_001660,Toyota Innova 2.5 G (Diesel) 8 Seater BS IV,2006,,300000,Diesel,Individual,Manual,First Owner,1660,19,Low,Very High,0,Diesel_Manual,Toyota,0.77,1
CAR_001661,Mahindra KUV 100 mFALCON D75 K6,2016,430000,20000,Diesel,Individual,Manual,First Owner,1661,9,Mid,Low,0,Diesel_Manual,Mahindra,21.5,1
CAR_001662,Renault Fluence 1.5,2012,300000,90000,,Individual,Manual,First Owner,1662,13,Low,High,0,Diesel_Manual,Renault,3.33,1
CAR_001663,Fiat Linea Dynamic,2013,,70000,Petrol,Individual,Manual,First Owner,1663,12,Mid,,0,Petrol_Manual,Fiat,5,0
CAR_001664,Renault Duster 110PS Diesel RxZ,2013,450000,120000,Diesel,Individual,Manual,First Owner,1664,12,Mid,High,0,Diesel_Manual,Renault,3.75,1
CAR_001665,Renault KWID RXT,2016,200000,53000,Petrol,Individual,Manual,Second Owner,1665,9,Low,Medium,,Petrol_Manual,Renault,3.77,0
CAR_001666,Maruti Alto 800 LXI,2017,250000,,Petrol,Individual,Manual,First Owner,1666,8,Low,Low,0,Petrol_Manual,Maruti,8.33,0
CAR_001667,Maruti Swift Dzire 1.2 Vxi BSIV,2012,368000,90000,Petrol,Individual,Manual,Second Owner,1667,13,Mid,High,0,Petrol_Manual,Maruti,4.09,0
CAR_001668,Maruti Swift Dzire 1.2 Vxi BSIV,2012,368000,90000,Petrol,Individual,Manual,Second Owner,1668,13,Mid,High,0,Petrol_Manual,Maruti,4.09,0
CAR_001669,Toyota Innova 2.5 GX (Diesel) 7 Seater,2014,650000,244000,,Individual,Manual,First Owner,1669,11,High,,0,Diesel_Manual,Toyota,2.66,1
CAR_001670,Mahindra Jeep CL 500 MDI,1997,150000,120000,Diesel,Individual,Manual,Third Owner,1670,28,Low,High,0,Diesel_Manual,Mahindra,1.25,1
CAR_001671,Maruti Wagon R LXI DUO BS IV,2012,180000,,LPG,Individual,Manual,First Owner,1671,13,Low,Medium,0,LPG_Manual,Maruti,3,0
CAR_001672,Hyundai Grand i10 1.2 Kappa Sportz Option,2017,525000,15000,Petrol,Individual,Manual,First Owner,1672,8,Mid,Low,0,Petrol_Manual,Hyundai,35,0
CAR_001673,Ford Endeavour 4x4 XLT,2005,350000,150000,Diesel,Individual,Manual,Second Owner,1673,20,Mid,High,0,Diesel_Manual,Ford,2.33,1
CAR_001674,Mahindra TUV 300 Plus P4,2018,850000,30000,Diesel,Individual,,Second Owner,1674,7,High,Low,,Diesel_Manual,Mahindra,28.33,1
CAR_001675,Volkswagen Jetta 2.0 TDI Comfortline,2011,350000,312000,Diesel,Individual,Manual,Third Owner,1675,14,Mid,Very High,0,Diesel_Manual,Volkswagen,1.12,1
CAR_001676,Maruti Esteem Lxi - BSIII,2007,75000,54000,Petrol,Individual,Manual,First Owner,1676,18,Low,,0,Petrol_Manual,Maruti,1.39,0
CAR_001677,Maruti Swift 1.3 VXi,2005,160000,67000,Petrol,Individual,Manual,First Owner,1677,20,Low,Medium,0,Petrol_Manual,Maruti,2.39,0
CAR_001678,Maruti Swift LDI Optional,2017,500000,40000,Diesel,Individual,Manual,First Owner,1678,8,Mid,Medium,0,Diesel_Manual,Maruti,12.5,1
CAR_001679,Hyundai Santro Xing GLS,2008,130000,100000,Petrol,Individual,Manual,First Owner,1679,17,Low,High,0,Petrol_Manual,Hyundai,1.3,0
CAR_001680,Tata Zest Quadrajet 1.3 75PS XE,2015,350000,,Diesel,Individual,Manual,Second Owner,1680,10,Mid,,0,Diesel_Manual,Tata,3.5,1
CAR_001681,Maruti Wagon R LXI,2005,70000,80000,,Individual,Manual,First Owner,1681,20,Low,High,0,Petrol_Manual,Maruti,0.88,0
CAR_001682,Toyota Innova 2.5 G (Diesel) 7 Seater,2014,750000,145000,Diesel,Individual,Manual,Second Owner,1682,11,High,High,0,Diesel_Manual,Toyota,5.17,1
CAR_001683,Honda Amaze VX i-DTEC,2013,450000,53000,Diesel,Individual,Manual,First Owner,1683,12,Mid,Medium,0,Diesel_Manual,Honda,8.49,1
CAR_001684,Maruti Swift Dzire LDI,2015,430000,73000,Diesel,Individual,Manual,Third Owner,1684,10,Mid,High,0,Diesel_Manual,Maruti,5.89,1
CAR_001685,Maruti SX4 VDI,2011,,90000,Diesel,Individual,Manual,Third Owner,1685,14,Low,High,,Diesel_Manual,Maruti,2.89,1
CAR_001686,Maruti Swift VDI,2013,370000,80000,Diesel,Individual,Manual,Third Owner,1686,12,Mid,High,0,Diesel_Manual,Maruti,4.62,1
CAR_001687,Chevrolet Aveo 1.4 CNG,2011,229999,100000,CNG,Individual,Manual,First Owner,1687,14,Low,High,0,CNG_Manual,Chevrolet,2.3,0
CAR_001688,Ford Figo Diesel EXI,2011,140000,90000,Diesel,Individual,,Third Owner,1688,14,Low,High,0,Diesel_Manual,Ford,1.56,1
CAR_001689,Toyota Innova 2.5 G (Diesel) 7 Seater,2013,700000,200000,,Individual,Manual,First Owner,1689,12,High,Very High,0,Diesel_Manual,Toyota,3.5,1
CAR_001690,Hyundai Elite i20 Magna Plus BSIV,2020,545000,7300,Petrol,Individual,Manual,First Owner,1690,5,Mid,Low,0,Petrol_Manual,Hyundai,74.66,0
CAR_001691,Datsun RediGO T Option,2017,200000,30000,Petrol,Individual,Manual,First Owner,1691,8,Low,Low,0,Petrol_Manual,Datsun,6.67,0
CAR_001692,Tata Safari Storme VX,2015,500000,,Diesel,Individual,,First Owner,1692,10,Mid,High,0,Diesel_Manual,Tata,4.17,1
CAR_001693,Maruti Alto LXi,2008,70000,90000,Petrol,Individual,Manual,Second Owner,1693,17,,High,0,Petrol_Manual,Maruti,0.78,0
CAR_001694,Mahindra Thar 4X4,2013,580000,25000,,Individual,Manual,Third Owner,1694,12,Mid,Low,0,Diesel_Manual,Mahindra,23.2,1
CAR_001695,Maruti Eeco 5 STR With AC Plus HTR CNG,2012,160000,70000,CNG,Individual,,Second Owner,1695,13,Low,Medium,0,CNG_Manual,Maruti,2.29,0
CAR_001696,Hyundai Grand i10 1.2 Kappa Sportz BSIV,2018,450000,6000,Petrol,Individual,Manual,First Owner,1696,7,Mid,Low,0,Petrol_Manual,Hyundai,75,0
CAR_001697,Maruti Alto LXi,2010,160000,,Petrol,Individual,Manual,First Owner,1697,15,,Medium,0,Petrol_Manual,Maruti,4.44,0
CAR_001698,Maruti Ertiga SHVS ZDI Plus,2016,760000,49000,,Individual,Manual,First Owner,1698,9,,Medium,0,Diesel_Manual,Maruti,15.51,1
CAR_001699,Hyundai EON Magna Optional,2015,300000,22000,Petrol,Individual,Manual,First Owner,1699,10,Low,Low,0,Petrol_Manual,Hyundai,13.64,0
CAR_001700,Maruti Omni 5 Str STD LPG,1998,50000,35000,LPG,Individual,Manual,Second Owner,1700,27,Low,Medium,0,LPG_Manual,Maruti,1.43,0
CAR_001701,Mahindra Bolero 2011-2019 SLX,2019,800000,24000,Diesel,Individual,Manual,First Owner,1701,6,High,Low,0,Diesel_Manual,Mahindra,33.33,1
CAR_001702,Maruti Swift Dzire VDI,2018,680000,,Diesel,Individual,Manual,First Owner,1702,7,High,Low,,Diesel_Manual,Maruti,34,1
CAR_001703,Maruti 800 DUO AC LPG,2009,85000,50000,LPG,Individual,Manual,Second Owner,1703,16,Low,Medium,0,LPG_Manual,Maruti,1.7,0
CAR_001704,Toyota Innova Crysta 2.4 G MT BSIV,2016,1300000,70000,Diesel,Individual,Manual,First Owner,1704,9,,Medium,0,Diesel_Manual,Toyota,18.57,1
CAR_001705,Maruti Swift VXI BSIV,2016,500000,60000,Petrol,Individual,,First Owner,1705,9,Mid,Medium,0,Petrol_Manual,Maruti,8.33,0
CAR_001706,Audi Q5 2.0 TDI,2015,3500000,35000,Diesel,Individual,Automatic,First Owner,1706,10,Premium,Medium,0,Diesel_Automatic,Audi,100,1
CAR_001707,Hyundai Accent GLX,2008,145000,60000,Petrol,Individual,Manual,First Owner,1707,17,Low,Medium,0,Petrol_Manual,Hyundai,2.42,0
CAR_001708,Mahindra Quanto C6,2013,300000,60000,Diesel,Individual,Manual,First Owner,1708,12,Low,Medium,,Diesel_Manual,Mahindra,5,1
CAR_001709,Maruti Swift VDI Optional,2017,600000,60000,Diesel,Individual,Manual,Second Owner,1709,8,Mid,,0,Diesel_Manual,Maruti,10,1
CAR_001710,Maruti Swift Dzire VXI,2015,400000,70000,Petrol,Individual,Manual,Second Owner,1710,10,Mid,Medium,0,Petrol_Manual,Maruti,5.71,0
CAR_001711,Hyundai Santro Xing XK eRLX EuroIII,2007,130000,135000,Petrol,Individual,Manual,Second Owner,1711,18,Low,,0,Petrol_Manual,Hyundai,0.96,0
CAR_001712,Maruti 800 AC BSII,2001,45000,72539,Petrol,Individual,Manual,Second Owner,1712,24,Low,High,0,Petrol_Manual,Maruti,0.62,0
CAR_001713,Maruti Baleno Zeta 1.2,2017,641000,25000,Petrol,Individual,Manual,First Owner,1713,8,High,Low,0,Petrol_Manual,Maruti,25.64,0
CAR_001714,Maruti Swift Dzire VDI,2015,650000,50000,Diesel,Individual,Manual,First Owner,1714,10,High,Medium,0,Diesel_Manual,Maruti,13,1
CAR_001715,Ford Freestyle Titanium Diesel,2020,784000,101,Diesel,Dealer,Manual,Test Drive Car,1715,5,High,Low,0,Diesel_Manual,Ford,7762.38,1
CAR_001716,Ford Figo Titanium,2020,635000,101,Petrol,Dealer,,Test Drive Car,1716,5,High,Low,0,Petrol_Manual,Ford,6287.13,0
CAR_001717,Ford Ecosport 1.5 Diesel Titanium,2020,1000000,101,Diesel,Dealer,Manual,Test Drive Car,1717,5,High,Low,0,Diesel_Manual,Ford,9900.99,1
CAR_001718,Ford Figo 1.5D Titanium Opt MT,2015,495000,52328,Diesel,Dealer,Manual,First Owner,1718,10,Mid,Medium,0,Diesel_Manual,Ford,9.46,1
CAR_001719,Hyundai Santro Xing GLS,2013,,,Petrol,Individual,Manual,First Owner,1719,12,Mid,Low,0,Petrol_Manual,Hyundai,10.8,0
CAR_001720,Ford Endeavour 3.2 Titanium AT 4X4,2016,2100000,91505,Diesel,Dealer,Automatic,First Owner,1720,9,,High,0,Diesel_Automatic,Ford,22.95,1
CAR_001721,Maruti Alto 800 LXI,2018,200000,35000,Petrol,Individual,Manual,First Owner,1721,7,Low,Medium,0,Petrol_Manual,Maruti,5.71,0
CAR_001722,Maruti Swift Dzire VDI,2015,320000,60000,Diesel,Individual,Manual,First Owner,1722,10,Mid,Medium,0,Diesel_Manual,Maruti,5.33,1
CAR_001723,Hyundai EON Magna Optional,2015,300000,20500,,Individual,Manual,First Owner,1723,10,Low,Low,0,Petrol_Manual,Hyundai,14.63,0
CAR_001724,Tata Indica Vista Quadrajet LX,2013,,200000,,Individual,Manual,First Owner,1724,12,Low,Very High,0,Diesel_Manual,Tata,0.9,1
CAR_001725,Toyota Innova 2.5 V Diesel 8-seater,2008,500000,154000,Diesel,Individual,,Third Owner,1725,17,Mid,Very High,0,Diesel_Manual,Toyota,3.25,1
CAR_001726,Toyota Etios VX,2011,305000,120000,Petrol,Individual,Manual,Second Owner,1726,14,Mid,,0,Petrol_Manual,Toyota,2.54,0
CAR_001727,Maruti 800 AC,2009,125000,50000,Petrol,Individual,Manual,Fourth & Above Owner,1727,16,Low,Medium,0,Petrol_Manual,Maruti,2.5,0
CAR_001728,Maruti Swift Dzire ZDI,2015,800000,135000,Diesel,Individual,Manual,First Owner,1728,10,,High,0,Diesel_Manual,Maruti,5.93,1
CAR_001729,Mahindra Scorpio SLE BSIV,2009,420000,100000,Diesel,Individual,Manual,First Owner,1729,16,Mid,,0,Diesel_Manual,Mahindra,4.2,1
CAR_001730,Maruti Vitara Brezza ZDi Plus,2017,875000,40000,Diesel,Individual,Manual,First Owner,1730,8,High,Medium,0,Diesel_Manual,Maruti,21.88,1
CAR_001731,Maruti Swift Dzire ZDI,2014,580000,70000,Diesel,Individual,Manual,First Owner,1731,11,Mid,Medium,0,Diesel_Manual,Maruti,8.29,1
CAR_001732,Maruti Swift Ldi BSIV,2011,350000,133000,Diesel,Individual,Manual,Second Owner,1732,14,Mid,High,0,Diesel_Manual,Maruti,2.63,1
CAR_001733,Hyundai Accent GLS,2004,120000,110000,Petrol,Individual,Manual,Second Owner,1733,21,,High,,Petrol_Manual,Hyundai,1.09,0
CAR_001734,Tata Indica Vista TDI LS,2013,150000,180000,Diesel,Individual,Manual,Third Owner,1734,12,Low,Very High,0,Diesel_Manual,Tata,0.83,1
CAR_001735,Renault Duster 110PS Diesel RxZ,2013,650000,120000,Diesel,Individual,Manual,First Owner,1735,12,High,High,0,Diesel_Manual,Renault,5.42,1
CAR_001736,Maruti Alto K10 2010-2014 VXI,2010,225000,80000,Petrol,Individual,Manual,Second Owner,1736,15,Low,High,0,Petrol_Manual,Maruti,2.81,0
CAR_001737,Honda Amaze S AT i-Vtech,2014,400000,15000,Petrol,Individual,Automatic,First Owner,1737,11,Mid,Low,0,Petrol_Automatic,Honda,26.67,0
CAR_001738,Hyundai Getz GLS,2005,250000,70000,Petrol,Individual,Manual,First Owner,1738,20,,Medium,0,Petrol_Manual,Hyundai,3.57,0
CAR_001739,Hyundai Santro Xing GL Plus,2008,120000,41723,Petrol,Individual,Manual,Second Owner,1739,17,Low,Medium,0,Petrol_Manual,Hyundai,2.88,0
CAR_001740,Maruti SX4 Vxi BSIV,2010,250000,70000,Petrol,Individual,,First Owner,1740,15,Low,Medium,0,Petrol_Manual,Maruti,3.57,0
CAR_001741,Maruti Alto K10 LXI,2012,175000,,,Individual,Manual,Second Owner,1741,13,,Low,,Petrol_Manual,Maruti,8.75,0
CAR_001742,Renault Duster 85PS Diesel RxL,2013,450000,1000,Diesel,Dealer,,Second Owner,1742,12,Mid,Low,,Diesel_Manual,Renault,450,1
CAR_001743,Maruti Ignis 1.3 Delta,2018,590000,26350,,Dealer,Manual,First Owner,1743,7,Mid,,0,Diesel_Manual,Maruti,22.39,1
CAR_001744,Tata Indigo CS LX (TDI) BS-III,2015,,68745,Diesel,Dealer,Manual,First Owner,1744,10,Low,Medium,0,Diesel_Manual,Tata,3.27,1
CAR_001745,Mahindra XUV500 W6 2WD,2016,900000,47000,Diesel,Individual,Manual,First Owner,1745,9,High,Medium,0,Diesel_Manual,Mahindra,19.15,1
CAR_001746,Maruti Alto K10 VXI AGS,2017,375000,27289,Petrol,Dealer,Automatic,First Owner,1746,8,Mid,Low,0,Petrol_Automatic,Maruti,13.74,0
CAR_001747,Hyundai EON Era Plus,2016,320000,24662,Petrol,Dealer,Manual,First Owner,1747,9,Mid,Low,0,Petrol_Manual,Hyundai,12.98,0
CAR_001748,Maruti Swift Dzire VDI,2013,525000,37000,Diesel,Dealer,Manual,First Owner,1748,12,Mid,Medium,,Diesel_Manual,Maruti,14.19,1
CAR_001749,Nissan Evalia XV,2014,650000,28245,Diesel,Dealer,Manual,First Owner,1749,11,High,Low,0,Diesel_Manual,Nissan,23.01,1
CAR_001750,Hyundai Grand i10 1.2 CRDi Sportz Option,2017,575000,27005,Diesel,Dealer,Manual,First Owner,1750,8,Mid,Low,0,Diesel_Manual,Hyundai,21.29,1
CAR_001751,Hyundai i10 Magna,2014,355000,39227,Petrol,Dealer,Manual,First Owner,1751,11,Mid,Medium,0,Petrol_Manual,Hyundai,9.05,0
CAR_001752,Mahindra KUV 100 D75 K4 Plus 5Str,2016,470000,31367,Diesel,Dealer,Manual,First Owner,1752,9,Mid,Medium,0,Diesel_Manual,Mahindra,14.98,1
CAR_001753,Maruti Wagon R LXI,2008,221000,35008,Petrol,Dealer,Manual,First Owner,1753,17,Low,Medium,0,Petrol_Manual,Maruti,6.31,0
CAR_001754,Hyundai Santro Xing GLS,2009,195000,27005,Petrol,Dealer,Manual,First Owner,1754,16,Low,Low,0,Petrol_Manual,Hyundai,7.22,0
CAR_001755,Hyundai Santro Xing XG,2004,90000,100005,Petrol,Dealer,Manual,Second Owner,1755,21,Low,,0,Petrol_Manual,Hyundai,0.9,0
CAR_001756,Hyundai Verna SX Diesel,2013,580000,45264,Diesel,Dealer,Manual,First Owner,1756,12,,Medium,0,Diesel_Manual,Hyundai,12.81,1
CAR_001757,Maruti Eeco 7 Seater Standard BSIV,2014,325000,39093,Petrol,Dealer,Manual,First Owner,1757,11,Mid,Medium,0,Petrol_Manual,Maruti,8.31,0
CAR_001758,Honda City Corporate Edition,2013,495000,45241,Petrol,Dealer,Manual,First Owner,1758,12,Mid,Medium,0,Petrol_Manual,Honda,10.94,0
CAR_001759,Hyundai EON Era,2014,290000,,Petrol,Dealer,Manual,First Owner,1759,11,Low,,0,Petrol_Manual,Hyundai,24.17,0
CAR_001760,Datsun RediGO 1.0 T Option,2018,375000,2769,Petrol,Dealer,Manual,First Owner,1760,7,Mid,Low,0,Petrol_Manual,Datsun,135.43,0
CAR_001761,Tata Indica Vista TDI LS,2011,211000,43128,Diesel,Dealer,Manual,First Owner,1761,14,Low,Medium,0,Diesel_Manual,Tata,4.89,1
CAR_001762,Hyundai i20 Asta,2010,270000,110000,,Individual,Manual,Second Owner,1762,15,Low,,0,Petrol_Manual,Hyundai,2.45,0
CAR_001763,Maruti Alto LXI,2004,70000,,Petrol,Individual,Manual,Second Owner,1763,21,Low,Medium,0,Petrol_Manual,Maruti,1.4,0
CAR_001764,Hyundai i10 Magna 1.2,2010,225000,60000,Petrol,Individual,Manual,Second Owner,1764,15,Low,Medium,0,Petrol_Manual,Hyundai,3.75,0
CAR_001765,Mahindra Scorpio LX,2014,420000,70000,Diesel,Individual,Manual,Third Owner,1765,11,Mid,Medium,0,Diesel_Manual,Mahindra,6,1
CAR_001766,Chevrolet Sail Hatchback 1.2 LS,2015,280000,,Petrol,Individual,Manual,First Owner,1766,10,Low,Low,0,Petrol_Manual,Chevrolet,12.58,0
CAR_001767,Hyundai i20 Sportz 1.2,2013,400000,59213,Petrol,Individual,Manual,First Owner,1767,12,Mid,Medium,,Petrol_Manual,Hyundai,6.76,0
CAR_001768,Mahindra XUV500 W6 2WD,2015,850000,55000,Diesel,Individual,Manual,First Owner,1768,10,High,Medium,0,Diesel_Manual,Mahindra,15.45,1
CAR_001769,Ford Fiesta Titanium 1.5 TDCi,2011,550000,,Diesel,Individual,,First Owner,1769,14,Mid,,0,Diesel_Manual,Ford,6.88,1
CAR_001770,Ford Fiesta Titanium 1.5 TDCi,2011,550000,80000,Diesel,Individual,Manual,First Owner,1770,14,Mid,,0,Diesel_Manual,Ford,6.88,1
CAR_001771,Renault Captur 1.5 Diesel RXT Mono,2018,1000000,40000,,Individual,Manual,First Owner,1771,7,High,Medium,0,Diesel_Manual,Renault,25,1
CAR_001772,Mahindra Xylo D2 Maxx,2014,350000,170000,,Individual,Manual,First Owner,1772,11,Mid,Very High,0,Diesel_Manual,Mahindra,2.06,1
CAR_001773,Tata New Safari DICOR 2.2 EX 4x2,2011,350000,170000,Diesel,Individual,Manual,Second Owner,1773,14,Mid,Very High,0,Diesel_Manual,Tata,2.06,1
CAR_001774,Honda Civic 1.8 S MT,2007,170000,70000,Petrol,Individual,Manual,Third Owner,1774,18,,Medium,0,Petrol_Manual,Honda,2.43,0
CAR_001775,Ford Aspire Titanium BSIV,2020,828999,1010,Petrol,Dealer,Manual,Test Drive Car,1775,5,High,Low,0,Petrol_Manual,Ford,820.79,0
CAR_001776,Ford EcoSport 1.5 Ti VCT MT Titanium BE BSIV,2020,1119000,,Petrol,Dealer,Manual,Test Drive Car,1776,5,Premium,Low,0,Petrol_Manual,Ford,1107.92,0
CAR_001777,Ford Figo Titanium,2020,746000,1111,Petrol,Dealer,Manual,Test Drive Car,1777,5,High,Low,0,Petrol_Manual,Ford,671.47,0
CAR_001778,Ford Ecosport 1.5 Petrol Trend,2020,1030000,,Petrol,Dealer,Manual,Test Drive Car,1778,5,Premium,Low,0,Petrol_Manual,Ford,1019.8,0
CAR_001779,Ford EcoSport 1.5 TDCi Titanium Plus BSIV,2020,,1010,Diesel,Dealer,Manual,Test Drive Car,1779,5,Premium,Low,0,Diesel_Manual,Ford,1320.79,1
CAR_001780,Ford Freestyle Titanium,2020,811999,1010,Petrol,Dealer,Manual,Test Drive Car,1780,5,High,Low,0,Petrol_Manual,Ford,803.96,0
CAR_001781,Ford Ecosport Thunder Edition Diesel,2020,1331000,1010,Diesel,Dealer,Manual,Test Drive Car,1781,5,,Low,0,Diesel_Manual,Ford,1317.82,1
CAR_001782,Ford Freestyle Titanium Plus,2020,852000,1010,,Dealer,Manual,Test Drive Car,1782,5,High,Low,0,Petrol_Manual,Ford,843.56,0
CAR_001783,Tata Indica DLE,2006,45000,120000,Diesel,Individual,Manual,Second Owner,1783,19,Low,High,0,Diesel_Manual,Tata,0.38,1
CAR_001784,Renault Duster 85PS Diesel RxL Optional,2013,430000,70000,Diesel,Individual,,Third Owner,1784,12,Mid,Medium,0,Diesel_Manual,Renault,6.14,1
CAR_001785,Tata Indigo LX,2011,140000,60000,,Individual,Manual,Second Owner,1785,14,Low,Medium,,Diesel_Manual,Tata,2.33,1
CAR_001786,Mahindra Scorpio S2 9 Seater,2015,830000,,Diesel,Individual,,First Owner,1786,10,High,Medium,0,Diesel_Manual,Mahindra,11.86,1
CAR_001787,Mahindra Scorpio VLS 2.2 mHawk,2009,409999,110000,,Individual,Manual,Second Owner,1787,16,Mid,,0,Diesel_Manual,Mahindra,3.73,1
CAR_001788,Maruti Swift VDI,2012,190000,,Diesel,Individual,Manual,Third Owner,1788,13,Low,High,0,Diesel_Manual,Maruti,2.38,1
CAR_001789,Honda Accord VTi-L (MT),2007,200000,80000,Petrol,Individual,Manual,Second Owner,1789,18,Low,,0,Petrol_Manual,Honda,2.5,0
CAR_001790,Hyundai Accent GLX,2006,120000,110000,Petrol,Individual,Manual,Second Owner,1790,19,Low,High,0,Petrol_Manual,Hyundai,1.09,0
CAR_001791,Mahindra Bolero Power Plus Plus AC BSIV PS,2019,850000,50000,Diesel,Individual,Manual,First Owner,1791,6,High,Medium,0,Diesel_Manual,Mahindra,17,1
CAR_001792,Tata Indigo CS LE (TDI) BS-III,2011,95000,115000,Diesel,Individual,Manual,Fourth & Above Owner,1792,14,,High,0,Diesel_Manual,Tata,0.83,1
CAR_001793,Maruti Wagon R LXI BS IV,2013,213000,80000,Petrol,Individual,Manual,First Owner,1793,12,Low,High,0,Petrol_Manual,Maruti,2.66,0
CAR_001794,Volkswagen Ameo 1.5 TDI Highline Plus 16,2018,660000,25000,Diesel,Individual,Manual,First Owner,1794,7,High,Low,0,Diesel_Manual,Volkswagen,26.4,1
CAR_001795,Nissan Micra XL,2017,415000,,Petrol,Dealer,Manual,First Owner,1795,8,Mid,Medium,0,Petrol_Manual,Nissan,8.48,0
CAR_001796,Ford Ecosport 1.5 Petrol Titanium Plus,2019,1100000,5166,Petrol,Dealer,Manual,Test Drive Car,1796,6,Premium,Low,0,Petrol_Manual,Ford,212.93,0
CAR_001797,Mahindra XUV500 W8 4WD,2012,650000,76290,Diesel,Dealer,Manual,First Owner,1797,13,High,,0,Diesel_Manual,Mahindra,8.52,1
CAR_001798,Mahindra XUV500 AT W10 AWD,2016,969999,70000,,Individual,Automatic,Second Owner,1798,9,High,Medium,0,Diesel_Automatic,Mahindra,13.86,1
CAR_001799,Mahindra XUV500 W10 2WD,2016,1250000,35000,Diesel,Individual,Manual,First Owner,1799,9,Premium,Medium,0,Diesel_Manual,Mahindra,35.71,1
CAR_001800,Maruti Swift Dzire AMT VDI,2017,715000,25000,Diesel,Individual,Automatic,First Owner,1800,8,High,Low,0,Diesel_Automatic,Maruti,28.6,1
CAR_001801,Maruti Swift Dzire AMT VDI,2017,715000,25000,Diesel,Individual,Automatic,First Owner,1801,8,,Low,,Diesel_Automatic,Maruti,28.6,1
CAR_001802,Maruti Swift VDI,2016,565000,47000,Diesel,Dealer,,First Owner,1802,9,Mid,Medium,0,Diesel_Manual,Maruti,12.02,1
CAR_001803,Mahindra Thar 4X4,2013,615000,45766,Diesel,Individual,Manual,Second Owner,1803,12,High,Medium,0,Diesel_Manual,Mahindra,13.44,1
CAR_001804,Tata New Safari 4X4,2007,199000,78771,Diesel,Dealer,Manual,Second Owner,1804,18,Low,High,0,Diesel_Manual,Tata,2.53,1
CAR_001805,Maruti Swift Vdi BSIII,2010,325000,,Diesel,Dealer,Manual,First Owner,1805,15,Mid,High,0,Diesel_Manual,Maruti,4.1,1
CAR_001806,Ford Figo Diesel EXI,2012,409999,28000,Diesel,Individual,Manual,First Owner,1806,13,Mid,Low,0,Diesel_Manual,Ford,14.64,1
CAR_001807,Hyundai Verna SX CRDi AT,2012,500000,72000,Diesel,Dealer,Automatic,Second Owner,1807,13,Mid,High,0,Diesel_Automatic,Hyundai,6.94,1
CAR_001808,Ford Figo Diesel LXI,2011,225000,,Diesel,Dealer,Manual,Second Owner,1808,14,Low,High,0,Diesel_Manual,Ford,2.93,1
CAR_001809,Maruti Alto LX BSIII,2007,135000,70000,,Individual,Manual,Second Owner,1809,18,Low,Medium,0,Petrol_Manual,Maruti,1.93,0
CAR_001810,Renault Koleos 2.0 Diesel,2012,750000,80000,Diesel,Individual,,Second Owner,1810,13,,High,0,Diesel_Automatic,Renault,9.38,1
CAR_001811,Maruti Wagon R LXI DUO BSIII,2009,155000,60000,LPG,Individual,Manual,Second Owner,1811,16,Low,Medium,0,LPG_Manual,Maruti,2.58,0
CAR_001812,Volkswagen Polo Diesel Highline 1.2L,2012,335000,77000,Diesel,Dealer,Manual,Third Owner,1812,13,Mid,High,0,Diesel_Manual,Volkswagen,4.35,1
CAR_001813,Ford Ikon 1.8 D,2005,114999,92645,Diesel,Dealer,Manual,Fourth & Above Owner,1813,20,Low,High,0,Diesel_Manual,Ford,1.24,1
CAR_001814,Mercedes-Benz New C-Class 200 CDI Classic,2007,699000,101849,Diesel,Dealer,Manual,Second Owner,1814,18,High,High,0,Diesel_Manual,Mercedes-Benz,6.86,1
CAR_001815,Mahindra Bolero DI,2004,110000,120000,Diesel,Individual,Manual,Fourth & Above Owner,1815,21,Low,High,0,Diesel_Manual,Mahindra,0.92,1
CAR_001816,Hyundai i20 Asta 1.2,2012,300000,80000,Petrol,Individual,,First Owner,1816,13,,High,,Petrol_Manual,Hyundai,3.75,0
CAR_001817,Mahindra Scorpio S4 4WD,2014,700000,70000,Diesel,Individual,Manual,Second Owner,1817,11,High,,0,Diesel_Manual,Mahindra,10,1
CAR_001818,Maruti Ertiga SHVS LDI Option,2017,700000,120000,Diesel,Individual,Manual,First Owner,1818,8,High,High,0,Diesel_Manual,Maruti,5.83,1
CAR_001819,Maruti Alto 800 LXI,2013,210000,42000,Petrol,Individual,Manual,Third Owner,1819,12,Low,Medium,0,Petrol_Manual,Maruti,5,0
CAR_001820,Maruti Ertiga VDI,2012,600000,120000,Diesel,Individual,,Third Owner,1820,13,Mid,High,0,Diesel_Manual,Maruti,5,1
CAR_001821,Tata Manza Aura (ABS) Quadrajet BS IV,2012,180000,155836,Diesel,Individual,,Second Owner,1821,13,Low,Very High,0,Diesel_Manual,Tata,1.16,1
CAR_001822,Maruti Wagon R VXi BSII,2011,220000,59000,Petrol,Individual,,Second Owner,1822,14,Low,,0,Petrol_Manual,Maruti,3.73,0
CAR_001823,Chevrolet Spark 1.0 LT,2009,70000,60000,Petrol,Individual,Manual,First Owner,1823,16,Low,Medium,0,Petrol_Manual,Chevrolet,1.17,0
CAR_001824,Hyundai Creta 1.4 CRDi Base,2018,950000,70000,Diesel,Individual,Manual,Second Owner,1824,7,,Medium,0,Diesel_Manual,Hyundai,13.57,1
CAR_001825,Ford Fiesta 1.5 TDCi Ambiente,2014,800000,,Diesel,Individual,Manual,First Owner,1825,11,High,Low,0,Diesel_Manual,Ford,40,1
CAR_001826,Mahindra XUV500 W8 4WD,2012,700000,120000,Diesel,Individual,,Third Owner,1826,13,High,High,0,Diesel_Manual,Mahindra,5.83,1
CAR_001827,Renault KWID 1.0,2016,265000,40000,Petrol,Individual,Manual,First Owner,1827,9,Low,Medium,0,Petrol_Manual,Renault,6.62,0
CAR_001828,Volkswagen Polo Diesel Trendline 1.2L,2011,175000,90000,Diesel,Individual,Manual,Third Owner,1828,14,Low,High,0,Diesel_Manual,Volkswagen,1.94,1
CAR_001829,Mahindra Quanto C6,2012,260000,89000,Diesel,Individual,Manual,Second Owner,1829,13,,High,0,Diesel_Manual,Mahindra,2.92,1
CAR_001830,Toyota Innova 2.5 VX (Diesel) 7 Seater,2013,950000,,Diesel,Individual,Manual,Third Owner,1830,12,High,High,0,Diesel_Manual,Toyota,11.88,1
CAR_001831,Maruti Swift Vdi BSIII,2009,250000,200000,Diesel,Individual,,Fourth & Above Owner,1831,16,Low,Very High,0,Diesel_Manual,Maruti,1.25,1
CAR_001832,Mahindra Scorpio S10 7 Seater,2015,,50000,Diesel,Individual,Manual,First Owner,1832,10,High,Medium,,Diesel_Manual,Mahindra,12.6,1
CAR_001833,Tata Nano LX SE,2012,35000,35000,Petrol,Individual,Manual,Third Owner,1833,13,Low,Medium,0,Petrol_Manual,Tata,1,0
CAR_001834,Renault Duster 85PS Diesel RxL,2013,450000,1000,Diesel,Dealer,,Second Owner,1834,12,Mid,Low,0,Diesel_Manual,Renault,450,1
CAR_001835,Mercedes-Benz C-Class Progressive C 220d,2018,3800000,10000,Diesel,Dealer,Automatic,First Owner,1835,7,Premium,Low,0,Diesel_Automatic,Mercedes-Benz,380,1
CAR_001836,Audi A4 3.0 TDI Quattro,2013,1580000,86000,Diesel,Dealer,Automatic,First Owner,1836,12,Premium,High,0,Diesel_Automatic,Audi,18.37,1
CAR_001837,BMW X5 xDrive 30d xLine,2019,4950000,30000,Diesel,Dealer,Automatic,First Owner,1837,6,,Low,0,Diesel_Automatic,BMW,165,1
CAR_001838,Hyundai Creta 1.6 CRDi SX,2016,,52600,,Individual,,First Owner,1838,9,Mid,Medium,,Diesel_Manual,Hyundai,10.17,1
CAR_001839,Maruti SX4 Vxi BSIV,2012,225000,110000,Petrol,Individual,,Second Owner,1839,13,Low,High,0,Petrol_Manual,Maruti,2.05,0
CAR_001840,Hyundai Grand i10 1.2 Kappa Magna AT,2017,,,,Dealer,Automatic,First Owner,1840,8,Mid,Low,,Petrol_Automatic,Hyundai,27.65,0
CAR_001841,Maruti Swift ZXI BSIV,2016,,7104,Petrol,Trustmark Dealer,,First Owner,1841,9,High,Low,0,Petrol_Manual,Maruti,94.31,0
CAR_001842,Maruti Ertiga VXI,2015,625000,11918,Petrol,Trustmark Dealer,Manual,First Owner,1842,10,High,Low,0,Petrol_Manual,Maruti,52.44,0
CAR_001843,Hyundai Grand i10 Magna AT,2017,520000,10510,Petrol,Dealer,Automatic,First Owner,1843,8,,Low,0,Petrol_Automatic,Hyundai,49.48,0
CAR_001844,Chevrolet Beat LT Option,2016,239000,41000,Petrol,Dealer,Manual,First Owner,1844,9,Low,Medium,,Petrol_Manual,Chevrolet,5.83,0
CAR_001845,Toyota Fortuner 4x2 AT,2017,2600000,47162,,Trustmark Dealer,Automatic,First Owner,1845,8,Premium,Medium,0,Diesel_Automatic,Toyota,55.13,1
CAR_001846,Maruti S-Cross Zeta DDiS 200 SH,2015,750000,,Diesel,Trustmark Dealer,Manual,First Owner,1846,10,High,Medium,,Diesel_Manual,Maruti,16.31,1
CAR_001847,Hyundai i10 Magna,2012,,,,Dealer,Manual,First Owner,1847,13,Low,Medium,0,Petrol_Manual,Hyundai,4.62,0
CAR_001848,Audi A6 2.0 TDI Premium Plus,2013,1300000,58500,Diesel,Dealer,Automatic,First Owner,1848,12,Premium,Medium,0,Diesel_Automatic,Audi,22.22,1
CAR_001849,Hyundai Santro GS,2005,80000,56580,Petrol,Dealer,Manual,First Owner,1849,20,Low,Medium,0,Petrol_Manual,Hyundai,1.41,0
CAR_001850,Skoda Laura Ambiente 2.0 TDI CR MT,2012,385000,52000,Diesel,Dealer,Manual,First Owner,1850,13,Mid,Medium,0,Diesel_Manual,Skoda,7.4,1
CAR_001851,Hyundai Verna 1.6 VTVT SX,2015,760000,55340,Petrol,Trustmark Dealer,Manual,First Owner,1851,10,High,Medium,0,Petrol_Manual,Hyundai,13.73,0
CAR_001852,Maruti Swift Dzire VDI,2017,600000,46507,Diesel,Trustmark Dealer,Manual,First Owner,1852,8,Mid,Medium,0,Diesel_Manual,Maruti,12.9,1
CAR_001853,Chevrolet Enjoy TCDi LS 8 Seater,2014,330000,200000,,Individual,Manual,Third Owner,1853,11,Mid,Very High,,Diesel_Manual,Chevrolet,1.65,1
CAR_001854,Maruti Alto LXi,2009,150000,120000,Petrol,Individual,Manual,First Owner,1854,16,Low,High,,Petrol_Manual,Maruti,1.25,0
CAR_001855,Tata Indigo LS,2008,105000,90000,Diesel,Individual,Manual,First Owner,1855,17,,High,0,Diesel_Manual,Tata,1.17,1
CAR_001856,Tata Indica Vista TDI LX,2013,185000,65000,Diesel,Individual,Manual,First Owner,1856,12,Low,Medium,0,Diesel_Manual,Tata,2.85,1
CAR_001857,Fiat Grande Punto EVO 1.3 Active,2014,260000,50000,Diesel,Individual,Manual,First Owner,1857,11,Low,Medium,0,Diesel_Manual,Fiat,5.2,1
CAR_001858,Maruti Swift Dzire VDi,2012,450000,33000,Diesel,Individual,Manual,First Owner,1858,13,Mid,Medium,0,Diesel_Manual,Maruti,13.64,1
CAR_001859,Maruti Swift VXI Deca,2016,500000,38000,Petrol,Individual,Manual,First Owner,1859,9,Mid,Medium,0,Petrol_Manual,Maruti,13.16,0
CAR_001860,Maruti Alto K10 2010-2014 VXI,2012,260000,40000,Petrol,Individual,Manual,First Owner,1860,13,Low,Medium,0,Petrol_Manual,Maruti,6.5,0
CAR_001861,Volkswagen Polo Diesel Trendline 1.2L,2012,265000,55000,Diesel,Individual,Manual,Second Owner,1861,13,,Medium,0,Diesel_Manual,Volkswagen,4.82,1
CAR_001862,Mahindra Thar CRDe,2017,800000,26000,Diesel,Individual,Manual,Second Owner,1862,8,High,,0,Diesel_Manual,Mahindra,30.77,1
CAR_001863,Tata Safari Storme VX Varicor 400,2016,869999,80000,Diesel,Individual,Manual,First Owner,1863,9,High,,0,Diesel_Manual,Tata,10.87,1
CAR_001864,Maruti Baleno Alpha 1.2,2018,690000,40000,Petrol,Individual,Manual,First Owner,1864,7,High,Medium,0,Petrol_Manual,Maruti,17.25,0
CAR_001865,Mitsubishi Pajero 2.8 SFX BSIV Dual Tone,2011,825000,,Diesel,Individual,Manual,First Owner,1865,14,High,High,0,Diesel_Manual,Mitsubishi,6.88,1
CAR_001866,Maruti Alto LX BSIII,2006,160000,63230,Petrol,Individual,Manual,Second Owner,1866,19,Low,Medium,0,Petrol_Manual,Maruti,2.53,0
CAR_001867,Mahindra Scorpio 2.6 SLX CRDe,2006,300000,120000,Diesel,Individual,Manual,Second Owner,1867,19,Low,High,0,Diesel_Manual,Mahindra,2.5,1
CAR_001868,Maruti Wagon R VXI,2005,100000,100000,Petrol,Individual,Manual,Third Owner,1868,20,Low,High,0,Petrol_Manual,Maruti,1,0
CAR_001869,Hyundai i20 Asta 1.4 CRDi,2015,530000,77000,Diesel,Individual,Manual,Second Owner,1869,10,Mid,High,0,Diesel_Manual,Hyundai,6.88,1
CAR_001870,Maruti Swift VXI Optional,2016,360000,30000,Petrol,Individual,Manual,First Owner,1870,9,Mid,Low,0,Petrol_Manual,Maruti,12,0
CAR_001871,Maruti Swift 1.2 DLX,2015,220000,40000,Petrol,Individual,Manual,First Owner,1871,10,Low,Medium,0,Petrol_Manual,Maruti,5.5,0
CAR_001872,Maruti Alto 800 LXI,2017,178000,35000,Petrol,Individual,Manual,First Owner,1872,8,Low,Medium,0,Petrol_Manual,Maruti,5.09,0
CAR_001873,Mahindra Thar DI 4X2,2018,515000,5000,Diesel,Individual,Manual,First Owner,1873,7,Mid,Low,0,Diesel_Manual,Mahindra,103,1
CAR_001874,Maruti Ritz VXi,2014,300000,35000,Petrol,Individual,Manual,First Owner,1874,11,Low,Medium,0,Petrol_Manual,Maruti,8.57,0
CAR_001875,Tata Indigo LS,2008,105000,90000,Diesel,Individual,Manual,First Owner,1875,17,Low,,0,Diesel_Manual,Tata,1.17,1
CAR_001876,Tata Indica Vista TDI LX,2013,185000,65000,Diesel,Individual,Manual,First Owner,1876,12,Low,Medium,0,Diesel_Manual,Tata,2.85,1
CAR_001877,Tata Indica Vista Quadrajet LS,2012,150000,80000,Diesel,Individual,Manual,Second Owner,1877,13,Low,High,0,Diesel_Manual,Tata,1.88,1
CAR_001878,Fiat Grande Punto EVO 1.3 Active,2014,260000,50000,Diesel,Individual,Manual,First Owner,1878,11,Low,Medium,0,Diesel_Manual,Fiat,5.2,1
CAR_001879,Maruti Swift Dzire VDi,2012,450000,33000,Diesel,Individual,Manual,First Owner,1879,13,Mid,Medium,0,Diesel_Manual,Maruti,13.64,1
CAR_001880,Maruti Swift VXI Deca,2016,500000,38000,Petrol,Individual,Manual,First Owner,1880,9,Mid,,0,Petrol_Manual,Maruti,13.16,0
CAR_001881,Maruti Alto K10 2010-2014 VXI,2012,260000,40000,Petrol,Individual,Manual,First Owner,1881,13,Low,Medium,0,Petrol_Manual,Maruti,6.5,0
CAR_001882,Volkswagen Polo Diesel Trendline 1.2L,2012,265000,55000,Diesel,Individual,Manual,Second Owner,1882,13,Low,,0,Diesel_Manual,Volkswagen,4.82,1
CAR_001883,Tata Nexon 1.2 Revotron XZ Plus Dual Tone,2017,750000,15000,Petrol,Individual,Manual,First Owner,1883,8,High,Low,0,Petrol_Manual,Tata,50,0
CAR_001884,Mahindra Thar CRDe,2017,800000,26000,Diesel,Individual,Manual,Second Owner,1884,8,High,Low,0,Diesel_Manual,Mahindra,30.77,1
CAR_001885,Tata Safari Storme VX Varicor 400,2016,869999,80000,Diesel,Individual,Manual,First Owner,1885,9,High,High,0,Diesel_Manual,Tata,10.87,1
CAR_001886,Toyota Innova 2.5 G1 BSIV,2012,950000,,Diesel,Individual,Manual,First Owner,1886,13,High,High,0,Diesel_Manual,Toyota,11.88,1
CAR_001887,Maruti Baleno Alpha 1.2,2018,690000,40000,Petrol,Individual,Manual,First Owner,1887,7,High,Medium,0,Petrol_Manual,Maruti,17.25,0
CAR_001888,Mitsubishi Pajero 2.8 SFX BSIV Dual Tone,2011,825000,120000,Diesel,Individual,Manual,First Owner,1888,14,High,High,0,Diesel_Manual,Mitsubishi,6.88,1
CAR_001889,Maruti 800 Std,2013,170000,70000,Petrol,Individual,Manual,First Owner,1889,12,Low,Medium,0,Petrol_Manual,Maruti,2.43,0
CAR_001890,Maruti Alto LX BSIII,2006,160000,63230,Petrol,Individual,Manual,Second Owner,1890,19,Low,Medium,0,Petrol_Manual,Maruti,2.53,0
CAR_001891,Mahindra Scorpio 2.6 SLX CRDe,2006,300000,120000,Diesel,Individual,Manual,Second Owner,1891,19,,High,0,Diesel_Manual,Mahindra,2.5,1
CAR_001892,Datsun GO Plus A,2015,315000,45000,Petrol,Individual,Manual,Second Owner,1892,10,Mid,Medium,0,Petrol_Manual,Datsun,7,0
CAR_001893,Maruti 800 Std BSII,2006,90000,40000,Petrol,Individual,Manual,Second Owner,1893,19,Low,Medium,0,Petrol_Manual,Maruti,2.25,0
CAR_001894,Maruti Wagon R VXI,2005,100000,100000,Petrol,Individual,Manual,Third Owner,1894,20,Low,High,0,Petrol_Manual,Maruti,1,0
CAR_001895,Tata Indica GLS BS IV,2008,65000,110000,Petrol,Individual,Manual,Third Owner,1895,17,Low,High,0,Petrol_Manual,Tata,0.59,0
CAR_001896,Hyundai Verna 1.6 CRDI,2012,312000,90000,Diesel,Individual,,Second Owner,1896,13,Mid,,0,Diesel_Manual,Hyundai,3.47,1
CAR_001897,Maruti Vitara Brezza LDi,2018,700000,25000,Diesel,Individual,Manual,First Owner,1897,7,High,Low,0,Diesel_Manual,Maruti,28,1
CAR_001898,Hyundai Santro Xing XL eRLX Euro III,2005,150000,47000,Petrol,Individual,Manual,First Owner,1898,20,Low,Medium,0,Petrol_Manual,Hyundai,3.19,0
CAR_001899,Renault Fluence 1.5,2013,450000,60000,Diesel,Individual,,First Owner,1899,12,Mid,Medium,0,Diesel_Manual,Renault,7.5,1
CAR_001900,Hyundai Verna Transform CRDi VGT ABS,2010,229999,120000,,Individual,Manual,Second Owner,1900,15,Low,,0,Diesel_Manual,Hyundai,1.92,1
CAR_001901,Maruti Swift Ldi BSIII,2008,111000,120000,Diesel,Individual,,First Owner,1901,17,Low,High,0,Diesel_Manual,Maruti,0.92,1
CAR_001902,Maruti Swift Dzire VDi,2012,250000,140000,Diesel,Individual,,Second Owner,1902,13,Low,High,0,Diesel_Manual,Maruti,1.79,1
CAR_001903,Ford Freestyle Titanium Plus Diesel,2019,750000,1001,,Dealer,Manual,First Owner,1903,6,High,Low,0,Diesel_Manual,Ford,749.25,1
CAR_001904,Ford Figo 1.5P Titanium AT,2017,774000,1758,Petrol,Dealer,Automatic,First Owner,1904,8,High,Low,0,Petrol_Automatic,Ford,440.27,0
CAR_001905,Ford Figo 1.5P Titanium AT,2018,711000,1452,Petrol,Dealer,Automatic,First Owner,1905,7,,Low,0,Petrol_Automatic,Ford,489.67,0
CAR_001906,Ford Figo 1.5D Titanium MT,2017,600000,35122,Diesel,Dealer,,First Owner,1906,8,Mid,,,Diesel_Manual,Ford,17.08,1
CAR_001907,Maruti Swift Dzire VDI,2015,455000,92621,Diesel,Dealer,Manual,First Owner,1907,10,Mid,High,,Diesel_Manual,Maruti,4.91,1
CAR_001908,Datsun GO T Petrol,2015,225000,92198,Petrol,Dealer,Manual,Second Owner,1908,10,Low,High,0,Petrol_Manual,Datsun,2.44,0
CAR_001909,Maruti Swift Dzire VDI,2019,650000,5000,,Individual,Manual,First Owner,1909,6,,,0,Diesel_Manual,Maruti,130,1
CAR_001910,Chevrolet Beat LT,2013,,50000,Petrol,Individual,Manual,First Owner,1910,12,Low,Medium,0,Petrol_Manual,Chevrolet,4,0
CAR_001911,Hyundai Creta 1.6 CRDi AT SX Plus,2016,875000,74000,Diesel,Individual,Automatic,First Owner,1911,9,High,High,0,Diesel_Automatic,Hyundai,11.82,1
CAR_001912,Skoda Rapid 1.5 TDI AT Ambition BSIV,2017,750000,40000,Diesel,Individual,Automatic,First Owner,1912,8,High,Medium,0,Diesel_Automatic,Skoda,18.75,1
CAR_001913,Maruti Swift Dzire AMT VDI,2019,725000,22000,Diesel,Individual,Automatic,First Owner,1913,6,High,Low,0,Diesel_Automatic,Maruti,32.95,1
CAR_001914,Maruti Alto LXi,2007,100000,100000,Petrol,Individual,Manual,Second Owner,1914,18,Low,High,0,Petrol_Manual,Maruti,1,0
CAR_001915,Tata Hexa XT,2019,1100000,40000,Diesel,Individual,Manual,First Owner,1915,6,,Medium,0,Diesel_Manual,Tata,27.5,1
CAR_001916,Ford Endeavour 3.2 Titanium AT 4X4,2017,,30000,Diesel,Individual,Automatic,First Owner,1916,8,Premium,Low,0,Diesel_Automatic,Ford,90,1
CAR_001917,Renault KWID RXT Optional,2016,280000,23000,,Individual,Manual,First Owner,1917,9,,Low,0,Petrol_Manual,Renault,12.17,0
CAR_001918,Tata Indica Vista Aqua TDI BSIII,2009,150000,,Diesel,Individual,Manual,First Owner,1918,16,Low,Low,0,Diesel_Manual,Tata,5,1
CAR_001919,Tata Manza Aura Safire,2010,200000,50000,Petrol,Individual,Manual,First Owner,1919,15,Low,Medium,0,Petrol_Manual,Tata,4,0
CAR_001920,Maruti Ritz VDi,2010,148000,100000,Diesel,Individual,Manual,Second Owner,1920,15,,High,0,Diesel_Manual,Maruti,1.48,1
CAR_001921,Maruti Swift Dzire VXi,2011,254999,70000,Petrol,Individual,Manual,Second Owner,1921,14,Low,Medium,,Petrol_Manual,Maruti,3.64,0
CAR_001922,Maruti Swift Dzire ZXI,2013,360000,60000,Petrol,Individual,Manual,Second Owner,1922,12,,Medium,0,Petrol_Manual,Maruti,6,0
CAR_001923,Maruti Alto LX,2006,95000,90000,,Individual,Manual,Second Owner,1923,19,Low,High,0,Petrol_Manual,Maruti,1.06,0
CAR_001924,Mahindra Bolero SLE BSIII,2007,185000,230000,Diesel,Individual,Manual,Second Owner,1924,18,Low,Very High,0,Diesel_Manual,Mahindra,0.8,1
CAR_001925,Tata Indica Vista Quadrajet VX,2012,185000,40000,Diesel,Individual,Manual,First Owner,1925,13,Low,Medium,0,Diesel_Manual,Tata,4.62,1
CAR_001926,Renault KWID RXL,2019,300000,15000,Petrol,Individual,,First Owner,1926,6,Low,Low,0,Petrol_Manual,Renault,20,0
CAR_001927,Hyundai Verna VTVT 1.6 SX,2018,800000,40000,Petrol,Individual,Manual,First Owner,1927,7,High,Medium,0,Petrol_Manual,Hyundai,20,0
CAR_001928,Maruti Zen LX,2000,60000,50000,Petrol,Individual,Manual,First Owner,1928,25,Low,Medium,0,Petrol_Manual,Maruti,1.2,0
CAR_001929,Fiat Punto 1.2 Active,2010,80000,50000,Petrol,Individual,Manual,Second Owner,1929,15,Low,Medium,0,Petrol_Manual,Fiat,1.6,0
CAR_001930,Hyundai Xcent 1.2 VTVT S,2018,500000,8000,Petrol,Individual,Manual,First Owner,1930,7,Mid,Low,0,Petrol_Manual,Hyundai,62.5,0
CAR_001931,Hyundai EON Era Plus,2013,250000,35000,Petrol,Individual,Manual,First Owner,1931,12,Low,Medium,0,Petrol_Manual,Hyundai,7.14,0
CAR_001932,Tata New Safari DICOR 2.2 EX 4x2,2010,250000,80000,Diesel,Individual,Manual,First Owner,1932,15,Low,High,0,Diesel_Manual,Tata,3.12,1
CAR_001933,Maruti Wagon R LXI BSIII,2005,125000,50000,Petrol,Individual,Manual,Second Owner,1933,20,Low,Medium,0,Petrol_Manual,Maruti,2.5,0
CAR_001934,Maruti Alto LXi BSII,2002,100000,80000,Petrol,Individual,Manual,Fourth & Above Owner,1934,23,Low,High,0,Petrol_Manual,Maruti,1.25,0
CAR_001935,Mahindra Scorpio M2DI,2010,480000,90000,Diesel,Individual,Manual,First Owner,1935,15,Mid,,,Diesel_Manual,Mahindra,5.33,1
CAR_001936,Mahindra KUV 100 G80 K2,2018,320000,30000,Petrol,Individual,Manual,Second Owner,1936,7,Mid,Low,0,Petrol_Manual,Mahindra,10.67,0
CAR_001937,Maruti A-Star Vxi,2010,130000,70000,Petrol,Individual,,Second Owner,1937,15,Low,Medium,0,Petrol_Manual,Maruti,1.86,0
CAR_001938,Tata Indica DLS,2006,,80000,Diesel,Individual,,Second Owner,1938,19,Low,High,0,Diesel_Manual,Tata,0.71,1
CAR_001939,Hyundai Santro GLS I - Euro I,2005,75000,60000,Petrol,Individual,Manual,First Owner,1939,20,,Medium,0,Petrol_Manual,Hyundai,1.25,0
CAR_001940,Maruti 800 DX,2003,60000,35000,Petrol,Individual,Manual,First Owner,1940,22,Low,Medium,,Petrol_Manual,Maruti,1.71,0
CAR_001941,Maruti Alto LXi BSIII,2008,125000,70000,Petrol,Individual,Manual,First Owner,1941,17,Low,,0,Petrol_Manual,Maruti,1.79,0
CAR_001942,Honda City 1.5 EXI S,2004,105000,,Petrol,Individual,Manual,Third Owner,1942,21,Low,High,0,Petrol_Manual,Honda,1.05,0
CAR_001943,Maruti Wagon R LXI DUO BSIII,2008,125000,152000,LPG,Individual,Manual,Second Owner,1943,17,Low,Very High,0,LPG_Manual,Maruti,0.82,0
CAR_001944,Maruti Zen LXI,1998,69000,70000,Petrol,Individual,Manual,Second Owner,1944,27,Low,Medium,0,Petrol_Manual,Maruti,0.99,0
CAR_001945,Tata Indigo LX,2012,130000,90000,Diesel,Individual,Manual,Second Owner,1945,13,Low,High,0,Diesel_Manual,Tata,1.44,1
CAR_001946,Maruti Baleno Zeta 1.2,2019,630000,,Petrol,Individual,Manual,First Owner,1946,6,High,Medium,0,Petrol_Manual,Maruti,15.75,0
CAR_001947,Honda Amaze E i-VTEC,2016,330000,50000,Petrol,Individual,,Second Owner,1947,9,Mid,Medium,0,Petrol_Manual,Honda,6.6,0
CAR_001948,Maruti Wagon R VXI BS IV,2014,340000,15000,Petrol,Individual,Manual,Second Owner,1948,11,Mid,Low,0,Petrol_Manual,Maruti,22.67,0
CAR_001949,Hyundai Santro Xing XG eRLX Euro III,2006,60000,120000,Petrol,Individual,Manual,Third Owner,1949,19,Low,High,0,Petrol_Manual,Hyundai,0.5,0
CAR_001950,Tata Safari Storme EX,2014,550000,78322,Diesel,Individual,Manual,First Owner,1950,11,Mid,High,0,Diesel_Manual,Tata,7.02,1
CAR_001951,Maruti Ertiga VDI,2014,480000,,Diesel,Individual,Manual,Second Owner,1951,11,,High,0,Diesel_Manual,Maruti,4.36,1
CAR_001952,Hyundai Verna 1.6 SX CRDi (O),2013,315000,80000,Diesel,Individual,Manual,Second Owner,1952,12,Mid,High,0,Diesel_Manual,Hyundai,3.94,1
CAR_001953,Ford Fiesta Titanium 1.5 TDCi,2012,165000,,Diesel,Individual,Manual,First Owner,1953,13,Low,High,0,Diesel_Manual,Ford,1.38,1
CAR_001954,Chevrolet Beat LS,2016,170000,125000,Petrol,Individual,Manual,First Owner,1954,9,Low,,,Petrol_Manual,Chevrolet,1.36,0
CAR_001955,Maruti Baleno Delta 1.2,2018,550000,8000,Petrol,Individual,Manual,First Owner,1955,7,Mid,Low,0,Petrol_Manual,Maruti,68.75,0
CAR_001956,Volkswagen Ameo 1.2 MPI Trendline,2018,465000,13000,Petrol,Individual,,First Owner,1956,7,Mid,Low,0,Petrol_Manual,Volkswagen,35.77,0
CAR_001957,Tata Indica Vista Quadrajet LX,2012,120000,80000,Diesel,Individual,Manual,Third Owner,1957,13,Low,High,0,Diesel_Manual,Tata,1.5,1
CAR_001958,Hyundai Verna 1.6 Xi ABS,2008,220000,54309,Petrol,Individual,Manual,First Owner,1958,17,Low,Medium,0,Petrol_Manual,Hyundai,4.05,0
CAR_001959,Ford Figo Diesel LXI,2011,180000,70000,Diesel,Individual,Manual,Second Owner,1959,14,Low,Medium,0,Diesel_Manual,Ford,2.57,1
CAR_001960,Chevrolet Aveo 1.6 LT,2006,150000,34600,,Individual,Manual,Third Owner,1960,19,Low,Medium,0,Petrol_Manual,Chevrolet,4.34,0
CAR_001961,Tata Zest Revotron 1.2T XMS,2016,520000,25000,Petrol,Individual,Manual,First Owner,1961,9,Mid,Low,0,Petrol_Manual,Tata,20.8,0
CAR_001962,Tata Safari Storme EX,2013,430000,80000,,Individual,,Third Owner,1962,12,Mid,High,0,Diesel_Manual,Tata,5.38,1
CAR_001963,Mahindra Bolero DI DX 8 Seater,2009,300000,,Diesel,Individual,Manual,Second Owner,1963,16,Low,Medium,0,Diesel_Manual,Mahindra,5.45,1
CAR_001964,Hyundai Venue SX Opt Diesel,2020,1000000,5000,Diesel,Individual,Manual,First Owner,1964,5,High,,0,Diesel_Manual,Hyundai,200,1
CAR_001965,Honda WR-V i-DTEC VX,2017,725000,30000,,Individual,Manual,First Owner,1965,8,High,Low,0,Diesel_Manual,Honda,24.17,1
CAR_001966,Hyundai Verna 1.4 EX,2011,500000,31000,Diesel,Individual,Manual,First Owner,1966,14,Mid,Medium,,Diesel_Manual,Hyundai,16.13,1
CAR_001967,Maruti Wagon R LXI BS IV,2011,250000,50000,Petrol,Individual,Manual,First Owner,1967,14,Low,,0,Petrol_Manual,Maruti,5,0
CAR_001968,Maruti Swift Dzire VDI,2018,700000,38217,Diesel,Individual,,First Owner,1968,7,High,Medium,0,Diesel_Manual,Maruti,18.32,1
CAR_001969,Ford Figo Petrol ZXI,2011,185000,50000,Petrol,Individual,Manual,Third Owner,1969,14,Low,Medium,0,Petrol_Manual,Ford,3.7,0
CAR_001970,Maruti Ritz VDi,2011,200000,120000,Diesel,Individual,Manual,First Owner,1970,14,Low,High,0,Diesel_Manual,Maruti,1.67,1
CAR_001971,Mahindra Bolero DI,2004,315000,110000,,Individual,Manual,Third Owner,1971,21,Mid,High,0,Diesel_Manual,Mahindra,2.86,1
CAR_001972,Tata Hexa XT,2019,1100000,40000,Diesel,Individual,Manual,First Owner,1972,6,Premium,Medium,0,Diesel_Manual,Tata,27.5,1
CAR_001973,Hyundai Santro LP zipPlus,2001,52000,50000,Petrol,Individual,Manual,Third Owner,1973,24,Low,Medium,0,Petrol_Manual,Hyundai,1.04,0
CAR_001974,Hyundai i20 Active 1.2 S,2017,600000,10000,Petrol,Individual,Manual,First Owner,1974,8,Mid,Low,0,Petrol_Manual,Hyundai,60,0
CAR_001975,Tata Harrier XZ BSIV,2019,1700000,10000,,Individual,Manual,First Owner,1975,6,Premium,Low,0,Diesel_Manual,Tata,170,1
CAR_001976,Nissan Terrano XL Plus 85 PS,2015,451000,100000,Diesel,Individual,Manual,First Owner,1976,10,Mid,High,0,Diesel_Manual,Nissan,4.51,1
CAR_001977,Mahindra KUV 100 mFALCON G80 K8 5str,2016,370000,60000,Petrol,Individual,Manual,First Owner,1977,9,Mid,Medium,0,Petrol_Manual,Mahindra,6.17,0
CAR_001978,Ford Endeavour 3.2 Titanium AT 4X4,2017,2700000,30000,Diesel,Individual,Automatic,First Owner,1978,8,Premium,Low,0,Diesel_Automatic,Ford,90,1
CAR_001979,Renault KWID RXT Optional,2016,,23000,Petrol,Individual,Manual,First Owner,1979,9,Low,Low,0,Petrol_Manual,Renault,12.17,0
CAR_001980,Maruti Wagon R VXI BS IV,2017,350000,30000,Petrol,Individual,Manual,First Owner,1980,8,Mid,Low,0,Petrol_Manual,Maruti,11.67,0
CAR_001981,Hyundai i10 Sportz,2011,250000,50000,Petrol,Individual,Manual,First Owner,1981,14,,Medium,0,Petrol_Manual,Hyundai,5,0
CAR_001982,Maruti Alto 800 LXI,2014,204999,25000,Petrol,Individual,Manual,Second Owner,1982,11,Low,Low,0,Petrol_Manual,Maruti,8.2,0
CAR_001983,Maruti Ignis 1.2 Delta BSIV,2019,500000,15000,Petrol,Individual,Manual,First Owner,1983,6,Mid,Low,0,Petrol_Manual,Maruti,33.33,0
CAR_001984,Tata Indica Vista Aqua TDI BSIII,2009,150000,30000,Diesel,Individual,Manual,First Owner,1984,16,,Low,0,Diesel_Manual,Tata,5,1
CAR_001985,Chevrolet Spark 1.0 LS,2010,175000,45000,Petrol,Individual,,Second Owner,1985,15,Low,Medium,0,Petrol_Manual,Chevrolet,3.89,0
CAR_001986,Chevrolet Spark 1.0 LS,2009,170000,44800,Petrol,Individual,Manual,Second Owner,1986,16,Low,Medium,,Petrol_Manual,Chevrolet,3.79,0
CAR_001987,Tata Manza Aura Safire,2010,200000,50000,Petrol,Individual,Manual,First Owner,1987,15,Low,Medium,0,Petrol_Manual,Tata,4,0
CAR_001988,Hyundai Creta 1.4 E Plus,2018,800000,52000,Diesel,Individual,Manual,First Owner,1988,7,High,Medium,0,Diesel_Manual,Hyundai,15.38,1
CAR_001989,Tata Hexa XTA,2017,1200000,50000,Diesel,Individual,Automatic,First Owner,1989,8,Premium,Medium,0,Diesel_Automatic,Tata,24,1
CAR_001990,Toyota Corolla Altis 1.8 J,2008,400000,35000,,Individual,,Second Owner,1990,17,Mid,Medium,0,Petrol_Manual,Toyota,11.43,0
CAR_001991,Maruti Ritz VDi,2010,148000,100000,Diesel,Individual,Manual,Second Owner,1991,15,Low,High,0,Diesel_Manual,Maruti,1.48,1
CAR_001992,Tata Manza Club Class Quadrajet90 LS,2014,,100000,Diesel,Individual,Manual,First Owner,1992,11,Low,High,,Diesel_Manual,Tata,2,1
CAR_001993,Maruti Swift Dzire VDI,2016,,,Diesel,Individual,Manual,Second Owner,1993,9,,Medium,0,Diesel_Manual,Maruti,7.1,1
CAR_001994,Maruti Wagon R VXI Minor,2007,80000,60000,Petrol,Individual,,Third Owner,1994,18,Low,Medium,0,Petrol_Manual,Maruti,1.33,0
CAR_001995,Chevrolet Beat PS,2014,170000,77000,Petrol,Individual,Manual,First Owner,1995,11,Low,High,0,Petrol_Manual,Chevrolet,2.21,0
CAR_001996,Hyundai Accent Executive,2011,150000,60000,Petrol,Individual,Manual,First Owner,1996,14,Low,Medium,0,Petrol_Manual,Hyundai,2.5,0
CAR_001997,Tata Manza Aura (ABS) Safire BS IV,2010,110000,77073,Petrol,Individual,Manual,Second Owner,1997,15,Low,High,0,Petrol_Manual,Tata,1.43,0
CAR_001998,Ford Figo Aspire 1.5 TDCi Titanium,2016,400000,70000,Diesel,Individual,Manual,First Owner,1998,9,Mid,Medium,0,Diesel_Manual,Ford,5.71,1
CAR_001999,Hyundai i10 Magna LPG,2013,275000,90000,LPG,Individual,Manual,Second Owner,1999,12,Low,High,0,LPG_Manual,Hyundai,3.06,0
CAR_002000,Toyota Innova 2.5 G (Diesel) 7 Seater,2013,800000,186000,Diesel,Individual,Manual,Third Owner,2000,12,High,Very High,0,Diesel_Manual,Toyota,4.3,1
CAR_002001,Mahindra Scorpio M2DI,2014,550000,90000,Diesel,Individual,Manual,First Owner,2001,11,Mid,High,0,Diesel_Manual,Mahindra,6.11,1
CAR_002002,Maruti Alto LX BSIII,2007,125000,100000,Petrol,Individual,,Second Owner,2002,18,Low,High,0,Petrol_Manual,Maruti,1.25,0
CAR_002003,Chevrolet Beat LT,2010,,80000,Petrol,Individual,Manual,Second Owner,2003,15,Low,High,0,Petrol_Manual,Chevrolet,1.69,0
CAR_002004,Mahindra Scorpio LX BSIV,2012,349000,150000,Diesel,Individual,Manual,First Owner,2004,13,Mid,High,0,Diesel_Manual,Mahindra,2.33,1
CAR_002005,Maruti Swift VDI BSIV,2014,458000,80000,Diesel,Individual,Manual,First Owner,2005,11,Mid,High,0,Diesel_Manual,Maruti,5.72,1
CAR_002006,Maruti Alto K10 VXI,2018,300000,35000,Petrol,Individual,Manual,First Owner,2006,7,Low,,0,Petrol_Manual,Maruti,8.57,0
CAR_002007,Maruti Alto LXi,2008,95000,70000,Petrol,Individual,Manual,First Owner,2007,17,Low,Medium,0,Petrol_Manual,Maruti,1.36,0
CAR_002008,Maruti S-Cross Zeta DDiS 200 SH,2018,850000,50000,Diesel,Individual,Manual,First Owner,2008,7,,,0,Diesel_Manual,Maruti,17,1
CAR_002009,Ford Freestyle Titanium Diesel,2019,750000,25000,,Individual,Manual,First Owner,2009,6,High,Low,0,Diesel_Manual,Ford,30,1
CAR_002010,Ford Figo Diesel Celebration Edition,2013,190000,120000,Diesel,Individual,Manual,First Owner,2010,12,,High,0,Diesel_Manual,Ford,1.58,1
CAR_002011,Maruti Wagon R LXI Minor,2009,150000,70000,Petrol,Individual,Manual,First Owner,2011,16,Low,Medium,0,Petrol_Manual,Maruti,2.14,0
CAR_002012,Hyundai Accent GLE,2009,114999,106000,Petrol,Individual,Manual,Third Owner,2012,16,Low,High,0,Petrol_Manual,Hyundai,1.08,0
CAR_002013,Toyota Innova 2.0 VX 7 Seater,2010,320000,120000,Petrol,Individual,Manual,Third Owner,2013,15,Mid,High,0,Petrol_Manual,Toyota,2.67,0
CAR_002014,Maruti Alto 800 CNG LXI Optional,2019,300000,120000,CNG,Individual,,First Owner,2014,6,Low,High,0,CNG_Manual,Maruti,2.5,0
CAR_002015,Maruti Ritz LXi,2016,275000,160000,Petrol,Individual,Manual,First Owner,2015,9,Low,Very High,0,Petrol_Manual,Maruti,1.72,0
CAR_002016,Chevrolet Aveo 1.6 LT with ABS,2010,140000,120000,Petrol,Individual,Manual,Second Owner,2016,15,,High,,Petrol_Manual,Chevrolet,1.17,0
CAR_002017,Tata Altroz XZ,2020,830000,10000,Petrol,Individual,Manual,First Owner,2017,5,High,Low,0,Petrol_Manual,Tata,83,0
CAR_002018,Volkswagen Polo SR Petrol 1.2L,2013,380000,50000,Petrol,Individual,Manual,First Owner,2018,12,Mid,Medium,,Petrol_Manual,Volkswagen,7.6,0
CAR_002019,Hyundai i10 Magna 1.2,2010,,90000,Petrol,Individual,Manual,Second Owner,2019,15,,High,0,Petrol_Manual,Hyundai,1.67,0
CAR_002020,Chevrolet Spark 1.0 LS,2008,50000,70000,Petrol,Individual,Manual,First Owner,2020,17,Low,Medium,0,Petrol_Manual,Chevrolet,0.71,0
CAR_002021,Mahindra Bolero SLX,2008,155000,100000,Diesel,Individual,Manual,First Owner,2021,17,Low,High,0,Diesel_Manual,Mahindra,1.55,1
CAR_002022,Mahindra Bolero SLX,2008,155000,,,Individual,Manual,First Owner,2022,17,Low,,0,Diesel_Manual,Mahindra,1.55,1
CAR_002023,Skoda Superb 1.8 TFSI MT,2010,300000,,Petrol,Individual,Manual,First Owner,2023,15,Low,High,0,Petrol_Manual,Skoda,3.75,0
CAR_002024,Maruti Alto 800 LXI,2018,300000,16584,,Dealer,Manual,First Owner,2024,7,Low,,0,Petrol_Manual,Maruti,18.09,0
CAR_002025,Tata Tiago 2019-2020 XE Diesel,2016,385000,38000,Diesel,Dealer,Manual,First Owner,2025,9,Mid,,,Diesel_Manual,Tata,10.13,1
CAR_002026,Maruti Wagon R LXI,2010,221000,51000,Petrol,Dealer,,First Owner,2026,15,Low,Medium,0,Petrol_Manual,Maruti,4.33,0
CAR_002027,Tata Tiago 1.05 Revotorq XE,2016,381000,38000,Diesel,Dealer,Manual,First Owner,2027,9,Mid,Medium,0,Diesel_Manual,Tata,10.03,1
CAR_002028,Maruti Alto 800 LXI,2015,250999,35000,Petrol,Dealer,,First Owner,2028,10,Low,Medium,0,Petrol_Manual,Maruti,7.17,0
CAR_002029,Hyundai Santro LS zipPlus,2002,,120000,Petrol,Individual,,Third Owner,2029,23,Low,,0,Petrol_Manual,Hyundai,0.5,0
CAR_002030,Tata Tiago 1.05 Revotorq XE,2016,380000,38000,Diesel,Dealer,Manual,First Owner,2030,9,Mid,Medium,0,Diesel_Manual,Tata,10,1
CAR_002031,Skoda Laura L n K 1.9 PD,2008,180000,144000,Diesel,Individual,Manual,Third Owner,2031,17,Low,High,0,Diesel_Manual,Skoda,1.25,1
CAR_002032,Maruti Ciaz ZDi Plus,2017,751000,64000,Diesel,Dealer,Manual,First Owner,2032,8,High,Medium,0,Diesel_Manual,Maruti,11.73,1
CAR_002033,Mahindra XUV500 AT W10 FWD,2015,1250000,60000,Diesel,Dealer,Automatic,First Owner,2033,10,Premium,Medium,0,Diesel_Automatic,Mahindra,20.83,1
CAR_002034,Hyundai EON 1.0 Era Plus,2014,229999,65000,Petrol,Dealer,Manual,First Owner,2034,11,Low,Medium,0,Petrol_Manual,Hyundai,3.54,0
CAR_002035,Tata Safari Storme EX,2019,1250000,24000,Diesel,Individual,Manual,First Owner,2035,6,Premium,Low,0,Diesel_Manual,Tata,52.08,1
CAR_002036,Mahindra Scorpio VLX 2WD BSIV,2014,782000,58000,Diesel,Dealer,Manual,Second Owner,2036,11,High,Medium,0,Diesel_Manual,Mahindra,13.48,1
CAR_002037,Mahindra Scorpio VLX 2.2 mHawk Airbag BSIV,2014,780000,58000,,Dealer,Manual,Second Owner,2037,11,High,Medium,0,Diesel_Manual,Mahindra,13.45,1
CAR_002038,Maruti Alto 800 LXI,2016,245000,68000,Petrol,Dealer,Manual,First Owner,2038,9,Low,Medium,0,Petrol_Manual,Maruti,3.6,0
CAR_002039,Hyundai i20 1.4 CRDi Sportz,2011,321000,81257,,Dealer,Manual,First Owner,2039,14,Mid,High,0,Diesel_Manual,Hyundai,3.95,1
CAR_002040,Hyundai Grand i10 1.2 CRDi Sportz Option,2017,509999,44000,Diesel,Dealer,Manual,First Owner,2040,8,Mid,,0,Diesel_Manual,Hyundai,11.59,1
CAR_002041,Tata Nano CX SE,2015,110000,45000,Petrol,Dealer,Manual,First Owner,2041,10,Low,Medium,0,Petrol_Manual,Tata,2.44,0
CAR_002042,Volkswagen Polo Diesel Highline 1.2L,2013,400000,75000,Diesel,Dealer,Manual,First Owner,2042,12,,,0,Diesel_Manual,Volkswagen,5.33,1
CAR_002043,Maruti Swift VXI,2013,,90000,Petrol,Individual,,First Owner,2043,12,Mid,High,0,Petrol_Manual,Maruti,4.11,0
CAR_002044,Hyundai Verna CRDi ABS,2007,175000,80000,Diesel,Individual,Manual,Second Owner,2044,18,Low,High,0,Diesel_Manual,Hyundai,2.19,1
CAR_002045,Mercedes-Benz E-Class 230,1998,1000000,35000,,Individual,Automatic,Second Owner,2045,27,High,Medium,0,Petrol_Automatic,Mercedes-Benz,28.57,0
CAR_002046,Maruti Alto 800 LXI,2013,92800,25000,Petrol,Individual,Manual,Second Owner,2046,12,Low,Low,0,Petrol_Manual,Maruti,3.71,0
CAR_002047,Tata Xenon XT EX 4X2,2014,291000,90000,Diesel,Individual,Manual,First Owner,2047,11,Low,High,,Diesel_Manual,Tata,3.23,1
CAR_002048,Maruti Alto 800 LXI,2013,92800,25000,Petrol,Individual,Manual,Second Owner,2048,12,Low,Low,0,Petrol_Manual,Maruti,3.71,0
CAR_002049,Hyundai Verna 1.6 SX CRDi (O),2013,335000,110000,Diesel,Individual,Manual,Third Owner,2049,12,Mid,High,0,Diesel_Manual,Hyundai,3.05,1
CAR_002050,Maruti Omni 8 Seater BSIV,2013,170000,35000,,Individual,Manual,First Owner,2050,12,Low,Medium,0,Petrol_Manual,Maruti,4.86,0
CAR_002051,Maruti Alto 800 LXI,2019,295000,10000,Petrol,Individual,Manual,First Owner,2051,6,Low,Low,0,Petrol_Manual,Maruti,29.5,0
CAR_002052,Renault KWID RXL,2019,375000,10000,,Individual,Manual,First Owner,2052,6,Mid,Low,0,Petrol_Manual,Renault,37.5,0
CAR_002053,Hyundai EON Era Plus,2012,215000,70000,Petrol,Individual,Manual,Second Owner,2053,13,,Medium,0,Petrol_Manual,Hyundai,3.07,0
CAR_002054,Ford Fiesta 1.4 ZXi TDCi ABS,2009,,110000,Diesel,Individual,Manual,Second Owner,2054,16,Low,High,0,Diesel_Manual,Ford,1.36,1
CAR_002055,Maruti Alto LXI,2003,60000,5000,Petrol,Individual,Manual,Second Owner,2055,22,Low,,0,Petrol_Manual,Maruti,12,0
CAR_002056,Maruti Alto LX,2006,52000,120000,Petrol,Individual,Manual,Third Owner,2056,19,Low,High,0,Petrol_Manual,Maruti,0.43,0
CAR_002057,Maruti Omni LPG CARGO BSIII W IMMOBILISER,2009,80000,90000,LPG,Individual,Manual,Second Owner,2057,16,Low,High,0,LPG_Manual,Maruti,0.89,0
CAR_002058,Maruti Alto LX,2012,140000,70000,Petrol,Individual,Manual,Second Owner,2058,13,Low,Medium,,Petrol_Manual,Maruti,2,0
CAR_002059,Hyundai Verna i (Petrol),2008,120000,90000,Petrol,Individual,Manual,Second Owner,2059,17,Low,High,0,Petrol_Manual,Hyundai,1.33,0
CAR_002060,Ford Fiesta Classic 1.4 SXI Duratorq,2006,110000,120000,Diesel,Individual,Manual,Third Owner,2060,19,Low,High,0,Diesel_Manual,Ford,0.92,1
CAR_002061,Tata New Safari Dicor EX 4X2 BS IV,2012,280000,110000,Diesel,Individual,Manual,Fourth & Above Owner,2061,13,Low,High,,Diesel_Manual,Tata,2.55,1
CAR_002062,Toyota Etios VD,2016,450000,50000,Diesel,Individual,Manual,Second Owner,2062,9,Mid,Medium,0,Diesel_Manual,Toyota,9,1
CAR_002063,Mahindra XUV500 W7,2018,1150000,58000,,Individual,Manual,First Owner,2063,7,,Medium,0,Diesel_Manual,Mahindra,19.83,1
CAR_002064,Maruti Baleno Delta 1.3,2018,,15000,Diesel,Individual,Manual,First Owner,2064,7,High,Low,0,Diesel_Manual,Maruti,43.33,1
CAR_002065,Tata Zest Revotron 1.2T XE,2015,300000,60000,Petrol,Individual,Manual,Second Owner,2065,10,Low,,0,Petrol_Manual,Tata,5,0
CAR_002066,Tata Nano Twist XT,2015,73000,57000,Petrol,Individual,Manual,First Owner,2066,10,Low,Medium,0,Petrol_Manual,Tata,1.28,0
CAR_002067,Maruti Swift VDI BSIV,2015,400000,87000,Diesel,Individual,Manual,Third Owner,2067,10,Mid,High,0,Diesel_Manual,Maruti,4.6,1
CAR_002068,Renault KWID 1.0 RXT Optional,2017,300000,,Petrol,Individual,Manual,First Owner,2068,8,,Medium,0,Petrol_Manual,Renault,4.29,0
CAR_002069,Maruti Wagon R AX,2012,300000,30000,,Individual,Automatic,Second Owner,2069,13,Low,Low,0,Petrol_Automatic,Maruti,10,0
CAR_002070,Maruti Swift Dzire VDI,2012,450000,80000,Diesel,Individual,Manual,First Owner,2070,13,Mid,High,0,Diesel_Manual,Maruti,5.62,1
CAR_002071,Hyundai Santro Xing GLS,2009,200000,,Petrol,Individual,Manual,Second Owner,2071,16,Low,High,0,Petrol_Manual,Hyundai,2,0
CAR_002072,Maruti Swift VXI,2019,580000,40000,Petrol,Individual,Manual,First Owner,2072,6,Mid,,0,Petrol_Manual,Maruti,14.5,0
CAR_002073,Hyundai Grand i10 1.2 Kappa Asta,2017,550000,3917,Petrol,Individual,Manual,First Owner,2073,8,Mid,Low,0,Petrol_Manual,Hyundai,140.41,0
CAR_002074,Mahindra Scorpio SLX 2.6 Turbo 8 Str,2007,,160000,Diesel,Individual,Manual,Second Owner,2074,18,Low,,0,Diesel_Manual,Mahindra,1.19,1
CAR_002075,Tata Tiago 1.05 Revotorq XT Option,2017,450000,35000,Diesel,Individual,Manual,First Owner,2075,8,Mid,,0,Diesel_Manual,Tata,12.86,1
CAR_002076,Chevrolet Spark 1.0 LS,2014,220000,70000,Petrol,Individual,Manual,First Owner,2076,11,,Medium,0,Petrol_Manual,Chevrolet,3.14,0
CAR_002077,Maruti SX4 ZXI MT BSIV,2012,310000,69069,Petrol,Dealer,Manual,First Owner,2077,13,Mid,Medium,0,Petrol_Manual,Maruti,4.49,0
CAR_002078,Hyundai Elite i20 Sportz Plus BSIV,2019,650000,13500,Petrol,Individual,,First Owner,2078,6,,,0,Petrol_Manual,Hyundai,48.15,0
CAR_002079,Maruti Wagon R Stingray VXI,2014,300000,,Petrol,Dealer,Manual,First Owner,2079,11,Low,,0,Petrol_Manual,Maruti,5.08,0
CAR_002080,Hyundai Accent Executive,2013,200000,70000,Petrol,Individual,Manual,First Owner,2080,12,Low,Medium,0,Petrol_Manual,Hyundai,2.86,0
CAR_002081,Honda Brio S MT,2012,285000,39039,Petrol,Dealer,Manual,First Owner,2081,13,Low,Medium,0,Petrol_Manual,Honda,7.3,0
CAR_002082,Honda Brio Exclusive Edition,2014,335000,33033,Petrol,Dealer,Manual,First Owner,2082,11,Mid,Medium,0,Petrol_Manual,Honda,10.14,0
CAR_002083,Hyundai Verna Transform SX VTVT,2011,370000,55168,Petrol,Individual,Manual,Second Owner,2083,14,Mid,Medium,0,Petrol_Manual,Hyundai,6.71,0
CAR_002084,Hyundai i20 1.2 Sportz,2013,375000,41041,Petrol,Dealer,Manual,First Owner,2084,12,Mid,Medium,0,Petrol_Manual,Hyundai,9.14,0
CAR_002085,Hyundai i10 Magna,2009,235000,67067,Petrol,Dealer,Manual,First Owner,2085,16,Low,Medium,0,Petrol_Manual,Hyundai,3.5,0
CAR_002086,Hyundai i10 Sportz 1.2 AT,2013,,66066,Petrol,Dealer,Automatic,First Owner,2086,12,Mid,,0,Petrol_Automatic,Hyundai,5.22,0
CAR_002087,Mahindra Quanto C8,2013,365000,82082,Diesel,Dealer,Manual,First Owner,2087,12,Mid,High,,Diesel_Manual,Mahindra,4.45,1
CAR_002088,Hyundai Grand i10 Sportz,2014,400000,,Petrol,Individual,Manual,First Owner,2088,11,Mid,,,Petrol_Manual,Hyundai,8.33,0
CAR_002089,Hyundai EON D Lite Plus,2015,250000,30000,Petrol,Individual,Manual,First Owner,2089,10,Low,Low,0,Petrol_Manual,Hyundai,8.33,0
CAR_002090,Hyundai Verna SX CRDi AT,2012,465000,,Diesel,Dealer,Automatic,First Owner,2090,13,Mid,,0,Diesel_Automatic,Hyundai,6.64,1
CAR_002091,Renault KWID RXT,2017,300000,10000,Petrol,Individual,Manual,First Owner,2091,8,Low,Low,0,Petrol_Manual,Renault,30,0
CAR_002092,Maruti Swift Dzire ZXI 1.2 BS IV,2018,,25000,Petrol,Individual,Manual,First Owner,2092,7,High,,0,Petrol_Manual,Maruti,26.2,0
CAR_002093,Maruti Wagon R LXI CNG,2016,350000,30000,CNG,Individual,Manual,Second Owner,2093,9,Mid,Low,0,CNG_Manual,Maruti,11.67,0
CAR_002094,Hyundai i10 Sportz 1.2 AT,2015,500000,50000,Petrol,Dealer,Automatic,First Owner,2094,10,Mid,Medium,0,Petrol_Automatic,Hyundai,10,0
CAR_002095,Hyundai Grand i10 AT Asta,2015,465000,63063,Petrol,Dealer,Automatic,First Owner,2095,10,Mid,Medium,,Petrol_Automatic,Hyundai,7.37,0
CAR_002096,Maruti Swift VDi BSIII W/ ABS,2008,,70000,Diesel,Individual,,First Owner,2096,17,Low,,0,Diesel_Manual,Maruti,3.76,1
CAR_002097,Maruti Omni MPI STD BSIV,2012,250000,90000,Petrol,Individual,,First Owner,2097,13,Low,High,0,Petrol_Manual,Maruti,2.78,0
CAR_002098,Hyundai Accent GLE 1,1999,60000,90000,Petrol,Individual,Manual,Fourth & Above Owner,2098,26,Low,High,0,Petrol_Manual,Hyundai,0.67,0
CAR_002099,Hyundai Getz GLX,2005,70000,90000,Petrol,Individual,Manual,Third Owner,2099,20,Low,High,0,Petrol_Manual,Hyundai,0.78,0
CAR_002100,Chevrolet Sail Hatchback 1.2 LS,2016,250000,30000,Petrol,Individual,Manual,First Owner,2100,9,Low,Low,0,Petrol_Manual,Chevrolet,8.33,0
CAR_002101,Hyundai EON Magna Plus,2016,229999,80000,Petrol,Individual,Manual,First Owner,2101,9,Low,High,0,Petrol_Manual,Hyundai,2.87,0
CAR_002102,Chevrolet Optra Magnum 2.0 LS,2011,195000,120000,Diesel,Individual,Manual,First Owner,2102,14,,High,0,Diesel_Manual,Chevrolet,1.62,1
CAR_002103,Datsun RediGO S,2016,270000,,,Individual,Manual,First Owner,2103,9,Low,Low,0,Petrol_Manual,Datsun,12.27,0
CAR_002104,Honda WR-V i-DTEC VX,2017,650000,140000,Diesel,Individual,Manual,First Owner,2104,8,High,,0,Diesel_Manual,Honda,4.64,1
CAR_002105,Hyundai i20 Asta 1.4 CRDi,2014,370000,80000,Diesel,Individual,,Second Owner,2105,11,Mid,High,0,Diesel_Manual,Hyundai,4.62,1
CAR_002106,Maruti Swift VDI Optional,2016,509999,40000,Diesel,Individual,Manual,First Owner,2106,9,Mid,,0,Diesel_Manual,Maruti,12.75,1
CAR_002107,Maruti Zen Estilo VXI BSIV,2011,280000,33000,,Individual,Manual,First Owner,2107,14,Low,Medium,0,Petrol_Manual,Maruti,8.48,0
CAR_002108,Maruti A-Star Vxi,2010,180000,40000,Petrol,Individual,Manual,First Owner,2108,15,Low,Medium,0,Petrol_Manual,Maruti,4.5,0
CAR_002109,Renault KWID 1.0 RXT Optional,2018,300000,10500,Petrol,Individual,,First Owner,2109,7,Low,Low,0,Petrol_Manual,Renault,28.57,0
CAR_002110,Mahindra Bolero 2011-2019 SLX,2013,400000,107000,Diesel,Individual,Manual,First Owner,2110,12,Mid,High,0,Diesel_Manual,Mahindra,3.74,1
CAR_002111,Hyundai i10 Sportz 1.2,2010,210000,60000,Petrol,Individual,Manual,Second Owner,2111,15,Low,,0,Petrol_Manual,Hyundai,3.5,0
CAR_002112,Hyundai Santro Xing XG eRLX Euro III,2006,90000,120000,Petrol,Individual,Manual,Second Owner,2112,19,Low,High,,Petrol_Manual,Hyundai,0.75,0
CAR_002113,Maruti Wagon R LXI BS IV,2010,222000,70000,Petrol,Individual,Manual,First Owner,2113,15,Low,Medium,0,Petrol_Manual,Maruti,3.17,0
CAR_002114,Maruti Alto 800 LXI,2015,240000,50000,,Individual,,Second Owner,2114,10,Low,,0,Petrol_Manual,Maruti,4.8,0
CAR_002115,Toyota Etios Liva GD,2013,450000,70000,Diesel,Individual,Manual,Second Owner,2115,12,Mid,Medium,0,Diesel_Manual,Toyota,6.43,1
CAR_002116,Ford Ecosport 1.5 Petrol Ambiente,2017,650000,6000,Petrol,Individual,Manual,First Owner,2116,8,High,Low,0,Petrol_Manual,Ford,108.33,0
CAR_002117,Hyundai Verna SX Diesel,2010,200000,78000,Diesel,Dealer,Manual,Second Owner,2117,15,Low,High,0,Diesel_Manual,Hyundai,2.56,1
CAR_002118,Hyundai Verna SX Diesel,2011,210000,72000,Diesel,Dealer,Manual,Third Owner,2118,14,Low,High,0,Diesel_Manual,Hyundai,2.92,1
CAR_002119,Tata Nano Cx BSIV,2011,75000,9528,Petrol,Dealer,Manual,First Owner,2119,14,Low,Low,0,Petrol_Manual,Tata,7.87,0
CAR_002120,Toyota Innova 2.5 G (Diesel) 8 Seater,2011,450000,135200,,Dealer,Manual,First Owner,2120,14,Mid,High,0,Diesel_Manual,Toyota,3.33,1
CAR_002121,Hyundai i20 1.2 Sportz,2011,220000,58000,Petrol,Dealer,Manual,Second Owner,2121,14,Low,Medium,0,Petrol_Manual,Hyundai,3.79,0
CAR_002122,Hyundai i20 Magna 1.4 CRDi (Diesel),2013,325000,78000,Diesel,Dealer,Manual,Second Owner,2122,12,Mid,High,,Diesel_Manual,Hyundai,4.17,1
CAR_002123,Tata Zest Revotron 1.2T XE,2018,450000,45000,Petrol,Individual,Manual,First Owner,2123,7,,Medium,0,Petrol_Manual,Tata,10,0
CAR_002124,Ford EcoSport 1.5 Diesel Titanium Plus BSIV,2017,825000,35000,Diesel,Individual,Manual,First Owner,2124,8,High,Medium,0,Diesel_Manual,Ford,23.57,1
CAR_002125,Hyundai Accent GLS,2007,125000,,Petrol,Dealer,Manual,Third Owner,2125,18,Low,High,0,Petrol_Manual,Hyundai,1.64,0
CAR_002126,Mahindra Xylo D2 BS IV,2015,434999,100000,Diesel,Individual,Manual,Third Owner,2126,10,Mid,High,0,Diesel_Manual,Mahindra,4.35,1
CAR_002127,Mahindra Scorpio SLE BSIV,2011,484999,99000,Diesel,Individual,Manual,Second Owner,2127,14,Mid,High,0,Diesel_Manual,Mahindra,4.9,1
CAR_002128,Maruti Ritz VDi,2009,,,Diesel,Individual,Manual,Third Owner,2128,16,Low,High,0,Diesel_Manual,Maruti,2.19,1
CAR_002129,Honda Civic 1.8 S MT,2006,220000,120000,,Individual,Manual,Third Owner,2129,19,Low,High,0,Petrol_Manual,Honda,1.83,0
CAR_002130,Honda BR-V i-VTEC VX MT,2020,1250000,,Petrol,Dealer,Manual,First Owner,2130,5,,Low,0,Petrol_Manual,Honda,1136.36,0
CAR_002131,Maruti Omni E MPI STD BS IV,2017,215000,34000,Petrol,Dealer,Manual,First Owner,2131,8,Low,Medium,0,Petrol_Manual,Maruti,6.32,0
CAR_002132,Mahindra XUV500 W6 2WD,2014,625000,,Diesel,Dealer,Manual,First Owner,2132,11,High,Medium,0,Diesel_Manual,Mahindra,9.19,1
CAR_002133,Ford EcoSport 1.5 Diesel Titanium BSIV,2018,615000,,Diesel,Individual,,First Owner,2133,7,High,Low,0,Diesel_Manual,Ford,41,1
CAR_002134,Chevrolet Beat Diesel PS,2012,130000,58000,Diesel,Dealer,Manual,First Owner,2134,13,Low,Medium,0,Diesel_Manual,Chevrolet,2.24,1
CAR_002135,Tata Indigo CS eLX BS IV,2013,175000,50300,Diesel,Individual,Manual,First Owner,2135,12,Low,Medium,0,Diesel_Manual,Tata,3.48,1
CAR_002136,Tata Indigo CR4,2011,150000,70000,Diesel,Individual,Manual,Second Owner,2136,14,Low,Medium,,Diesel_Manual,Tata,2.14,1
CAR_002137,Tata Indica Vista TDI LS,2011,195000,60000,Diesel,Individual,Manual,Third Owner,2137,14,Low,Medium,0,Diesel_Manual,Tata,3.25,1
CAR_002138,Maruti Ertiga 1.5 VDI,2020,550000,90000,Diesel,Individual,Manual,First Owner,2138,5,Mid,High,0,Diesel_Manual,Maruti,6.11,1
CAR_002139,Isuzu D-Max V-Cross Standard,2018,1500000,40000,Diesel,Individual,Manual,First Owner,2139,7,Premium,,0,Diesel_Manual,Isuzu,37.5,1
CAR_002140,Skoda Superb 1.8 TFSI MT,2010,400000,80000,Petrol,Individual,Manual,Second Owner,2140,15,Mid,High,0,Petrol_Manual,Skoda,5,0
CAR_002141,Nissan Kicks XV Premium D BSIV,2019,1350000,15000,Diesel,Individual,Manual,First Owner,2141,6,Premium,Low,0,Diesel_Manual,Nissan,90,1
CAR_002142,Maruti Swift 1.2 DLX,2015,217000,45000,Petrol,Individual,Manual,First Owner,2142,10,Low,Medium,0,Petrol_Manual,Maruti,4.82,0
CAR_002143,Maruti Swift VDI BSIV,2011,290000,130000,Diesel,Individual,Manual,Second Owner,2143,14,,High,0,Diesel_Manual,Maruti,2.23,1
CAR_002144,Mahindra Bolero Power Plus SLX,2018,700000,80000,Diesel,Individual,Manual,First Owner,2144,7,High,High,0,Diesel_Manual,Mahindra,8.75,1
CAR_002145,Maruti Alto 800 Base,2014,175000,40000,Petrol,Individual,Manual,First Owner,2145,11,Low,Medium,0,Petrol_Manual,Maruti,4.38,0
CAR_002146,Volkswagen Ameo 1.5 TDI Highline 16 Alloy,2017,575000,80000,Diesel,Individual,Manual,First Owner,2146,8,Mid,High,0,Diesel_Manual,Volkswagen,7.19,1
CAR_002147,Maruti Ritz LDi,2016,380000,100000,Diesel,Individual,Manual,Second Owner,2147,9,Mid,High,0,Diesel_Manual,Maruti,3.8,1
CAR_002148,Mahindra Xylo D4 BSIV,2013,350000,151624,Diesel,Individual,Manual,Second Owner,2148,12,Mid,Very High,0,Diesel_Manual,Mahindra,2.31,1
CAR_002149,Renault Duster 85PS Diesel RxL Optional,2012,450000,160000,Diesel,Individual,Manual,First Owner,2149,13,Mid,,0,Diesel_Manual,Renault,2.81,1
CAR_002150,Hyundai Santro AT CNG,2005,130000,110000,CNG,Individual,Manual,Second Owner,2150,20,Low,,0,CNG_Manual,Hyundai,1.18,0
CAR_002151,Maruti Swift VDI BSIV,2015,320000,74820,Diesel,Individual,Manual,First Owner,2151,10,Mid,High,0,Diesel_Manual,Maruti,4.28,1
CAR_002152,Mahindra XUV500 W6 2WD,2014,550000,82000,Diesel,Individual,Manual,First Owner,2152,11,Mid,High,0,Diesel_Manual,Mahindra,6.71,1
CAR_002153,Maruti Wagon R VXI BS IV,2015,370000,50000,Petrol,Individual,Manual,Second Owner,2153,10,,Medium,0,Petrol_Manual,Maruti,7.4,0
CAR_002154,Chevrolet Beat LT,2010,114999,70000,Petrol,Individual,Manual,Second Owner,2154,15,Low,Medium,,Petrol_Manual,Chevrolet,1.64,0
CAR_002155,Ford Ecosport Sports Petrol,2020,,1000,,Individual,Manual,First Owner,2155,5,Premium,Low,0,Petrol_Manual,Ford,1100,0
CAR_002156,Hyundai Tucson CRDi,2006,170000,170000,Diesel,Individual,Manual,First Owner,2156,19,Low,Very High,0,Diesel_Manual,Hyundai,1,1
CAR_002157,Tata Indigo TDI,2008,80000,150000,Diesel,Individual,Manual,Third Owner,2157,17,Low,High,0,Diesel_Manual,Tata,0.53,1
CAR_002158,Ford EcoSport 1.5 Diesel Titanium BSIV,2019,950000,17000,Diesel,Individual,Manual,First Owner,2158,6,High,Low,0,Diesel_Manual,Ford,55.88,1
CAR_002159,Maruti Swift Dzire VDI,2014,425000,150000,Diesel,Individual,Manual,First Owner,2159,11,Mid,High,0,Diesel_Manual,Maruti,2.83,1
CAR_002160,Hyundai i20 Asta Option 1.4 CRDi,2015,500000,80000,Diesel,Individual,Manual,First Owner,2160,10,Mid,High,0,Diesel_Manual,Hyundai,6.25,1
CAR_002161,Hyundai Santro Xing XG eRLX Euro III,2005,70000,170000,Petrol,Individual,Manual,Third Owner,2161,20,Low,Very High,0,Petrol_Manual,Hyundai,0.41,0
CAR_002162,Honda Amaze S i-Dtech,2013,349000,120000,Diesel,Individual,Manual,First Owner,2162,12,,High,0,Diesel_Manual,Honda,2.91,1
CAR_002163,Hyundai i20 1.2 Sportz,2012,330000,,Petrol,Individual,,Third Owner,2163,13,Mid,High,0,Petrol_Manual,Hyundai,3.67,0
CAR_002164,Hyundai Santro Xing GLS,2010,120000,90000,Petrol,Individual,Manual,Third Owner,2164,15,,,0,Petrol_Manual,Hyundai,1.33,0
CAR_002165,Hyundai Verna 1.6 SX CRDi (O),2013,430000,100000,Diesel,Individual,Manual,Second Owner,2165,12,Mid,High,0,Diesel_Manual,Hyundai,4.3,1
CAR_002166,Maruti Swift VDI BSIV,2014,390000,90000,Diesel,Individual,Manual,First Owner,2166,11,,High,0,Diesel_Manual,Maruti,4.33,1
CAR_002167,Nissan Micra Diesel XV Primo,2012,225000,129000,Diesel,Individual,Manual,First Owner,2167,13,Low,High,0,Diesel_Manual,Nissan,1.74,1
CAR_002168,Mahindra Scorpio VLS AT 2.2 mHAWK,2010,350000,186000,Diesel,Individual,Automatic,Second Owner,2168,15,Mid,Very High,0,Diesel_Automatic,Mahindra,1.88,1
CAR_002169,Tata Sumo LX,2009,100000,66778,Diesel,Individual,Manual,First Owner,2169,16,Low,,,Diesel_Manual,Tata,1.5,1
CAR_002170,Hyundai EON Era Plus,2014,190000,50000,Petrol,Individual,Manual,First Owner,2170,11,Low,Medium,,Petrol_Manual,Hyundai,3.8,0
CAR_002171,Hyundai i20 Sportz 1.4 CRDi,2014,,110000,Diesel,Individual,Manual,Second Owner,2171,11,Mid,High,,Diesel_Manual,Hyundai,2.86,1
CAR_002172,Hyundai Grand i10 CRDi Magna,2015,300000,60000,Diesel,Individual,Manual,Second Owner,2172,10,Low,Medium,0,Diesel_Manual,Hyundai,5,1
CAR_002173,Renault KWID RXT,2016,280000,40000,Petrol,Individual,Manual,First Owner,2173,9,Low,Medium,0,Petrol_Manual,Renault,7,0
CAR_002174,Hyundai Tucson 2.0 e-VGT 2WD MT,2017,1650000,55000,Diesel,Dealer,,First Owner,2174,8,Premium,Medium,0,Diesel_Manual,Hyundai,30,1
CAR_002175,Hyundai EON Era Plus,2015,295000,,,Dealer,Manual,Second Owner,2175,10,Low,,0,Petrol_Manual,Hyundai,14.05,0
CAR_002176,Jaguar XF 5.0 Litre V8 Petrol,2012,2050000,66363,Petrol,Dealer,Automatic,Second Owner,2176,13,Premium,Medium,,Petrol_Automatic,Jaguar,30.89,0
CAR_002177,Hyundai Creta 1.6 VTVT AT SX Plus,2018,,11700,Petrol,Dealer,Automatic,First Owner,2177,7,Premium,Low,,Petrol_Automatic,Hyundai,126.07,0
CAR_002178,Hyundai Verna VTVT 1.6 AT SX Option,2017,1100000,10000,Petrol,Individual,Automatic,First Owner,2178,8,Premium,Low,0,Petrol_Automatic,Hyundai,110,0
CAR_002179,Mercedes-Benz GL-Class 350 CDI Blue Efficiency,2014,4400000,100000,Diesel,Individual,Automatic,Second Owner,2179,11,Premium,High,0,Diesel_Automatic,Mercedes-Benz,44,1
CAR_002180,Maruti Swift ZXI BSIV,2016,670000,7104,Petrol,Trustmark Dealer,Manual,First Owner,2180,9,High,Low,0,Petrol_Manual,Maruti,94.31,0
CAR_002181,Maruti S-Cross Zeta DDiS 200 SH,2015,750000,45974,Diesel,Trustmark Dealer,Manual,First Owner,2181,10,High,Medium,0,Diesel_Manual,Maruti,16.31,1
CAR_002182,Hyundai Verna 1.6 VTVT SX,2015,760000,55340,Petrol,Trustmark Dealer,Manual,First Owner,2182,10,High,Medium,0,Petrol_Manual,Hyundai,13.73,0
CAR_002183,Volkswagen Polo GTI,2017,850000,20000,Petrol,Dealer,Automatic,Second Owner,2183,8,High,Low,0,Petrol_Automatic,Volkswagen,42.5,0
CAR_002184,Renault Pulse RxL,2015,,61585,Diesel,Trustmark Dealer,Manual,First Owner,2184,10,Mid,Medium,0,Diesel_Manual,Renault,6.33,1
CAR_002185,Maruti Celerio VXI AMT BSIV,2016,450000,39415,,Trustmark Dealer,Automatic,Second Owner,2185,9,,Medium,,Petrol_Automatic,Maruti,11.42,0
CAR_002186,Honda Brio V MT,2014,425000,29654,Petrol,Trustmark Dealer,Manual,First Owner,2186,11,Mid,Low,0,Petrol_Manual,Honda,14.33,0
CAR_002187,Maruti Baleno Alpha 1.3,2016,,64672,Diesel,Trustmark Dealer,Manual,First Owner,2187,9,,Medium,,Diesel_Manual,Maruti,11.91,1
CAR_002188,Hyundai Creta 1.6 SX Automatic Diesel,2015,1150000,54634,Diesel,Trustmark Dealer,Automatic,Second Owner,2188,10,,Medium,0,Diesel_Automatic,Hyundai,21.05,1
CAR_002189,Honda City i VTEC V,2015,775000,,Petrol,Trustmark Dealer,Manual,First Owner,2189,10,,Medium,0,Petrol_Manual,Honda,11.65,0
CAR_002190,Hyundai Elite i20 Asta Option CVT BSIV,2019,720000,3000,Petrol,Individual,Automatic,First Owner,2190,6,High,Low,0,Petrol_Automatic,Hyundai,240,0
CAR_002191,Toyota Innova Crysta 2.4 GX AT,2018,1725000,23974,Diesel,Dealer,Automatic,Second Owner,2191,7,Premium,Low,0,Diesel_Automatic,Toyota,71.95,1
CAR_002192,Tata Tiago 1.2 Revotron XZ,2018,,10000,Petrol,Individual,Manual,First Owner,2192,7,Mid,Low,0,Petrol_Manual,Tata,53.9,0
CAR_002193,Maruti Celerio ZXI,2017,420000,50000,Petrol,Individual,Manual,First Owner,2193,8,Mid,Medium,,Petrol_Manual,Maruti,8.4,0
CAR_002194,Maruti Omni E 8 Str STD,2001,85000,70000,,Individual,Manual,Third Owner,2194,24,Low,Medium,0,Petrol_Manual,Maruti,1.21,0
CAR_002195,OpelCorsa 1.6Gls,2004,142000,,Petrol,Individual,Manual,Fourth & Above Owner,2195,21,Low,High,0,Petrol_Manual,OpelCorsa,1.95,0
CAR_002196,Hyundai EON D Lite,2014,180000,76000,Petrol,Individual,Manual,Second Owner,2196,11,Low,High,,Petrol_Manual,Hyundai,2.37,0
CAR_002197,Chevrolet Tavera Neo 3 Max 9 Str BSIII,2014,,120000,Diesel,Individual,Manual,Second Owner,2197,11,Mid,High,0,Diesel_Manual,Chevrolet,3.33,1
CAR_002198,Mahindra Scorpio VLX 2WD ABS AT BSIII,2009,360000,170000,Diesel,Individual,Automatic,Third Owner,2198,16,Mid,Very High,0,Diesel_Automatic,Mahindra,2.12,1
CAR_002199,Hyundai Santro Xing XG,2003,85000,110000,Petrol,Individual,Manual,Second Owner,2199,22,,High,0,Petrol_Manual,Hyundai,0.77,0
CAR_002200,Honda Brio 1.2 S MT,2016,350000,63400,Petrol,Individual,Manual,First Owner,2200,9,Mid,Medium,0,Petrol_Manual,Honda,5.52,0
CAR_002201,Datsun GO Plus T BSIV,2015,380000,25000,,Individual,,First Owner,2201,10,Mid,Low,0,Petrol_Manual,Datsun,15.2,0
CAR_002202,Hyundai i10 Era,2009,140000,80000,Petrol,Individual,Manual,Third Owner,2202,16,Low,High,,Petrol_Manual,Hyundai,1.75,0
CAR_002203,Maruti Wagon R VXI BS IV,2012,200000,90000,Petrol,Individual,,First Owner,2203,13,Low,High,0,Petrol_Manual,Maruti,2.22,0
CAR_002204,Hyundai Santro Xing GL,2011,150000,157000,Petrol,Individual,Manual,First Owner,2204,14,Low,Very High,0,Petrol_Manual,Hyundai,0.96,0
CAR_002205,Tata Indica Vista Quadrajet LS,2012,150000,80000,Diesel,Individual,Manual,Second Owner,2205,13,Low,High,0,Diesel_Manual,Tata,1.88,1
CAR_002206,Maruti 800 Std BSII,2006,90000,40000,Petrol,Individual,Manual,Second Owner,2206,19,Low,Medium,0,Petrol_Manual,Maruti,2.25,0
CAR_002207,Mahindra Bolero SLX 2WD,2007,300000,100000,Diesel,Individual,Manual,Second Owner,2207,18,Low,High,0,Diesel_Manual,Mahindra,3,1
CAR_002208,Renault KWID RXT,2017,280000,,Petrol,Individual,Manual,First Owner,2208,8,Low,Medium,0,Petrol_Manual,Renault,5.6,0
CAR_002209,Maruti Alto K10 2010-2014 VXI,2011,,40000,Petrol,Individual,Manual,First Owner,2209,14,Low,Medium,0,Petrol_Manual,Maruti,5,0
CAR_002210,Chevrolet Aveo U-VA 1.2 LT WO ABS Airbag,2009,110000,38500,Petrol,Individual,Manual,Second Owner,2210,16,,Medium,,Petrol_Manual,Chevrolet,2.86,0
CAR_002211,Hyundai i10 Magna,2008,140000,103921,Petrol,Individual,Manual,Second Owner,2211,17,Low,High,0,Petrol_Manual,Hyundai,1.35,0
CAR_002212,Hyundai Creta 1.4 EX Diesel,2020,1050000,10000,Diesel,Individual,Manual,First Owner,2212,5,,Low,0,Diesel_Manual,Hyundai,105,1
CAR_002213,Honda City i-VTEC VX,2018,1150000,14825,Petrol,Dealer,Manual,First Owner,2213,7,Premium,Low,0,Petrol_Manual,Honda,77.57,0
CAR_002214,Honda BR-V i-DTEC VX MT,2016,910000,43377,,Dealer,Manual,First Owner,2214,9,High,Medium,0,Diesel_Manual,Honda,20.98,1
CAR_002215,Ford Figo Diesel Titanium,2010,160000,,Diesel,Dealer,Manual,First Owner,2215,15,Low,High,0,Diesel_Manual,Ford,1.56,1
CAR_002216,Maruti Zen LX,2004,,79000,Petrol,Individual,Manual,Second Owner,2216,21,Low,,0,Petrol_Manual,Maruti,1.33,0
CAR_002217,Skoda Octavia Elegance 2.0 TDI AT,2014,1200000,135000,Diesel,Individual,,Third Owner,2217,11,Premium,High,0,Diesel_Automatic,Skoda,8.89,1
CAR_002218,Renault KWID 1.0 RXT Optional,2018,300000,10500,Petrol,Individual,Manual,First Owner,2218,7,Low,Low,0,Petrol_Manual,Renault,28.57,0
CAR_002219,Maruti Wagon R LXI,2004,70000,90000,Petrol,Individual,Manual,Fourth & Above Owner,2219,21,Low,High,0,Petrol_Manual,Maruti,0.78,0
CAR_002220,Chevrolet Beat Diesel,2012,160000,110000,Diesel,Individual,Manual,First Owner,2220,13,,High,0,Diesel_Manual,Chevrolet,1.45,1
CAR_002221,Chevrolet Beat Diesel LS,2012,160000,50000,Diesel,Individual,Manual,First Owner,2221,13,Low,Medium,0,Diesel_Manual,Chevrolet,3.2,1
CAR_002222,Chevrolet Sail Hatchback LT ABS,2013,225000,80000,Diesel,Individual,,First Owner,2222,12,Low,High,0,Diesel_Manual,Chevrolet,2.81,1
CAR_002223,Honda Jazz 1.5 VX i DTEC,2018,790000,19571,Diesel,Dealer,Manual,First Owner,2223,7,High,Low,0,Diesel_Manual,Honda,40.37,1
CAR_002224,Honda City 1.3 EXI,2002,,100000,Petrol,Individual,Manual,First Owner,2224,23,Low,High,0,Petrol_Manual,Honda,1.45,0
CAR_002225,Honda City i-VTEC ZX,2018,1200000,29600,Petrol,Dealer,Manual,First Owner,2225,7,Premium,,0,Petrol_Manual,Honda,40.54,0
CAR_002226,Ford EcoSport 1.5 Diesel Titanium Plus BSIV,2018,930000,,Diesel,Individual,Manual,First Owner,2226,7,High,,0,Diesel_Manual,Ford,46.5,1
CAR_002227,Hyundai EON D Lite,2016,210000,30000,Petrol,Individual,Manual,First Owner,2227,9,Low,,0,Petrol_Manual,Hyundai,7,0
CAR_002228,Hyundai Getz 1.5 CRDi GVS,2008,,154000,Diesel,Individual,Manual,Third Owner,2228,17,Low,Very High,,Diesel_Manual,Hyundai,0.71,1
CAR_002229,Maruti Swift LXI,2011,175000,70000,Petrol,Individual,Manual,First Owner,2229,14,Low,Medium,0,Petrol_Manual,Maruti,2.5,0
CAR_002230,Maruti Vitara Brezza ZDi Plus AMT Dual Tone,2018,950000,15000,Diesel,Individual,,First Owner,2230,7,High,Low,0,Diesel_Automatic,Maruti,63.33,1
CAR_002231,Renault Lodgy Stepway 85PS RXZ 8S,2017,650000,40000,Diesel,Individual,Manual,First Owner,2231,8,High,Medium,0,Diesel_Manual,Renault,16.25,1
CAR_002232,Maruti Swift VXI,2019,550000,51000,Petrol,Individual,Manual,First Owner,2232,6,Mid,Medium,0,Petrol_Manual,Maruti,10.78,0
CAR_002233,Maruti Alto LX BSIII,2008,85000,120000,Petrol,Individual,,Second Owner,2233,17,Low,High,0,Petrol_Manual,Maruti,0.71,0
CAR_002234,Maruti Celerio LXI MT BSIV,2019,340000,,Petrol,Individual,Manual,First Owner,2234,6,Mid,Medium,0,Petrol_Manual,Maruti,6.8,0
CAR_002235,Renault Captur 1.5 Diesel RXT,2017,825000,13500,Diesel,Individual,Manual,First Owner,2235,8,High,Low,0,Diesel_Manual,Renault,61.11,1
CAR_002236,Toyota Etios 1.5 V,2016,509999,35000,Petrol,Individual,Manual,First Owner,2236,9,Mid,Medium,0,Petrol_Manual,Toyota,14.57,0
CAR_002237,Renault Duster 85PS Diesel RxL,2013,450000,1000,,Dealer,Manual,Second Owner,2237,12,Mid,Low,0,Diesel_Manual,Renault,450,1
CAR_002238,Mercedes-Benz C-Class Progressive C 220d,2018,3800000,10000,Diesel,Dealer,Automatic,First Owner,2238,7,Premium,Low,0,Diesel_Automatic,Mercedes-Benz,380,1
CAR_002239,Audi A4 3.0 TDI Quattro,2013,,86000,,Dealer,Automatic,First Owner,2239,12,Premium,,0,Diesel_Automatic,Audi,18.37,1
CAR_002240,BMW X5 xDrive 30d xLine,2019,4950000,30000,Diesel,Dealer,Automatic,First Owner,2240,6,,Low,,Diesel_Automatic,BMW,165,1
CAR_002241,Hyundai Creta 1.6 CRDi SX,2016,535000,52600,Diesel,Individual,Manual,First Owner,2241,9,,Medium,0,Diesel_Manual,Hyundai,10.17,1
CAR_002242,Maruti SX4 Vxi BSIV,2012,225000,110000,Petrol,Individual,Manual,Second Owner,2242,13,Low,High,0,Petrol_Manual,Maruti,2.05,0
CAR_002243,Hyundai Grand i10 1.2 Kappa Magna AT,2017,550000,19890,Petrol,Dealer,,First Owner,2243,8,Mid,Low,0,Petrol_Automatic,Hyundai,27.65,0
CAR_002244,Maruti Swift ZXI BSIV,2016,670000,7104,Petrol,Trustmark Dealer,Manual,First Owner,2244,9,High,Low,0,Petrol_Manual,Maruti,94.31,0
CAR_002245,Maruti Ertiga VXI,2015,,11918,Petrol,Trustmark Dealer,Manual,First Owner,2245,10,,Low,,Petrol_Manual,Maruti,52.44,0
CAR_002246,Hyundai Grand i10 Magna AT,2017,520000,10510,Petrol,Dealer,Automatic,First Owner,2246,8,Mid,Low,0,Petrol_Automatic,Hyundai,49.48,0
CAR_002247,Chevrolet Beat LT Option,2016,239000,,Petrol,Dealer,Manual,First Owner,2247,9,Low,Medium,0,Petrol_Manual,Chevrolet,5.83,0
CAR_002248,Toyota Fortuner 4x2 AT,2017,2600000,,Diesel,Trustmark Dealer,Automatic,First Owner,2248,8,Premium,Medium,,Diesel_Automatic,Toyota,55.13,1
CAR_002249,Maruti S-Cross Zeta DDiS 200 SH,2015,750000,45974,Diesel,Trustmark Dealer,Manual,First Owner,2249,10,,Medium,0,Diesel_Manual,Maruti,16.31,1
CAR_002250,Hyundai i10 Magna,2012,229999,49824,Petrol,Dealer,Manual,First Owner,2250,13,Low,Medium,0,Petrol_Manual,Hyundai,4.62,0
CAR_002251,Audi A6 2.0 TDI Premium Plus,2013,1300000,58500,Diesel,Dealer,Automatic,First Owner,2251,12,Premium,Medium,0,Diesel_Automatic,Audi,22.22,1
CAR_002252,Hyundai Santro GS,2005,80000,56580,Petrol,Dealer,Manual,First Owner,2252,20,Low,Medium,0,Petrol_Manual,Hyundai,1.41,0
CAR_002253,Skoda Laura Ambiente 2.0 TDI CR MT,2012,,52000,Diesel,Dealer,Manual,First Owner,2253,13,Mid,Medium,0,Diesel_Manual,Skoda,7.4,1
CAR_002254,Hyundai Verna 1.6 VTVT SX,2015,760000,55340,Petrol,Trustmark Dealer,Manual,First Owner,2254,10,High,Medium,0,Petrol_Manual,Hyundai,13.73,0
CAR_002255,Maruti Swift Dzire VDI,2017,600000,46507,Diesel,Trustmark Dealer,Manual,First Owner,2255,8,Mid,Medium,0,Diesel_Manual,Maruti,12.9,1
CAR_002256,Renault Duster 85PS Diesel RxL,2013,450000,1000,Diesel,Dealer,Manual,Second Owner,2256,12,Mid,Low,0,Diesel_Manual,Renault,450,1
CAR_002257,Mercedes-Benz C-Class Progressive C 220d,2018,3800000,10000,Diesel,Dealer,Automatic,First Owner,2257,7,Premium,Low,0,Diesel_Automatic,Mercedes-Benz,380,1
CAR_002258,Audi A4 3.0 TDI Quattro,2013,1580000,86000,Diesel,Dealer,Automatic,First Owner,2258,12,Premium,,0,Diesel_Automatic,Audi,18.37,1
CAR_002259,BMW X5 xDrive 30d xLine,2019,4950000,30000,Diesel,Dealer,Automatic,First Owner,2259,6,Premium,Low,0,Diesel_Automatic,BMW,165,1
CAR_002260,Hyundai Creta 1.6 CRDi SX,2016,535000,52600,,Individual,,First Owner,2260,9,Mid,Medium,0,Diesel_Manual,Hyundai,10.17,1
CAR_002261,Maruti SX4 Vxi BSIV,2012,225000,110000,Petrol,Individual,Manual,Second Owner,2261,13,Low,High,0,Petrol_Manual,Maruti,2.05,0
CAR_002262,Hyundai Grand i10 1.2 Kappa Magna AT,2017,550000,19890,Petrol,Dealer,,First Owner,2262,8,Mid,,0,Petrol_Automatic,Hyundai,27.65,0
CAR_002263,Maruti Swift ZXI BSIV,2016,670000,7104,Petrol,Trustmark Dealer,Manual,First Owner,2263,9,High,Low,0,Petrol_Manual,Maruti,94.31,0
CAR_002264,Maruti Ertiga VXI,2015,625000,11918,Petrol,Trustmark Dealer,Manual,First Owner,2264,10,,Low,0,Petrol_Manual,Maruti,52.44,0
CAR_002265,Hyundai Grand i10 Magna AT,2017,520000,10510,Petrol,Dealer,Automatic,First Owner,2265,8,Mid,,0,Petrol_Automatic,Hyundai,49.48,0
CAR_002266,Chevrolet Beat LT Option,2016,239000,41000,Petrol,Dealer,,First Owner,2266,9,Low,Medium,0,Petrol_Manual,Chevrolet,5.83,0
CAR_002267,Toyota Fortuner 4x2 AT,2017,2600000,47162,Diesel,Trustmark Dealer,Automatic,First Owner,2267,8,Premium,Medium,,Diesel_Automatic,Toyota,55.13,1
CAR_002268,Maruti S-Cross Zeta DDiS 200 SH,2015,750000,,Diesel,Trustmark Dealer,Manual,First Owner,2268,10,High,Medium,0,Diesel_Manual,Maruti,16.31,1
CAR_002269,Hyundai i10 Magna,2012,229999,49824,Petrol,Dealer,Manual,First Owner,2269,13,,Medium,0,Petrol_Manual,Hyundai,4.62,0
CAR_002270,Audi A6 2.0 TDI Premium Plus,2013,1300000,58500,Diesel,Dealer,Automatic,First Owner,2270,12,,Medium,0,Diesel_Automatic,Audi,22.22,1
CAR_002271,Hyundai Santro GS,2005,80000,56580,Petrol,Dealer,Manual,First Owner,2271,20,Low,Medium,0,Petrol_Manual,Hyundai,1.41,0
CAR_002272,Skoda Laura Ambiente 2.0 TDI CR MT,2012,385000,52000,Diesel,Dealer,Manual,First Owner,2272,13,Mid,Medium,0,Diesel_Manual,Skoda,7.4,1
CAR_002273,Hyundai Verna 1.6 VTVT SX,2015,760000,55340,Petrol,Trustmark Dealer,Manual,First Owner,2273,10,High,Medium,0,Petrol_Manual,Hyundai,13.73,0
CAR_002274,Maruti Swift Dzire VDI,2017,600000,46507,Diesel,Trustmark Dealer,Manual,First Owner,2274,8,Mid,Medium,0,Diesel_Manual,Maruti,12.9,1
CAR_002275,Maruti Baleno Alpha 1.3,2017,650000,70000,Diesel,Individual,Manual,First Owner,2275,8,High,Medium,0,Diesel_Manual,Maruti,9.29,1
CAR_002276,Chevrolet Spark 1.0 LS,2011,140000,,Petrol,Individual,,Second Owner,2276,14,Low,Medium,0,Petrol_Manual,Chevrolet,2.33,0
CAR_002277,Maruti Alto LXi,2011,150000,70000,Petrol,Individual,Manual,First Owner,2277,14,Low,Medium,0,Petrol_Manual,Maruti,2.14,0
CAR_002278,Datsun GO Plus A Option Petrol,2018,450000,10000,Petrol,Individual,Manual,Second Owner,2278,7,Mid,Low,0,Petrol_Manual,Datsun,45,0
CAR_002279,Hyundai Accent CRDi,2006,170000,245244,Diesel,Individual,Manual,Fourth & Above Owner,2279,19,Low,Very High,0,Diesel_Manual,Hyundai,0.69,1
CAR_002280,Renault KWID 1.0 RXT Optional,2017,400000,60000,Petrol,Individual,Manual,First Owner,2280,8,Mid,Medium,0,Petrol_Manual,Renault,6.67,0
CAR_002281,Tata Tiago 1.2 Revotron XE,2016,300000,30000,Petrol,Individual,Manual,First Owner,2281,9,Low,Low,0,Petrol_Manual,Tata,10,0
CAR_002282,Maruti Alto 800 Base,2012,250000,8000,Petrol,Individual,Manual,First Owner,2282,13,,Low,0,Petrol_Manual,Maruti,31.25,0
CAR_002283,Tata Tigor 1.2 Revotron XM,2019,500000,,Petrol,Individual,,First Owner,2283,6,Mid,Low,0,Petrol_Manual,Tata,50,0
CAR_002284,Hyundai Accent CRDi,2002,85000,100000,,Individual,Manual,Third Owner,2284,23,Low,,0,Diesel_Manual,Hyundai,0.85,1
CAR_002285,Nissan Sunny Diesel XL,2012,300000,110000,,Individual,,First Owner,2285,13,Low,High,0,Diesel_Manual,Nissan,2.73,1
CAR_002286,Hyundai Santro GS,2005,80000,56580,Petrol,Dealer,Manual,First Owner,2286,20,Low,Medium,,Petrol_Manual,Hyundai,1.41,0
CAR_002287,Mahindra XUV500 AT W8 FWD,2015,740000,45000,Diesel,Dealer,Automatic,First Owner,2287,10,High,Medium,0,Diesel_Automatic,Mahindra,16.44,1
CAR_002288,Hyundai Santro Xing XG,2005,70000,68500,Petrol,Dealer,,First Owner,2288,20,Low,Medium,0,Petrol_Manual,Hyundai,1.02,0
CAR_002289,Hyundai Santro Sportz AMT,2019,484999,,Petrol,Dealer,Automatic,First Owner,2289,6,Mid,Low,0,Petrol_Automatic,Hyundai,96.86,0
CAR_002290,Nissan Micra Active XV S,2013,164000,30000,Petrol,Individual,Manual,First Owner,2290,12,Low,Low,0,Petrol_Manual,Nissan,5.47,0
CAR_002291,Honda City 1.5 V AT,2008,,70000,Petrol,Individual,Automatic,First Owner,2291,17,Low,,0,Petrol_Automatic,Honda,2,0
CAR_002292,Mercedes-Benz E-Class E250 CDI Elegance,2011,999000,49600,Diesel,Dealer,Automatic,First Owner,2292,14,High,Medium,0,Diesel_Automatic,Mercedes-Benz,20.14,1
CAR_002293,Maruti Alto LXI,2005,56000,23000,Petrol,Individual,Manual,Second Owner,2293,20,Low,Low,0,Petrol_Manual,Maruti,2.43,0
CAR_002294,BMW 7 Series 730Ld,2006,,30000,Diesel,Dealer,Automatic,First Owner,2294,19,Premium,Low,0,Diesel_Automatic,BMW,35,1
CAR_002295,Hyundai Verna 1.6 VTVT,2010,190000,38000,Petrol,Dealer,Manual,First Owner,2295,15,Low,Medium,0,Petrol_Manual,Hyundai,5,0
CAR_002296,Audi Q5 3.0 TDI Quattro Technology,2018,3899000,,Diesel,Dealer,Automatic,First Owner,2296,7,Premium,Low,0,Diesel_Automatic,Audi,177.23,1
CAR_002297,Hyundai i10 Sportz 1.2,2011,235000,,Petrol,Dealer,Manual,First Owner,2297,14,Low,Medium,,Petrol_Manual,Hyundai,5.45,0
CAR_002298,Datsun GO Plus T,2017,350000,10171,Petrol,Dealer,Manual,First Owner,2298,8,Mid,Low,0,Petrol_Manual,Datsun,34.41,0
CAR_002299,Renault Duster 110PS Diesel RxL,2015,465000,41123,Diesel,Dealer,Manual,First Owner,2299,10,Mid,Medium,0,Diesel_Manual,Renault,11.31,1
CAR_002300,Toyota Camry Hybrid 2.5,2017,1900000,20118,,Dealer,Automatic,First Owner,2300,8,Premium,Low,,Petrol_Automatic,Toyota,94.44,0
CAR_002301,Honda City i DTec SV,2014,450000,40000,Diesel,Dealer,Manual,First Owner,2301,11,Mid,Medium,0,Diesel_Manual,Honda,11.25,1
CAR_002302,Volkswagen Jetta 2.0L TDI Highline,2015,790000,52517,Diesel,Dealer,Manual,First Owner,2302,10,High,Medium,0,Diesel_Manual,Volkswagen,15.04,1
CAR_002303,Mahindra Marazzo M2 8Str,2019,900000,20000,Diesel,Individual,Manual,First Owner,2303,6,High,Low,0,Diesel_Manual,Mahindra,45,1
CAR_002304,Ford Ecosport 1.5 DV5 MT Titanium Optional,2014,450000,99117,Diesel,Dealer,Manual,First Owner,2304,11,Mid,High,0,Diesel_Manual,Ford,4.54,1
CAR_002305,Chevrolet Spark 1.0 LS,2009,135000,90000,Petrol,Individual,Manual,First Owner,2305,16,Low,,0,Petrol_Manual,Chevrolet,1.5,0
CAR_002306,Maruti Celerio ZXI MT BSIV,2019,425000,3700,Petrol,Individual,,First Owner,2306,6,Mid,,,Petrol_Manual,Maruti,114.86,0
CAR_002307,Tata Indica Vista Terra 1.4 TDI,2010,100000,80000,Diesel,Individual,Manual,First Owner,2307,15,Low,High,0,Diesel_Manual,Tata,1.25,1
CAR_002308,Ford EcoSport 1.5 TDCi Titanium BSIV,2015,650000,100000,Diesel,Individual,Manual,Second Owner,2308,10,,High,0,Diesel_Manual,Ford,6.5,1
CAR_002309,Tata Indica Vista Aqua 1.4 TDI,2011,90000,54000,Diesel,Individual,Manual,First Owner,2309,14,Low,Medium,,Diesel_Manual,Tata,1.67,1
CAR_002310,Hyundai EON Era Plus,2017,250000,19000,Petrol,Individual,Manual,First Owner,2310,8,Low,Low,0,Petrol_Manual,Hyundai,13.16,0
CAR_002311,Maruti Swift Dzire VDI,2014,300000,120000,,Individual,Manual,First Owner,2311,11,Low,,0,Diesel_Manual,Maruti,2.5,1
CAR_002312,Maruti Wagon R VXI BS IV,2014,275000,30000,Petrol,Individual,Manual,First Owner,2312,11,Low,,0,Petrol_Manual,Maruti,9.17,0
CAR_002313,Honda BRV i-VTEC V MT,2017,600000,43500,Petrol,Individual,Manual,First Owner,2313,8,Mid,Medium,,Petrol_Manual,Honda,13.79,0
CAR_002314,Renault KWID RXT,2016,270000,60000,Petrol,Individual,Manual,Second Owner,2314,9,Low,,0,Petrol_Manual,Renault,4.5,0
CAR_002315,Renault KWID RXT Optional,2016,240000,70000,Petrol,Individual,,Second Owner,2315,9,,Medium,0,Petrol_Manual,Renault,3.43,0
CAR_002316,Skoda Octavia Elegance 2.0 TDI AT,2014,1200000,135000,Diesel,Individual,Automatic,Third Owner,2316,11,,High,0,Diesel_Automatic,Skoda,8.89,1
CAR_002317,Chevrolet Beat Diesel LS,2012,160000,50000,Diesel,Individual,Manual,First Owner,2317,13,Low,Medium,0,Diesel_Manual,Chevrolet,3.2,1
CAR_002318,Honda Jazz 1.5 VX i DTEC,2018,790000,19571,Diesel,Dealer,Manual,First Owner,2318,7,High,Low,0,Diesel_Manual,Honda,40.37,1
CAR_002319,Honda City i-VTEC ZX,2018,1200000,29600,Petrol,Dealer,Manual,First Owner,2319,7,Premium,Low,0,Petrol_Manual,Honda,40.54,0
CAR_002320,Maruti Swift LXI,2011,175000,70000,,Individual,Manual,First Owner,2320,14,Low,Medium,0,Petrol_Manual,Maruti,2.5,0
CAR_002321,Maruti Vitara Brezza ZDi Plus AMT Dual Tone,2018,950000,15000,Diesel,Individual,Automatic,First Owner,2321,7,High,Low,,Diesel_Automatic,Maruti,63.33,1
CAR_002322,Maruti Celerio LXI MT BSIV,2019,340000,50000,Petrol,Individual,Manual,First Owner,2322,6,Mid,Medium,0,Petrol_Manual,Maruti,6.8,0
CAR_002323,Renault Captur 1.5 Diesel RXT,2017,825000,13500,Diesel,Individual,Manual,First Owner,2323,8,,Low,0,Diesel_Manual,Renault,61.11,1
CAR_002324,Audi A4 30 TFSI Technology,2018,3100000,22000,,Individual,Automatic,First Owner,2324,7,Premium,Low,0,Petrol_Automatic,Audi,140.91,0
CAR_002325,Honda Amaze VX Diesel BSIV,2018,780000,25000,Diesel,Dealer,Manual,First Owner,2325,7,High,Low,0,Diesel_Manual,Honda,31.2,1
CAR_002326,Toyota Corolla Altis 1.8 VL AT,2010,350000,80000,Petrol,Individual,Automatic,Third Owner,2326,15,Mid,High,0,Petrol_Automatic,Toyota,4.38,0
CAR_002327,Honda Amaze VX Petrol BSIV,2018,690000,39000,Petrol,Dealer,Manual,First Owner,2327,7,,,,Petrol_Manual,Honda,17.69,0
CAR_002328,Maruti Alto 800 VXI,2016,245000,,Petrol,Individual,Manual,First Owner,2328,9,Low,Medium,0,Petrol_Manual,Maruti,4.08,0
CAR_002329,Honda Amaze VX Diesel BSIV,2018,790000,49000,Diesel,Dealer,Manual,First Owner,2329,7,High,Medium,0,Diesel_Manual,Honda,16.12,1
CAR_002330,Honda Amaze VX i-VTEC,2018,680000,48600,Petrol,Dealer,Manual,First Owner,2330,7,High,Medium,0,Petrol_Manual,Honda,13.99,0
CAR_002331,Hyundai Grand i10 Asta Option,2017,540000,20000,Petrol,Individual,Manual,Second Owner,2331,8,Mid,Low,0,Petrol_Manual,Hyundai,27,0
CAR_002332,Mahindra KUV 100 mFALCON G80 K2,2016,425000,,Petrol,Individual,Manual,First Owner,2332,9,Mid,Low,0,Petrol_Manual,Mahindra,17,0
CAR_002333,Maruti Zen Estilo Sports,2008,140000,,Petrol,Individual,Manual,First Owner,2333,17,Low,High,0,Petrol_Manual,Maruti,1.17,0
CAR_002334,Maruti Ertiga ZDI Plus,2019,1100000,,Diesel,Individual,Manual,First Owner,2334,6,Premium,Low,0,Diesel_Manual,Maruti,36.67,1
CAR_002335,Renault Lodgy 85PS RxL,2015,715000,35000,Diesel,Individual,Manual,First Owner,2335,10,High,Medium,0,Diesel_Manual,Renault,20.43,1
CAR_002336,Maruti Swift VXI,2013,370000,,Petrol,Individual,Manual,First Owner,2336,12,Mid,High,0,Petrol_Manual,Maruti,4.11,0
CAR_002337,Hyundai Verna CRDi ABS,2007,175000,80000,Diesel,Individual,Manual,Second Owner,2337,18,Low,High,0,Diesel_Manual,Hyundai,2.19,1
CAR_002338,Mercedes-Benz E-Class 230,1998,1000000,35000,,Individual,Automatic,Second Owner,2338,27,High,Medium,0,Petrol_Automatic,Mercedes-Benz,28.57,0
CAR_002339,Maruti Alto 800 LXI,2013,,25000,Petrol,Individual,Manual,Second Owner,2339,12,Low,Low,0,Petrol_Manual,Maruti,3.71,0
CAR_002340,Tata Xenon XT EX 4X2,2014,291000,90000,Diesel,Individual,Manual,First Owner,2340,11,Low,High,0,Diesel_Manual,Tata,3.23,1
CAR_002341,Maruti Alto 800 LXI,2013,92800,,,Individual,Manual,Second Owner,2341,12,Low,Low,0,Petrol_Manual,Maruti,3.71,0
CAR_002342,Renault KWID 1.0 RXT Optional,2016,350000,20000,Petrol,Individual,Manual,First Owner,2342,9,Mid,Low,,Petrol_Manual,Renault,17.5,0
CAR_002343,Maruti Omni 5 Str STD,1998,65000,60000,Petrol,Dealer,Manual,Third Owner,2343,27,Low,Medium,0,Petrol_Manual,Maruti,1.08,0
CAR_002344,Maruti Swift Dzire VDI,2015,650000,58000,Diesel,Individual,Manual,First Owner,2344,10,High,Medium,0,Diesel_Manual,Maruti,11.21,1
CAR_002345,Maruti Wagon R LX BS IV,2014,350000,,,Dealer,Manual,First Owner,2345,11,,,,Petrol_Manual,Maruti,8.75,0
CAR_002346,Maruti Wagon R LXI,2005,,70000,Petrol,Individual,Manual,Second Owner,2346,20,Low,Medium,0,Petrol_Manual,Maruti,1.07,0
CAR_002347,Hyundai i20 Asta (o) 1.4 CRDi (Diesel),2012,440000,70000,Diesel,Dealer,Manual,First Owner,2347,13,,Medium,0,Diesel_Manual,Hyundai,6.29,1
CAR_002348,Hyundai Santro Xing GLS,2013,270000,60000,Petrol,Individual,Manual,First Owner,2348,12,Low,Medium,0,Petrol_Manual,Hyundai,4.5,0
CAR_002349,Toyota Innova 2.5 V Diesel 7-seater,2014,1150000,135000,Diesel,Dealer,Manual,First Owner,2349,11,Premium,,0,Diesel_Manual,Toyota,8.52,1
CAR_002350,Maruti Omni 8 Seater BSII,2015,238000,70000,Petrol,Dealer,Manual,First Owner,2350,10,Low,,0,Petrol_Manual,Maruti,3.4,0
CAR_002351,Mercedes-Benz B Class B180 Sports,2013,1100000,40000,Petrol,Individual,Automatic,Second Owner,2351,12,Premium,,0,Petrol_Automatic,Mercedes-Benz,27.5,0
CAR_002352,Mahindra XUV500 W10 2WD,2015,1200000,75000,Diesel,Dealer,Manual,Second Owner,2352,10,Premium,High,0,Diesel_Manual,Mahindra,16,1
CAR_002353,Skoda Fabia 1.2L Diesel Ambiente,2010,260000,150000,Diesel,Individual,,First Owner,2353,15,Low,High,0,Diesel_Manual,Skoda,1.73,1
CAR_002354,Toyota Etios VD,2012,350000,,Diesel,Individual,Manual,Third Owner,2354,13,Mid,High,,Diesel_Manual,Toyota,2.5,1
CAR_002355,Toyota Etios Liva VD,2015,480000,70000,,Individual,Manual,First Owner,2355,10,Mid,Medium,,Diesel_Manual,Toyota,6.86,1
CAR_002356,Toyota Etios Liva GD,2012,345000,137250,Diesel,Individual,Manual,Second Owner,2356,13,Mid,High,0,Diesel_Manual,Toyota,2.51,1
CAR_002357,Mahindra Scorpio M2DI,2013,500000,110000,Diesel,Individual,Manual,Second Owner,2357,12,Mid,High,0,Diesel_Manual,Mahindra,4.55,1
CAR_002358,Hyundai Grand i10 Asta Option,2017,595000,27000,Petrol,Dealer,Manual,First Owner,2358,8,Mid,Low,0,Petrol_Manual,Hyundai,22.04,0
CAR_002359,Hyundai Verna CRDi 1.6 SX Option,2019,1295000,,Diesel,Dealer,Manual,First Owner,2359,6,Premium,Low,,Diesel_Manual,Hyundai,143.89,1
CAR_002360,Volkswagen Vento 1.5 TDI Highline BSIV,2019,1350000,5400,Diesel,Dealer,Manual,Test Drive Car,2360,6,Premium,Low,,Diesel_Manual,Volkswagen,250,1
CAR_002361,Renault KWID Climber 1.0 MT Opt BSIV,2020,541000,1000,Petrol,Dealer,Manual,Test Drive Car,2361,5,Mid,Low,0,Petrol_Manual,Renault,541,0
CAR_002362,Hyundai Santro Asta,2018,515000,16000,Petrol,Dealer,Manual,First Owner,2362,7,Mid,Low,0,Petrol_Manual,Hyundai,32.19,0
CAR_002363,Ford Figo Aspire Titanium Plus Diesel,2019,894999,13000,Diesel,Dealer,Manual,Test Drive Car,2363,6,High,Low,0,Diesel_Manual,Ford,68.85,1
CAR_002364,Renault Pulse RxZ Optional,2012,325000,47000,Diesel,Dealer,Manual,First Owner,2364,13,,,0,Diesel_Manual,Renault,6.91,1
CAR_002365,Maruti Ciaz 1.4 Alpha,2018,925000,22000,Petrol,Individual,Manual,First Owner,2365,7,High,Low,0,Petrol_Manual,Maruti,42.05,0
CAR_002366,Nissan Terrano XL P,2017,844999,,Petrol,Individual,Manual,First Owner,2366,8,High,Low,0,Petrol_Manual,Nissan,28.17,0
CAR_002367,Maruti Ciaz 1.4 Alpha,2018,,20000,,Individual,Manual,First Owner,2367,7,High,Low,0,Petrol_Manual,Maruti,46.25,0
CAR_002368,Tata Manza Club Class Quadrajet90 LX,2013,300000,60000,Diesel,Individual,,First Owner,2368,12,Low,Medium,0,Diesel_Manual,Tata,5,1
CAR_002369,Toyota Camry M/t,2008,650000,75000,Petrol,Individual,Manual,Second Owner,2369,17,High,,0,Petrol_Manual,Toyota,8.67,0
CAR_002370,Maruti Alto K10 LXI,2010,175000,,Petrol,Dealer,Manual,First Owner,2370,15,Low,Medium,0,Petrol_Manual,Maruti,2.73,0
CAR_002371,Maruti SX4 S Cross DDiS 320 Delta,2015,,80000,Diesel,Individual,Manual,First Owner,2371,10,Mid,High,0,Diesel_Manual,Maruti,4.06,1
CAR_002372,Renault Duster 85PS Diesel RxZ,2017,600000,,Diesel,Individual,Manual,First Owner,2372,8,Mid,High,,Diesel_Manual,Renault,6.67,1
CAR_002373,Maruti Swift ZXI Plus,2018,,30000,Petrol,Individual,Manual,First Owner,2373,7,High,Low,0,Petrol_Manual,Maruti,23.33,0
CAR_002374,Toyota Corolla H3,2003,95000,120000,Petrol,Individual,Automatic,Second Owner,2374,22,Low,,0,Petrol_Automatic,Toyota,0.79,0
CAR_002375,Maruti Celerio ZXI,2019,490000,20000,Petrol,Dealer,Manual,First Owner,2375,6,Mid,Low,0,Petrol_Manual,Maruti,24.5,0
CAR_002376,Tata Safari DICOR 2.2 EX 4x2,2013,380000,100000,Diesel,Individual,Manual,First Owner,2376,12,Mid,High,0,Diesel_Manual,Tata,3.8,1
CAR_002377,Hyundai Grand i10 1.2 Kappa Sportz Dual Tone,2018,550000,31000,Petrol,Dealer,Manual,First Owner,2377,7,Mid,Medium,0,Petrol_Manual,Hyundai,17.74,0
CAR_002378,Maruti Alto 800 LXI,2013,225000,47000,Petrol,Dealer,Manual,First Owner,2378,12,Low,Medium,0,Petrol_Manual,Maruti,4.79,0
CAR_002379,Tata Nexon 1.2 Revotron XM,2018,570000,11200,Petrol,Individual,Manual,First Owner,2379,7,,Low,0,Petrol_Manual,Tata,50.89,0
CAR_002380,Maruti Alto 800 LXI,2018,305000,35000,Petrol,Dealer,Manual,First Owner,2380,7,Mid,,0,Petrol_Manual,Maruti,8.71,0
CAR_002381,Maruti Wagon R Duo Lxi,2010,,50000,,Dealer,,First Owner,2381,15,Low,Medium,0,LPG_Manual,Maruti,4.8,0
CAR_002382,Maruti Ertiga SHVS VDI,2015,700000,55000,Diesel,Dealer,Manual,First Owner,2382,10,High,Medium,0,Diesel_Manual,Maruti,12.73,1
CAR_002383,Maruti Omni E MPI STD BS IV,2018,288000,20000,,Dealer,,First Owner,2383,7,Low,Low,0,Petrol_Manual,Maruti,14.4,0
CAR_002384,Mahindra Bolero B4,2017,800000,,Diesel,Dealer,Manual,First Owner,2384,8,High,High,0,Diesel_Manual,Mahindra,10.67,1
CAR_002385,Maruti Celerio VXI,2017,430000,93000,Petrol,Dealer,Manual,First Owner,2385,8,Mid,High,0,Petrol_Manual,Maruti,4.62,0
CAR_002386,Chevrolet Beat Diesel LT Option,2009,195000,57000,Diesel,Dealer,Manual,Second Owner,2386,16,Low,Medium,,Diesel_Manual,Chevrolet,3.42,1
CAR_002387,Maruti Eeco Smiles 5 Seater AC,2014,325000,30000,Petrol,Dealer,Manual,First Owner,2387,11,Mid,Low,,Petrol_Manual,Maruti,10.83,0
CAR_002388,Renault Duster 85PS Diesel RxE,2013,,73000,Diesel,Dealer,Manual,First Owner,2388,12,Mid,High,,Diesel_Manual,Renault,6.16,1
CAR_002389,Maruti Swift Dzire VDI,2016,630000,,Diesel,Dealer,Manual,First Owner,2389,9,,Medium,0,Diesel_Manual,Maruti,9.69,1
CAR_002390,Maruti Swift 1.3 VXi,2009,250000,,Petrol,Dealer,Manual,Second Owner,2390,16,Low,Medium,0,Petrol_Manual,Maruti,4.03,0
CAR_002391,Hyundai Santro GLS I - Euro II,2007,135000,,Petrol,Dealer,Manual,First Owner,2391,18,Low,High,,Petrol_Manual,Hyundai,1.59,0
CAR_002392,Chevrolet Spark 1.0 PS,2010,110000,73000,Petrol,Individual,Manual,First Owner,2392,15,Low,High,0,Petrol_Manual,Chevrolet,1.51,0
CAR_002393,Maruti Swift ZDi,2012,350000,55000,Diesel,Dealer,Manual,First Owner,2393,13,Mid,Medium,0,Diesel_Manual,Maruti,6.36,1
CAR_002394,Maruti Omni E MPI STD BS IV,2016,240000,5800,Petrol,Individual,Manual,Second Owner,2394,9,,Low,0,Petrol_Manual,Maruti,41.38,0
CAR_002395,Toyota Innova 2.5 V Diesel 8-seater,2009,350000,350000,,Individual,Manual,First Owner,2395,16,Mid,Very High,,Diesel_Manual,Toyota,1,1
CAR_002396,Maruti Swift ZXI Plus,2018,600000,30000,Petrol,Individual,Manual,First Owner,2396,7,Mid,Low,0,Petrol_Manual,Maruti,20,0
CAR_002397,Maruti Swift Dzire VDI,2018,750000,20000,Diesel,Individual,Manual,First Owner,2397,7,High,Low,,Diesel_Manual,Maruti,37.5,1
CAR_002398,Hyundai EON Era Plus,2018,270000,20000,Petrol,Individual,Manual,First Owner,2398,7,Low,,0,Petrol_Manual,Hyundai,13.5,0
CAR_002399,Maruti Alto LXi,2007,90000,100000,Petrol,Individual,Manual,Second Owner,2399,18,Low,High,0,Petrol_Manual,Maruti,0.9,0
CAR_002400,Maruti Wagon R Stingray VXI,2013,350000,65000,Petrol,Individual,,First Owner,2400,12,Mid,Medium,,Petrol_Manual,Maruti,5.38,0
CAR_002401,Ford Figo Diesel Celebration Edition,2013,285000,90000,Diesel,Individual,Manual,Second Owner,2401,12,Low,High,0,Diesel_Manual,Ford,3.17,1
CAR_002402,Toyota Innova 2.5 E Diesel MS 7-seater,2011,,267000,Diesel,Individual,Manual,Second Owner,2402,14,High,Very High,0,Diesel_Manual,Toyota,2.49,1
CAR_002403,Mahindra Scorpio 2.6 CRDe,2005,175000,250000,Diesel,Individual,Manual,Second Owner,2403,20,Low,Very High,0,Diesel_Manual,Mahindra,0.7,1
CAR_002404,Mahindra Xylo D2,2011,350000,140000,Diesel,Individual,Manual,Second Owner,2404,14,Mid,High,0,Diesel_Manual,Mahindra,2.5,1
CAR_002405,Honda City i-VTEC CVT ZX,2018,1225000,22000,Petrol,Dealer,Automatic,First Owner,2405,7,Premium,Low,0,Petrol_Automatic,Honda,55.68,0
CAR_002406,Honda Jazz Select Edition Active,2010,285000,60000,Petrol,Dealer,Manual,Second Owner,2406,15,Low,Medium,0,Petrol_Manual,Honda,4.75,0
CAR_002407,Honda City i-VTEC VX,2018,1000000,28635,Petrol,Dealer,Manual,First Owner,2407,7,High,Low,0,Petrol_Manual,Honda,34.92,0
CAR_002408,Honda Amaze VX Diesel BSIV,2018,780000,32114,Diesel,Dealer,Manual,First Owner,2408,7,High,Medium,0,Diesel_Manual,Honda,24.29,1
CAR_002409,Maruti Celerio VXI,2014,300000,82000,Petrol,Dealer,,Second Owner,2409,11,Low,High,0,Petrol_Manual,Maruti,3.66,0
CAR_002410,Maruti Swift VXI BSIII,2006,160000,95149,Petrol,Dealer,,Second Owner,2410,19,Low,High,,Petrol_Manual,Maruti,1.68,0
CAR_002411,Honda Amaze VX i-VTEC,2018,625000,68458,Petrol,Dealer,Manual,First Owner,2411,7,High,Medium,0,Petrol_Manual,Honda,9.13,0
CAR_002412,Maruti Ritz VXi,2010,,42000,Petrol,Individual,,First Owner,2412,15,Low,Medium,0,Petrol_Manual,Maruti,6.31,0
CAR_002413,Honda City i DTEC V,2014,515000,90000,Diesel,Individual,,Second Owner,2413,11,Mid,High,0,Diesel_Manual,Honda,5.72,1
CAR_002414,Hyundai EON D Lite,2016,,30000,Petrol,Individual,Manual,First Owner,2414,9,Low,Low,0,Petrol_Manual,Hyundai,7,0
CAR_002415,Maruti Alto LXi,2009,140000,80000,Petrol,Individual,Manual,Second Owner,2415,16,Low,High,0,Petrol_Manual,Maruti,1.75,0
CAR_002416,Toyota Innova 2.5 GX (Diesel) 7 Seater,2015,940000,128000,Diesel,Individual,Manual,First Owner,2416,10,High,High,,Diesel_Manual,Toyota,7.34,1
CAR_002417,Nissan Terrano XV Premium 110 PS,2013,750000,,,Individual,Manual,First Owner,2417,12,High,High,0,Diesel_Manual,Nissan,9.38,1
CAR_002418,Maruti Baleno Alpha 1.3,2016,610000,100000,Diesel,Individual,Manual,First Owner,2418,9,High,,0,Diesel_Manual,Maruti,6.1,1
CAR_002419,Nissan Sunny XV D Premium Leather,2015,450000,50000,Diesel,Individual,Manual,First Owner,2419,10,Mid,Medium,0,Diesel_Manual,Nissan,9,1
CAR_002420,Toyota Etios Liva GD,2012,409999,56000,Diesel,Individual,Manual,First Owner,2420,13,Mid,Medium,0,Diesel_Manual,Toyota,7.32,1
CAR_002421,Hyundai EON 1.0 Era Plus,2018,100000,,Petrol,Individual,Manual,First Owner,2421,7,Low,Low,,Petrol_Manual,Hyundai,4.69,0
CAR_002422,Hyundai i20 Active 1.4 SX,2016,650000,100000,Diesel,Individual,Manual,First Owner,2422,9,High,High,,Diesel_Manual,Hyundai,6.5,1
CAR_002423,Mahindra TUV 300 T8,2017,650000,80000,Diesel,Individual,Manual,First Owner,2423,8,High,High,,Diesel_Manual,Mahindra,8.12,1
CAR_002424,Hyundai Getz 1.3 GLS,2010,,105546,Petrol,Individual,Manual,First Owner,2424,15,Low,High,,Petrol_Manual,Hyundai,1.42,0
CAR_002425,Toyota Etios Liva 1.2 V,2018,500000,10000,Petrol,Individual,Manual,First Owner,2425,7,Mid,Low,0,Petrol_Manual,Toyota,50,0
CAR_002426,Toyota Innova 2.5 GX 7 STR BSIV,2012,1000000,80000,Diesel,Individual,Manual,Second Owner,2426,13,High,High,0,Diesel_Manual,Toyota,12.5,1
CAR_002427,Hyundai i20 Magna Optional 1.2,2013,340000,35000,Petrol,Individual,Manual,First Owner,2427,12,Mid,Medium,0,Petrol_Manual,Hyundai,9.71,0
CAR_002428,Hyundai Elite i20 Asta Option BSIV,2019,800000,11240,Petrol,Individual,Manual,First Owner,2428,6,High,Low,0,Petrol_Manual,Hyundai,71.17,0
CAR_002429,Toyota Innova 2.5 G (Diesel) 8 Seater,2013,1010000,120000,Diesel,Individual,,First Owner,2429,12,Premium,High,0,Diesel_Manual,Toyota,8.42,1
CAR_002430,Toyota Etios GD,2011,350000,120000,Diesel,Individual,Manual,Third Owner,2430,14,Mid,High,0,Diesel_Manual,Toyota,2.92,1
CAR_002431,Maruti Swift VDI BSIV,2016,595000,70000,Diesel,Individual,Manual,First Owner,2431,9,Mid,Medium,0,Diesel_Manual,Maruti,8.5,1
CAR_002432,Mahindra Scorpio VLX 2WD BSIV,2014,,130000,Diesel,Individual,Manual,Third Owner,2432,11,High,High,0,Diesel_Manual,Mahindra,5.38,1
CAR_002433,Renault KWID RXL,2019,265000,40000,Petrol,Individual,,First Owner,2433,6,Low,Medium,0,Petrol_Manual,Renault,6.62,0
CAR_002434,Maruti Alto K10 VXI,2015,320000,60000,Petrol,Individual,Manual,Second Owner,2434,10,Mid,Medium,0,Petrol_Manual,Maruti,5.33,0
CAR_002435,Honda City 1.5 S MT,2011,310000,110000,Petrol,Individual,Manual,First Owner,2435,14,Mid,High,0,Petrol_Manual,Honda,2.82,0
CAR_002436,Honda City i DTEC VX,2014,700000,130000,,Individual,Manual,First Owner,2436,11,,,0,Diesel_Manual,Honda,5.38,1
CAR_002437,Maruti Alto LXi BSIII,2009,130000,80000,Petrol,Individual,Manual,Second Owner,2437,16,Low,High,0,Petrol_Manual,Maruti,1.62,0
CAR_002438,Maruti Swift Dzire VDi,2009,150000,120000,Diesel,Individual,Manual,Second Owner,2438,16,Low,High,0,Diesel_Manual,Maruti,1.25,1
CAR_002439,Honda Amaze E i-Dtech,2015,300000,104000,,Individual,Manual,Second Owner,2439,10,Low,High,0,Diesel_Manual,Honda,2.88,1
CAR_002440,Maruti Swift Dzire LXi,2011,150000,100000,Petrol,Individual,Manual,Second Owner,2440,14,,High,0,Petrol_Manual,Maruti,1.5,0
CAR_002441,Honda City 1.3 EXI,2003,120000,132343,Petrol,Individual,Manual,Second Owner,2441,22,Low,High,0,Petrol_Manual,Honda,0.91,0
CAR_002442,Hyundai Creta 1.4 CRDi S Plus,2016,950000,90000,Diesel,Individual,Manual,Second Owner,2442,9,,High,0,Diesel_Manual,Hyundai,10.56,1
CAR_002443,Maruti Wagon R VXI BS IV,2007,100000,60000,Petrol,Individual,Manual,Second Owner,2443,18,Low,Medium,0,Petrol_Manual,Maruti,1.67,0
CAR_002444,Honda Jazz 1.5 SV i DTEC,2015,450000,76000,Diesel,Individual,Manual,First Owner,2444,10,Mid,High,0,Diesel_Manual,Honda,5.92,1
CAR_002445,Maruti 800 EX,2004,30000,60000,Petrol,Individual,Manual,Third Owner,2445,21,Low,Medium,0,Petrol_Manual,Maruti,0.5,0
CAR_002446,Mahindra Renault Logan 1.6 Petrol GLSX,2009,200000,30000,Petrol,Individual,Manual,Second Owner,2446,16,Low,,,Petrol_Manual,Mahindra,6.67,0
CAR_002447,Tata Indigo LS,2010,,96000,Diesel,Individual,Manual,Second Owner,2447,15,Low,High,0,Diesel_Manual,Tata,2.6,1
CAR_002448,Mahindra Marazzo M8 8Str,2018,1300000,10000,Diesel,Individual,,First Owner,2448,7,Premium,Low,0,Diesel_Manual,Mahindra,130,1
CAR_002449,Toyota Etios Liva 1.4 VD,2017,425000,36000,Diesel,Dealer,Manual,First Owner,2449,8,Mid,Medium,0,Diesel_Manual,Toyota,11.81,1
CAR_002450,Honda Amaze VX O iDTEC,2017,550000,12997,,Dealer,Manual,First Owner,2450,8,Mid,Low,0,Diesel_Manual,Honda,42.32,1
CAR_002451,Maruti Ciaz 1.4 AT Zeta,2017,500000,40000,Petrol,Individual,Automatic,First Owner,2451,8,Mid,Medium,0,Petrol_Automatic,Maruti,12.5,0
CAR_002452,Hyundai Verna CRDi 1.6 SX Option,2018,,26430,Diesel,Dealer,Manual,First Owner,2452,7,Premium,,0,Diesel_Manual,Hyundai,43.51,1
CAR_002453,Maruti Swift 1.3 VXI ABS,2015,475000,24600,,Dealer,Manual,First Owner,2453,10,Mid,Low,0,Petrol_Manual,Maruti,19.31,0
CAR_002454,Maruti Wagon R LXI,2011,260000,28481,Petrol,Dealer,Manual,First Owner,2454,14,Low,Low,0,Petrol_Manual,Maruti,9.13,0
CAR_002455,Ford Ecosport 1.0 Ecoboost Titanium Optional,2013,350000,100000,,Individual,Manual,First Owner,2455,12,Mid,High,0,Petrol_Manual,Ford,3.5,0
CAR_002456,Mahindra XUV500 W8 2WD,2013,750000,41988,Diesel,Dealer,Manual,First Owner,2456,12,High,Medium,0,Diesel_Manual,Mahindra,17.86,1
CAR_002457,Maruti Wagon R LXI,2009,180000,30375,Petrol,Dealer,Manual,First Owner,2457,16,Low,Medium,0,Petrol_Manual,Maruti,5.93,0
CAR_002458,Renault KWID Climber 1.0 AMT BSIV,2017,350000,7658,Petrol,Dealer,Automatic,First Owner,2458,8,Mid,Low,0,Petrol_Automatic,Renault,45.7,0
CAR_002459,Maruti Swift Dzire VDI,2017,611000,34400,Diesel,Dealer,Manual,First Owner,2459,8,High,,0,Diesel_Manual,Maruti,17.76,1
CAR_002460,Renault KWID RXL BSIV,2017,,18500,Petrol,Dealer,Manual,First Owner,2460,8,Mid,Low,,Petrol_Manual,Renault,17.57,0
CAR_002461,Maruti Alto VXi,2015,,26134,Petrol,Dealer,Manual,First Owner,2461,10,Low,Low,0,Petrol_Manual,Maruti,10.71,0
CAR_002462,Maruti Wagon R AMT VXI,2014,300000,28942,Petrol,Dealer,Automatic,First Owner,2462,11,Low,Low,0,Petrol_Automatic,Maruti,10.37,0
CAR_002463,Mahindra XUV500 W8 2WD,2012,711000,53600,Diesel,Dealer,,First Owner,2463,13,High,Medium,0,Diesel_Manual,Mahindra,13.26,1
CAR_002464,Toyota Innova 2.5 G (Diesel) 8 Seater,2015,851000,53652,Diesel,Dealer,Manual,First Owner,2464,10,High,Medium,,Diesel_Manual,Toyota,15.86,1
CAR_002465,Maruti Ritz VDi,2011,,52895,Diesel,Dealer,Manual,First Owner,2465,14,Low,Medium,0,Diesel_Manual,Maruti,4.92,1
CAR_002466,Hyundai Verna SX Diesel,2013,550000,42324,Diesel,Dealer,Manual,Second Owner,2466,12,,Medium,0,Diesel_Manual,Hyundai,12.99,1
CAR_002467,Mahindra XUV500 W10 1.99 mHawk,2016,1044999,65000,Diesel,Dealer,Manual,First Owner,2467,9,Premium,Medium,0,Diesel_Manual,Mahindra,16.08,1
CAR_002468,Mahindra Scorpio EX,2012,550000,60236,Diesel,Dealer,Manual,First Owner,2468,13,Mid,Medium,0,Diesel_Manual,Mahindra,9.13,1
CAR_002469,Maruti Wagon R VXI BS IV,2014,,70000,Petrol,Individual,Manual,Second Owner,2469,11,Low,Medium,0,Petrol_Manual,Maruti,3,0
CAR_002470,Maruti Wagon R VXI BS IV,2014,210000,70000,Petrol,Individual,Manual,Third Owner,2470,11,Low,Medium,0,Petrol_Manual,Maruti,3,0
CAR_002471,Mahindra Xylo E8,2009,290000,100000,Diesel,Individual,,Second Owner,2471,16,Low,High,,Diesel_Manual,Mahindra,2.9,1
CAR_002472,Fiat 500 Lounge,2008,250999,110000,Diesel,Individual,Manual,First Owner,2472,17,Low,High,0,Diesel_Manual,Fiat,2.28,1
CAR_002473,Renault Triber RXT BSIV,2019,600000,10300,Petrol,Individual,Manual,First Owner,2473,6,Mid,Low,0,Petrol_Manual,Renault,58.25,0
CAR_002474,Fiat Grande Punto EVO 1.3 Active,2014,,120000,,Individual,Manual,Second Owner,2474,11,Low,High,0,Diesel_Manual,Fiat,2.25,1
CAR_002475,Tata New Safari 4X4 EX,2012,,142000,Diesel,Individual,Manual,First Owner,2475,13,Mid,High,0,Diesel_Manual,Tata,3.87,1
CAR_002476,Mahindra TUV 300 mHAWK100 T8,2017,800000,25000,Diesel,Individual,Manual,First Owner,2476,8,High,Low,0,Diesel_Manual,Mahindra,32,1
CAR_002477,Tata Altroz XE,2020,,5000,Petrol,Individual,Manual,First Owner,2477,5,Mid,Low,0,Petrol_Manual,Tata,100,0
CAR_002478,Hyundai Creta 1.6 CRDi SX,2016,535000,52600,Diesel,Individual,Manual,First Owner,2478,9,Mid,Medium,0,Diesel_Manual,Hyundai,10.17,1
CAR_002479,Hyundai Grand i10 1.2 Kappa Sportz BSIV,2016,396000,28643,Petrol,Dealer,Manual,First Owner,2479,9,Mid,Low,0,Petrol_Manual,Hyundai,13.83,0
CAR_002480,Honda City i DTEC VX,2014,600000,50000,Diesel,Individual,Manual,First Owner,2480,11,Mid,Medium,0,Diesel_Manual,Honda,12,1
CAR_002481,Maruti Wagon R ZXI 1.2,2019,575000,30000,Petrol,Dealer,Manual,First Owner,2481,6,Mid,Low,0,Petrol_Manual,Maruti,19.17,0
CAR_002482,Hyundai Santro Sportz BSIV,2020,520000,5000,Petrol,Individual,Manual,First Owner,2482,5,Mid,Low,0,Petrol_Manual,Hyundai,104,0
CAR_002483,Mahindra XUV500 AT W10 FWD,2018,1400000,30000,Diesel,Individual,Automatic,First Owner,2483,7,,Low,0,Diesel_Automatic,Mahindra,46.67,1
CAR_002484,Maruti Baleno Delta Automatic,2018,600000,7600,,Individual,Automatic,First Owner,2484,7,Mid,Low,0,Petrol_Automatic,Maruti,78.95,0
CAR_002485,Chevrolet Beat Diesel LS,2013,195000,,,Dealer,Manual,First Owner,2485,12,Low,Medium,0,Diesel_Manual,Chevrolet,4.13,1
CAR_002486,Maruti Alto K10 VXI AGS,2015,281000,,Petrol,Dealer,Automatic,Second Owner,2486,10,Low,Low,0,Petrol_Automatic,Maruti,63.4,0
CAR_002487,Tata Indica GLS BS IV,2010,75000,110000,Petrol,Individual,Manual,Second Owner,2487,15,Low,High,0,Petrol_Manual,Tata,0.68,0
CAR_002488,Hyundai Grand i10 Sportz,2014,,25000,Petrol,Individual,Manual,First Owner,2488,11,Mid,Low,0,Petrol_Manual,Hyundai,16,0
CAR_002489,Tata Indica Vista Terra 1.4 TDI,2009,93000,70000,Diesel,Individual,Manual,Second Owner,2489,16,Low,Medium,0,Diesel_Manual,Tata,1.33,1
CAR_002490,Hyundai i20 Active S Petrol,2016,560000,,Petrol,Dealer,Manual,First Owner,2490,9,Mid,Medium,0,Petrol_Manual,Hyundai,8.17,0
CAR_002491,Hyundai EON 1.0 Era Plus,2019,400000,5000,Petrol,Individual,Manual,First Owner,2491,6,Mid,Low,0,Petrol_Manual,Hyundai,80,0
CAR_002492,Tata Tigor 1.2 Revotron XT,2018,459999,40000,Petrol,Individual,Manual,First Owner,2492,7,Mid,Medium,0,Petrol_Manual,Tata,11.5,0
CAR_002493,Hyundai Xcent 1.2 CRDi E,2017,450000,43000,Diesel,Individual,Manual,First Owner,2493,8,Mid,Medium,0,Diesel_Manual,Hyundai,10.47,1
CAR_002494,Maruti Alto Green LXi (CNG),2010,,80251,,Dealer,Manual,Second Owner,2494,15,Low,High,0,CNG_Manual,Maruti,1.1,0
CAR_002495,Hyundai i20 1.2 Era,2010,,34500,Petrol,Individual,Manual,Second Owner,2495,15,,Medium,0,Petrol_Manual,Hyundai,7.25,0
CAR_002496,Ford Ikon 1.4 ZXi,2000,22000,42743,,Dealer,Manual,Third Owner,2496,25,Low,,0,Petrol_Manual,Ford,0.51,0
CAR_002497,Chevrolet Beat Diesel LS,2013,130000,,Diesel,Individual,,Second Owner,2497,12,Low,High,0,Diesel_Manual,Chevrolet,1.38,1
CAR_002498,Maruti Zen VXi - BS III,2004,79000,80000,Petrol,Individual,Manual,First Owner,2498,21,Low,High,0,Petrol_Manual,Maruti,0.99,0
CAR_002499,Chevrolet Beat Diesel LS,2012,120000,,Diesel,Individual,Manual,First Owner,2499,13,Low,High,0,Diesel_Manual,Chevrolet,1.09,1
CAR_002500,BMW 7 Series 730Ld,2011,1700000,100000,Diesel,Individual,Automatic,Second Owner,2500,14,Premium,High,0,Diesel_Automatic,BMW,17,1
CAR_002501,Chevrolet Optra Magnum 2.0 LT,2012,300000,25000,Diesel,Individual,Manual,First Owner,2501,13,Low,Low,0,Diesel_Manual,Chevrolet,12,1
CAR_002502,Chevrolet Optra Magnum 2.0 LT,2012,300000,25000,Diesel,Individual,Manual,First Owner,2502,13,Low,Low,0,Diesel_Manual,Chevrolet,12,1
CAR_002503,Maruti A-Star Lxi,2009,145000,25000,Petrol,Individual,Manual,First Owner,2503,16,Low,Low,0,Petrol_Manual,Maruti,5.8,0
CAR_002504,Ford Endeavour 3.2 Titanium AT 4X4,2019,3200000,20000,Diesel,Individual,Automatic,First Owner,2504,6,Premium,Low,0,Diesel_Automatic,Ford,160,1
CAR_002505,Chevrolet Spark 1.0 LT,2013,240000,10000,Petrol,Individual,Manual,First Owner,2505,12,Low,Low,0,Petrol_Manual,Chevrolet,24,0
CAR_002506,Honda WR-V i-DTEC VX,2018,,30000,Diesel,Individual,Manual,First Owner,2506,7,High,Low,0,Diesel_Manual,Honda,23.33,1
CAR_002507,Hyundai Accent GLX,2010,145000,110000,Petrol,Individual,Manual,Second Owner,2507,15,Low,High,0,Petrol_Manual,Hyundai,1.32,0
CAR_002508,Maruti Ertiga VDI Limited Edition,2014,535000,80000,Diesel,Individual,Manual,Second Owner,2508,11,Mid,High,0,Diesel_Manual,Maruti,6.69,1
CAR_002509,Mahindra KUV 100 mFALCON G80 K2 Plus,2016,420000,21000,,Individual,Manual,First Owner,2509,9,Mid,,0,Petrol_Manual,Mahindra,20,0
CAR_002510,Maruti Alto K10 VXI,2016,350000,20000,Petrol,Individual,Manual,First Owner,2510,9,Mid,Low,0,Petrol_Manual,Maruti,17.5,0
CAR_002511,Maruti Swift VDI BSIV,2015,550000,32000,Diesel,Individual,Manual,First Owner,2511,10,,Medium,,Diesel_Manual,Maruti,17.19,1
CAR_002512,Mitsubishi Montero 3.2 MT,2007,750000,180000,Diesel,Individual,Manual,First Owner,2512,18,High,Very High,0,Diesel_Manual,Mitsubishi,4.17,1
CAR_002513,Tata Indica Vista Aqua 1.3 Quadrajet ABS BSIV,2012,,70000,Diesel,Individual,Manual,Second Owner,2513,13,Low,Medium,0,Diesel_Manual,Tata,2.83,1
CAR_002514,Hyundai i20 Magna Optional 1.4 CRDi,2013,420000,50000,Diesel,Individual,Manual,First Owner,2514,12,Mid,Medium,0,Diesel_Manual,Hyundai,8.4,1
CAR_002515,Hyundai i20 Magna Optional 1.4 CRDi,2013,420000,50000,Diesel,Individual,Manual,First Owner,2515,12,Mid,Medium,0,Diesel_Manual,Hyundai,8.4,1
CAR_002516,Ford Endeavour 4x2 XLT,2004,195000,120000,Diesel,Individual,Manual,First Owner,2516,21,Low,High,0,Diesel_Manual,Ford,1.62,1
CAR_002517,Hyundai EON Sportz,2012,150000,55766,Petrol,Individual,,Second Owner,2517,13,Low,Medium,0,Petrol_Manual,Hyundai,2.69,0
CAR_002518,Nissan Micra XL,2011,275000,40000,,Individual,Manual,Second Owner,2518,14,Low,Medium,,Petrol_Manual,Nissan,6.88,0
CAR_002519,Maruti 800 Std,2001,65000,60000,Petrol,Individual,Manual,Third Owner,2519,24,,Medium,0,Petrol_Manual,Maruti,1.08,0
CAR_002520,Maruti Swift LXi BSIV,2008,200000,50000,Petrol,Individual,Manual,First Owner,2520,17,Low,Medium,0,Petrol_Manual,Maruti,4,0
CAR_002521,Maruti Swift Dzire VDi,2010,250000,110000,Diesel,Individual,,Second Owner,2521,15,Low,High,,Diesel_Manual,Maruti,2.27,1
CAR_002522,Renault Duster 85PS Diesel RxL,2013,450000,1000,Diesel,Dealer,Manual,Second Owner,2522,12,Mid,Low,0,Diesel_Manual,Renault,450,1
CAR_002523,Maruti Ignis 1.3 Delta,2018,590000,26350,Diesel,Dealer,Manual,First Owner,2523,7,Mid,Low,0,Diesel_Manual,Maruti,22.39,1
CAR_002524,Maruti SX4 Vxi BSIV,2012,225000,110000,Petrol,Individual,,Second Owner,2524,13,Low,,0,Petrol_Manual,Maruti,2.05,0
CAR_002525,Tata Indigo CS LX (TDI) BS-III,2015,225000,68745,Diesel,Dealer,Manual,First Owner,2525,10,Low,Medium,0,Diesel_Manual,Tata,3.27,1
CAR_002526,Maruti Alto 800 LXI,2006,165000,132000,Petrol,Individual,Manual,First Owner,2526,19,Low,High,0,Petrol_Manual,Maruti,1.25,0
CAR_002527,Mahindra Bolero Power Plus SLX,2019,860000,35000,Diesel,Individual,Manual,First Owner,2527,6,High,Medium,,Diesel_Manual,Mahindra,24.57,1
CAR_002528,Mahindra XUV500 W6 2WD,2016,900000,47000,Diesel,Individual,Manual,First Owner,2528,9,High,Medium,0,Diesel_Manual,Mahindra,19.15,1
CAR_002529,Tata Indigo TDI,2013,182000,100000,Diesel,Individual,Manual,First Owner,2529,12,,High,,Diesel_Manual,Tata,1.82,1
CAR_002530,Tata Indica Vista Terra 1.4 TDI,2010,100000,80000,Diesel,Individual,Manual,First Owner,2530,15,Low,High,,Diesel_Manual,Tata,1.25,1
CAR_002531,Hyundai Santro Xing XL eRLX Euro III,2006,100000,40000,Petrol,Individual,Manual,Second Owner,2531,19,Low,Medium,0,Petrol_Manual,Hyundai,2.5,0
CAR_002532,Maruti Alto K10 VXI AGS,2017,375000,27289,Petrol,Dealer,Automatic,First Owner,2532,8,Mid,Low,0,Petrol_Automatic,Maruti,13.74,0
CAR_002533,Tata Tiago XZA AMT,2018,525000,10980,Petrol,Dealer,Automatic,First Owner,2533,7,Mid,Low,0,Petrol_Automatic,Tata,47.81,0
CAR_002534,Hyundai EON Era Plus,2016,320000,24662,Petrol,Dealer,,First Owner,2534,9,Mid,Low,0,Petrol_Manual,Hyundai,12.98,0
CAR_002535,Maruti Swift Dzire VDI,2013,525000,37000,Diesel,Dealer,Manual,First Owner,2535,12,Mid,Medium,0,Diesel_Manual,Maruti,14.19,1
CAR_002536,Nissan Evalia XV,2014,650000,28245,Diesel,Dealer,,First Owner,2536,11,High,Low,0,Diesel_Manual,Nissan,23.01,1
CAR_002537,Hyundai Grand i10 1.2 CRDi Sportz Option,2017,,27005,,Dealer,Manual,First Owner,2537,8,Mid,Low,0,Diesel_Manual,Hyundai,21.29,1
CAR_002538,Hyundai i10 Magna,2014,355000,39227,Petrol,Dealer,Manual,First Owner,2538,11,,,0,Petrol_Manual,Hyundai,9.05,0
CAR_002539,Mahindra KUV 100 D75 K4 Plus 5Str,2016,470000,31367,Diesel,Dealer,Manual,First Owner,2539,9,Mid,Medium,0,Diesel_Manual,Mahindra,14.98,1
CAR_002540,Maruti Wagon R LXI,2008,221000,35008,,Dealer,Manual,First Owner,2540,17,Low,,0,Petrol_Manual,Maruti,6.31,0
CAR_002541,Hyundai Santro Xing GLS,2009,195000,27005,,Dealer,Manual,First Owner,2541,16,Low,Low,0,Petrol_Manual,Hyundai,7.22,0
CAR_002542,Maruti Zen VX,2001,85000,86000,Petrol,Individual,Manual,Second Owner,2542,24,Low,,0,Petrol_Manual,Maruti,0.99,0
CAR_002543,Maruti Swift VDI,2013,400000,50000,Diesel,Individual,Manual,First Owner,2543,12,Mid,,0,Diesel_Manual,Maruti,8,1
CAR_002544,Maruti Baleno Delta 1.3,2017,650000,20000,Diesel,Individual,,First Owner,2544,8,High,Low,0,Diesel_Manual,Maruti,32.5,1
CAR_002545,Hyundai i10 Magna 1.2,2010,400000,50000,Petrol,Individual,,First Owner,2545,15,Mid,Medium,0,Petrol_Manual,Hyundai,8,0
CAR_002546,Tata Manza Aura (ABS) Quadrajet BS IV,2012,295000,80000,Diesel,Individual,Manual,Second Owner,2546,13,Low,High,0,Diesel_Manual,Tata,3.69,1
CAR_002547,Maruti Omni LPG STD BSIV,2006,60000,135000,LPG,Individual,,Fourth & Above Owner,2547,19,Low,High,0,LPG_Manual,Maruti,0.44,0
CAR_002548,Maruti Zen D PS,2003,,120000,Diesel,Individual,Manual,Third Owner,2548,22,Low,High,0,Diesel_Manual,Maruti,0.92,1
CAR_002549,Fiat Linea 1.3 Multijet Emotion,2015,,113600,Diesel,Individual,Manual,First Owner,2549,10,Mid,,0,Diesel_Manual,Fiat,4.84,1
CAR_002550,Hyundai Santro Xing GLS,2008,190000,,Petrol,Individual,Manual,Third Owner,2550,17,Low,Medium,0,Petrol_Manual,Hyundai,2.71,0
CAR_002551,Ford Aspire Titanium Plus Diesel BSIV,2018,861999,20000,Diesel,Dealer,Manual,First Owner,2551,7,High,Low,0,Diesel_Manual,Ford,43.1,1
CAR_002552,Ford Aspire Titanium Plus BSIV,2018,782000,14000,Petrol,Dealer,Manual,First Owner,2552,7,High,Low,,Petrol_Manual,Ford,55.86,0
CAR_002553,Ford Freestyle Titanium Plus Diesel BSIV,2018,836000,26000,Diesel,Dealer,Manual,First Owner,2553,7,High,Low,0,Diesel_Manual,Ford,32.15,1
CAR_002554,Honda City i VTEC V,2016,696000,138925,,Dealer,Manual,First Owner,2554,9,High,High,0,Petrol_Manual,Honda,5.01,0
CAR_002555,Honda Jazz 1.5 VX i DTEC,2016,,121764,Diesel,Dealer,Manual,First Owner,2555,9,Mid,,0,Diesel_Manual,Honda,4.89,1
CAR_002556,Honda Jazz 1.2 VX i VTEC,2016,612000,,Petrol,Dealer,Manual,First Owner,2556,9,High,High,0,Petrol_Manual,Honda,5.8,0
CAR_002557,Maruti Alto 800 LXI,2015,114999,35000,Petrol,Individual,Manual,First Owner,2557,10,Low,Medium,0,Petrol_Manual,Maruti,3.29,0
CAR_002558,Tata Bolt Quadrajet XE,2017,340000,60000,Diesel,Individual,Manual,First Owner,2558,8,Mid,Medium,0,Diesel_Manual,Tata,5.67,1
CAR_002559,Maruti Swift ZXI Plus,2020,550000,5000,Petrol,Individual,Manual,First Owner,2559,5,Mid,Low,0,Petrol_Manual,Maruti,110,0
CAR_002560,Chevrolet Aveo U-VA 1.2 LT,2008,114999,70000,Petrol,Individual,,Third Owner,2560,17,Low,Medium,,Petrol_Manual,Chevrolet,1.64,0
CAR_002561,Maruti Wagon R VXI,2000,105000,,Petrol,Individual,,First Owner,2561,25,Low,High,0,Petrol_Manual,Maruti,1.31,0
CAR_002562,Maruti Vitara Brezza ZDi,2019,890000,20000,Diesel,Individual,Manual,First Owner,2562,6,High,Low,0,Diesel_Manual,Maruti,44.5,1
CAR_002563,Tata Nexon 1.2 Revotron XZ Plus,2019,715000,8000,Petrol,Individual,Manual,First Owner,2563,6,High,Low,0,Petrol_Manual,Tata,89.38,0
CAR_002564,Hyundai i20 Asta (o),2014,525000,54000,,Dealer,Manual,Second Owner,2564,11,Mid,Medium,0,Petrol_Manual,Hyundai,9.72,0
CAR_002565,Volkswagen Jetta 2.0L TDI Highline AT,2012,735000,55300,Diesel,Dealer,,First Owner,2565,13,High,Medium,,Diesel_Automatic,Volkswagen,13.29,1
CAR_002566,Honda Amaze S i-VTEC,2016,495000,11958,,Dealer,Manual,First Owner,2566,9,Mid,Low,0,Petrol_Manual,Honda,41.39,0
CAR_002567,Hyundai Creta 1.6 SX Option,2017,1025000,9000,Petrol,Dealer,Manual,First Owner,2567,8,Premium,Low,0,Petrol_Manual,Hyundai,113.89,0
CAR_002568,Mahindra XUV500 W8 2WD,2015,750000,,Diesel,Individual,Manual,First Owner,2568,10,High,Medium,,Diesel_Manual,Mahindra,10.71,1
CAR_002569,Renault Duster 85PS Diesel RxL Optional,2013,600000,120000,Diesel,Individual,Manual,First Owner,2569,12,Mid,High,0,Diesel_Manual,Renault,5,1
CAR_002570,Hyundai i20 Asta 1.2,2014,475000,23122,Petrol,Dealer,,Second Owner,2570,11,Mid,Low,0,Petrol_Manual,Hyundai,20.54,0
CAR_002571,Hyundai Santro Xing XO,2007,80000,58000,Petrol,Dealer,Manual,Second Owner,2571,18,Low,Medium,0,Petrol_Manual,Hyundai,1.38,0
CAR_002572,Mahindra Bolero 2011-2019 SLE,2013,325000,62200,,Dealer,Manual,First Owner,2572,12,Mid,Medium,0,Diesel_Manual,Mahindra,5.23,1
CAR_002573,Audi A6 2.0 TDI Premium Plus,2014,,34000,Diesel,Dealer,Automatic,Second Owner,2573,11,Premium,Medium,0,Diesel_Automatic,Audi,43.24,1
CAR_002574,Fiat Avventura MULTIJET Emotion,2015,350000,53000,Diesel,Individual,,Second Owner,2574,10,Mid,Medium,0,Diesel_Manual,Fiat,6.6,1
CAR_002575,Audi A8 4.2 TDI,2013,2800000,,Diesel,Dealer,,First Owner,2575,12,Premium,Medium,0,Diesel_Automatic,Audi,57.14,1
CAR_002576,Datsun RediGO 1.0 S,2017,210000,15000,Petrol,Dealer,Manual,Second Owner,2576,8,Low,Low,0,Petrol_Manual,Datsun,14,0
CAR_002577,Chevrolet Cruze LT,2012,349000,44500,,Dealer,Manual,Second Owner,2577,13,Mid,Medium,0,Diesel_Manual,Chevrolet,7.84,1
CAR_002578,Volkswagen Jetta 1.4 TSI Comfortline,2013,450000,50000,Petrol,Individual,Manual,First Owner,2578,12,Mid,,0,Petrol_Manual,Volkswagen,9,0
CAR_002579,Audi A4 2.0 TDI 177 Bhp Premium Plus,2013,1150000,53000,Diesel,Dealer,Automatic,First Owner,2579,12,Premium,Medium,0,Diesel_Automatic,Audi,21.7,1
CAR_002580,Honda Civic 1.8 V AT,2009,210000,63500,Petrol,Dealer,Automatic,First Owner,2580,16,Low,Medium,0,Petrol_Automatic,Honda,3.31,0
CAR_002581,Mercedes-Benz E-Class Exclusive E 200 BSIV,2018,4500000,9800,Petrol,Dealer,Automatic,First Owner,2581,7,Premium,,0,Petrol_Automatic,Mercedes-Benz,459.18,0
CAR_002582,Volkswagen Polo GTI,2017,825000,13599,Petrol,Dealer,Automatic,First Owner,2582,8,High,Low,0,Petrol_Automatic,Volkswagen,60.67,0
CAR_002583,BMW X1 sDrive 20d xLine,2017,2750000,13000,Diesel,Individual,Automatic,First Owner,2583,8,Premium,Low,0,Diesel_Automatic,BMW,211.54,1
CAR_002584,Chevrolet Beat Diesel,2012,160000,110000,Diesel,Individual,,First Owner,2584,13,Low,High,0,Diesel_Manual,Chevrolet,1.45,1
CAR_002585,Mahindra Scorpio SLE BSIV,2014,550000,100000,Diesel,Individual,Manual,Second Owner,2585,11,Mid,High,,Diesel_Manual,Mahindra,5.5,1
CAR_002586,Maruti Swift 1.3 VXI ABS,2006,95000,110000,Petrol,Individual,Manual,Third Owner,2586,19,Low,High,0,Petrol_Manual,Maruti,0.86,0
CAR_002587,Toyota Innova 2.5 G (Diesel) 7 Seater,2014,725000,90000,Diesel,Individual,Manual,Second Owner,2587,11,High,,0,Diesel_Manual,Toyota,8.06,1
CAR_002588,Tata Tigor 1.2 Revotron XZ Option,2019,670000,17000,Petrol,Individual,Manual,First Owner,2588,6,High,,0,Petrol_Manual,Tata,39.41,0
CAR_002589,Maruti Alto LX,2008,65000,140000,Petrol,Individual,,First Owner,2589,17,Low,High,0,Petrol_Manual,Maruti,0.46,0
CAR_002590,Mahindra Xylo D4,2015,,50000,Diesel,Individual,Manual,Second Owner,2590,10,Mid,Medium,0,Diesel_Manual,Mahindra,10,1
CAR_002591,Mahindra KUV 100 mFALCON G80 K8 5str,2017,600000,53000,Petrol,Individual,Manual,First Owner,2591,8,Mid,Medium,0,Petrol_Manual,Mahindra,11.32,0
CAR_002592,Maruti Wagon R VXI Optional,2017,350000,70000,Petrol,Individual,Manual,Second Owner,2592,8,Mid,Medium,0,Petrol_Manual,Maruti,5,0
CAR_002593,Chevrolet Beat Diesel LT,2012,200000,70000,Diesel,Individual,Manual,Second Owner,2593,13,,Medium,0,Diesel_Manual,Chevrolet,2.86,1
CAR_002594,Hyundai Getz 1.5 CRDi GVS,2008,110000,154000,Diesel,Individual,Manual,Third Owner,2594,17,,Very High,0,Diesel_Manual,Hyundai,0.71,1
CAR_002595,Hyundai EON Sportz,2012,150000,80000,Petrol,Individual,Manual,First Owner,2595,13,Low,,0,Petrol_Manual,Hyundai,1.88,0
CAR_002596,Maruti Zen D PS,2003,75000,110000,Diesel,Individual,Manual,Second Owner,2596,22,Low,High,0,Diesel_Manual,Maruti,0.68,1
CAR_002597,Honda Amaze EX i-Dtech,2013,,90000,Diesel,Individual,Manual,Second Owner,2597,12,Mid,High,0,Diesel_Manual,Honda,3.89,1
CAR_002598,Toyota Innova Crysta 2.4 VX MT 8S BSIV,2018,1700000,,Diesel,Individual,,First Owner,2598,7,Premium,Low,,Diesel_Manual,Toyota,113.33,1
CAR_002599,BMW X1 sDrive20d,2011,890000,86000,Diesel,Individual,Automatic,Second Owner,2599,14,High,High,0,Diesel_Automatic,BMW,10.35,1
CAR_002600,Mahindra Scorpio M2DI,2014,500000,120000,Diesel,Individual,,First Owner,2600,11,Mid,High,0,Diesel_Manual,Mahindra,4.17,1
CAR_002601,Hyundai Elite i20 Sportz Plus Dual Tone BSIV,2019,600000,5200,Petrol,Individual,,First Owner,2601,6,Mid,,0,Petrol_Manual,Hyundai,115.38,0
CAR_002602,Chevrolet Beat LS,2010,99000,60000,Petrol,Individual,Manual,Second Owner,2602,15,Low,Medium,0,Petrol_Manual,Chevrolet,1.65,0
CAR_002603,Hyundai i10 Era 1.1 iTech SE,2011,235000,46000,Petrol,Individual,Manual,First Owner,2603,14,Low,Medium,0,Petrol_Manual,Hyundai,5.11,0
CAR_002604,Tata Indigo GLX,2006,75000,40000,Petrol,Individual,Manual,Second Owner,2604,19,Low,Medium,0,Petrol_Manual,Tata,1.88,0
CAR_002605,Honda City i DTEC VX,2014,600000,90000,,Individual,Manual,Second Owner,2605,11,Mid,High,0,Diesel_Manual,Honda,6.67,1
CAR_002606,Hyundai Verna CRDi 1.6 SX,2019,,25000,Diesel,Individual,Manual,Second Owner,2606,6,High,Low,0,Diesel_Manual,Hyundai,40,1
CAR_002607,Hyundai Verna 1.6 SX,2012,390000,,Diesel,Individual,Manual,First Owner,2607,13,Mid,High,,Diesel_Manual,Hyundai,4.33,1
CAR_002608,Volkswagen Polo 1.5 TDI Highline,2015,600000,70000,Diesel,Individual,Manual,First Owner,2608,10,Mid,Medium,0,Diesel_Manual,Volkswagen,8.57,1
CAR_002609,Hyundai i20 1.2 Spotz,2017,600000,70000,Petrol,Individual,Manual,Second Owner,2609,8,Mid,Medium,0,Petrol_Manual,Hyundai,8.57,0
CAR_002610,Hyundai Elite i20 Magna Plus Diesel,2019,730000,35000,Diesel,Individual,Manual,Second Owner,2610,6,High,Medium,,Diesel_Manual,Hyundai,20.86,1
CAR_002611,Hyundai Grand i10 1.2 Kappa Magna AT,2017,450000,12700,Petrol,Individual,Automatic,First Owner,2611,8,Mid,Low,0,Petrol_Automatic,Hyundai,35.43,0
CAR_002612,Maruti Ritz LDi,2011,250000,80000,Diesel,Individual,Manual,First Owner,2612,14,Low,High,0,Diesel_Manual,Maruti,3.12,1
CAR_002613,Mahindra XUV500 W10 2WD,2018,1400000,20000,Diesel,Individual,Manual,First Owner,2613,7,Premium,Low,0,Diesel_Manual,Mahindra,70,1
CAR_002614,Renault KWID 1.0 RXT Optional,2018,300000,20000,Petrol,Individual,Manual,First Owner,2614,7,Low,Low,,Petrol_Manual,Renault,15,0
CAR_002615,Ford EcoSport 1.5 Petrol Titanium BSIV,2017,800000,19000,Petrol,Individual,Manual,First Owner,2615,8,High,Low,0,Petrol_Manual,Ford,42.11,0
CAR_002616,Fiat Grande Punto Active (Diesel),2009,125000,95000,Diesel,Individual,Manual,Second Owner,2616,16,,High,0,Diesel_Manual,Fiat,1.32,1
CAR_002617,BMW X1 sDrive 20d xLine,2019,2600000,9500,Diesel,Individual,Automatic,First Owner,2617,6,Premium,Low,0,Diesel_Automatic,BMW,273.68,1
CAR_002618,Skoda Fabia 1.2 MPI Ambition Plus,2012,300000,50000,Petrol,Individual,Manual,First Owner,2618,13,Low,Medium,0,Petrol_Manual,Skoda,6,0
CAR_002619,Volkswagen Polo Diesel Trendline 1.2L,2012,295000,90000,,Individual,Manual,First Owner,2619,13,Low,High,0,Diesel_Manual,Volkswagen,3.28,1
CAR_002620,Ford Ecosport 1.0 Ecoboost Platinum Edition BSIV,2013,,45839,Petrol,Dealer,Manual,First Owner,2620,12,High,Medium,,Petrol_Manual,Ford,14.18,0
CAR_002621,Chevrolet Aveo 1.4 LS,2010,,74510,Petrol,Dealer,,First Owner,2621,15,Low,High,0,Petrol_Manual,Chevrolet,2.68,0
CAR_002622,Chevrolet Aveo U-VA 1.2 LS,2009,130000,87293,Petrol,Dealer,Manual,First Owner,2622,16,Low,High,0,Petrol_Manual,Chevrolet,1.49,0
CAR_002623,Ford Figo Diesel EXI,2012,250000,156040,Diesel,Dealer,Manual,First Owner,2623,13,Low,Very High,0,Diesel_Manual,Ford,1.6,1
CAR_002624,Ford Endeavour 2.5L 4X2 MT,2004,400000,93415,Diesel,Dealer,,First Owner,2624,21,Mid,High,0,Diesel_Manual,Ford,4.28,1
CAR_002625,Ford Aspire Titanium BSIV,2017,430000,101159,Petrol,Dealer,Manual,First Owner,2625,8,Mid,High,0,Petrol_Manual,Ford,4.25,0
CAR_002626,Hyundai EON 1.0 Kappa Magna Plus,2015,170000,,Petrol,Individual,Manual,Second Owner,2626,10,Low,High,0,Petrol_Manual,Hyundai,2.12,0
CAR_002627,Tata Tiago 2019-2020 XZ,2019,450000,,Petrol,Individual,Manual,First Owner,2627,6,Mid,Low,,Petrol_Manual,Tata,37.5,0
CAR_002628,Maruti Swift ZXI,2013,350000,90000,Petrol,Individual,Manual,First Owner,2628,12,Mid,High,0,Petrol_Manual,Maruti,3.89,0
CAR_002629,Chevrolet Spark 1.0 LT,2011,,68519,Petrol,Dealer,Manual,First Owner,2629,14,Low,,0,Petrol_Manual,Chevrolet,1.9,0
CAR_002630,Chevrolet Beat Diesel LS,2012,180000,55130,,Dealer,Manual,First Owner,2630,13,Low,,0,Diesel_Manual,Chevrolet,3.27,1
CAR_002631,Ford Ecosport 1.0 Ecoboost Titanium Optional,2014,475000,65239,Petrol,Dealer,Manual,First Owner,2631,11,Mid,Medium,,Petrol_Manual,Ford,7.28,0
CAR_002632,Volkswagen Polo 1.2 MPI Comfortline,2015,470000,58182,Petrol,Dealer,Manual,First Owner,2632,10,Mid,Medium,0,Petrol_Manual,Volkswagen,8.08,0
CAR_002633,Ford Fiesta Diesel Trend,2012,200000,91245,Diesel,Dealer,Manual,First Owner,2633,13,Low,High,0,Diesel_Manual,Ford,2.19,1
CAR_002634,Mahindra XUV500 W8 2WD,2013,650000,102989,Diesel,Dealer,Manual,First Owner,2634,12,High,High,0,Diesel_Manual,Mahindra,6.31,1
CAR_002635,Honda City 1.5 E MT,2010,400000,50000,Petrol,Individual,,First Owner,2635,15,Mid,Medium,0,Petrol_Manual,Honda,8,0
CAR_002636,Maruti Zen VXI,2000,100000,120000,Petrol,Individual,Manual,First Owner,2636,25,Low,High,0,Petrol_Manual,Maruti,0.83,0
CAR_002637,Maruti Swift Dzire VDI,2014,409999,90000,,Individual,Manual,First Owner,2637,11,Mid,High,,Diesel_Manual,Maruti,4.56,1
CAR_002638,Maruti Swift VDI BSIV,2018,640000,25000,Diesel,Individual,Manual,First Owner,2638,7,,Low,0,Diesel_Manual,Maruti,25.6,1
CAR_002639,Maruti Wagon R LXI Minor,2007,,80000,Petrol,Individual,Manual,Second Owner,2639,18,Low,High,0,Petrol_Manual,Maruti,2,0
CAR_002640,Tata Indigo TDI,2013,182000,100000,Diesel,Individual,Manual,First Owner,2640,12,Low,High,0,Diesel_Manual,Tata,1.82,1
CAR_002641,Maruti Baleno Zeta 1.3,2018,750000,70000,,Individual,Manual,First Owner,2641,7,High,Medium,,Diesel_Manual,Maruti,10.71,1
CAR_002642,Mahindra Jeep MM 550 XDB,2002,150000,50000,Diesel,Individual,Manual,Third Owner,2642,23,Low,Medium,0,Diesel_Manual,Mahindra,3,1
CAR_002643,Maruti Alto STD,2008,80000,100000,Petrol,Individual,,Second Owner,2643,17,Low,High,0,Petrol_Manual,Maruti,0.8,0
CAR_002644,Maruti Celerio VDi,2016,240000,,Diesel,Individual,Manual,Third Owner,2644,9,Low,High,0,Diesel_Manual,Maruti,2.67,1
CAR_002645,Maruti Esteem Lxi,2005,60000,60000,Petrol,Individual,Manual,Third Owner,2645,20,Low,Medium,0,Petrol_Manual,Maruti,1,0
CAR_002646,Maruti Alto LX,2007,70000,120000,,Individual,,Third Owner,2646,18,Low,High,0,Petrol_Manual,Maruti,0.58,0
CAR_002647,Volkswagen Jetta 1.9 Highline TDI,2008,285000,90000,Diesel,Individual,Automatic,Second Owner,2647,17,Low,High,0,Diesel_Automatic,Volkswagen,3.17,1
CAR_002648,Maruti Swift VDI BSIV,2015,350000,60000,Diesel,Individual,Manual,Second Owner,2648,10,Mid,Medium,0,Diesel_Manual,Maruti,5.83,1
CAR_002649,Hyundai i20 Active 1.4 SX with AVN,2015,699000,30000,Diesel,Individual,Manual,Second Owner,2649,10,,,0,Diesel_Manual,Hyundai,23.3,1
CAR_002650,Ford Figo Diesel ZXI,2011,275000,108000,Diesel,Individual,Manual,Second Owner,2650,14,Low,High,0,Diesel_Manual,Ford,2.55,1
CAR_002651,Hyundai i20 1.4 CRDi Magna,2012,350000,,Diesel,Individual,Manual,Second Owner,2651,13,Mid,,0,Diesel_Manual,Hyundai,2.19,1
CAR_002652,Maruti Alto LXi BSIII,2006,135000,90000,Petrol,Individual,Manual,Third Owner,2652,19,Low,,0,Petrol_Manual,Maruti,1.5,0
CAR_002653,Mahindra Xylo E4 8S,2010,325000,120000,Diesel,Individual,Manual,Third Owner,2653,15,Mid,High,0,Diesel_Manual,Mahindra,2.71,1
CAR_002654,Mahindra XUV500 W8 2WD,2012,650000,102000,Diesel,Individual,Manual,Second Owner,2654,13,High,High,0,Diesel_Manual,Mahindra,6.37,1
CAR_002655,Mahindra Bolero SLE,2009,300000,178000,Diesel,Individual,Manual,Second Owner,2655,16,Low,Very High,0,Diesel_Manual,Mahindra,1.69,1
CAR_002656,Toyota Innova 2.5 VX (Diesel) 8 Seater,2014,1200000,200000,Diesel,Individual,Manual,Second Owner,2656,11,Premium,Very High,0,Diesel_Manual,Toyota,6,1
CAR_002657,Ford Fiesta Petrol Trend,2012,450000,60000,Petrol,Dealer,Manual,First Owner,2657,13,Mid,Medium,0,Petrol_Manual,Ford,7.5,0
CAR_002658,Tata Tiago 1.2 Revotron XE,2019,425000,3000,Petrol,Individual,Manual,First Owner,2658,6,,Low,0,Petrol_Manual,Tata,141.67,0
CAR_002659,Maruti Alto LXi,2006,150000,75118,Petrol,Individual,Manual,Second Owner,2659,19,,High,0,Petrol_Manual,Maruti,2,0
CAR_002660,Maruti Ritz LDi,2013,,140000,Diesel,Individual,,Second Owner,2660,12,Low,High,0,Diesel_Manual,Maruti,2.07,1
CAR_002661,Hyundai Xcent 1.2 Kappa Base,2014,335000,60000,,Individual,Manual,Second Owner,2661,11,Mid,Medium,0,Petrol_Manual,Hyundai,5.58,0
CAR_002662,Chevrolet Optra 1.6,2006,120000,79000,Petrol,Dealer,Manual,Fourth & Above Owner,2662,19,Low,High,0,Petrol_Manual,Chevrolet,1.52,0
CAR_002663,Ford Ikon 1.6 ZXI NXt,2005,,25000,Petrol,Individual,Manual,Second Owner,2663,20,Low,Low,,Petrol_Manual,Ford,0.8,0
CAR_002664,Hyundai Getz GLS,2005,,70000,Petrol,Individual,Manual,First Owner,2664,20,Low,Medium,0,Petrol_Manual,Hyundai,3.57,0
CAR_002665,Hyundai Santro Xing GL Plus,2008,,41723,,Individual,Manual,Second Owner,2665,17,Low,Medium,0,Petrol_Manual,Hyundai,2.88,0
CAR_002666,Maruti SX4 Vxi BSIV,2010,250000,70000,Petrol,Individual,Manual,First Owner,2666,15,Low,Medium,,Petrol_Manual,Maruti,3.57,0
CAR_002667,Tata Indigo LS,2012,220000,70000,Diesel,Individual,Manual,Second Owner,2667,13,,,0,Diesel_Manual,Tata,3.14,1
CAR_002668,Ford Ikon 1.3 Flair,2005,61000,4637,Petrol,Individual,Manual,Second Owner,2668,20,Low,Low,0,Petrol_Manual,Ford,13.16,0
CAR_002669,Maruti Swift VDI BSIV,2016,620000,70000,Diesel,Individual,Manual,First Owner,2669,9,High,Medium,,Diesel_Manual,Maruti,8.86,1
CAR_002670,Maruti Swift Dzire LDIX Limited Edition,2014,425000,100000,,Individual,Manual,Second Owner,2670,11,,High,0,Diesel_Manual,Maruti,4.25,1
CAR_002671,Tata Indica Vista Aqua 1.3 Quadrajet,2009,85000,120000,Diesel,Individual,Manual,Second Owner,2671,16,Low,High,0,Diesel_Manual,Tata,0.71,1
CAR_002672,Maruti Swift 1.3 DLX,2015,270000,40000,Diesel,Individual,Manual,Second Owner,2672,10,Low,,0,Diesel_Manual,Maruti,6.75,1
CAR_002673,Maruti Swift Vdi BSIII,2009,180000,220000,Diesel,Individual,Manual,First Owner,2673,16,,Very High,0,Diesel_Manual,Maruti,0.82,1
CAR_002674,Renault KWID 1.0 RXT Optional,2018,300000,,Petrol,Individual,Manual,First Owner,2674,7,Low,Low,0,Petrol_Manual,Renault,15,0
CAR_002675,Ford EcoSport 1.5 Petrol Titanium BSIV,2017,800000,19000,Petrol,Individual,Manual,First Owner,2675,8,High,Low,0,Petrol_Manual,Ford,42.11,0
CAR_002676,Fiat Grande Punto Active (Diesel),2009,125000,95000,Diesel,Individual,Manual,Second Owner,2676,16,Low,High,0,Diesel_Manual,Fiat,1.32,1
CAR_002677,Mahindra KUV 100 mFALCON G80 K2,2017,450000,,Petrol,Individual,,First Owner,2677,8,Mid,Low,0,Petrol_Manual,Mahindra,15,0
CAR_002678,Tata New Safari DICOR 2.2 VX 4x4,2012,450000,42655,Diesel,Individual,Manual,First Owner,2678,13,Mid,,0,Diesel_Manual,Tata,10.55,1
CAR_002679,Renault KWID 1.0 RXL,2017,250000,43000,Petrol,Individual,Manual,Second Owner,2679,8,,Medium,0,Petrol_Manual,Renault,5.81,0
CAR_002680,Toyota Innova 2.5 VX 8 STR BSIV,2012,725000,70000,Diesel,Individual,Manual,First Owner,2680,13,High,Medium,0,Diesel_Manual,Toyota,10.36,1
CAR_002681,Hyundai i20 Magna,2010,250000,55000,,Individual,Manual,First Owner,2681,15,Low,Medium,0,Petrol_Manual,Hyundai,4.55,0
CAR_002682,Fiat Punto 1.3 Active,2010,99000,80000,Diesel,Individual,,Second Owner,2682,15,Low,High,0,Diesel_Manual,Fiat,1.24,1
CAR_002683,Renault KWID 1.0,2017,350000,55000,Petrol,Individual,Manual,First Owner,2683,8,Mid,,0,Petrol_Manual,Renault,6.36,0
CAR_002684,Hyundai Xcent 1.2 VTVT E Plus,2018,511000,70000,Petrol,Individual,Manual,First Owner,2684,7,Mid,Medium,0,Petrol_Manual,Hyundai,7.3,0
CAR_002685,Maruti Ritz VDi,2012,300000,80000,Diesel,Individual,Manual,First Owner,2685,13,Low,High,0,Diesel_Manual,Maruti,3.75,1
CAR_002686,Audi Q5 2.0 TFSI Quattro,2010,1100000,110000,Petrol,Individual,,First Owner,2686,15,Premium,High,0,Petrol_Automatic,Audi,10,0
CAR_002687,Hyundai i10 Sportz 1.2,2010,125000,60000,Petrol,Individual,Manual,Third Owner,2687,15,Low,Medium,0,Petrol_Manual,Hyundai,2.08,0
CAR_002688,Tata Tiago 1.2 Revotron XZ,2018,500000,30000,Petrol,Individual,Manual,First Owner,2688,7,Mid,Low,0,Petrol_Manual,Tata,16.67,0
CAR_002689,Renault Duster 85PS Diesel RxL,2013,385000,80000,Diesel,Individual,Manual,Second Owner,2689,12,Mid,High,0,Diesel_Manual,Renault,4.81,1
CAR_002690,Skoda Rapid 1.6 MPI Elegance,2012,,90000,Petrol,Individual,Manual,First Owner,2690,13,Mid,High,0,Petrol_Manual,Skoda,3.89,0
CAR_002691,Maruti 800 Std BSIII,2003,60000,50000,Petrol,Individual,Manual,First Owner,2691,22,Low,Medium,0,Petrol_Manual,Maruti,1.2,0
CAR_002692,Hyundai Santro Xing GLS,2012,300000,50000,Petrol,Individual,,First Owner,2692,13,Low,Medium,0,Petrol_Manual,Hyundai,6,0
CAR_002693,Hyundai i20 1.4 CRDi Asta,2012,400000,70000,Diesel,Individual,Manual,First Owner,2693,13,Mid,Medium,0,Diesel_Manual,Hyundai,5.71,1
CAR_002694,Ford Ecosport 1.5 DV5 MT Titanium,2014,550000,110000,Diesel,Individual,Manual,First Owner,2694,11,Mid,High,,Diesel_Manual,Ford,5,1
CAR_002695,Nissan Sunny XL,2012,300000,80000,Petrol,Individual,Manual,Second Owner,2695,13,Low,High,0,Petrol_Manual,Nissan,3.75,0
CAR_002696,Maruti Swift VDI,2012,250000,,Diesel,Individual,Manual,First Owner,2696,13,,Very High,0,Diesel_Manual,Maruti,1.6,1
CAR_002697,Toyota Innova 2.5 GX 7 STR,2012,800000,180000,Diesel,Individual,Manual,First Owner,2697,13,High,Very High,0,Diesel_Manual,Toyota,4.44,1
CAR_002698,Maruti Eeco 5 Seater AC BSIV,2018,300000,25000,Petrol,Individual,,First Owner,2698,7,Low,Low,0,Petrol_Manual,Maruti,12,0
CAR_002699,Maruti Alto LX,2004,80000,120000,Petrol,Individual,Manual,First Owner,2699,21,Low,High,0,Petrol_Manual,Maruti,0.67,0
CAR_002700,Mahindra Scorpio S5 BSIV,2020,1200000,11000,Diesel,Individual,,First Owner,2700,5,Premium,Low,0,Diesel_Manual,Mahindra,109.09,1
CAR_002701,Renault KWID AMT,2017,355000,40000,Petrol,Individual,Automatic,First Owner,2701,8,Mid,Medium,,Petrol_Automatic,Renault,8.88,0
CAR_002702,Maruti Swift Dzire VDI,2015,520000,50000,Diesel,Individual,Manual,First Owner,2702,10,Mid,Medium,0,Diesel_Manual,Maruti,10.4,1
CAR_002703,Hyundai Verna 1.6 CRDI,2012,500000,26000,Diesel,Individual,,First Owner,2703,13,Mid,Low,0,Diesel_Manual,Hyundai,19.23,1
CAR_002704,Maruti Alto LXi,2008,114999,30000,Petrol,Individual,,First Owner,2704,17,Low,Low,0,Petrol_Manual,Maruti,3.83,0
CAR_002705,Toyota Fortuner 4x2 Manual,2014,,50000,Diesel,Individual,Manual,First Owner,2705,11,Premium,Medium,0,Diesel_Manual,Toyota,36,1
CAR_002706,Mahindra TUV 300 T6 Plus,2018,800000,,Diesel,Individual,Manual,First Owner,2706,7,High,Low,0,Diesel_Manual,Mahindra,40,1
CAR_002707,Maruti Alto LXi BSIII,2008,105000,30000,Petrol,Individual,Manual,Second Owner,2707,17,,Low,0,Petrol_Manual,Maruti,3.5,0
CAR_002708,Maruti Alto LXi,2011,135000,78000,Petrol,Individual,Manual,First Owner,2708,14,Low,High,0,Petrol_Manual,Maruti,1.73,0
CAR_002709,Maruti Wagon R VXI BS IV,2011,170000,40000,Petrol,Individual,Manual,Second Owner,2709,14,Low,Medium,0,Petrol_Manual,Maruti,4.25,0
CAR_002710,Hyundai Verna 1.6 SX VTVT,2014,550000,100000,Petrol,Individual,,First Owner,2710,11,Mid,High,0,Petrol_Manual,Hyundai,5.5,0
CAR_002711,Honda City 1.5 V MT,2009,250000,70000,Petrol,Individual,Manual,Third Owner,2711,16,Low,Medium,0,Petrol_Manual,Honda,3.57,0
CAR_002712,Hyundai Elantra CRDi SX,2014,650000,30000,Diesel,Individual,Manual,Second Owner,2712,11,High,Low,0,Diesel_Manual,Hyundai,21.67,1
CAR_002713,Honda City 1.5 V AT Exclusive,2008,210000,77000,Petrol,Individual,Automatic,Third Owner,2713,17,Low,,0,Petrol_Automatic,Honda,2.73,0
CAR_002714,Volkswagen Vento Diesel Highline,2011,260000,150000,Diesel,Individual,Manual,First Owner,2714,14,Low,High,0,Diesel_Manual,Volkswagen,1.73,1
CAR_002715,Maruti Swift Dzire ZDI,2016,750000,,,Individual,Manual,First Owner,2715,9,High,Medium,0,Diesel_Manual,Maruti,10.87,1
CAR_002716,Toyota Innova Crysta 2.8 GX AT BSIV,2016,1350000,,Diesel,Individual,Automatic,First Owner,2716,9,Premium,High,0,Diesel_Automatic,Toyota,11.25,1
CAR_002717,Maruti Ritz VDi,2012,220000,120000,Diesel,Individual,Manual,Second Owner,2717,13,Low,High,0,Diesel_Manual,Maruti,1.83,1
CAR_002718,Hyundai Getz 1.3 GLS,2008,110000,110000,,Individual,Manual,Second Owner,2718,17,,High,0,Petrol_Manual,Hyundai,1,0
CAR_002719,Mahindra XUV500 AT W8 FWD,2017,1230000,,,Individual,Automatic,First Owner,2719,8,Premium,Medium,0,Diesel_Automatic,Mahindra,17.57,1
CAR_002720,Mahindra Quanto C6,2013,220000,,Diesel,Individual,Manual,First Owner,2720,12,Low,High,0,Diesel_Manual,Mahindra,2,1
CAR_002721,Tata Indigo LX Dicor,2009,130000,50000,Diesel,Individual,Manual,First Owner,2721,16,Low,Medium,0,Diesel_Manual,Tata,2.6,1
CAR_002722,Hyundai i20 1.2 Magna,2012,330000,44000,Petrol,Individual,Manual,First Owner,2722,13,Mid,Medium,0,Petrol_Manual,Hyundai,7.5,0
CAR_002723,Honda City 1.5 S MT,2010,254999,90000,Petrol,Individual,Manual,Second Owner,2723,15,Low,High,,Petrol_Manual,Honda,2.83,0
CAR_002724,Hyundai Verna 1.6 SX VTVT (O),2014,600000,50000,,Individual,Manual,Second Owner,2724,11,,,0,Petrol_Manual,Hyundai,12,0
CAR_002725,Hyundai i10 Magna,2012,210000,50000,Petrol,Individual,Manual,First Owner,2725,13,Low,Medium,0,Petrol_Manual,Hyundai,4.2,0
CAR_002726,Chevrolet Enjoy TCDi LT 7 Seater,2014,300000,146000,Diesel,Individual,Manual,First Owner,2726,11,,High,0,Diesel_Manual,Chevrolet,2.05,1
CAR_002727,Tata Tiago 1.2 Revotron XTA,2018,426000,15000,Petrol,Individual,Automatic,First Owner,2727,7,Mid,Low,0,Petrol_Automatic,Tata,28.4,0
CAR_002728,Maruti Alto K10 VXI,2015,265000,60000,Petrol,Individual,Manual,First Owner,2728,10,,Medium,0,Petrol_Manual,Maruti,4.42,0
CAR_002729,Hyundai Xcent 1.2 Kappa SX,2016,450000,35000,,Individual,Manual,Second Owner,2729,9,Mid,Medium,0,Petrol_Manual,Hyundai,12.86,0
CAR_002730,Hyundai Verna 1.6 SX,2012,480000,80000,Diesel,Individual,Manual,First Owner,2730,13,Mid,High,,Diesel_Manual,Hyundai,6,1
CAR_002731,Tata Nano Lx,2010,40000,90000,Petrol,Individual,Manual,First Owner,2731,15,Low,High,0,Petrol_Manual,Tata,0.44,0
CAR_002732,Honda City 1.5 S MT,2011,395000,70000,Petrol,Individual,Manual,Second Owner,2732,14,Mid,Medium,0,Petrol_Manual,Honda,5.64,0
CAR_002733,Maruti Wagon R VXI BS IV,2013,229999,62000,Petrol,Individual,Manual,Second Owner,2733,12,Low,Medium,0,Petrol_Manual,Maruti,3.71,0
CAR_002734,Ford Ecosport 1.5 Petrol Titanium Plus AT,2018,875000,10000,Petrol,Individual,Automatic,First Owner,2734,7,High,Low,0,Petrol_Automatic,Ford,87.5,0
CAR_002735,Maruti Eeco 5 STR With AC Plus HTR CNG,2010,170000,80000,CNG,Individual,Manual,Fourth & Above Owner,2735,15,Low,High,0,CNG_Manual,Maruti,2.12,0
CAR_002736,Hyundai i20 Sportz 1.2,2015,500000,35000,Petrol,Individual,Manual,Second Owner,2736,10,Mid,Medium,0,Petrol_Manual,Hyundai,14.29,0
CAR_002737,Renault Duster 85PS Diesel RxL,2013,450000,1000,Diesel,Dealer,Manual,Second Owner,2737,12,Mid,,0,Diesel_Manual,Renault,450,1
CAR_002738,Mercedes-Benz C-Class Progressive C 220d,2018,3800000,10000,Diesel,Dealer,Automatic,First Owner,2738,7,Premium,Low,0,Diesel_Automatic,Mercedes-Benz,380,1
CAR_002739,Audi A4 3.0 TDI Quattro,2013,1580000,86000,Diesel,Dealer,Automatic,First Owner,2739,12,Premium,High,0,Diesel_Automatic,Audi,18.37,1
CAR_002740,BMW X5 xDrive 30d xLine,2019,4950000,,Diesel,Dealer,Automatic,First Owner,2740,6,Premium,Low,0,Diesel_Automatic,BMW,165,1
CAR_002741,Hyundai Creta 1.6 CRDi SX,2016,535000,,Diesel,Individual,Manual,First Owner,2741,9,Mid,,0,Diesel_Manual,Hyundai,10.17,1
CAR_002742,Maruti SX4 Vxi BSIV,2012,225000,110000,Petrol,Individual,Manual,Second Owner,2742,13,Low,,0,Petrol_Manual,Maruti,2.05,0
CAR_002743,Hyundai Grand i10 1.2 Kappa Magna AT,2017,,19890,Petrol,Dealer,Automatic,First Owner,2743,8,Mid,Low,0,Petrol_Automatic,Hyundai,27.65,0
CAR_002744,Maruti Swift ZXI BSIV,2016,670000,7104,Petrol,Trustmark Dealer,Manual,First Owner,2744,9,High,Low,,Petrol_Manual,Maruti,94.31,0
CAR_002745,Maruti Ertiga VXI,2015,625000,11918,Petrol,Trustmark Dealer,Manual,First Owner,2745,10,High,Low,0,Petrol_Manual,Maruti,52.44,0
CAR_002746,Hyundai Grand i10 Magna AT,2017,520000,10510,Petrol,Dealer,Automatic,First Owner,2746,8,Mid,Low,0,Petrol_Automatic,Hyundai,49.48,0
CAR_002747,Chevrolet Beat LT Option,2016,239000,41000,Petrol,Dealer,Manual,First Owner,2747,9,Low,Medium,0,Petrol_Manual,Chevrolet,5.83,0
CAR_002748,Toyota Fortuner 4x2 AT,2017,2600000,47162,Diesel,Trustmark Dealer,,First Owner,2748,8,Premium,Medium,0,Diesel_Automatic,Toyota,55.13,1
CAR_002749,Maruti S-Cross Zeta DDiS 200 SH,2015,750000,45974,Diesel,Trustmark Dealer,Manual,First Owner,2749,10,High,Medium,0,Diesel_Manual,Maruti,16.31,1
CAR_002750,Hyundai i10 Magna,2012,229999,49824,Petrol,Dealer,Manual,First Owner,2750,13,Low,Medium,0,Petrol_Manual,Hyundai,4.62,0
CAR_002751,Audi A6 2.0 TDI Premium Plus,2013,1300000,58500,Diesel,Dealer,Automatic,First Owner,2751,12,Premium,Medium,0,Diesel_Automatic,Audi,22.22,1
CAR_002752,Hyundai Santro GS,2005,80000,56580,Petrol,Dealer,Manual,First Owner,2752,20,Low,Medium,,Petrol_Manual,Hyundai,1.41,0
CAR_002753,Skoda Laura Ambiente 2.0 TDI CR MT,2012,385000,52000,Diesel,Dealer,Manual,First Owner,2753,13,Mid,Medium,0,Diesel_Manual,Skoda,7.4,1
CAR_002754,Hyundai Verna 1.6 VTVT SX,2015,,55340,Petrol,Trustmark Dealer,Manual,First Owner,2754,10,,Medium,0,Petrol_Manual,Hyundai,13.73,0
CAR_002755,Maruti Swift Dzire VDI,2017,,46507,,Trustmark Dealer,Manual,First Owner,2755,8,Mid,Medium,0,Diesel_Manual,Maruti,12.9,1
CAR_002756,Maruti Ignis 1.2 Sigma BSIV,2019,450000,40000,Petrol,Individual,Manual,First Owner,2756,6,Mid,Medium,,Petrol_Manual,Maruti,11.25,0
CAR_002757,Maruti Ignis 1.2 Sigma BSIV,2019,450000,40000,Petrol,Individual,Manual,First Owner,2757,6,Mid,Medium,0,Petrol_Manual,Maruti,11.25,0
CAR_002758,Maruti Ertiga VDI,2012,550000,120000,Diesel,Individual,Manual,Third Owner,2758,13,Mid,High,0,Diesel_Manual,Maruti,4.58,1
CAR_002759,Tata Manza Aura Safire BS IV,2013,,60000,Petrol,Individual,Manual,First Owner,2759,12,Low,Medium,,Petrol_Manual,Tata,3.33,0
CAR_002760,Tata Indica GLS BS IV,2008,80000,90000,Petrol,Individual,Manual,Second Owner,2760,17,Low,High,0,Petrol_Manual,Tata,0.89,0
CAR_002761,Tata New Safari DICOR 2.2 EX 4x2,2010,300000,250000,Diesel,Individual,Manual,Second Owner,2761,15,Low,Very High,0,Diesel_Manual,Tata,1.2,1
CAR_002762,Ford Aspire Titanium Plus Diesel BSIV,2019,675000,15000,,Individual,Manual,First Owner,2762,6,High,Low,0,Diesel_Manual,Ford,45,1
CAR_002763,Maruti Eeco 7 Seater Standard BSIV,2017,260000,30000,Petrol,Individual,Manual,First Owner,2763,8,Low,Low,0,Petrol_Manual,Maruti,8.67,0
CAR_002764,Hyundai Grand i10 1.2 Kappa Asta,2019,500000,15000,Petrol,Individual,Manual,First Owner,2764,6,Mid,Low,,Petrol_Manual,Hyundai,33.33,0
CAR_002765,Hyundai EON Sportz,2012,150000,55766,Petrol,Individual,Manual,Second Owner,2765,13,Low,Medium,0,Petrol_Manual,Hyundai,2.69,0
CAR_002766,Maruti Alto LXi,2006,100000,80000,Petrol,Individual,,First Owner,2766,19,Low,,0,Petrol_Manual,Maruti,1.25,0
CAR_002767,Maruti Wagon R LXI,2001,70000,117000,Petrol,Individual,Manual,Second Owner,2767,24,Low,High,,Petrol_Manual,Maruti,0.6,0
CAR_002768,Maruti Alto LX,2004,100000,,Petrol,Individual,Manual,First Owner,2768,21,Low,Medium,0,Petrol_Manual,Maruti,1.43,0
CAR_002769,Toyota Innova 2.5 VX (Diesel) 7 Seater,2012,730000,110000,Diesel,Individual,Manual,Second Owner,2769,13,High,High,0,Diesel_Manual,Toyota,6.64,1
CAR_002770,Nissan Terrano XL 85 PS,2016,525000,100000,Diesel,Individual,Manual,Second Owner,2770,9,Mid,High,0,Diesel_Manual,Nissan,5.25,1
CAR_002771,Nissan Terrano XL 85 PS,2016,525000,105000,Diesel,Individual,Manual,Second Owner,2771,9,Mid,High,0,Diesel_Manual,Nissan,5,1
CAR_002772,Toyota Innova 2.5 V Diesel 7-seater,2009,550000,182000,Diesel,Individual,Manual,Third Owner,2772,16,Mid,Very High,0,Diesel_Manual,Toyota,3.02,1
CAR_002773,Toyota Corolla Altis Diesel D4DJ,2012,420000,,,Individual,Manual,Second Owner,2773,13,Mid,,0,Diesel_Manual,Toyota,4.42,1
CAR_002774,Honda Amaze SX i-VTEC,2015,500000,70000,Petrol,Individual,Manual,First Owner,2774,10,Mid,Medium,0,Petrol_Manual,Honda,7.14,0
CAR_002775,Maruti Wagon R LXI Minor,2009,165000,76000,Petrol,Individual,Manual,Second Owner,2775,16,Low,High,0,Petrol_Manual,Maruti,2.17,0
CAR_002776,Hyundai Verna 1.6 SX,2014,650000,70000,Diesel,Individual,Manual,Second Owner,2776,11,High,Medium,0,Diesel_Manual,Hyundai,9.29,1
CAR_002777,Chevrolet Beat Diesel LT,2013,195000,46000,Diesel,Individual,Manual,First Owner,2777,12,Low,Medium,0,Diesel_Manual,Chevrolet,4.24,1
CAR_002778,Maruti Zen LX,1999,75000,70000,Petrol,Individual,Manual,First Owner,2778,26,Low,Medium,0,Petrol_Manual,Maruti,1.07,0
CAR_002779,Hyundai Accent CRDi,2005,,120000,Diesel,Individual,Manual,Second Owner,2779,20,Low,High,,Diesel_Manual,Hyundai,0.83,1
CAR_002780,Toyota Innova Crysta 2.4 VX MT BSIV,2017,1770000,25000,Diesel,Individual,Manual,First Owner,2780,8,Premium,Low,0,Diesel_Manual,Toyota,70.8,1
CAR_002781,Maruti Esteem Lxi - BSIII,2006,,90000,Petrol,Individual,,First Owner,2781,19,Low,High,0,Petrol_Manual,Maruti,1,0
CAR_002782,Hyundai Xcent 1.1 CRDi Base,2016,515000,50000,Diesel,Individual,Manual,First Owner,2782,9,Mid,Medium,0,Diesel_Manual,Hyundai,10.3,1
CAR_002783,Honda Jazz 1.5 VX i DTEC,2017,700000,24585,Diesel,Dealer,Manual,Test Drive Car,2783,8,High,Low,0,Diesel_Manual,Honda,28.47,1
CAR_002784,Maruti Zen LX,2001,62000,70000,Petrol,Individual,Manual,First Owner,2784,24,Low,Medium,0,Petrol_Manual,Maruti,0.89,0
CAR_002785,Toyota Etios GD SP,2011,220000,110000,Diesel,Individual,Manual,Third Owner,2785,14,Low,High,,Diesel_Manual,Toyota,2,1
CAR_002786,Hyundai Santro Magna CNG BSIV,2019,520000,10000,CNG,Individual,Manual,First Owner,2786,6,Mid,Low,0,CNG_Manual,Hyundai,52,0
CAR_002787,Fiat Linea Emotion,2010,170000,100000,Petrol,Individual,Manual,First Owner,2787,15,Low,High,0,Petrol_Manual,Fiat,1.7,0
CAR_002788,Ford Figo Diesel Titanium,2011,190000,110000,Diesel,Individual,Manual,Second Owner,2788,14,Low,High,0,Diesel_Manual,Ford,1.73,1
CAR_002789,Ford Figo Diesel Titanium,2011,150000,100000,Diesel,Individual,Manual,Second Owner,2789,14,Low,High,0,Diesel_Manual,Ford,1.5,1
CAR_002790,Maruti Zen Estilo LXI BS IV,2009,125000,65000,Petrol,Individual,Manual,First Owner,2790,16,Low,Medium,0,Petrol_Manual,Maruti,1.92,0
CAR_002791,Honda Amaze EX i-Dtech,2015,290000,40000,,Individual,Manual,Third Owner,2791,10,Low,Medium,0,Diesel_Manual,Honda,7.25,1
CAR_002792,Maruti Celerio X ZXI BSIV,2019,490000,13900,Petrol,Individual,Manual,First Owner,2792,6,Mid,Low,0,Petrol_Manual,Maruti,35.25,0
CAR_002793,Tata Tigor 1.2 Revotron XZ Option,2017,434999,17563,Petrol,Individual,,First Owner,2793,8,Mid,Low,0,Petrol_Manual,Tata,24.77,0
CAR_002794,Tata Zest Revotron 1.2T XE,2016,,,Petrol,Individual,Manual,First Owner,2794,9,Mid,,,Petrol_Manual,Tata,25.33,0
CAR_002795,Volkswagen Polo Diesel Trendline 1.2L,2012,,,Diesel,Individual,Manual,Second Owner,2795,13,Low,High,0,Diesel_Manual,Volkswagen,2.44,1
CAR_002796,Ford Figo 1.5D Trend MT,2016,495000,40000,Diesel,Individual,Manual,First Owner,2796,9,Mid,Medium,0,Diesel_Manual,Ford,12.38,1
CAR_002797,Toyota Innova 2.5 Z Diesel 7 Seater BS IV,2014,894999,173000,Diesel,Individual,Manual,Third Owner,2797,11,High,Very High,0,Diesel_Manual,Toyota,5.17,1
CAR_002798,Mahindra XUV500 W6 2WD,2014,600000,151000,,Individual,Manual,Second Owner,2798,11,Mid,,0,Diesel_Manual,Mahindra,3.97,1
CAR_002799,Honda Brio S MT,2015,,50000,Petrol,Individual,Manual,First Owner,2799,10,Low,Medium,,Petrol_Manual,Honda,6,0
CAR_002800,Honda Amaze E i-VTEC,2017,430000,15000,Petrol,Individual,Manual,First Owner,2800,8,,,0,Petrol_Manual,Honda,28.67,0
CAR_002801,Honda Amaze E i-DTEC,2017,,80000,Diesel,Individual,Manual,First Owner,2801,8,Mid,High,0,Diesel_Manual,Honda,4.62,1
CAR_002802,Maruti Baleno Zeta 1.2,2019,,11000,,Individual,Manual,First Owner,2802,6,High,Low,0,Petrol_Manual,Maruti,68.18,0
CAR_002803,Maruti Alto K10 LXI CNG Optional,2016,300000,50000,CNG,Individual,Manual,First Owner,2803,9,Low,Medium,0,CNG_Manual,Maruti,6,0
CAR_002804,BMW X1 sDrive20d,2012,700000,120000,Diesel,Individual,Automatic,Second Owner,2804,13,High,High,0,Diesel_Automatic,BMW,5.83,1
CAR_002805,Maruti Wagon R LXI DUO BSIII,2007,100000,70000,LPG,Individual,Manual,Third Owner,2805,18,Low,Medium,0,LPG_Manual,Maruti,1.43,0
CAR_002806,Hyundai Grand i10 Sportz,2015,300000,90000,Petrol,Individual,Manual,First Owner,2806,10,Low,High,0,Petrol_Manual,Hyundai,3.33,0
CAR_002807,Tata Indica Vista Quadrajet VX,2012,130000,185000,Diesel,Individual,Manual,Second Owner,2807,13,Low,Very High,0,Diesel_Manual,Tata,0.7,1
CAR_002808,Hyundai i20 Asta Option 1.4 CRDi,2016,650000,40000,Diesel,Individual,Manual,First Owner,2808,9,High,Medium,0,Diesel_Manual,Hyundai,16.25,1
CAR_002809,Maruti Swift VDI BSIV,2017,509999,25000,Diesel,Individual,Manual,First Owner,2809,8,Mid,Low,0,Diesel_Manual,Maruti,20.4,1
CAR_002810,Toyota Innova 2.5 VX (Diesel) 7 Seater,2013,1000000,117780,Diesel,Individual,Manual,Second Owner,2810,12,High,High,0,Diesel_Manual,Toyota,8.49,1
CAR_002811,Hyundai Verna CRDi SX,2010,280000,120000,Diesel,Individual,,Second Owner,2811,15,Low,High,0,Diesel_Manual,Hyundai,2.33,1
CAR_002812,Maruti Swift DDiS VDI,2017,600000,120000,Diesel,Individual,Manual,First Owner,2812,8,Mid,,0,Diesel_Manual,Maruti,5,1
CAR_002813,Skoda Rapid 1.6 TDI Ambition,2013,,,Diesel,Individual,Manual,Third Owner,2813,12,Low,High,0,Diesel_Manual,Skoda,1.75,1
CAR_002814,Audi Q3 2.0 TDI Quattro Premium Plus,2014,1150000,110000,Diesel,Individual,Automatic,Second Owner,2814,11,Premium,High,0,Diesel_Automatic,Audi,10.45,1
CAR_002815,Hyundai EON Magna Plus,2018,229999,30000,Petrol,Individual,,First Owner,2815,7,Low,Low,,Petrol_Manual,Hyundai,7.67,0
CAR_002816,Hyundai EON Magna Plus,2018,245000,30000,Petrol,Individual,Manual,First Owner,2816,7,Low,Low,0,Petrol_Manual,Hyundai,8.17,0
CAR_002817,Mahindra Scorpio S4 4WD,2015,600000,60000,Diesel,Individual,Manual,First Owner,2817,10,,Medium,0,Diesel_Manual,Mahindra,10,1
CAR_002818,Hyundai Grand i10 Sportz,2016,375000,25000,Petrol,Individual,Manual,First Owner,2818,9,Mid,Low,0,Petrol_Manual,Hyundai,15,0
CAR_002819,Mahindra Scorpio 1.99 S10,2015,150000,55000,Diesel,Individual,Manual,Second Owner,2819,10,Low,,0,Diesel_Manual,Mahindra,2.73,1
CAR_002820,Mahindra XUV500 W10 2WD,2018,1450000,20000,,Individual,,First Owner,2820,7,Premium,Low,0,Diesel_Manual,Mahindra,72.5,1
CAR_002821,Maruti Ertiga VDI,2014,500000,100000,,Individual,Manual,Second Owner,2821,11,Mid,High,0,Diesel_Manual,Maruti,5,1
CAR_002822,Maruti Alto LXi,2007,,40000,Petrol,Individual,Manual,Second Owner,2822,18,Low,Medium,0,Petrol_Manual,Maruti,1.88,0
CAR_002823,Hyundai Sonata AT Leather,2006,225000,,Petrol,Individual,,Third Owner,2823,19,Low,High,0,Petrol_Automatic,Hyundai,2.81,0
CAR_002824,Hyundai Sonata 2.4L AT,2006,275000,80000,Petrol,Individual,Automatic,Fourth & Above Owner,2824,19,Low,High,0,Petrol_Automatic,Hyundai,3.44,0
CAR_002825,Mahindra Bolero Power Plus SLX,2018,620000,35000,Diesel,Individual,Manual,First Owner,2825,7,,Medium,0,Diesel_Manual,Mahindra,17.71,1
CAR_002826,Nissan X-Trail SLX MT,2010,600000,110000,Diesel,Individual,Manual,Second Owner,2826,15,Mid,High,0,Diesel_Manual,Nissan,5.45,1
CAR_002827,Mahindra Xylo E8 ABS Airbag BSIV,2011,275000,160000,Diesel,Individual,Manual,First Owner,2827,14,Low,Very High,0,Diesel_Manual,Mahindra,1.72,1
CAR_002828,Tata Indigo TDI,2013,125000,125000,,Individual,Manual,First Owner,2828,12,Low,High,0,Diesel_Manual,Tata,1,1
CAR_002829,Tata Indigo GLS,2011,80000,62000,Petrol,Individual,Manual,Second Owner,2829,14,Low,Medium,0,Petrol_Manual,Tata,1.29,0
CAR_002830,Nissan Micra Diesel XV,2011,199000,120000,Diesel,Individual,Manual,Second Owner,2830,14,Low,High,0,Diesel_Manual,Nissan,1.66,1
CAR_002831,Nissan Micra XL,2016,440000,33000,Petrol,Individual,Manual,Second Owner,2831,9,,Medium,0,Petrol_Manual,Nissan,13.33,0
CAR_002832,Maruti Swift Dzire LDI,2013,250000,80000,Diesel,Individual,Manual,Fourth & Above Owner,2832,12,Low,High,0,Diesel_Manual,Maruti,3.12,1
CAR_002833,Hyundai i20 1.4 Sportz,2017,700000,35000,Diesel,Individual,Manual,First Owner,2833,8,,Medium,0,Diesel_Manual,Hyundai,20,1
CAR_002834,Hyundai Grand i10 CRDi Asta Option,2015,450000,50000,Diesel,Individual,Manual,First Owner,2834,10,Mid,Medium,0,Diesel_Manual,Hyundai,9,1
CAR_002835,Maruti Alto 800 Std Optional,2019,240000,,Petrol,Individual,Manual,First Owner,2835,6,Low,,0,Petrol_Manual,Maruti,48,0
CAR_002836,Hyundai Xcent 1.2 Kappa SX,2016,350000,12000,Petrol,Individual,Manual,First Owner,2836,9,Mid,Low,0,Petrol_Manual,Hyundai,29.17,0
CAR_002837,Ford EcoSport 1.5 TDCi Titanium BSIV,2016,650000,81595,Diesel,Dealer,Manual,First Owner,2837,9,High,High,0,Diesel_Manual,Ford,7.97,1
CAR_002838,Hyundai Getz GLS ABS,2005,71000,22000,,Individual,Manual,First Owner,2838,20,,Low,0,Petrol_Manual,Hyundai,3.23,0
CAR_002839,Maruti Swift VXI Optional,2015,400000,,Petrol,Individual,Manual,First Owner,2839,10,Mid,Medium,0,Petrol_Manual,Maruti,10,0
CAR_002840,Maruti Alto LXi BSIII,2008,130000,40000,,Individual,Manual,Second Owner,2840,17,Low,Medium,0,Petrol_Manual,Maruti,3.25,0
CAR_002841,Mahindra Scorpio 2.6 CRDe SLE,2013,,70000,Diesel,Individual,,Second Owner,2841,12,Low,Medium,0,Diesel_Manual,Mahindra,4.29,1
CAR_002842,Nissan Kicks XL D BSIV,2019,1100000,4000,Diesel,Individual,Manual,First Owner,2842,6,Premium,Low,0,Diesel_Manual,Nissan,275,1
CAR_002843,BMW 3 Series 320d Luxury Line,2015,2200000,24000,Diesel,Individual,Automatic,First Owner,2843,10,Premium,Low,0,Diesel_Automatic,BMW,91.67,1
CAR_002844,Honda Amaze VX i-VTEC,2018,800000,13500,,Dealer,Manual,First Owner,2844,7,High,Low,,Petrol_Manual,Honda,59.26,0
CAR_002845,Maruti Ritz VDI (ABS) BS IV,2013,490000,40000,Diesel,Individual,Manual,First Owner,2845,12,Mid,Medium,0,Diesel_Manual,Maruti,12.25,1
CAR_002846,Honda Jazz 1.2 VX i VTEC,2018,836000,9700,Petrol,Dealer,Manual,First Owner,2846,7,High,Low,0,Petrol_Manual,Honda,86.19,0
CAR_002847,Volkswagen Polo Petrol Comfortline 1.2L,2012,375000,62000,Petrol,Individual,Manual,Second Owner,2847,13,Mid,Medium,0,Petrol_Manual,Volkswagen,6.05,0
CAR_002848,Honda BR-V i-DTEC VX MT,2016,1249000,24000,Diesel,Dealer,Manual,First Owner,2848,9,Premium,Low,0,Diesel_Manual,Honda,52.04,1
CAR_002849,Honda WR-V i-DTEC VX,2019,1240000,13000,,Dealer,Manual,First Owner,2849,6,Premium,Low,0,Diesel_Manual,Honda,95.38,1
CAR_002850,Tata Nano Std BSII,2009,35000,50000,Petrol,Individual,Manual,Third Owner,2850,16,Low,Medium,0,Petrol_Manual,Tata,0.7,0
CAR_002851,Honda BR-V i-VTEC VX MT,2017,1068000,36000,Petrol,Dealer,Manual,First Owner,2851,8,Premium,Medium,0,Petrol_Manual,Honda,29.67,0
CAR_002852,Honda BR-V i-DTEC VX MT,2017,1189000,40000,,Dealer,Manual,First Owner,2852,8,Premium,,0,Diesel_Manual,Honda,29.72,1
CAR_002853,Hyundai Elite i20 Petrol Asta Option,2018,700000,27000,Petrol,Individual,,First Owner,2853,7,High,Low,0,Petrol_Manual,Hyundai,25.93,0
CAR_002854,Maruti Alto K10 VXI,2016,350000,40000,Petrol,Individual,Manual,First Owner,2854,9,Mid,Medium,0,Petrol_Manual,Maruti,8.75,0
CAR_002855,Hyundai i10 Magna 1.2,2009,254999,80000,,Individual,Manual,Second Owner,2855,16,Low,High,0,Petrol_Manual,Hyundai,3.19,0
CAR_002856,Mahindra Scorpio 2.6 CRDe,2005,229999,,Diesel,Individual,Manual,Third Owner,2856,20,Low,Very High,0,Diesel_Manual,Mahindra,1.04,1
CAR_002857,Hyundai i20 Asta Option 1.4 CRDi,2016,750000,80000,Diesel,Individual,Manual,First Owner,2857,9,High,High,0,Diesel_Manual,Hyundai,9.38,1
CAR_002858,Maruti Ritz VDi,2012,325000,119000,,Individual,Manual,Second Owner,2858,13,Mid,High,0,Diesel_Manual,Maruti,2.73,1
CAR_002859,Toyota Innova 2.5 G4 Diesel 7-seater,2009,760000,190000,Diesel,Individual,Manual,Second Owner,2859,16,High,Very High,0,Diesel_Manual,Toyota,4,1
CAR_002860,Maruti Celerio ZXI AT,2017,509999,25000,Petrol,Individual,Automatic,First Owner,2860,8,Mid,Low,0,Petrol_Automatic,Maruti,20.4,0
CAR_002861,Nissan Micra XL,2013,,28740,Petrol,Individual,Manual,First Owner,2861,12,Mid,Low,0,Petrol_Manual,Nissan,12.63,0
CAR_002862,Maruti Alto K10 LXI,2010,229999,,Petrol,Individual,,First Owner,2862,15,Low,Medium,0,Petrol_Manual,Maruti,4.74,0
CAR_002863,Nissan Sunny XL,2012,290000,110000,Petrol,Individual,Manual,Second Owner,2863,13,,High,0,Petrol_Manual,Nissan,2.64,0
CAR_002864,Maruti Swift VXI,2018,550000,30000,Petrol,Individual,Manual,First Owner,2864,7,Mid,Low,0,Petrol_Manual,Maruti,18.33,0
CAR_002865,Tata Indica Vista TDI LX,2011,125000,120000,Diesel,Individual,Manual,Second Owner,2865,14,,High,0,Diesel_Manual,Tata,1.04,1
CAR_002866,Volvo XC60 D5 Inscription,2014,2000000,130000,,Individual,Automatic,First Owner,2866,11,Premium,High,0,Diesel_Automatic,Volvo,15.38,1
CAR_002867,Toyota Innova 2.5 G4 Diesel 7-seater,2008,350000,140000,Diesel,Individual,Manual,Second Owner,2867,17,,High,0,Diesel_Manual,Toyota,2.5,1
CAR_002868,Hyundai Verna 1.6 SX CRDi (O),2011,,,Diesel,Individual,,First Owner,2868,14,,High,0,Diesel_Manual,Hyundai,4.33,1
CAR_002869,Maruti Wagon R VXI Minor ABS,2010,260000,50000,,Individual,Manual,First Owner,2869,15,,Medium,0,Petrol_Manual,Maruti,5.2,0
CAR_002870,Maruti Omni BSIII 8-STR W/ IMMOBILISER,2008,150000,50000,Petrol,Individual,Manual,Second Owner,2870,17,Low,Medium,,Petrol_Manual,Maruti,3,0
CAR_002871,Maruti Esteem Vxi - BSIII,2006,85000,60000,Petrol,Individual,Manual,Second Owner,2871,19,Low,Medium,0,Petrol_Manual,Maruti,1.42,0
CAR_002872,Maruti Alto 800 LXI,2015,280000,15000,Petrol,Individual,Manual,Second Owner,2872,10,Low,Low,0,Petrol_Manual,Maruti,18.67,0
CAR_002873,Maruti Celerio VXI,2015,220000,45000,Petrol,Individual,Manual,First Owner,2873,10,,Medium,0,Petrol_Manual,Maruti,4.89,0
CAR_002874,Hyundai Santro Xing XG,2005,140000,80000,Petrol,Individual,Manual,Third Owner,2874,20,Low,,0,Petrol_Manual,Hyundai,1.75,0
CAR_002875,Maruti Wagon R AMT VXI Option,2018,370000,15000,Petrol,Individual,Automatic,First Owner,2875,7,Mid,Low,0,Petrol_Automatic,Maruti,24.67,0
CAR_002876,Maruti Swift Dzire VDI,2019,650000,20000,Diesel,Individual,Manual,First Owner,2876,6,High,Low,0,Diesel_Manual,Maruti,32.5,1
CAR_002877,Maruti Alto 800 LX,2017,280000,37000,,Individual,Manual,First Owner,2877,8,Low,Medium,0,Petrol_Manual,Maruti,7.57,0
CAR_002878,Maruti Swift Dzire VDI,2016,540000,80000,Diesel,Individual,Manual,First Owner,2878,9,Mid,,0,Diesel_Manual,Maruti,6.75,1
CAR_002879,Ambassador Classic 2000 Dsz,2002,50000,120000,Diesel,Individual,Manual,Fourth & Above Owner,2879,23,Low,High,0,Diesel_Manual,Ambassador,0.42,1
CAR_002880,Maruti Ciaz Sigma BSIV,2018,800000,20000,Petrol,Individual,Manual,First Owner,2880,7,High,Low,0,Petrol_Manual,Maruti,40,0
CAR_002881,Ford Figo 1.5D Titanium MT,2016,515000,25000,Diesel,Individual,Manual,First Owner,2881,9,Mid,Low,0,Diesel_Manual,Ford,20.6,1
CAR_002882,Hyundai i20 1.2 Magna,2010,220000,96000,,Individual,,Third Owner,2882,15,,High,0,Petrol_Manual,Hyundai,2.29,0
CAR_002883,Hyundai i20 Asta (o),2014,525000,54000,Petrol,Dealer,Manual,Second Owner,2883,11,Mid,Medium,,Petrol_Manual,Hyundai,9.72,0
CAR_002884,Chevrolet Spark 1.0 LT Option Pack w/ Airbag,2013,165000,,Petrol,Dealer,Manual,First Owner,2884,12,Low,Medium,0,Petrol_Manual,Chevrolet,3.11,0
CAR_002885,Fiat Linea 1.3 Emotion,2010,221000,65000,,Dealer,,First Owner,2885,15,Low,Medium,0,Diesel_Manual,Fiat,3.4,1
CAR_002886,Chevrolet Beat LT,2015,245000,43000,Petrol,Dealer,Manual,First Owner,2886,10,Low,Medium,0,Petrol_Manual,Chevrolet,5.7,0
CAR_002887,Ford Figo 1.2P Titanium Plus MT,2012,,42000,Petrol,Dealer,Manual,First Owner,2887,13,Low,Medium,0,Petrol_Manual,Ford,6.19,0
CAR_002888,Skoda Superb Elegance 2.0 TDI CR AT,2011,550000,73000,Diesel,Dealer,,First Owner,2888,14,Mid,High,0,Diesel_Automatic,Skoda,7.53,1
CAR_002889,Hyundai Grand i10 1.2 Kappa Era,2015,434999,29000,Petrol,Dealer,Manual,First Owner,2889,10,Mid,Low,0,Petrol_Manual,Hyundai,15,0
CAR_002890,Tata Safari Storme EX,2013,450000,95000,Diesel,Dealer,Manual,First Owner,2890,12,Mid,High,0,Diesel_Manual,Tata,4.74,1
CAR_002891,Chevrolet Sail 1.2 Base,2014,290000,25000,Petrol,Individual,Manual,First Owner,2891,11,Low,,0,Petrol_Manual,Chevrolet,11.6,0
CAR_002892,Volkswagen Vento 1.0 TSI Highline Plus,2011,305000,53000,,Dealer,Manual,Second Owner,2892,14,Mid,Medium,0,Petrol_Manual,Volkswagen,5.75,0
CAR_002893,Ford Classic 1.6 Duratec LXI,2011,265000,20000,Petrol,Dealer,Manual,First Owner,2893,14,Low,Low,0,Petrol_Manual,Ford,13.25,0
CAR_002894,Honda Brio 1.2 S MT,2014,,57000,,Dealer,Manual,First Owner,2894,11,Mid,Medium,0,Petrol_Manual,Honda,5.7,0
CAR_002895,Chevrolet Cruze LTZ,2014,550000,52000,Diesel,Dealer,Manual,First Owner,2895,11,Mid,Medium,0,Diesel_Manual,Chevrolet,10.58,1
CAR_002896,Maruti Zen Estilo LXI BSIII,2008,105000,40000,,Individual,Manual,First Owner,2896,17,,Medium,0,Petrol_Manual,Maruti,2.62,0
CAR_002897,Honda Brio 1.2 S MT,2012,275000,47000,Petrol,Dealer,Manual,First Owner,2897,13,Low,Medium,0,Petrol_Manual,Honda,5.85,0
CAR_002898,Honda City 1.5 V MT,2012,434999,,Petrol,Dealer,Manual,Second Owner,2898,13,Mid,Medium,0,Petrol_Manual,Honda,9.26,0
CAR_002899,Hyundai Verna 1.6 CRDi SX,2016,690000,73000,,Dealer,Manual,First Owner,2899,9,High,High,0,Diesel_Manual,Hyundai,9.45,1
CAR_002900,Honda Brio V MT,2012,249000,42000,Petrol,Dealer,Manual,Second Owner,2900,13,Low,Medium,0,Petrol_Manual,Honda,5.93,0
CAR_002901,Hyundai EON D Lite Plus,2012,204999,60000,Petrol,Dealer,Manual,Third Owner,2901,13,Low,,0,Petrol_Manual,Hyundai,3.42,0
CAR_002902,Chevrolet Beat Diesel LT,2012,200000,50000,Diesel,Individual,Manual,First Owner,2902,13,Low,Medium,,Diesel_Manual,Chevrolet,4,1
CAR_002903,Maruti Wagon R VXI Optional,2015,190000,120000,Petrol,Individual,Manual,First Owner,2903,10,,High,,Petrol_Manual,Maruti,1.58,0
CAR_002904,Maruti Alto LXi,2012,150000,50000,Petrol,Individual,Manual,First Owner,2904,13,Low,Medium,0,Petrol_Manual,Maruti,3,0
CAR_002905,Maruti Zen LX,1999,70000,70000,Petrol,Individual,Manual,Fourth & Above Owner,2905,26,Low,Medium,0,Petrol_Manual,Maruti,1,0
CAR_002906,Mahindra Bolero Power Plus SLX,2018,900000,25000,Diesel,Individual,Manual,First Owner,2906,7,High,Low,0,Diesel_Manual,Mahindra,36,1
CAR_002907,Maruti Ertiga ZXI AT Petrol,2019,950000,11000,Petrol,Individual,Automatic,First Owner,2907,6,High,Low,0,Petrol_Automatic,Maruti,86.36,0
CAR_002908,Maruti Swift Dzire VXI,2013,475000,80000,Petrol,Individual,Manual,First Owner,2908,12,,High,0,Petrol_Manual,Maruti,5.94,0
CAR_002909,Maruti 800 Std,1998,55000,80000,Petrol,Individual,Manual,Fourth & Above Owner,2909,27,,High,0,Petrol_Manual,Maruti,0.69,0
CAR_002910,Ford Fiesta Titanium 1.5 TDCi,2013,450000,75000,Diesel,Individual,,Second Owner,2910,12,Mid,High,0,Diesel_Manual,Ford,6,1
CAR_002911,BMW 5 Series 525d Sedan,2009,1200000,45000,Diesel,Individual,Automatic,Third Owner,2911,16,Premium,Medium,0,Diesel_Automatic,BMW,26.67,1
CAR_002912,Mahindra Bolero SLX,2007,300000,100000,,Individual,Manual,Second Owner,2912,18,Low,High,0,Diesel_Manual,Mahindra,3,1
CAR_002913,Honda City i DTEC E,2014,350000,60000,Diesel,Individual,Manual,Second Owner,2913,11,Mid,,0,Diesel_Manual,Honda,5.83,1
CAR_002914,Tata Indica Vista Quadrajet LS,2011,229999,160000,Diesel,Individual,Manual,Second Owner,2914,14,Low,Very High,0,Diesel_Manual,Tata,1.44,1
CAR_002915,Hyundai Creta 1.6 Gamma SX Plus,2015,821000,50000,Petrol,Individual,Manual,First Owner,2915,10,High,Medium,0,Petrol_Manual,Hyundai,16.42,0
CAR_002916,Maruti Alto K10 VXI,2014,200000,80000,Petrol,Individual,Manual,Second Owner,2916,11,Low,High,0,Petrol_Manual,Maruti,2.5,0
CAR_002917,Mahindra Scorpio 1.99 S10,2017,1000000,60000,Diesel,Individual,Manual,Second Owner,2917,8,High,Medium,0,Diesel_Manual,Mahindra,16.67,1
CAR_002918,Maruti Alto 800 VXI,2016,,60000,Petrol,Individual,Manual,Second Owner,2918,9,Low,Medium,0,Petrol_Manual,Maruti,3.67,0
CAR_002919,Ford Figo Aspire 1.5 TDCi Trend,2015,459999,,Diesel,Dealer,Manual,First Owner,2919,10,Mid,High,,Diesel_Manual,Ford,3.1,1
CAR_002920,Maruti SX4 ZDI,2012,310000,70000,Diesel,Individual,Manual,Second Owner,2920,13,Mid,Medium,0,Diesel_Manual,Maruti,4.43,1
CAR_002921,Hyundai Elite i20 Diesel Asta Option,2018,815000,42000,Diesel,Individual,Manual,First Owner,2921,7,High,Medium,,Diesel_Manual,Hyundai,19.4,1
CAR_002922,Hyundai Verna 1.6 CRDI SX Option,2017,1200000,40000,Diesel,Individual,Manual,First Owner,2922,8,Premium,Medium,,Diesel_Manual,Hyundai,30,1
CAR_002923,Chevrolet Optra Magnum 2.0 LT,2011,,150000,Diesel,Individual,,Second Owner,2923,14,Low,High,,Diesel_Manual,Chevrolet,1.13,1
CAR_002924,Maruti S-Cross Alpha DDiS 200 SH,2017,1000000,30000,Diesel,Individual,,First Owner,2924,8,High,Low,0,Diesel_Manual,Maruti,33.33,1
CAR_002925,Hyundai Santro Xing GLS,2010,155000,90000,Petrol,Individual,Manual,Fourth & Above Owner,2925,15,Low,High,0,Petrol_Manual,Hyundai,1.72,0
CAR_002926,Mahindra TUV 300 T6 Plus,2017,400000,120000,Diesel,Individual,Manual,First Owner,2926,8,Mid,High,0,Diesel_Manual,Mahindra,3.33,1
CAR_002927,Mahindra Quanto C4,2016,400000,80000,Diesel,Individual,Manual,Second Owner,2927,9,Mid,High,0,Diesel_Manual,Mahindra,5,1
CAR_002928,Tata Indica Vista Aura 1.3 Quadrajet BSIV,2010,250000,80000,Diesel,Individual,Manual,Second Owner,2928,15,Low,High,0,Diesel_Manual,Tata,3.12,1
CAR_002929,Tata Indigo GLX,2008,150000,50000,Petrol,Individual,Manual,Third Owner,2929,17,Low,,0,Petrol_Manual,Tata,3,0
CAR_002930,Hyundai Santro LP zipPlus,2002,,70000,Petrol,Individual,Manual,Second Owner,2930,23,Low,Medium,,Petrol_Manual,Hyundai,1.14,0
CAR_002931,Maruti SX4 ZXI AT,2009,130000,,Petrol,Individual,Automatic,Second Owner,2931,16,Low,High,0,Petrol_Automatic,Maruti,1.08,0
CAR_002932,Volkswagen Vento 1.5 TDI Comfortline AT,2014,325000,70000,Diesel,Individual,Automatic,First Owner,2932,11,Mid,Medium,0,Diesel_Automatic,Volkswagen,4.64,1
CAR_002933,Volkswagen Jetta 2.0L TDI Highline AT,2012,735000,55300,Diesel,Dealer,Automatic,First Owner,2933,13,High,Medium,0,Diesel_Automatic,Volkswagen,13.29,1
CAR_002934,Tata Indica Vista Quadrajet 90 VX,2012,285000,74300,Diesel,Dealer,Manual,First Owner,2934,13,,High,0,Diesel_Manual,Tata,3.84,1
CAR_002935,Honda City VX MT,2010,350000,48781,Petrol,Dealer,Manual,First Owner,2935,15,Mid,Medium,0,Petrol_Manual,Honda,7.17,0
CAR_002936,Volkswagen Jetta 1.9 Highline TDI,2010,290000,87620,Diesel,Dealer,Automatic,First Owner,2936,15,,High,0,Diesel_Automatic,Volkswagen,3.31,1
CAR_002937,Volkswagen Vento 1.5 TDI Highline Plus AT,2017,890000,40219,Diesel,Dealer,Automatic,First Owner,2937,8,High,Medium,,Diesel_Automatic,Volkswagen,22.13,1
CAR_002938,Honda Jazz VX,2011,385000,11473,Petrol,Dealer,,First Owner,2938,14,,,,Petrol_Manual,Honda,33.56,0
CAR_002939,Maruti Eeco 5 Seater AC BSIV,2017,425000,8352,Petrol,Dealer,Manual,First Owner,2939,8,Mid,Low,0,Petrol_Manual,Maruti,50.89,0
CAR_002940,Maruti Wagon R VXI AMT1.2BSIV,2017,525000,9745,Petrol,Dealer,Automatic,First Owner,2940,8,Mid,Low,0,Petrol_Automatic,Maruti,53.87,0
CAR_002941,Hyundai Grand i10 Asta,2017,550000,9748,Petrol,Dealer,Manual,First Owner,2941,8,Mid,Low,0,Petrol_Manual,Hyundai,56.42,0
CAR_002942,Volkswagen Polo 1.0 MPI Trendline,2012,271000,49000,Petrol,Dealer,Manual,First Owner,2942,13,Low,Medium,0,Petrol_Manual,Volkswagen,5.53,0
CAR_002943,Hyundai Creta 1.6 CRDi SX Option,2018,1490000,20694,,Dealer,Manual,First Owner,2943,7,Premium,Low,0,Diesel_Manual,Hyundai,72,1
CAR_002944,Hyundai Grand i10 Asta Option,2015,,31080,Petrol,Dealer,Manual,First Owner,2944,10,Mid,Medium,,Petrol_Manual,Hyundai,15.77,0
CAR_002945,Hyundai EON Era Plus,2014,260000,37605,Petrol,Dealer,Manual,First Owner,2945,11,Low,Medium,0,Petrol_Manual,Hyundai,6.91,0
CAR_002946,Hyundai Xcent 1.1 CRDi SX Option,2014,455000,,Diesel,Dealer,Manual,First Owner,2946,11,Mid,Medium,,Diesel_Manual,Hyundai,8.15,1
CAR_002947,Tata Nano Lx BSIV,2010,75000,58850,Petrol,Dealer,Manual,First Owner,2947,15,Low,Medium,0,Petrol_Manual,Tata,1.27,0
CAR_002948,Toyota Etios Cross 1.2L G,2015,421000,23839,Petrol,Dealer,Manual,First Owner,2948,10,Mid,Low,0,Petrol_Manual,Toyota,17.66,0
CAR_002949,Maruti Swift DDiS LDI,2016,550000,54000,Diesel,Dealer,Manual,First Owner,2949,9,Mid,Medium,0,Diesel_Manual,Maruti,10.19,1
CAR_002950,Hyundai i10 Sportz 1.2 AT,2013,330000,38000,Petrol,Dealer,Automatic,First Owner,2950,12,Mid,Medium,0,Petrol_Automatic,Hyundai,8.68,0
CAR_002951,Volkswagen Vento 1.5 TDI Comfortline,2012,390000,45454,Diesel,Dealer,,First Owner,2951,13,Mid,Medium,0,Diesel_Manual,Volkswagen,8.58,1
CAR_002952,Skoda Rapid 1.5 TDI AT Ambition,2015,599000,46957,Diesel,Dealer,,First Owner,2952,10,Mid,Medium,0,Diesel_Automatic,Skoda,12.76,1
CAR_002953,Hyundai Elite i20 Sportz Plus CVT BSIV,2019,738000,8000,Petrol,Individual,,First Owner,2953,6,High,Low,0,Petrol_Automatic,Hyundai,92.25,0
CAR_002954,Maruti Alto K10 VXI,2016,300000,30000,,Individual,Manual,First Owner,2954,9,Low,Low,0,Petrol_Manual,Maruti,10,0
CAR_002955,Tata Indica Vista Quadrajet LX,2012,150000,110000,Diesel,Individual,Manual,First Owner,2955,13,Low,High,0,Diesel_Manual,Tata,1.36,1
CAR_002956,Toyota Innova 2.5 G4 Diesel 7-seater,2007,440000,223000,,Individual,,Fourth & Above Owner,2956,18,Mid,Very High,0,Diesel_Manual,Toyota,1.97,1
CAR_002957,Volkswagen Vento IPL II Diesel Trendline,2011,280000,110000,Diesel,Individual,Manual,First Owner,2957,14,Low,High,0,Diesel_Manual,Volkswagen,2.55,1
CAR_002958,Hyundai Santro GS,2006,100000,120000,Petrol,Individual,Manual,Second Owner,2958,19,Low,High,,Petrol_Manual,Hyundai,0.83,0
CAR_002959,Maruti Swift VXi BSIV,2008,150000,100000,,Individual,Manual,Second Owner,2959,17,Low,High,,Petrol_Manual,Maruti,1.5,0
CAR_002960,Maruti Swift Dzire VDI,2014,380000,100000,Diesel,Individual,,Second Owner,2960,11,Mid,High,0,Diesel_Manual,Maruti,3.8,1
CAR_002961,Maruti Alto LX,2006,90000,,Petrol,Individual,Manual,Second Owner,2961,19,Low,Medium,0,Petrol_Manual,Maruti,1.5,0
CAR_002962,Mahindra Scorpio VLS 2.2 mHawk,2008,300000,270000,Diesel,Individual,Manual,Third Owner,2962,17,Low,Very High,0,Diesel_Manual,Mahindra,1.11,1
CAR_002963,Skoda Fabia 1.2 TDI Active,2011,275000,60000,Diesel,Individual,,Second Owner,2963,14,Low,Medium,0,Diesel_Manual,Skoda,4.58,1
CAR_002964,Maruti Zen Estilo Sports,2009,180000,41090,Petrol,Individual,Manual,First Owner,2964,16,Low,Medium,0,Petrol_Manual,Maruti,4.38,0
CAR_002965,Maruti Swift VDI,2012,225000,296823,Diesel,Individual,Manual,First Owner,2965,13,Low,Very High,0,Diesel_Manual,Maruti,0.76,1
CAR_002966,Maruti Alto 800 LXI,2014,200000,40000,Petrol,Individual,,First Owner,2966,11,Low,Medium,,Petrol_Manual,Maruti,5,0
CAR_002967,Toyota Corolla Altis G,2011,500000,40000,Petrol,Individual,,Second Owner,2967,14,Mid,Medium,0,Petrol_Manual,Toyota,12.5,0
CAR_002968,Ford Fiesta 1.6 Duratec S,2010,300000,70000,Petrol,Individual,Manual,Second Owner,2968,15,Low,Medium,0,Petrol_Manual,Ford,4.29,0
CAR_002969,Hyundai Verna 1.6 CRDi SX,2015,765000,80000,Diesel,Individual,Manual,Second Owner,2969,10,High,High,0,Diesel_Manual,Hyundai,9.56,1
CAR_002970,Maruti Swift Dzire VDI,2017,,90000,Diesel,Individual,,First Owner,2970,8,High,High,0,Diesel_Manual,Maruti,7.22,1
CAR_002971,Maruti Wagon R VXI Plus Optional,2017,380000,19000,Petrol,Individual,Manual,First Owner,2971,8,Mid,Low,0,Petrol_Manual,Maruti,20,0
CAR_002972,Maruti Swift Dzire VDI,2014,480000,110000,Diesel,Individual,Manual,Second Owner,2972,11,Mid,High,0,Diesel_Manual,Maruti,4.36,1
CAR_002973,Mahindra Jeep MM 540,1996,200000,60000,Diesel,Individual,,First Owner,2973,29,,Medium,0,Diesel_Manual,Mahindra,3.33,1
CAR_002974,Maruti Wagon R VXI Plus Optional,2017,380000,19000,,Individual,Manual,First Owner,2974,8,Mid,Low,0,Petrol_Manual,Maruti,20,0
CAR_002975,Maruti Zen Estilo LXI Green (CNG),2010,145000,68000,CNG,Individual,Manual,Second Owner,2975,15,Low,Medium,0,CNG_Manual,Maruti,2.13,0
CAR_002976,Maruti Ritz VDi,2011,280000,120000,Diesel,Individual,Manual,Second Owner,2976,14,Low,High,0,Diesel_Manual,Maruti,2.33,1
CAR_002977,Maruti Swift Dzire VDI,2014,254999,,Diesel,Individual,Manual,First Owner,2977,11,Low,,0,Diesel_Manual,Maruti,8.5,1
CAR_002978,Tata Bolt Revotron XE,2016,300000,90000,Petrol,Individual,Manual,Second Owner,2978,9,Low,High,0,Petrol_Manual,Tata,3.33,0
CAR_002979,Maruti Swift VDI BSIV,2015,480000,140000,Diesel,Individual,Manual,Third Owner,2979,10,Mid,High,0,Diesel_Manual,Maruti,3.43,1
CAR_002980,Skoda Rapid Monte Carlo 1.6 MPI AT BSIV,2017,850000,44500,Petrol,Individual,Automatic,First Owner,2980,8,High,Medium,0,Petrol_Automatic,Skoda,19.1,0
CAR_002981,Hyundai i20 Asta 1.4 CRDi,2014,350000,52000,Diesel,Individual,Manual,Second Owner,2981,11,Mid,Medium,0,Diesel_Manual,Hyundai,6.73,1
CAR_002982,Hyundai i20 Active 1.2 SX,2016,650000,26000,Petrol,Individual,Manual,First Owner,2982,9,High,Low,0,Petrol_Manual,Hyundai,25,0
CAR_002983,Hyundai i20 Active 1.2 SX,2016,650000,26000,Petrol,Individual,Manual,First Owner,2983,9,High,Low,0,Petrol_Manual,Hyundai,25,0
CAR_002984,Tata New Safari 4X2,2007,550000,80000,Petrol,Individual,Manual,Second Owner,2984,18,Mid,High,0,Petrol_Manual,Tata,6.88,0
CAR_002985,Maruti Celerio VXI,2015,300000,35000,Petrol,Individual,Manual,First Owner,2985,10,Low,Medium,0,Petrol_Manual,Maruti,8.57,0
CAR_002986,Maruti Swift 1.3 VXi,2008,150000,60000,,Individual,Manual,Second Owner,2986,17,Low,Medium,0,Petrol_Manual,Maruti,2.5,0
CAR_002987,Hyundai Grand i10 Sportz,2014,,120000,Petrol,Individual,Manual,First Owner,2987,11,Low,High,0,Petrol_Manual,Hyundai,2.5,0
CAR_002988,Hyundai Santro Xing XG,2004,80000,58000,Petrol,Individual,Manual,First Owner,2988,21,Low,Medium,0,Petrol_Manual,Hyundai,1.38,0
CAR_002989,Tata Manza Club Class Quadrajet90 LS,2014,200000,100000,Diesel,Individual,Manual,First Owner,2989,11,Low,High,0,Diesel_Manual,Tata,2,1
CAR_002990,Hyundai EON Magna Plus,2016,220000,43700,Petrol,Individual,Manual,First Owner,2990,9,Low,Medium,0,Petrol_Manual,Hyundai,5.03,0
CAR_002991,Tata Indica GLS BS IV,2009,68000,120000,Petrol,Individual,Manual,Second Owner,2991,16,Low,High,0,Petrol_Manual,Tata,0.57,0
CAR_002992,Tata Manza ELAN Quadrajet BS IV,2011,180000,80000,Diesel,Individual,Manual,Third Owner,2992,14,Low,High,0,Diesel_Manual,Tata,2.25,1
CAR_002993,Hyundai EON Era Plus,2017,290000,,Petrol,Individual,Manual,First Owner,2993,8,Low,Low,0,Petrol_Manual,Hyundai,14.5,0
CAR_002994,Maruti Eeco 5 Seater AC BSIV,2018,300000,25000,Petrol,Individual,Manual,First Owner,2994,7,,Low,0,Petrol_Manual,Maruti,12,0
CAR_002995,Honda City i DTec SV,2014,,27483,Diesel,Dealer,Manual,First Owner,2995,11,Mid,Low,0,Diesel_Manual,Honda,21.83,1
CAR_002996,Maruti Swift LXI,2019,470000,8000,,Individual,Manual,First Owner,2996,6,Mid,Low,0,Petrol_Manual,Maruti,58.75,0
CAR_002997,Hyundai i10 Sportz 1.2,2008,150000,30000,Petrol,Individual,Manual,First Owner,2997,17,Low,,0,Petrol_Manual,Hyundai,5,0
CAR_002998,Maruti Swift VVT VXI,2017,400000,30000,Petrol,Individual,Manual,First Owner,2998,8,,Low,,Petrol_Manual,Maruti,13.33,0
CAR_002999,Ford Fiesta 1.4 ZXi TDCi ABS,2009,110000,100000,Diesel,Individual,Manual,Fourth & Above Owner,2999,16,Low,,0,Diesel_Manual,Ford,1.1,1
CAR_003000,Maruti Alto 800 LXI,2014,180000,56207,Petrol,Dealer,Manual,Second Owner,3000,11,,Medium,0,Petrol_Manual,Maruti,3.2,0
CAR_003001,Hyundai i20 Sportz Petrol,2010,250000,,Petrol,Individual,Manual,First Owner,3001,15,,Medium,0,Petrol_Manual,Hyundai,6.25,0
CAR_003002,Maruti Zen LXI,2006,80000,70000,Petrol,Individual,Manual,First Owner,3002,19,Low,Medium,0,Petrol_Manual,Maruti,1.14,0
CAR_003003,Honda WR-V i-VTEC VX,2018,875000,1440,Petrol,Individual,Manual,First Owner,3003,7,High,Low,0,Petrol_Manual,Honda,607.64,0
CAR_003004,Hyundai Grand i10 Sportz,2015,425000,12000,Petrol,Individual,Manual,First Owner,3004,10,Mid,Low,0,Petrol_Manual,Hyundai,35.42,0
CAR_003005,Maruti Alto 800 LXI,2019,300000,50000,Petrol,Individual,Manual,First Owner,3005,6,,Medium,0,Petrol_Manual,Maruti,6,0
CAR_003006,Honda Amaze VX i-DTEC,2016,700000,35000,Diesel,Individual,Manual,First Owner,3006,9,High,Medium,0,Diesel_Manual,Honda,20,1
CAR_003007,Maruti Zen Estilo VXI BSIV,2010,130000,50000,Petrol,Individual,Manual,Second Owner,3007,15,Low,Medium,0,Petrol_Manual,Maruti,2.6,0
CAR_003008,Maruti Ertiga SHVS ZDI Plus,2017,1000000,60000,Diesel,Individual,Manual,Second Owner,3008,8,High,Medium,0,Diesel_Manual,Maruti,16.67,1
CAR_003009,Maruti Swift Dzire ZDI,2017,650000,67000,Diesel,Individual,Manual,First Owner,3009,8,High,Medium,0,Diesel_Manual,Maruti,9.7,1
CAR_003010,Renault Duster Petrol RxL,2013,400000,100000,Petrol,Individual,Manual,Second Owner,3010,12,Mid,High,0,Petrol_Manual,Renault,4,0
CAR_003011,Mahindra TUV 300 mHAWK100 T8,2017,800000,60000,Diesel,Individual,Manual,First Owner,3011,8,High,Medium,0,Diesel_Manual,Mahindra,13.33,1
CAR_003012,Mahindra Bolero Power Plus SLX,2017,675000,70000,Diesel,Individual,Manual,First Owner,3012,8,High,Medium,0,Diesel_Manual,Mahindra,9.64,1
CAR_003013,Maruti Omni E MPI STD BS IV,2017,210000,50000,Petrol,Individual,Manual,Fourth & Above Owner,3013,8,Low,Medium,0,Petrol_Manual,Maruti,4.2,0
CAR_003014,Tata New Safari DICOR 2.2 EX 4x2,2009,150000,120000,Diesel,Individual,Manual,Third Owner,3014,16,Low,,0,Diesel_Manual,Tata,1.25,1
CAR_003015,Maruti Omni CNG,2007,45000,100000,CNG,Individual,,Fourth & Above Owner,3015,18,Low,High,0,CNG_Manual,Maruti,0.45,0
CAR_003016,Hyundai i20 Sportz 1.2,2015,516000,90000,Petrol,Individual,Manual,First Owner,3016,10,Mid,High,0,Petrol_Manual,Hyundai,5.73,0
CAR_003017,Hyundai i20 Sportz 1.2,2014,450000,80000,Petrol,Individual,Manual,First Owner,3017,11,Mid,High,0,Petrol_Manual,Hyundai,5.62,0
CAR_003018,Chevrolet Spark 1.0 LS,2012,134000,,Petrol,Individual,Manual,Second Owner,3018,13,Low,High,0,Petrol_Manual,Chevrolet,1.49,0
CAR_003019,Toyota Etios VD,2014,509999,157000,Diesel,Individual,Manual,Second Owner,3019,11,Mid,Very High,,Diesel_Manual,Toyota,3.25,1
CAR_003020,Volkswagen Polo 1.2 MPI Comfortline,2016,500000,20000,Petrol,Individual,Manual,First Owner,3020,9,,Low,0,Petrol_Manual,Volkswagen,25,0
CAR_003021,Maruti Zen Estilo 1.1 LXI BSIII,2008,130000,80000,Petrol,Individual,Manual,Fourth & Above Owner,3021,17,Low,High,0,Petrol_Manual,Maruti,1.62,0
CAR_003022,Maruti Swift ZDi BSIV,2015,575000,60000,Diesel,Individual,Manual,First Owner,3022,10,Mid,Medium,0,Diesel_Manual,Maruti,9.58,1
CAR_003023,Hyundai Elite i20 Sportz Plus BSIV,2015,550000,49000,Petrol,Individual,Manual,First Owner,3023,10,Mid,Medium,,Petrol_Manual,Hyundai,11.22,0
CAR_003024,Tata Indica Vista Terra TDI BSIII,2009,145000,89255,Diesel,Individual,,First Owner,3024,16,Low,High,0,Diesel_Manual,Tata,1.62,1
CAR_003025,Maruti Alto 800 LXI,2020,347000,,Petrol,Individual,Manual,First Owner,3025,5,Mid,Low,0,Petrol_Manual,Maruti,69.4,0
CAR_003026,Tata Indica Vista Quadrajet VX,2013,275000,110000,Diesel,Individual,Manual,First Owner,3026,12,,High,0,Diesel_Manual,Tata,2.5,1
CAR_003027,Toyota Innova 2.5 V Diesel 8-seater,2010,630000,,Diesel,Individual,Manual,Third Owner,3027,15,High,Very High,0,Diesel_Manual,Toyota,3.15,1
CAR_003028,Chevrolet Beat Diesel,2012,160000,90000,Diesel,Individual,Manual,Second Owner,3028,13,Low,High,,Diesel_Manual,Chevrolet,1.78,1
CAR_003029,Fiat Grande Punto 1.3 Dynamic (Diesel),2010,150000,63000,Diesel,Individual,Manual,Third Owner,3029,15,Low,Medium,0,Diesel_Manual,Fiat,2.38,1
CAR_003030,Honda Mobilio S i VTEC,2015,,23000,Petrol,Individual,Manual,First Owner,3030,10,Mid,Low,0,Petrol_Manual,Honda,23.91,0
CAR_003031,Mahindra Quanto C6,2013,349000,,Diesel,Individual,Manual,First Owner,3031,12,Mid,High,0,Diesel_Manual,Mahindra,3.49,1
CAR_003032,Mahindra Bolero DI DX 8 Seater,2004,229999,168000,Diesel,Individual,Manual,Fourth & Above Owner,3032,21,Low,Very High,,Diesel_Manual,Mahindra,1.37,1
CAR_003033,Tata Indica Vista Aqua 1.4 TDI,2008,,90000,Diesel,Individual,Manual,Third Owner,3033,17,Low,High,0,Diesel_Manual,Tata,1.22,1
CAR_003034,Maruti Wagon R LXI Minor,2008,,70000,,Individual,Manual,Third Owner,3034,17,Low,Medium,0,Petrol_Manual,Maruti,1.57,0
CAR_003035,Renault KWID RXE,2018,245000,5550,Petrol,Individual,Manual,Second Owner,3035,7,Low,Low,0,Petrol_Manual,Renault,44.14,0
CAR_003036,Maruti Alto K10 VXI,2014,180000,100000,Petrol,Individual,Manual,Second Owner,3036,11,Low,High,0,Petrol_Manual,Maruti,1.8,0
CAR_003037,Maruti Wagon R VXI BS IV,2014,290000,80000,Petrol,Individual,Manual,Second Owner,3037,11,Low,High,0,Petrol_Manual,Maruti,3.62,0
CAR_003038,Hyundai i20 Magna,2010,250000,40000,Petrol,Individual,Manual,First Owner,3038,15,Low,Medium,0,Petrol_Manual,Hyundai,6.25,0
CAR_003039,Tata Indigo TDI,2010,150000,100000,Diesel,Individual,Manual,First Owner,3039,15,Low,High,0,Diesel_Manual,Tata,1.5,1
CAR_003040,Maruti 800 AC BSII,2004,55000,35000,Petrol,Individual,Manual,Third Owner,3040,21,Low,Medium,,Petrol_Manual,Maruti,1.57,0
CAR_003041,Skoda Laura L n K 1.9 PD,2006,500000,75000,Diesel,Individual,Manual,Second Owner,3041,19,Mid,High,0,Diesel_Manual,Skoda,6.67,1
CAR_003042,Mahindra Quanto C4,2013,290000,150000,Diesel,Individual,,Fourth & Above Owner,3042,12,Low,High,0,Diesel_Manual,Mahindra,1.93,1
CAR_003043,Hyundai Santro Magna AMT BSIV,2019,400000,16000,Petrol,Individual,Automatic,First Owner,3043,6,Mid,Low,0,Petrol_Automatic,Hyundai,25,0
CAR_003044,Maruti Alto STD,2009,72000,,Petrol,Individual,Manual,First Owner,3044,16,Low,Medium,0,Petrol_Manual,Maruti,1.03,0
CAR_003045,Maruti Ritz VDi,2014,250000,115000,Diesel,Individual,Manual,First Owner,3045,11,Low,High,0,Diesel_Manual,Maruti,2.17,1
CAR_003046,Maruti Swift AMT VXI,2019,,,Petrol,Individual,Automatic,First Owner,3046,6,Mid,Low,0,Petrol_Automatic,Maruti,23,0
CAR_003047,Kia Seltos HTK Plus AT D,2019,1300000,10000,Diesel,Individual,Automatic,First Owner,3047,6,Premium,Low,0,Diesel_Automatic,Kia,130,1
CAR_003048,Hyundai Santro Magna BSIV,2019,425000,15000,Petrol,Individual,Manual,First Owner,3048,6,Mid,Low,0,Petrol_Manual,Hyundai,28.33,0
CAR_003049,Maruti Eeco CNG 5 Seater AC BSIV,2019,470000,10000,CNG,Individual,Manual,First Owner,3049,6,Mid,Low,0,CNG_Manual,Maruti,47,0
CAR_003050,Toyota Etios VX,2012,220000,80000,Petrol,Individual,Manual,Third Owner,3050,13,Low,High,,Petrol_Manual,Toyota,2.75,0
CAR_003051,Maruti Alto 800 LXI,2020,310000,,Petrol,Individual,Manual,First Owner,3051,5,Mid,Low,0,Petrol_Manual,Maruti,182.35,0
CAR_003052,Ford Figo 1.5D Trend MT,2016,400000,45217,Diesel,Dealer,Manual,First Owner,3052,9,Mid,,0,Diesel_Manual,Ford,8.85,1
CAR_003053,Volkswagen Vento Diesel Comfortline,2012,215000,97000,Diesel,Individual,Manual,First Owner,3053,13,Low,High,0,Diesel_Manual,Volkswagen,2.22,1
CAR_003054,Hyundai EON Magna Plus,2018,310000,20000,Petrol,Individual,,First Owner,3054,7,,Low,0,Petrol_Manual,Hyundai,15.5,0
CAR_003055,Maruti Ciaz ZDi Plus SHVS,2017,750000,50000,Diesel,Individual,Manual,First Owner,3055,8,High,Medium,0,Diesel_Manual,Maruti,15,1
CAR_003056,Tata New Safari DICOR 2.2 EX 4x2,2009,204999,,Diesel,Individual,Manual,Second Owner,3056,16,Low,High,0,Diesel_Manual,Tata,1.71,1
CAR_003057,Maruti Swift 1.3 VXi,2010,260000,50000,Petrol,Individual,Manual,First Owner,3057,15,Low,,0,Petrol_Manual,Maruti,5.2,0
CAR_003058,Maruti Alto LXi,2012,,40000,Petrol,Individual,Manual,Second Owner,3058,13,Low,Medium,0,Petrol_Manual,Maruti,4.5,0
CAR_003059,Mahindra Renault Logan 1.5 DLE Diesel,2007,125000,110000,Diesel,Individual,Manual,Second Owner,3059,18,,High,0,Diesel_Manual,Mahindra,1.14,1
CAR_003060,Maruti Swift VDI BSIV,2014,420000,155000,,Individual,Manual,First Owner,3060,11,Mid,Very High,0,Diesel_Manual,Maruti,2.71,1
CAR_003061,Maruti Alto K10 LXI,2011,220000,70000,Petrol,Individual,Manual,Second Owner,3061,14,Low,Medium,0,Petrol_Manual,Maruti,3.14,0
CAR_003062,Maruti Alto K10 2010-2014 VXI,2010,200000,,Petrol,Individual,,Third Owner,3062,15,Low,Medium,0,Petrol_Manual,Maruti,2.86,0
CAR_003063,Ford Ikon 1.4 TDCi DuraTorq,2009,130000,100000,Diesel,Individual,Manual,Third Owner,3063,16,Low,High,0,Diesel_Manual,Ford,1.3,1
CAR_003064,Tata Tiago XT,2016,335000,,Petrol,Dealer,Manual,First Owner,3064,9,Mid,Medium,0,Petrol_Manual,Tata,8.17,0
CAR_003065,Ford Endeavour Titanium Plus 4X4,2017,2650000,60000,Diesel,Dealer,Automatic,First Owner,3065,8,Premium,Medium,0,Diesel_Automatic,Ford,44.17,1
CAR_003066,Ford Endeavour 3.2 Titanium AT 4X4,2018,2675000,56000,,Dealer,Automatic,First Owner,3066,7,Premium,Medium,0,Diesel_Automatic,Ford,47.77,1
CAR_003067,Ford Endeavour Titanium Plus 4X4,2017,2675000,60000,Diesel,Dealer,Automatic,First Owner,3067,8,Premium,Medium,0,Diesel_Automatic,Ford,44.58,1
CAR_003068,Honda City V AT,2011,434999,97000,Petrol,Dealer,,Second Owner,3068,14,Mid,High,0,Petrol_Automatic,Honda,4.48,0
CAR_003069,Honda City i VTEC S,2014,500000,60000,Petrol,Individual,Manual,First Owner,3069,11,Mid,Medium,0,Petrol_Manual,Honda,8.33,0
CAR_003070,Maruti Alto K10 VXI Airbag,2017,290000,60000,Petrol,Individual,Manual,First Owner,3070,8,,Medium,0,Petrol_Manual,Maruti,4.83,0
CAR_003071,Ford Ecosport 1.5 Ti VCT AT Titanium,2014,475000,48000,,Dealer,Automatic,Second Owner,3071,11,Mid,,0,Petrol_Automatic,Ford,9.9,0
CAR_003072,Maruti Swift Dzire VDi,2009,270000,190000,Diesel,Individual,Manual,Third Owner,3072,16,Low,Very High,0,Diesel_Manual,Maruti,1.42,1
CAR_003073,Hyundai Xcent 1.2 VTVT S,2019,600000,80000,Petrol,Individual,Manual,First Owner,3073,6,,High,0,Petrol_Manual,Hyundai,7.5,0
CAR_003074,Hyundai i20 Asta 1.4 CRDi,2013,300000,70000,Diesel,Individual,Manual,Second Owner,3074,12,Low,Medium,,Diesel_Manual,Hyundai,4.29,1
CAR_003075,Volkswagen Jetta 2.0L TDI Comfortline,2012,415000,80000,,Individual,Manual,Second Owner,3075,13,Mid,High,0,Diesel_Manual,Volkswagen,5.19,1
CAR_003076,Maruti Vitara Brezza ZDi Plus AMT,2018,,30000,Diesel,Individual,Automatic,Second Owner,3076,7,High,Low,0,Diesel_Automatic,Maruti,26.67,1
CAR_003077,Hyundai Grand i10 Sportz,2016,,44440,,Individual,Manual,Second Owner,3077,9,Mid,Medium,0,Petrol_Manual,Hyundai,9.45,0
CAR_003078,Hyundai Creta 1.6 CRDi SX Plus,2018,1250000,30000,Diesel,Individual,Manual,First Owner,3078,7,Premium,Low,0,Diesel_Manual,Hyundai,41.67,1
CAR_003079,Maruti Swift VDI BSIV,2011,270000,,Diesel,Individual,Manual,First Owner,3079,14,Low,High,0,Diesel_Manual,Maruti,2.25,1
CAR_003080,Hyundai Grand i10 CRDi Sportz,2015,390000,80000,Diesel,Individual,Manual,Second Owner,3080,10,,High,0,Diesel_Manual,Hyundai,4.88,1
CAR_003081,Skoda Laura Ambiente 2.0 TDI CR MT,2012,400000,110000,Diesel,Individual,Manual,First Owner,3081,13,Mid,High,0,Diesel_Manual,Skoda,3.64,1
CAR_003082,Ford Fiesta 1.4 ZXi Leather,2007,100000,170000,Petrol,Individual,Manual,First Owner,3082,18,Low,,0,Petrol_Manual,Ford,0.59,0
CAR_003083,Audi A6 2.7 TDI,2010,850000,46000,Diesel,Individual,Automatic,First Owner,3083,15,High,Medium,0,Diesel_Automatic,Audi,18.48,1
CAR_003084,Chevrolet Cruze LTZ AT,2012,359000,120000,Diesel,Individual,Automatic,Third Owner,3084,13,Mid,High,0,Diesel_Automatic,Chevrolet,2.99,1
CAR_003085,Maruti Swift Dzire ZDI,2015,470000,91365,Diesel,Dealer,,First Owner,3085,10,Mid,High,0,Diesel_Manual,Maruti,5.14,1
CAR_003086,Maruti Swift Dzire VDI,2013,360000,90010,Diesel,Dealer,Manual,Second Owner,3086,12,Mid,High,0,Diesel_Manual,Maruti,4,1
CAR_003087,Maruti Ertiga VDI,2013,250999,80000,Diesel,Individual,Manual,First Owner,3087,12,Low,High,0,Diesel_Manual,Maruti,3.14,1
CAR_003088,Tata Nano Lx BSIV,2012,45000,35000,,Individual,Manual,Second Owner,3088,13,,,0,Petrol_Manual,Tata,1.29,0
CAR_003089,Maruti Wagon R VXI BSII,2006,75000,80000,Petrol,Individual,Manual,Second Owner,3089,19,,High,0,Petrol_Manual,Maruti,0.94,0
CAR_003090,Maruti Swift Dzire VDI,2013,495000,31800,Diesel,Dealer,Manual,First Owner,3090,12,Mid,Medium,0,Diesel_Manual,Maruti,15.57,1
CAR_003091,Maruti Wagon R CNG LXI,2013,310000,59100,CNG,Dealer,Manual,First Owner,3091,12,Mid,Medium,0,CNG_Manual,Maruti,5.25,0
CAR_003092,Honda Jazz 1.2 V i VTEC,2016,540000,,Petrol,Dealer,Manual,First Owner,3092,9,,Medium,0,Petrol_Manual,Honda,17.31,0
CAR_003093,Maruti Ciaz VDi Plus SHVS,2016,665000,,Diesel,Dealer,Manual,First Owner,3093,9,High,Medium,0,Diesel_Manual,Maruti,13.04,1
CAR_003094,Hyundai i20 Magna 1.4 CRDi (Diesel),2013,425000,22700,Diesel,Dealer,,Second Owner,3094,12,Mid,Low,0,Diesel_Manual,Hyundai,18.72,1
CAR_003095,Audi A4 2.0 TDI,2011,1295000,58000,Diesel,Dealer,Automatic,First Owner,3095,14,Premium,Medium,0,Diesel_Automatic,Audi,22.33,1
CAR_003096,Maruti Ciaz VDI SHVS,2016,675000,50900,Diesel,Dealer,Manual,First Owner,3096,9,,,0,Diesel_Manual,Maruti,13.26,1
CAR_003097,Maruti Vitara Brezza ZDi Plus Dual Tone,2018,980000,10000,Diesel,Individual,Manual,First Owner,3097,7,High,Low,0,Diesel_Manual,Maruti,98,1
CAR_003098,Chevrolet Beat Diesel LS,2014,320000,60000,,Individual,Manual,First Owner,3098,11,Mid,Medium,0,Diesel_Manual,Chevrolet,5.33,1
CAR_003099,Maruti Ritz VXI,2011,250000,80000,Petrol,Individual,Manual,Second Owner,3099,14,Low,High,,Petrol_Manual,Maruti,3.12,0
CAR_003100,Maruti Baleno Zeta 1.3,2016,600000,,Diesel,Individual,Manual,First Owner,3100,9,Mid,High,0,Diesel_Manual,Maruti,8.33,1
CAR_003101,Hyundai Xcent 1.2 Kappa S,2016,300000,,Petrol,Individual,Manual,First Owner,3101,9,Low,High,0,Petrol_Manual,Hyundai,3.12,0
CAR_003102,Chevrolet Beat Diesel LS,2014,305000,66000,Diesel,Individual,Manual,First Owner,3102,11,Mid,Medium,0,Diesel_Manual,Chevrolet,4.62,1
CAR_003103,Tata New Safari DICOR 2.2 GX 4x2 BS IV,2012,270000,80000,Diesel,Individual,Manual,Second Owner,3103,13,Low,High,0,Diesel_Manual,Tata,3.38,1
CAR_003104,Renault Fluence 1.5,2012,300000,90000,Diesel,Individual,Manual,First Owner,3104,13,Low,High,0,Diesel_Manual,Renault,3.33,1
CAR_003105,Maruti Wagon R LXI Minor,2009,106000,70000,Petrol,Individual,Manual,First Owner,3105,16,Low,Medium,0,Petrol_Manual,Maruti,1.51,0
CAR_003106,Hyundai Accent GLS 1.6 ABS,2006,90000,,Petrol,Individual,Manual,Third Owner,3106,19,Low,High,0,Petrol_Manual,Hyundai,1.2,0
CAR_003107,Tata Tiago 1.2 Revotron XZ,2019,539000,2417,Petrol,Individual,Manual,First Owner,3107,6,Mid,Low,0,Petrol_Manual,Tata,223,0
CAR_003108,Ford Fiesta 1.4 ZXi TDCi ABS,2009,110000,100000,Diesel,Individual,Manual,Fourth & Above Owner,3108,16,Low,High,0,Diesel_Manual,Ford,1.1,1
CAR_003109,Hyundai EON Era Plus Option,2016,250000,30000,Petrol,Individual,Manual,Second Owner,3109,9,Low,Low,0,Petrol_Manual,Hyundai,8.33,0
CAR_003110,Hyundai i20 Asta (o),2009,300000,50000,Petrol,Individual,,First Owner,3110,16,,Medium,0,Petrol_Manual,Hyundai,6,0
CAR_003111,Mahindra Scorpio BSIV,2018,707000,60000,Diesel,Individual,Manual,First Owner,3111,7,High,Medium,0,Diesel_Manual,Mahindra,11.78,1
CAR_003112,Hyundai Getz GLS,2007,,120000,,Individual,,Fourth & Above Owner,3112,18,Low,High,0,Petrol_Manual,Hyundai,0.79,0
CAR_003113,Maruti Eeco CNG 5 Seater AC BSIV,2020,495000,7000,CNG,Individual,Manual,First Owner,3113,5,Mid,Low,0,CNG_Manual,Maruti,70.71,0
CAR_003114,Tata Indigo TDI,2012,200000,35000,Diesel,Individual,Manual,First Owner,3114,13,Low,Medium,0,Diesel_Manual,Tata,5.71,1
CAR_003115,Maruti A-Star Vxi,2009,110000,110000,Petrol,Individual,Manual,Fourth & Above Owner,3115,16,Low,High,0,Petrol_Manual,Maruti,1,0
CAR_003116,Maruti Alto LXi,2008,100000,130000,Petrol,Individual,Manual,Fourth & Above Owner,3116,17,Low,High,0,Petrol_Manual,Maruti,0.77,0
CAR_003117,Maruti Alto 800 LX,2016,150000,25000,Petrol,Individual,Manual,Second Owner,3117,9,Low,Low,0,Petrol_Manual,Maruti,6,0
CAR_003118,Toyota Etios 1.5 V,2016,509999,35000,Petrol,Individual,Manual,First Owner,3118,9,Mid,Medium,0,Petrol_Manual,Toyota,14.57,0
CAR_003119,Ford Ikon 1.3 Flair,2005,50000,80000,Petrol,Individual,,Third Owner,3119,20,Low,High,,Petrol_Manual,Ford,0.62,0
CAR_003120,Chevrolet Aveo 1.4,2007,85000,70000,Petrol,Individual,Manual,Second Owner,3120,18,Low,,0,Petrol_Manual,Chevrolet,1.21,0
CAR_003121,Hyundai Grand i10 1.2 Kappa Magna BSIV,2018,475000,23000,,Individual,,First Owner,3121,7,Mid,Low,0,Petrol_Manual,Hyundai,20.65,0
CAR_003122,Volkswagen Polo 1.2 MPI Highline,2014,425000,40000,Petrol,Individual,Manual,First Owner,3122,11,Mid,Medium,0,Petrol_Manual,Volkswagen,10.62,0
CAR_003123,BMW 5 Series 530i,2006,480000,,Petrol,Individual,Automatic,Second Owner,3123,19,Mid,High,,Petrol_Automatic,BMW,4.36,0
CAR_003124,Maruti S-Cross Delta DDiS 200 SH,2019,950000,10000,Diesel,Individual,,First Owner,3124,6,High,Low,0,Diesel_Manual,Maruti,95,1
CAR_003125,Maruti Swift Dzire VDI,2015,535000,80000,Diesel,Individual,Manual,First Owner,3125,10,Mid,High,0,Diesel_Manual,Maruti,6.69,1
CAR_003126,Hyundai Verna CRDi SX ABS,2009,325000,25000,Diesel,Individual,Manual,Third Owner,3126,16,Mid,Low,0,Diesel_Manual,Hyundai,13,1
CAR_003127,Maruti Wagon R Stingray VXI,2013,270000,74000,Petrol,Individual,Manual,Third Owner,3127,12,Low,High,0,Petrol_Manual,Maruti,3.65,0
CAR_003128,Maruti Celerio VXI,2015,300000,60000,Petrol,Individual,Manual,Third Owner,3128,10,,,0,Petrol_Manual,Maruti,5,0
CAR_003129,Volkswagen Vento Diesel Trendline,2011,325000,,Diesel,Individual,Manual,First Owner,3129,14,Mid,Medium,0,Diesel_Manual,Volkswagen,4.64,1
CAR_003130,Tata New Safari DICOR 2.2 EX 4x2,2010,350000,100000,Diesel,Individual,Manual,First Owner,3130,15,Mid,,0,Diesel_Manual,Tata,3.5,1
CAR_003131,Hyundai Verna CRDi SX,2008,,146000,,Individual,Manual,Third Owner,3131,17,Low,High,0,Diesel_Manual,Hyundai,1.58,1
CAR_003132,Maruti Swift Dzire LDi,2012,,120000,Diesel,Individual,Manual,Second Owner,3132,13,Mid,High,0,Diesel_Manual,Maruti,2.71,1
CAR_003133,Maruti Wagon R LXI,2005,,70000,Petrol,Individual,Manual,Second Owner,3133,20,Low,Medium,0,Petrol_Manual,Maruti,1,0
CAR_003134,Skoda Laura Ambiente,2008,190000,120000,Diesel,Individual,Manual,Third Owner,3134,17,Low,High,0,Diesel_Manual,Skoda,1.58,1
CAR_003135,Chevrolet Cruze LTZ,2011,345000,,Diesel,Individual,Manual,First Owner,3135,14,,Medium,0,Diesel_Manual,Chevrolet,5.27,1
CAR_003136,Mahindra Scorpio 1.99 S10,2016,1025000,70000,Diesel,Individual,Manual,First Owner,3136,9,Premium,Medium,0,Diesel_Manual,Mahindra,14.64,1
CAR_003137,Maruti Alto 800 LXI,2012,120000,50000,Petrol,Individual,Manual,First Owner,3137,13,Low,Medium,0,Petrol_Manual,Maruti,2.4,0
CAR_003138,Maruti Alto LXi BSIII,2009,114999,90000,Petrol,Individual,Manual,Second Owner,3138,16,Low,High,0,Petrol_Manual,Maruti,1.28,0
CAR_003139,Honda City 1.5 S MT,2009,300000,120000,Petrol,Individual,Manual,Second Owner,3139,16,Low,High,0,Petrol_Manual,Honda,2.5,0
CAR_003140,Maruti Celerio VXI,2016,340000,,Petrol,Dealer,Manual,First Owner,3140,9,Mid,Medium,,Petrol_Manual,Maruti,6.07,0
CAR_003141,Maruti Wagon R LXI,2005,90000,70000,,Individual,Manual,Second Owner,3141,20,Low,Medium,0,Petrol_Manual,Maruti,1.29,0
CAR_003142,Maruti Alto LX,2006,150000,140300,,Individual,Manual,First Owner,3142,19,,High,0,Petrol_Manual,Maruti,1.07,0
CAR_003143,Maruti Alto K10 2010-2014 VXI,2010,115999,70000,Petrol,Individual,Manual,First Owner,3143,15,Low,Medium,0,Petrol_Manual,Maruti,1.66,0
CAR_003144,Toyota Etios Liva 1.4 VD,2017,425000,36000,Diesel,Dealer,,First Owner,3144,8,Mid,Medium,0,Diesel_Manual,Toyota,11.81,1
CAR_003145,Honda Amaze VX O iDTEC,2017,550000,12997,Diesel,Dealer,Manual,First Owner,3145,8,,Low,0,Diesel_Manual,Honda,42.32,1
CAR_003146,Maruti Ciaz 1.4 AT Zeta,2017,500000,40000,Petrol,Individual,Automatic,First Owner,3146,8,,Medium,0,Petrol_Automatic,Maruti,12.5,0
CAR_003147,Mahindra Quanto C8,2013,300000,,Diesel,Individual,Manual,Second Owner,3147,12,Low,Low,0,Diesel_Manual,Mahindra,12,1
CAR_003148,Hyundai Verna CRDi 1.6 SX Option,2018,1150000,26430,Diesel,Dealer,Manual,First Owner,3148,7,,Low,0,Diesel_Manual,Hyundai,43.51,1
CAR_003149,Maruti Swift 1.3 VXI ABS,2015,475000,24600,Petrol,Dealer,Manual,First Owner,3149,10,Mid,Low,,Petrol_Manual,Maruti,19.31,0
CAR_003150,Maruti Wagon R LXI,2011,260000,,Petrol,Dealer,Manual,First Owner,3150,14,,Low,0,Petrol_Manual,Maruti,9.13,0
CAR_003151,Ford Ecosport 1.0 Ecoboost Titanium Optional,2013,350000,100000,Petrol,Individual,Manual,First Owner,3151,12,Mid,High,0,Petrol_Manual,Ford,3.5,0
CAR_003152,Mahindra XUV500 W8 2WD,2013,750000,41988,Diesel,Dealer,Manual,First Owner,3152,12,High,Medium,0,Diesel_Manual,Mahindra,17.86,1
CAR_003153,Renault KWID Climber 1.0 AMT BSIV,2017,350000,,Petrol,Dealer,Automatic,First Owner,3153,8,Mid,Low,0,Petrol_Automatic,Renault,45.7,0
CAR_003154,Maruti Wagon R LXI,2009,180000,30375,Petrol,Dealer,Manual,First Owner,3154,16,Low,Medium,0,Petrol_Manual,Maruti,5.93,0
CAR_003155,Maruti Swift Dzire VDI,2017,,34400,Diesel,Dealer,Manual,First Owner,3155,8,High,Medium,0,Diesel_Manual,Maruti,17.76,1
CAR_003156,Renault KWID RXL BSIV,2017,325000,18500,Petrol,Dealer,Manual,First Owner,3156,8,Mid,Low,0,Petrol_Manual,Renault,17.57,0
CAR_003157,Hyundai EON 1.0 Era Plus,2012,225000,48000,Petrol,Dealer,Manual,First Owner,3157,13,Low,Medium,0,Petrol_Manual,Hyundai,4.69,0
CAR_003158,Maruti Wagon R AMT VXI,2014,300000,28942,,Dealer,Automatic,First Owner,3158,11,Low,Low,0,Petrol_Automatic,Maruti,10.37,0
CAR_003159,Mahindra Bolero Power Plus SLX,2017,400000,,Diesel,Individual,Manual,Second Owner,3159,8,Mid,,0,Diesel_Manual,Mahindra,8,1
CAR_003160,Mahindra XUV500 W8 2WD,2012,711000,53600,Diesel,Dealer,Manual,First Owner,3160,13,High,,0,Diesel_Manual,Mahindra,13.26,1
CAR_003161,Toyota Innova 2.5 G (Diesel) 8 Seater,2015,851000,53652,Diesel,Dealer,Manual,First Owner,3161,10,High,Medium,0,Diesel_Manual,Toyota,15.86,1
CAR_003162,Maruti Wagon R VXI,2016,,23000,Petrol,Dealer,,Second Owner,3162,9,Mid,Low,,Petrol_Manual,Maruti,16.3,0
CAR_003163,Maruti Zen Estilo LXI BSIII,2007,275000,10211,Petrol,Individual,Manual,First Owner,3163,18,Low,Low,0,Petrol_Manual,Maruti,26.93,0
CAR_003164,Mahindra Scorpio 2.6 SLX Turbo 7 Seater,2005,120000,120000,Diesel,Individual,Manual,Third Owner,3164,20,Low,High,0,Diesel_Manual,Mahindra,1,1
CAR_003165,Maruti Celerio ZDi,2015,350000,120000,Diesel,Individual,Manual,First Owner,3165,10,Mid,High,0,Diesel_Manual,Maruti,2.92,1
CAR_003166,Maruti Celerio ZXI,2017,409999,35000,Petrol,Individual,Manual,First Owner,3166,8,Mid,Medium,0,Petrol_Manual,Maruti,11.71,0
CAR_003167,Hyundai Verna 1.6 SX,2012,500000,130000,Diesel,Individual,Manual,First Owner,3167,13,Mid,High,0,Diesel_Manual,Hyundai,3.85,1
CAR_003168,Nissan Sunny Diesel XL,2013,220000,90000,Diesel,Individual,Manual,Second Owner,3168,12,Low,High,0,Diesel_Manual,Nissan,2.44,1
CAR_003169,Ford Fiesta 1.6 Duratec EXI Ltd,2008,120000,80000,Petrol,Individual,Manual,Second Owner,3169,17,Low,High,0,Petrol_Manual,Ford,1.5,0
CAR_003170,Hyundai Santro Xing XK,2007,70000,55000,Petrol,Individual,Manual,Second Owner,3170,18,Low,Medium,0,Petrol_Manual,Hyundai,1.27,0
CAR_003171,Maruti Swift Dzire ZXI Plus,2017,800000,15000,Petrol,Individual,Manual,First Owner,3171,8,High,,0,Petrol_Manual,Maruti,53.33,0
CAR_003172,Maruti Swift Dzire VDI,2014,450000,260000,,Individual,Manual,Second Owner,3172,11,Mid,Very High,0,Diesel_Manual,Maruti,1.73,1
CAR_003173,Mahindra Scorpio SLE BSIV,2012,525000,145000,Diesel,Individual,Manual,First Owner,3173,13,Mid,High,0,Diesel_Manual,Mahindra,3.62,1
CAR_003174,Datsun GO Plus Remix Limited Edition,2016,300000,35000,Petrol,Individual,Manual,First Owner,3174,9,Low,Medium,0,Petrol_Manual,Datsun,8.57,0
CAR_003175,Hyundai i10 Magna,2008,195000,56000,Petrol,Individual,Manual,Second Owner,3175,17,Low,Medium,0,Petrol_Manual,Hyundai,3.48,0
CAR_003176,Ford Fiesta Classic 1.4 SXI Duratorq,2007,130000,98000,Diesel,Individual,Manual,Second Owner,3176,18,,High,0,Diesel_Manual,Ford,1.33,1
CAR_003177,Toyota Etios VD,2011,300000,135000,Diesel,Individual,Manual,Second Owner,3177,14,Low,,,Diesel_Manual,Toyota,2.22,1
CAR_003178,Maruti Alto VXi,2002,120000,60000,,Individual,,Third Owner,3178,23,Low,Medium,0,Petrol_Manual,Maruti,2,0
CAR_003179,Toyota Innova 2.5 G3,2010,450000,120000,Diesel,Individual,Manual,Third Owner,3179,15,Mid,High,0,Diesel_Manual,Toyota,3.75,1
CAR_003180,Tata Indigo LS,2010,160000,102000,Diesel,Individual,Manual,Second Owner,3180,15,Low,High,0,Diesel_Manual,Tata,1.57,1
CAR_003181,Mahindra Bolero Power Plus Plus AC BSIV PS,2018,800000,35000,Diesel,Individual,Manual,First Owner,3181,7,High,Medium,0,Diesel_Manual,Mahindra,22.86,1
CAR_003182,Maruti 800 AC,2013,100000,80000,Petrol,Individual,Manual,First Owner,3182,12,Low,High,0,Petrol_Manual,Maruti,1.25,0
CAR_003183,Volkswagen Polo GTI,2017,825000,13599,Petrol,Dealer,Automatic,First Owner,3183,8,High,Low,0,Petrol_Automatic,Volkswagen,60.67,0
CAR_003184,Maruti Alto 800 LXI,2015,265000,32933,Petrol,Dealer,Manual,First Owner,3184,10,,Medium,0,Petrol_Manual,Maruti,8.05,0
CAR_003185,Maruti Wagon R LXI,2008,175000,54551,Petrol,Dealer,Manual,First Owner,3185,17,,Medium,0,Petrol_Manual,Maruti,3.21,0
CAR_003186,Maruti Omni 8 Seater BSIV,2014,250999,,Petrol,Dealer,Manual,First Owner,3186,11,Low,Medium,0,Petrol_Manual,Maruti,4.39,0
CAR_003187,Hyundai Xcent 1.2 VTVT S AT,2015,471000,41025,Petrol,Dealer,Automatic,First Owner,3187,10,Mid,Medium,0,Petrol_Automatic,Hyundai,11.48,0
CAR_003188,Maruti Swift Dzire LDI,2019,650000,5000,Diesel,Individual,Manual,First Owner,3188,6,High,Low,0,Diesel_Manual,Maruti,130,1
CAR_003189,Maruti Swift Dzire LDI,2019,,5000,Diesel,Individual,Manual,First Owner,3189,6,High,Low,0,Diesel_Manual,Maruti,130,1
CAR_003190,Hyundai EON Magna,2012,225000,53122,Petrol,Dealer,Manual,Second Owner,3190,13,Low,Medium,0,Petrol_Manual,Hyundai,4.24,0
CAR_003191,Maruti Alto 800 LXI CNG,2013,245000,64111,CNG,Dealer,Manual,First Owner,3191,12,Low,,0,CNG_Manual,Maruti,3.82,0
CAR_003192,Maruti Ritz LXi,2011,221000,78892,Petrol,Dealer,Manual,First Owner,3192,14,Low,High,0,Petrol_Manual,Maruti,2.8,0
CAR_003193,Hyundai i20 1.2 Asta,2011,271000,74113,Petrol,Dealer,Manual,First Owner,3193,14,Low,High,0,Petrol_Manual,Hyundai,3.66,0
CAR_003194,Maruti Wagon R VXI,2012,290000,80000,Petrol,Dealer,,First Owner,3194,13,Low,High,0,Petrol_Manual,Maruti,3.62,0
CAR_003195,Maruti Swift VXi BSIV,2017,525000,39000,,Dealer,Manual,First Owner,3195,8,Mid,Medium,0,Petrol_Manual,Maruti,13.46,0
CAR_003196,Volkswagen Vento 1.6 Highline,2012,,84775,Petrol,Dealer,Manual,First Owner,3196,13,Mid,High,0,Petrol_Manual,Volkswagen,4.45,0
CAR_003197,Tata Nano LX SE,2012,95000,20778,Petrol,Dealer,Manual,First Owner,3197,13,Low,Low,0,Petrol_Manual,Tata,4.57,0
CAR_003198,Maruti Ertiga VDI,2015,763000,64441,,Dealer,Manual,First Owner,3198,10,High,Medium,,Diesel_Manual,Maruti,11.84,1
CAR_003199,Honda Amaze S i-Vtech,2015,450000,43192,Petrol,Dealer,Manual,First Owner,3199,10,Mid,Medium,0,Petrol_Manual,Honda,10.42,0
CAR_003200,Tata Nano Twist XE,2014,140000,44416,,Dealer,Manual,First Owner,3200,11,Low,Medium,0,Petrol_Manual,Tata,3.15,0
CAR_003201,Maruti Ciaz VDi Plus SHVS,2016,,79991,Diesel,Dealer,Manual,First Owner,3201,9,,High,0,Diesel_Manual,Maruti,8.76,1
CAR_003202,Nissan Micra Diesel XV,2011,277000,,Diesel,Dealer,Manual,Second Owner,3202,14,Low,Medium,0,Diesel_Manual,Nissan,4.42,1
CAR_003203,Maruti Baleno Delta Automatic,2018,520000,50000,,Individual,Automatic,First Owner,3203,7,Mid,Medium,,Petrol_Automatic,Maruti,10.4,0
CAR_003204,Ford Figo Aspire 1.5 TDCi Ambiente ABS,2017,,100000,Diesel,Individual,Manual,First Owner,3204,8,Mid,High,0,Diesel_Manual,Ford,5.5,1
CAR_003205,Volkswagen Vento Diesel Highline,2011,,97000,Diesel,Individual,Manual,Third Owner,3205,14,Low,High,0,Diesel_Manual,Volkswagen,2.68,1
CAR_003206,Renault Pulse RxZ,2015,420000,100000,Diesel,Individual,Manual,First Owner,3206,10,,High,0,Diesel_Manual,Renault,4.2,1
CAR_003207,OpelCorsa 1.4 GL,2002,35000,,Petrol,Individual,Manual,Third Owner,3207,23,Low,,,Petrol_Manual,OpelCorsa,0.35,0
CAR_003208,Mahindra XUV500 W7 BSIV,2018,,20000,Diesel,Individual,,First Owner,3208,7,Premium,Low,0,Diesel_Manual,Mahindra,57.5,1
CAR_003209,Maruti Ciaz 1.4 Zeta,2017,680000,46000,Petrol,Individual,Manual,First Owner,3209,8,High,Medium,0,Petrol_Manual,Maruti,14.78,0
CAR_003210,Maruti Swift VDI,2012,425000,40000,Diesel,Individual,Manual,First Owner,3210,13,Mid,,0,Diesel_Manual,Maruti,10.62,1
CAR_003211,Maruti Swift Dzire LDI,2014,450000,70000,Diesel,Individual,Manual,Second Owner,3211,11,Mid,Medium,0,Diesel_Manual,Maruti,6.43,1
CAR_003212,Toyota Innova 2.5 GX (Diesel) 8 Seater BS IV,2008,590000,89600,Diesel,Individual,,Third Owner,3212,17,Mid,High,0,Diesel_Manual,Toyota,6.58,1
CAR_003213,Volkswagen Jetta 1.4 TSI Comfortline,2017,936999,60800,Petrol,Individual,Manual,First Owner,3213,8,High,Medium,,Petrol_Manual,Volkswagen,15.41,0
CAR_003214,Honda Mobilio S i DTEC,2015,420000,104000,Diesel,Individual,Manual,Second Owner,3214,10,Mid,High,0,Diesel_Manual,Honda,4.04,1
CAR_003215,Volkswagen Polo 1.5 TDI Highline,2014,450000,80000,Diesel,Individual,Manual,Second Owner,3215,11,Mid,High,0,Diesel_Manual,Volkswagen,5.62,1
CAR_003216,Maruti 800 AC,2004,40000,69111,Petrol,Individual,Manual,Third Owner,3216,21,Low,Medium,0,Petrol_Manual,Maruti,0.58,0
CAR_003217,Toyota Innova 2.5 G (Diesel) 8 Seater,2014,520000,70000,Diesel,Individual,Manual,Second Owner,3217,11,Mid,Medium,0,Diesel_Manual,Toyota,7.43,1
CAR_003218,Maruti 800 AC,2007,80000,120000,Petrol,Individual,Manual,First Owner,3218,18,Low,High,0,Petrol_Manual,Maruti,0.67,0
CAR_003219,Tata Nano CX,2014,55000,40000,Petrol,Individual,Manual,First Owner,3219,11,Low,Medium,0,Petrol_Manual,Tata,1.38,0
CAR_003220,Mahindra Bolero DI DX 7 Seater,2001,80000,100000,Diesel,Individual,Manual,Third Owner,3220,24,Low,High,0,Diesel_Manual,Mahindra,0.8,1
CAR_003221,Maruti Alto 800 LXI,2019,210000,20000,Petrol,Individual,Manual,First Owner,3221,6,Low,Low,0,Petrol_Manual,Maruti,10.5,0
CAR_003222,Ford Figo Petrol Titanium,2015,300000,50000,,Individual,Manual,Second Owner,3222,10,Low,Medium,0,Petrol_Manual,Ford,6,0
CAR_003223,Tata Tiago 1.05 Revotorq XM,2017,260000,50000,Diesel,Individual,Manual,First Owner,3223,8,Low,Medium,0,Diesel_Manual,Tata,5.2,1
CAR_003224,Tata Zest Quadrajet 1.3,2016,,70000,Diesel,Individual,Manual,First Owner,3224,9,Low,Medium,0,Diesel_Manual,Tata,3.57,1
CAR_003225,Tata Indica Vista Aqua TDI BSIII,2008,80000,90000,Diesel,Individual,Manual,First Owner,3225,17,,High,0,Diesel_Manual,Tata,0.89,1
CAR_003226,Toyota Innova 2.5 GX (Diesel) 7 Seater BS IV,2010,450000,150000,Diesel,Individual,,Second Owner,3226,15,Mid,High,0,Diesel_Manual,Toyota,3,1
CAR_003227,Toyota Innova 2.5 G (Diesel) 8 Seater BS IV,2005,310000,120000,Diesel,Individual,Manual,Second Owner,3227,20,Mid,,0,Diesel_Manual,Toyota,2.58,1
CAR_003228,Toyota Innova 2.5 GX (Diesel) 8 Seater,2012,,100000,Diesel,Individual,Manual,First Owner,3228,13,Mid,High,0,Diesel_Manual,Toyota,5,1
CAR_003229,Maruti Ertiga SHVS VDI,2016,800000,,Diesel,Individual,Manual,Second Owner,3229,9,High,Medium,0,Diesel_Manual,Maruti,11.43,1
CAR_003230,Hyundai Creta 1.6 CRDi SX,2016,840000,70000,,Individual,Manual,Second Owner,3230,9,High,Medium,0,Diesel_Manual,Hyundai,12,1
CAR_003231,Honda Amaze S i-Vtech,2016,490000,50000,Petrol,Individual,Manual,First Owner,3231,9,Mid,Medium,0,Petrol_Manual,Honda,9.8,0
CAR_003232,Tata Indica Vista Aqua 1.4 TDI,2010,125000,81000,Diesel,Individual,Manual,Second Owner,3232,15,Low,High,0,Diesel_Manual,Tata,1.54,1
CAR_003233,Chevrolet Tavera Neo 2 LS B4 7 Str BSIII,2012,400000,120000,Diesel,Individual,Manual,Third Owner,3233,13,Mid,High,0,Diesel_Manual,Chevrolet,3.33,1
CAR_003234,Chevrolet Cruze LTZ,2015,1000000,3600,Diesel,Dealer,Manual,First Owner,3234,10,High,Low,0,Diesel_Manual,Chevrolet,277.78,1
CAR_003235,Ford Figo Aspire 1.2 Ti-VCT Titanium Plus,2015,530000,14272,Petrol,Dealer,Manual,First Owner,3235,10,Mid,Low,0,Petrol_Manual,Ford,37.14,0
CAR_003236,Ford EcoSport 1.5 Diesel Titanium Plus BSIV,2017,840000,,Diesel,Dealer,Manual,First Owner,3236,8,High,Medium,0,Diesel_Manual,Ford,17.07,1
CAR_003237,Hyundai i10 Sportz 1.1L,2015,229999,40000,Petrol,Individual,Manual,First Owner,3237,10,Low,Medium,0,Petrol_Manual,Hyundai,5.75,0
CAR_003238,Maruti 800 Std,1998,40000,40000,Petrol,Individual,Manual,Fourth & Above Owner,3238,27,,Medium,0,Petrol_Manual,Maruti,1,0
CAR_003239,Chevrolet Spark 1.0 LS,2012,130000,80000,Petrol,Individual,Manual,First Owner,3239,13,Low,High,0,Petrol_Manual,Chevrolet,1.62,0
CAR_003240,Hyundai EON Era Plus,2015,200000,70000,,Individual,Manual,First Owner,3240,10,Low,Medium,0,Petrol_Manual,Hyundai,2.86,0
CAR_003241,Tata Indica Vista Aqua TDI BSIII,2011,120000,70000,Diesel,Individual,Manual,First Owner,3241,14,Low,Medium,0,Diesel_Manual,Tata,1.71,1
CAR_003242,Hyundai Santro LP zipPlus,2003,75000,57000,Petrol,Individual,Manual,First Owner,3242,22,,Medium,0,Petrol_Manual,Hyundai,1.32,0
CAR_003243,Tata Bolt Quadrajet XE,2016,250000,120000,Diesel,Individual,Manual,First Owner,3243,9,,High,0,Diesel_Manual,Tata,2.08,1
CAR_003244,Maruti 800 AC BSIII,2005,100000,30000,Petrol,Individual,Manual,First Owner,3244,20,Low,Low,0,Petrol_Manual,Maruti,3.33,0
CAR_003245,Hyundai EON Era Plus,2013,280000,3240,Petrol,Individual,,Second Owner,3245,12,Low,Low,0,Petrol_Manual,Hyundai,86.42,0
CAR_003246,Hyundai i20 Magna 1.2,2015,,5000,Petrol,Individual,Manual,First Owner,3246,10,,Low,0,Petrol_Manual,Hyundai,108,0
CAR_003247,Hyundai i20 1.2 Asta,2018,700000,10000,Petrol,Individual,Manual,First Owner,3247,7,High,Low,0,Petrol_Manual,Hyundai,70,0
CAR_003248,Ford Figo Petrol EXI,2014,350000,90000,Petrol,Individual,Manual,Second Owner,3248,11,Mid,High,0,Petrol_Manual,Ford,3.89,0
CAR_003249,Maruti SX4 VDI,2011,320000,100000,Diesel,Individual,,First Owner,3249,14,Mid,High,0,Diesel_Manual,Maruti,3.2,1
CAR_003250,Honda Amaze S i-DTEC,2016,475000,90000,Diesel,Individual,Manual,First Owner,3250,9,Mid,High,0,Diesel_Manual,Honda,5.28,1
CAR_003251,Tata Manza Aura (ABS) Quadrajet BS IV,2011,220000,140000,Diesel,Individual,,Second Owner,3251,14,Low,High,0,Diesel_Manual,Tata,1.57,1
CAR_003252,Nissan Micra Diesel XV Premium,2013,210000,13770,Diesel,Individual,Manual,First Owner,3252,12,Low,Low,0,Diesel_Manual,Nissan,15.25,1
CAR_003253,Ford Ikon 1.3 Flair,2005,61000,,Petrol,Individual,Manual,Second Owner,3253,20,Low,Low,,Petrol_Manual,Ford,13.16,0
CAR_003254,Skoda Superb Elegance 2.0 TDI CR AT,2009,355000,,Diesel,Individual,Automatic,Second Owner,3254,16,Mid,,0,Diesel_Automatic,Skoda,3.55,1
CAR_003255,Chevrolet Beat Diesel LT,2012,150000,,Diesel,Individual,Manual,First Owner,3255,13,,Medium,0,Diesel_Manual,Chevrolet,2.5,1
CAR_003256,Tata Indica Vista Quadrajet LX,2011,133000,80000,,Individual,Manual,First Owner,3256,14,,High,0,Diesel_Manual,Tata,1.66,1
CAR_003257,Chevrolet Cruze LTZ AT,2015,650000,50000,,Individual,,First Owner,3257,10,,Medium,0,Diesel_Automatic,Chevrolet,13,1
CAR_003258,Nissan Micra XL,2014,210000,40000,Petrol,Individual,Manual,Second Owner,3258,11,Low,Medium,,Petrol_Manual,Nissan,5.25,0
CAR_003259,Chevrolet Beat Diesel LS,2013,130000,93900,Diesel,Individual,Manual,Second Owner,3259,12,Low,High,,Diesel_Manual,Chevrolet,1.38,1
CAR_003260,Maruti 800 AC,2007,60000,70000,Petrol,Individual,Manual,First Owner,3260,18,Low,Medium,0,Petrol_Manual,Maruti,0.86,0
CAR_003261,Mahindra Scorpio 2.6 SLX Turbo 7 Seater,2005,120000,120000,Diesel,Individual,Manual,Third Owner,3261,20,,High,0,Diesel_Manual,Mahindra,1,1
CAR_003262,BMW 5 Series 520d Luxury Line,2017,2900000,40000,,Individual,Automatic,First Owner,3262,8,Premium,Medium,0,Diesel_Automatic,BMW,72.5,1
CAR_003263,Hyundai Accent CRDi,2005,100000,120000,Diesel,Individual,,Second Owner,3263,20,Low,High,0,Diesel_Manual,Hyundai,0.83,1
CAR_003264,Maruti Zen VXi - BS III,2004,,80000,Petrol,Individual,Manual,First Owner,3264,21,Low,High,0,Petrol_Manual,Maruti,0.99,0
CAR_003265,Chevrolet Beat Diesel LS,2012,120000,110000,Diesel,Individual,Manual,First Owner,3265,13,Low,High,0,Diesel_Manual,Chevrolet,1.09,1
CAR_003266,Maruti Zen LXi - BS III,2005,125000,34000,Petrol,Dealer,Manual,First Owner,3266,20,Low,,0,Petrol_Manual,Maruti,3.68,0
CAR_003267,Chevrolet Enjoy 1.3 TCDi LS 8,2013,425000,20000,Diesel,Dealer,Manual,First Owner,3267,12,Mid,,0,Diesel_Manual,Chevrolet,21.25,1
CAR_003268,Maruti Wagon R LXI,2001,70000,117000,Petrol,Individual,Manual,Second Owner,3268,24,Low,High,0,Petrol_Manual,Maruti,0.6,0
CAR_003269,Maruti Swift VXI,2020,619000,1500,Petrol,Individual,,First Owner,3269,5,High,Low,0,Petrol_Manual,Maruti,412.67,0
CAR_003270,Nissan Micra XL,2017,415000,48965,Petrol,Dealer,Manual,First Owner,3270,8,Mid,Medium,,Petrol_Manual,Nissan,8.48,0
CAR_003271,Hyundai EON Era Plus Option,2014,265000,55000,,Dealer,Manual,First Owner,3271,11,Low,,0,Petrol_Manual,Hyundai,4.82,0
CAR_003272,Tata Indica GLS BS IV,2008,70000,60000,Petrol,Individual,,First Owner,3272,17,Low,,0,Petrol_Manual,Tata,1.17,0
CAR_003273,Chevrolet Sail Hatchback 1.3 TCDi,2015,281000,40000,Diesel,Individual,Manual,First Owner,3273,10,Low,Medium,0,Diesel_Manual,Chevrolet,7.02,1
CAR_003274,Tata Indigo Grand Dicor,2013,211000,80000,Diesel,Individual,Manual,First Owner,3274,12,Low,High,0,Diesel_Manual,Tata,2.64,1
CAR_003275,Hyundai Elite i20 Petrol Magna Exective,2018,550000,11000,Petrol,Individual,Manual,First Owner,3275,7,Mid,Low,,Petrol_Manual,Hyundai,50,0
CAR_003276,Chevrolet Enjoy TCDi LT 8 Seater,2014,350000,110000,Diesel,Individual,Manual,First Owner,3276,11,Mid,High,0,Diesel_Manual,Chevrolet,3.18,1
CAR_003277,Maruti Wagon R VXI AMT,2017,420000,19890,Petrol,Dealer,Automatic,First Owner,3277,8,Mid,Low,0,Petrol_Automatic,Maruti,21.12,0
CAR_003278,Renault KWID RXT,2015,270000,20969,Petrol,Dealer,,First Owner,3278,10,Low,Low,0,Petrol_Manual,Renault,12.88,0
CAR_003279,Maruti Celerio VXI,2016,399000,20194,Petrol,Dealer,Manual,First Owner,3279,9,,Low,0,Petrol_Manual,Maruti,19.76,0
CAR_003280,Ford Figo Trend,2016,440000,34982,Petrol,Dealer,Manual,First Owner,3280,9,Mid,Medium,0,Petrol_Manual,Ford,12.58,0
CAR_003281,Hyundai EON Magna,2012,250000,,Petrol,Dealer,Manual,First Owner,3281,13,Low,Medium,0,Petrol_Manual,Hyundai,5.61,0
CAR_003282,Ford Ecosport 1.5 Diesel Titanium,2016,650000,57904,Diesel,Dealer,Manual,First Owner,3282,9,High,Medium,0,Diesel_Manual,Ford,11.23,1
CAR_003283,Maruti Alto K10 VXI,2015,270000,59258,Petrol,Dealer,Manual,First Owner,3283,10,Low,Medium,0,Petrol_Manual,Maruti,4.56,0
CAR_003284,Ford Figo Trend,2016,390000,60826,Petrol,Dealer,Manual,First Owner,3284,9,Mid,Medium,0,Petrol_Manual,Ford,6.41,0
CAR_003285,Mahindra XUV500 W10 2WD,2018,1500000,50000,Diesel,Individual,Manual,First Owner,3285,7,Premium,Medium,0,Diesel_Manual,Mahindra,30,1
CAR_003286,Maruti 800 AC,2014,225000,35000,Petrol,Individual,Manual,First Owner,3286,11,Low,,0,Petrol_Manual,Maruti,6.43,0
CAR_003287,Mahindra XUV500 W8 2WD,2015,900000,110000,Diesel,Individual,Manual,Second Owner,3287,10,,High,0,Diesel_Manual,Mahindra,8.18,1
CAR_003288,Hyundai Tucson 2.0 e-VGT 2WD AT GL,2018,1600000,40000,Diesel,Individual,Automatic,First Owner,3288,7,Premium,Medium,0,Diesel_Automatic,Hyundai,40,1
CAR_003289,Tata Nexon 1.2 Revotron XZ Plus Dual Tone,2019,800000,10000,Petrol,Individual,Manual,First Owner,3289,6,High,Low,0,Petrol_Manual,Tata,80,0
CAR_003290,Honda Amaze E i-Dtech,2013,320000,50000,,Individual,Manual,First Owner,3290,12,Mid,Medium,0,Diesel_Manual,Honda,6.4,1
CAR_003291,Maruti Alto 800 LXI,2016,300000,25000,Petrol,Individual,Manual,First Owner,3291,9,Low,Low,0,Petrol_Manual,Maruti,12,0
CAR_003292,Hyundai i20 1.2 Asta Dual Tone,2018,740000,25000,Petrol,Individual,Manual,First Owner,3292,7,High,Low,0,Petrol_Manual,Hyundai,29.6,0
CAR_003293,Datsun RediGO SV 1.0,2019,350000,1300,Petrol,Individual,Manual,First Owner,3293,6,Mid,Low,0,Petrol_Manual,Datsun,269.23,0
CAR_003294,Datsun GO T BSIV,2014,280000,40000,Petrol,Individual,Manual,First Owner,3294,11,Low,Medium,0,Petrol_Manual,Datsun,7,0
CAR_003295,Maruti Swift Dzire AMT VDI,2018,675000,50000,Diesel,Individual,Automatic,First Owner,3295,7,High,Medium,0,Diesel_Automatic,Maruti,13.5,1
CAR_003296,Hyundai i10 Era 1.1 iTech SE,2011,300000,20000,Petrol,Individual,Manual,First Owner,3296,14,Low,Low,0,Petrol_Manual,Hyundai,15,0
CAR_003297,Chevrolet Captiva 2.0L VCDi,2011,400000,,Diesel,Individual,Manual,Third Owner,3297,14,Mid,High,0,Diesel_Manual,Chevrolet,5.26,1
CAR_003298,Mahindra Scorpio VLX 2WD BSIV,2010,420000,100000,Diesel,Individual,Manual,Third Owner,3298,15,Mid,High,0,Diesel_Manual,Mahindra,4.2,1
CAR_003299,Tata New Safari 3L Dicor LX 4x2,2008,300000,120000,Diesel,Individual,Manual,First Owner,3299,17,Low,High,0,Diesel_Manual,Tata,2.5,1
CAR_003300,Maruti Wagon R VXI Minor,2010,,70000,Petrol,Individual,Manual,First Owner,3300,15,Low,Medium,0,Petrol_Manual,Maruti,2.43,0
CAR_003301,Hyundai EON Era Plus,2014,210000,70000,Petrol,Individual,Manual,Third Owner,3301,11,Low,Medium,0,Petrol_Manual,Hyundai,3,0
CAR_003302,Maruti Ertiga VDI,2015,600000,60000,Diesel,Individual,,Second Owner,3302,10,Mid,Medium,0,Diesel_Manual,Maruti,10,1
CAR_003303,Maruti Wagon R VXI BS IV,2014,260000,38000,,Individual,Manual,Second Owner,3303,11,Low,Medium,0,Petrol_Manual,Maruti,6.84,0
CAR_003304,Tata Nano Twist XT,2015,82000,19000,Petrol,Individual,Manual,First Owner,3304,10,Low,Low,0,Petrol_Manual,Tata,4.32,0
CAR_003305,Mahindra TUV 300 T8,2016,690000,,,Individual,Manual,First Owner,3305,9,High,High,0,Diesel_Manual,Mahindra,9.2,1
CAR_003306,Hyundai Grand i10 CRDi Asta,2015,300000,70000,Diesel,Individual,Manual,First Owner,3306,10,Low,Medium,0,Diesel_Manual,Hyundai,4.29,1
CAR_003307,Honda BRV i-DTEC V MT,2017,,30000,Diesel,Individual,,First Owner,3307,8,Premium,Low,0,Diesel_Manual,Honda,41.67,1
CAR_003308,Hyundai Verna CRDi 1.6 EX,2017,799000,31707,Diesel,Individual,Manual,First Owner,3308,8,High,Medium,0,Diesel_Manual,Hyundai,25.2,1
CAR_003309,Toyota Fortuner 3.0 Diesel,2010,1000000,180000,Diesel,Individual,Manual,First Owner,3309,15,High,Very High,0,Diesel_Manual,Toyota,5.56,1
CAR_003310,Maruti Alto 800 LXI,2014,190000,90000,Petrol,Individual,Manual,Second Owner,3310,11,Low,High,0,Petrol_Manual,Maruti,2.11,0
CAR_003311,Mahindra Verito 1.5 D2 BSIII,2014,250000,30000,,Individual,Manual,First Owner,3311,11,Low,Low,0,Diesel_Manual,Mahindra,8.33,1
CAR_003312,Hyundai Verna 1.6 i ABS,2009,200000,60000,Petrol,Individual,Manual,First Owner,3312,16,Low,Medium,0,Petrol_Manual,Hyundai,3.33,0
CAR_003313,Mahindra Bolero DI,2005,,90000,Diesel,Individual,,Second Owner,3313,20,Low,High,0,Diesel_Manual,Mahindra,3.33,1
CAR_003314,Tata Zest Revotron 1.2T XMS,2015,250000,120000,,Individual,Manual,Second Owner,3314,10,,High,0,Petrol_Manual,Tata,2.08,0
CAR_003315,Maruti 800 AC,2008,90000,,Petrol,Individual,,Third Owner,3315,17,Low,Medium,,Petrol_Manual,Maruti,1.29,0
CAR_003316,Hyundai Santro LE zipPlus,2001,68000,70000,Petrol,Individual,Manual,First Owner,3316,24,Low,Medium,,Petrol_Manual,Hyundai,0.97,0
CAR_003317,Hyundai Grand i10 1.2 Kappa Asta,2017,500000,26500,Petrol,Individual,Manual,First Owner,3317,8,Mid,Low,0,Petrol_Manual,Hyundai,18.87,0
CAR_003318,Hyundai Verna CRDi 1.6 SX,2017,900000,50000,Diesel,Individual,Manual,First Owner,3318,8,High,Medium,0,Diesel_Manual,Hyundai,18,1
CAR_003319,Maruti Alto LX,2007,100000,52000,Petrol,Individual,Manual,Second Owner,3319,18,Low,Medium,0,Petrol_Manual,Maruti,1.92,0
CAR_003320,Renault Duster 85PS Diesel RxL,2016,700000,160000,Diesel,Individual,Manual,First Owner,3320,9,High,,0,Diesel_Manual,Renault,4.38,1
CAR_003321,Volvo XC60 D3 Kinetic,2012,1750000,115992,Diesel,Dealer,Automatic,Third Owner,3321,13,Premium,High,0,Diesel_Automatic,Volvo,15.09,1
CAR_003322,Maruti Wagon R VXI Optional,2017,290000,110000,,Individual,Manual,Second Owner,3322,8,Low,High,0,Petrol_Manual,Maruti,2.64,0
CAR_003323,Toyota Innova 2.5 Z Diesel 7 Seater BS IV,2014,1050000,,Diesel,Individual,,Second Owner,3323,11,Premium,High,0,Diesel_Manual,Toyota,10.82,1
CAR_003324,Tata Indigo LX Dicor,2008,70000,100000,,Individual,Manual,Third Owner,3324,17,Low,High,0,Diesel_Manual,Tata,0.7,1
CAR_003325,Maruti Swift ZDi BSIV,2016,520000,41000,Diesel,Individual,Manual,First Owner,3325,9,,Medium,0,Diesel_Manual,Maruti,12.68,1
CAR_003326,Tata Indigo LS,2012,150000,90000,Diesel,Individual,Manual,First Owner,3326,13,Low,,,Diesel_Manual,Tata,1.67,1
CAR_003327,Hyundai i10 Magna 1.1,2008,120000,90000,Petrol,Individual,Manual,First Owner,3327,17,Low,High,0,Petrol_Manual,Hyundai,1.33,0
CAR_003328,Hyundai i20 Asta Option 1.2,2016,600000,25000,Petrol,Individual,Manual,First Owner,3328,9,Mid,Low,0,Petrol_Manual,Hyundai,24,0
CAR_003329,Tata Xenon XT EX 4X4,2010,,70000,,Individual,Manual,Second Owner,3329,15,Low,,0,Diesel_Manual,Tata,2.14,1
CAR_003330,Volkswagen Vento Petrol Highline,2011,400000,60000,Petrol,Individual,Manual,First Owner,3330,14,Mid,Medium,0,Petrol_Manual,Volkswagen,6.67,0
CAR_003331,Maruti Alto 800 LXI,2015,310000,30000,,Individual,Manual,Second Owner,3331,10,Mid,Low,0,Petrol_Manual,Maruti,10.33,0
CAR_003332,Maruti Baleno Alpha 1.2,2015,550000,30000,Petrol,Individual,Manual,First Owner,3332,10,Mid,Low,0,Petrol_Manual,Maruti,18.33,0
CAR_003333,Hyundai i20 Asta Option 1.4 CRDi,2016,550000,60000,Diesel,Individual,Manual,First Owner,3333,9,Mid,Medium,0,Diesel_Manual,Hyundai,9.17,1
CAR_003334,Hyundai Grand i10 CRDi Magna,2013,320000,,Diesel,Individual,Manual,First Owner,3334,12,Mid,,0,Diesel_Manual,Hyundai,4.38,1
CAR_003335,Maruti 800 AC BSII,1992,50000,100000,Petrol,Individual,Manual,Fourth & Above Owner,3335,33,Low,High,0,Petrol_Manual,Maruti,0.5,0
CAR_003336,Hyundai Grand i10 1.2 Kappa Asta,2018,500000,32000,Petrol,Individual,,First Owner,3336,7,,Medium,0,Petrol_Manual,Hyundai,15.62,0
CAR_003337,Renault KWID RXT,2018,,26500,Petrol,Individual,Manual,First Owner,3337,7,Mid,,0,Petrol_Manual,Renault,13.58,0
CAR_003338,Maruti Vitara Brezza VDi Option,2017,700000,50000,Diesel,Individual,Manual,Second Owner,3338,8,High,Medium,0,Diesel_Manual,Maruti,14,1
CAR_003339,Maruti Ertiga VDI,2012,,110000,Diesel,Individual,Manual,Second Owner,3339,13,High,High,0,Diesel_Manual,Maruti,6.36,1
CAR_003340,Hyundai i20 1.4 Sportz,2017,,84000,Diesel,Dealer,Manual,First Owner,3340,8,High,,0,Diesel_Manual,Hyundai,7.8,1
CAR_003341,Maruti Vitara Brezza VDi Option,2017,700000,50000,Diesel,Individual,Manual,Second Owner,3341,8,High,Medium,0,Diesel_Manual,Maruti,14,1
CAR_003342,Chevrolet Beat LT LPG,2011,200000,,LPG,Individual,Manual,First Owner,3342,14,Low,High,0,LPG_Manual,Chevrolet,1.82,0
CAR_003343,Renault Duster 85PS Diesel RxL Optional,2012,375000,150000,Diesel,Individual,Manual,First Owner,3343,13,Mid,,0,Diesel_Manual,Renault,2.5,1
CAR_003344,Hyundai Verna 1.6 SX,2012,470000,109052,,Dealer,Manual,First Owner,3344,13,,High,,Diesel_Manual,Hyundai,4.31,1
CAR_003345,Maruti Ciaz VDi,2015,550000,90658,Diesel,Dealer,Manual,First Owner,3345,10,Mid,High,0,Diesel_Manual,Maruti,6.07,1
CAR_003346,Honda Amaze VX i-DTEC,2014,500000,110000,Diesel,Individual,Manual,Second Owner,3346,11,Mid,High,0,Diesel_Manual,Honda,4.55,1
CAR_003347,Datsun GO T Option BSIV,2015,,25000,Petrol,Individual,,First Owner,3347,10,Low,Low,0,Petrol_Manual,Datsun,8.4,0
CAR_003348,Maruti Eeco 7 Seater Standard BSIV,2018,270000,20000,Petrol,Individual,,First Owner,3348,7,Low,Low,,Petrol_Manual,Maruti,13.5,0
CAR_003349,Skoda Superb 1.8 TFSI MT,2010,300000,80000,,Individual,Manual,First Owner,3349,15,,High,0,Petrol_Manual,Skoda,3.75,0
CAR_003350,Maruti Wagon R VXI Minor,2007,80000,60000,Petrol,Individual,Manual,Third Owner,3350,18,Low,Medium,0,Petrol_Manual,Maruti,1.33,0
CAR_003351,Mercedes-Benz E-Class E250 Edition E,2013,1451000,81000,,Dealer,Automatic,First Owner,3351,12,Premium,High,0,Diesel_Automatic,Mercedes-Benz,17.91,1
CAR_003352,Tata Safari Storme VX Varicor 400,2018,1085000,15000,Diesel,Individual,Manual,First Owner,3352,7,Premium,Low,0,Diesel_Manual,Tata,72.33,1
CAR_003353,Hyundai Verna SX AT Diesel,2009,245000,75000,Diesel,Dealer,Automatic,First Owner,3353,16,Low,High,0,Diesel_Automatic,Hyundai,3.27,1
CAR_003354,Honda WR-V i-VTEC VX,2017,700000,25552,Petrol,Dealer,Manual,Second Owner,3354,8,High,Low,0,Petrol_Manual,Honda,27.4,0
CAR_003355,Hyundai EON Magna Plus,2018,300000,20000,Petrol,Individual,Manual,First Owner,3355,7,Low,Low,0,Petrol_Manual,Hyundai,15,0
CAR_003356,Hyundai Xcent 1.2 CRDi E,2017,350000,80000,Diesel,Individual,Manual,First Owner,3356,8,Mid,High,0,Diesel_Manual,Hyundai,4.38,1
CAR_003357,Hyundai Elite i20 Asta Option CVT BSIV,2017,635000,25000,Petrol,Dealer,Automatic,First Owner,3357,8,High,Low,,Petrol_Automatic,Hyundai,25.4,0
CAR_003358,Honda City S,2012,325000,40700,Petrol,Individual,Manual,First Owner,3358,13,Mid,Medium,,Petrol_Manual,Honda,7.99,0
CAR_003359,Mahindra XUV500 AT W10 1.99 mHawk,2017,,65500,Diesel,Dealer,,First Owner,3359,8,Premium,Medium,0,Diesel_Automatic,Mahindra,17.56,1
CAR_003360,Tata Indigo GLE BSIII,2008,110000,42000,,Dealer,Manual,First Owner,3360,17,Low,Medium,0,Petrol_Manual,Tata,2.62,0
CAR_003361,Honda City 1.5 V MT,2018,890000,8000,Petrol,Dealer,Manual,First Owner,3361,7,High,Low,0,Petrol_Manual,Honda,111.25,0
CAR_003362,Maruti Swift 1.3 LXI,2007,73000,80000,Petrol,Individual,Manual,Second Owner,3362,18,Low,High,0,Petrol_Manual,Maruti,0.91,0
CAR_003363,Chevrolet Beat PS,2014,170000,77000,Petrol,Individual,Manual,First Owner,3363,11,,High,0,Petrol_Manual,Chevrolet,2.21,0
CAR_003364,Maruti Ciaz ZXi Plus,2016,750000,,Petrol,Dealer,Manual,First Owner,3364,9,High,Low,0,Petrol_Manual,Maruti,125,0
CAR_003365,Hyundai EON 1.0 Era Plus,2017,280000,28838,Petrol,Individual,Manual,First Owner,3365,8,Low,Low,0,Petrol_Manual,Hyundai,9.71,0
CAR_003366,Maruti Baleno Alpha 1.2,2018,690000,11174,Petrol,Dealer,Manual,First Owner,3366,7,High,Low,0,Petrol_Manual,Maruti,61.75,0
CAR_003367,Tata Indigo GLS,2008,130000,120000,,Individual,Manual,First Owner,3367,17,Low,High,0,Petrol_Manual,Tata,1.08,0
CAR_003368,Maruti Swift 1.3 LXI,2007,73000,80000,Petrol,Individual,Manual,Second Owner,3368,18,Low,High,,Petrol_Manual,Maruti,0.91,0
CAR_003369,Hyundai Santro Xing GLS,2007,85000,,Petrol,Individual,,Second Owner,3369,18,Low,High,0,Petrol_Manual,Hyundai,1,0
CAR_003370,Hyundai Elantra 2.0 SX AT,2018,1575000,,Petrol,Individual,Automatic,First Owner,3370,7,Premium,,0,Petrol_Automatic,Hyundai,157.5,0
CAR_003371,Nissan Sunny Diesel XV,2013,325000,105000,Diesel,Individual,Manual,First Owner,3371,12,Mid,High,0,Diesel_Manual,Nissan,3.1,1
CAR_003372,Honda City 1.3 EXI,1998,85000,120000,Petrol,Individual,Manual,Second Owner,3372,27,Low,High,,Petrol_Manual,Honda,0.71,0
CAR_003373,Hyundai Verna 1.6 CRDI SX Option,2018,860000,30000,Diesel,Dealer,Manual,Second Owner,3373,7,High,,,Diesel_Manual,Hyundai,28.67,1
CAR_003374,Maruti S-Cross Sigma DDiS 200 SH,2017,690000,41000,Diesel,Individual,Manual,First Owner,3374,8,High,Medium,0,Diesel_Manual,Maruti,16.83,1
CAR_003375,Hyundai Elantra CRDi S,2013,650000,54000,Diesel,Dealer,Manual,First Owner,3375,12,,,0,Diesel_Manual,Hyundai,12.04,1
CAR_003376,Chevrolet Sail LS ABS,2014,375000,40000,Diesel,Individual,Manual,First Owner,3376,11,,Medium,0,Diesel_Manual,Chevrolet,9.38,1
CAR_003377,Hyundai Verna 1.6 SX CRDi (O),2013,525000,71000,Diesel,Dealer,Manual,First Owner,3377,12,,High,0,Diesel_Manual,Hyundai,7.39,1
CAR_003378,Maruti Eeco Smiles 5 Seater AC,2016,330000,72500,Petrol,Dealer,Manual,First Owner,3378,9,Mid,High,0,Petrol_Manual,Maruti,4.55,0
CAR_003379,Maruti Eeco Smiles 5 Seater AC,2013,280000,76600,Petrol,Dealer,,First Owner,3379,12,Low,High,0,Petrol_Manual,Maruti,3.66,0
CAR_003380,Maruti Swift ZXI,2014,,,Petrol,Individual,Manual,First Owner,3380,11,,Medium,0,Petrol_Manual,Maruti,11.75,0
CAR_003381,Volkswagen Polo Diesel Trendline 1.2L,2011,350000,110000,,Individual,Manual,First Owner,3381,14,Mid,High,0,Diesel_Manual,Volkswagen,3.18,1
CAR_003382,Honda City 1.5 V Elegance,2012,480000,63000,Petrol,Dealer,Manual,First Owner,3382,13,,Medium,0,Petrol_Manual,Honda,7.62,0
CAR_003383,Hyundai Verna 1.6 CRDi SX,2016,620000,60000,Diesel,Individual,,First Owner,3383,9,High,Medium,0,Diesel_Manual,Hyundai,10.33,1
CAR_003384,Datsun GO T BSIV,2014,250000,,Petrol,Individual,Manual,First Owner,3384,11,Low,Medium,0,Petrol_Manual,Datsun,4.31,0
CAR_003385,Chevrolet Spark 1.0,2010,78692,80000,Petrol,Individual,Manual,Second Owner,3385,15,Low,High,0,Petrol_Manual,Chevrolet,0.98,0
CAR_003386,Hyundai i20 Magna Optional 1.4 CRDi,2012,350000,80000,Diesel,Individual,Manual,First Owner,3386,13,Mid,High,,Diesel_Manual,Hyundai,4.38,1
CAR_003387,Maruti Wagon R LX Minor,2013,250000,70000,Petrol,Individual,Manual,Second Owner,3387,12,Low,Medium,0,Petrol_Manual,Maruti,3.57,0
CAR_003388,Hyundai i20 1.2 Sportz,2011,260000,97700,,Individual,Manual,Fourth & Above Owner,3388,14,Low,High,0,Petrol_Manual,Hyundai,2.66,0
CAR_003389,Honda Mobilio S i DTEC,2016,640000,36000,Diesel,Individual,Manual,Second Owner,3389,9,,Medium,0,Diesel_Manual,Honda,17.78,1
CAR_003390,Tata New Safari DICOR 2.2 EX 4x2,2008,220000,90000,Diesel,Individual,Manual,Second Owner,3390,17,Low,High,0,Diesel_Manual,Tata,2.44,1
CAR_003391,Volkswagen Vento 1.5 TDI Highline,2015,465000,130000,Diesel,Individual,,First Owner,3391,10,Mid,High,0,Diesel_Manual,Volkswagen,3.58,1
CAR_003392,Maruti Swift Vdi BSIII,2010,229999,120000,Diesel,Individual,Manual,Second Owner,3392,15,Low,High,0,Diesel_Manual,Maruti,1.92,1
CAR_003393,Maruti Wagon R VXI BS IV,2018,425000,15000,,Individual,Manual,First Owner,3393,7,Mid,Low,0,Petrol_Manual,Maruti,28.33,0
CAR_003394,Tata Indica GLS BS IV,2008,95000,120000,Petrol,Individual,Manual,Third Owner,3394,17,Low,High,0,Petrol_Manual,Tata,0.79,0
CAR_003395,Hyundai EON LPG Magna Plus,2012,170000,,LPG,Individual,Manual,Third Owner,3395,13,Low,Very High,0,LPG_Manual,Hyundai,1,0
CAR_003396,Datsun RediGO T Option,2016,229999,37500,Petrol,Individual,Manual,Second Owner,3396,9,Low,Medium,0,Petrol_Manual,Datsun,6.13,0
CAR_003397,Maruti 800 Std,1999,45000,50000,Petrol,Individual,Manual,Third Owner,3397,26,Low,Medium,0,Petrol_Manual,Maruti,0.9,0
CAR_003398,Maruti Grand Vitara MT,2007,479000,145000,Petrol,Individual,Manual,Third Owner,3398,18,Mid,High,0,Petrol_Manual,Maruti,3.3,0
CAR_003399,Mahindra KUV 100 mFALCON G80 K8 5str,2016,370000,60000,Petrol,Individual,Manual,First Owner,3399,9,Mid,Medium,0,Petrol_Manual,Mahindra,6.17,0
CAR_003400,Hyundai EON Sportz,2016,340000,30000,Petrol,Individual,Manual,First Owner,3400,9,,Low,,Petrol_Manual,Hyundai,11.33,0
CAR_003401,Maruti Swift Dzire ZXI,2016,620000,35000,Petrol,Individual,,First Owner,3401,9,High,Medium,0,Petrol_Manual,Maruti,17.71,0
CAR_003402,Tata Manza Club Class Quadrajet90 EX,2012,270000,60000,Diesel,Individual,Manual,First Owner,3402,13,Low,Medium,,Diesel_Manual,Tata,4.5,1
CAR_003403,Tata Tiago 1.05 Revotorq XZ Plus,2018,400000,,Diesel,Individual,Manual,First Owner,3403,7,,Medium,0,Diesel_Manual,Tata,11.43,1
CAR_003404,Maruti Wagon R VXI Optional,2015,260000,40000,Petrol,Individual,Manual,First Owner,3404,10,Low,Medium,0,Petrol_Manual,Maruti,6.5,0
CAR_003405,Hyundai Santro LE zipPlus,2003,48000,50000,Petrol,Individual,Manual,Fourth & Above Owner,3405,22,Low,Medium,0,Petrol_Manual,Hyundai,0.96,0
CAR_003406,Tata Nano Twist XE,2015,100000,23800,Petrol,Individual,Manual,Second Owner,3406,10,Low,Low,0,Petrol_Manual,Tata,4.2,0
CAR_003407,Nissan Terrano XL Plus 85 PS,2015,,70000,Diesel,Individual,Manual,First Owner,3407,10,Mid,Medium,0,Diesel_Manual,Nissan,7,1
CAR_003408,Maruti Wagon R Duo Lxi,2010,120000,90000,LPG,Individual,,Second Owner,3408,15,Low,,0,LPG_Manual,Maruti,1.33,0
CAR_003409,Hyundai i10 Era,2008,125000,102000,Petrol,Individual,Manual,Second Owner,3409,17,Low,High,0,Petrol_Manual,Hyundai,1.23,0
CAR_003410,Hyundai EON Era Plus,2013,160000,80000,Petrol,Individual,Manual,First Owner,3410,12,,,0,Petrol_Manual,Hyundai,2,0
CAR_003411,Maruti Alto 800 LXI,2019,190000,5000,Petrol,Individual,Manual,First Owner,3411,6,Low,Low,0,Petrol_Manual,Maruti,38,0
CAR_003412,Tata Harrier XZ BSIV,2019,1700000,10000,,Individual,Manual,First Owner,3412,6,Premium,Low,0,Diesel_Manual,Tata,170,1
CAR_003413,Hyundai i10 Sportz,2011,250000,50000,Petrol,Individual,Manual,First Owner,3413,14,Low,Medium,0,Petrol_Manual,Hyundai,5,0
CAR_003414,Maruti Ignis 1.2 Delta BSIV,2019,500000,15000,Petrol,Individual,Manual,First Owner,3414,6,Mid,Low,0,Petrol_Manual,Maruti,33.33,0
CAR_003415,Toyota Corolla Altis 1.8 J,2008,400000,35000,Petrol,Individual,Manual,Second Owner,3415,17,,Medium,,Petrol_Manual,Toyota,11.43,0
CAR_003416,Fiat Linea T Jet Plus,2011,500000,20000,Petrol,Individual,Manual,First Owner,3416,14,Mid,Low,0,Petrol_Manual,Fiat,25,0
CAR_003417,Toyota Fortuner 4x2 AT,2014,1800000,99000,Diesel,Individual,Automatic,First Owner,3417,11,Premium,High,0,Diesel_Automatic,Toyota,18.18,1
CAR_003418,Honda Civic 1.8 V MT,2008,320000,90000,,Individual,Manual,First Owner,3418,17,,High,0,Petrol_Manual,Honda,3.56,0
CAR_003419,Honda Civic 1.8 S AT,2007,250000,47000,Petrol,Dealer,Automatic,First Owner,3419,18,Low,Medium,0,Petrol_Automatic,Honda,5.32,0
CAR_003420,Ford Figo Diesel Titanium,2010,105000,90000,Diesel,Individual,Manual,Third Owner,3420,15,Low,High,0,Diesel_Manual,Ford,1.17,1
CAR_003421,Hyundai i20 Active 1.2 SX,2018,550000,20000,Petrol,Individual,Manual,First Owner,3421,7,Mid,Low,0,Petrol_Manual,Hyundai,27.5,0
CAR_003422,Hyundai Grand i10 1.2 Kappa Sportz AT,2019,600000,1100,Petrol,Individual,,First Owner,3422,6,Mid,Low,0,Petrol_Automatic,Hyundai,545.45,0
CAR_003423,Maruti Alto 800 VXI,2020,210000,40000,Petrol,Individual,Manual,First Owner,3423,5,,Medium,0,Petrol_Manual,Maruti,5.25,0
CAR_003424,Maruti Alto 800 LXI Airbag,2012,210000,15000,,Individual,Manual,First Owner,3424,13,Low,Low,,Petrol_Manual,Maruti,14,0
CAR_003425,Maruti Alto LXi,2009,150000,40000,Petrol,Individual,Manual,First Owner,3425,16,Low,Medium,0,Petrol_Manual,Maruti,3.75,0
CAR_003426,Hyundai i10 Era 1.1,2008,125000,60000,Petrol,Individual,Manual,First Owner,3426,17,Low,Medium,0,Petrol_Manual,Hyundai,2.08,0
CAR_003427,Maruti Celerio VXI,2016,380000,20000,Petrol,Individual,Manual,First Owner,3427,9,Mid,Low,0,Petrol_Manual,Maruti,19,0
CAR_003428,Maruti Baleno Delta 1.2,2019,600000,5000,Petrol,Individual,Manual,First Owner,3428,6,Mid,Low,0,Petrol_Manual,Maruti,120,0
CAR_003429,Maruti Swift VXI Deca,2016,490000,27000,Petrol,Individual,Manual,First Owner,3429,9,,Low,0,Petrol_Manual,Maruti,18.15,0
CAR_003430,Maruti Swift Dzire LDI,2018,545000,38000,Diesel,Individual,Manual,Second Owner,3430,7,Mid,Medium,0,Diesel_Manual,Maruti,14.34,1
CAR_003431,Maruti Wagon R VXI BS IV,2015,250000,,,Individual,Manual,First Owner,3431,10,Low,,0,Petrol_Manual,Maruti,10,0
CAR_003432,Hyundai Venue SX Opt Turbo BSIV,2020,1050000,1100,Petrol,Individual,Manual,First Owner,3432,5,Premium,Low,0,Petrol_Manual,Hyundai,954.55,0
CAR_003433,Maruti Wagon R LX Minor,2007,100000,100000,Petrol,Individual,,First Owner,3433,18,,High,0,Petrol_Manual,Maruti,1,0
CAR_003434,Ford Figo Diesel ZXI,2014,250000,100000,Diesel,Individual,Manual,Second Owner,3434,11,Low,High,0,Diesel_Manual,Ford,2.5,1
CAR_003435,Maruti Wagon R LX BSIII,2007,100000,110000,Petrol,Individual,Manual,First Owner,3435,18,Low,High,0,Petrol_Manual,Maruti,0.91,0
CAR_003436,Ford Figo 1.5D Ambiente ABS MT,2016,350000,60000,Diesel,Individual,Manual,Second Owner,3436,9,Mid,Medium,0,Diesel_Manual,Ford,5.83,1
CAR_003437,Renault Duster 110PS Diesel RxZ Plus,2012,370000,70000,Diesel,Individual,Manual,Second Owner,3437,13,Mid,,0,Diesel_Manual,Renault,5.29,1
CAR_003438,Maruti Zen VXi - BS III,2004,121000,110000,Petrol,Individual,Manual,Second Owner,3438,21,Low,High,0,Petrol_Manual,Maruti,1.1,0
CAR_003439,Ford Figo Aspire 1.5 Ti-VCT Titanium,2017,570000,44077,Petrol,Dealer,Automatic,First Owner,3439,8,Mid,Medium,0,Petrol_Automatic,Ford,12.93,0
CAR_003440,Maruti Ertiga SHVS VDI,2017,785000,24000,Diesel,Individual,Manual,First Owner,3440,8,High,Low,0,Diesel_Manual,Maruti,32.71,1
CAR_003441,Maruti Ciaz S 1.3,2018,850000,30000,Diesel,Individual,Manual,First Owner,3441,7,High,Low,0,Diesel_Manual,Maruti,28.33,1
CAR_003442,Maruti Wagon R VXI BS IV,2016,375000,30000,Petrol,Individual,Manual,Second Owner,3442,9,,Low,,Petrol_Manual,Maruti,12.5,0
CAR_003443,Maruti Baleno Alpha 1.2,2017,619000,40000,Petrol,Individual,Manual,First Owner,3443,8,High,Medium,0,Petrol_Manual,Maruti,15.48,0
CAR_003444,Chevrolet Cruze LTZ,2011,335000,90000,Diesel,Individual,Manual,Second Owner,3444,14,Mid,High,0,Diesel_Manual,Chevrolet,3.72,1
CAR_003445,Toyota Innova 2.5 G (Diesel) 8 Seater BS IV,2006,500000,50000,Diesel,Individual,Manual,First Owner,3445,19,Mid,Medium,0,Diesel_Manual,Toyota,10,1
CAR_003446,Maruti Wagon R LX,2003,60000,100000,Petrol,Individual,Manual,Second Owner,3446,22,Low,High,0,Petrol_Manual,Maruti,0.6,0
CAR_003447,Maruti Zen Estilo VXI BSIV,2010,130000,50000,Petrol,Individual,Manual,Second Owner,3447,15,Low,Medium,0,Petrol_Manual,Maruti,2.6,0
CAR_003448,Mahindra Ingenio CRDe,2015,210000,210000,Diesel,Individual,Manual,First Owner,3448,10,Low,,0,Diesel_Manual,Mahindra,1,1
CAR_003449,Toyota Innova Crysta 2.4 VX MT 8S BSIV,2019,1900000,20000,Diesel,Individual,,First Owner,3449,6,Premium,Low,0,Diesel_Manual,Toyota,95,1
CAR_003450,Tata Indigo TDI,2013,270000,70000,Diesel,Individual,,Second Owner,3450,12,Low,Medium,0,Diesel_Manual,Tata,3.86,1
CAR_003451,Maruti Wagon R LXI Minor,2010,225000,,Petrol,Individual,Manual,Second Owner,3451,15,,High,0,Petrol_Manual,Maruti,2.25,0
CAR_003452,Maruti SX4 ZXI MT BSIV,2011,,160000,Petrol,Individual,Manual,Second Owner,3452,14,Low,Very High,0,Petrol_Manual,Maruti,0.94,0
CAR_003453,Chevrolet Beat Diesel LT,2013,173000,70000,Diesel,Individual,Manual,First Owner,3453,12,Low,Medium,0,Diesel_Manual,Chevrolet,2.47,1
CAR_003454,BMW 5 Series 520d Luxury Line,2018,4800000,9422,Diesel,Individual,Automatic,First Owner,3454,7,Premium,Low,,Diesel_Automatic,BMW,509.45,1
CAR_003455,Volkswagen Vento 1.5 Highline Plus AT 16 Alloy,2017,710000,110000,Diesel,Individual,Automatic,First Owner,3455,8,High,High,0,Diesel_Automatic,Volkswagen,6.45,1
CAR_003456,Toyota Corolla Altis 1.8 GL,2019,1500000,20000,Petrol,Individual,Manual,First Owner,3456,6,,Low,,Petrol_Manual,Toyota,75,0
CAR_003457,Maruti Baleno Zeta 1.2,2017,550000,20000,,Individual,Manual,First Owner,3457,8,Mid,Low,0,Petrol_Manual,Maruti,27.5,0
CAR_003458,Maruti 800 AC BSIII,2008,58000,70000,Petrol,Individual,Manual,Second Owner,3458,17,Low,Medium,0,Petrol_Manual,Maruti,0.83,0
CAR_003459,Audi A4 1.8 TFSI,2012,1200000,60000,Petrol,Individual,Automatic,Third Owner,3459,13,Premium,Medium,0,Petrol_Automatic,Audi,20,0
CAR_003460,Mahindra Scorpio M2DI,2013,500000,150000,Diesel,Individual,Manual,First Owner,3460,12,Mid,High,0,Diesel_Manual,Mahindra,3.33,1
CAR_003461,Maruti Swift LXi BSIV,2009,120000,83000,Petrol,Individual,Manual,Second Owner,3461,16,Low,High,0,Petrol_Manual,Maruti,1.45,0
CAR_003462,Toyota Innova 2.5 EV Diesel PS 7 Seater BSIII,2012,300000,250000,Diesel,Individual,Manual,First Owner,3462,13,Low,Very High,0,Diesel_Manual,Toyota,1.2,1
CAR_003463,Hyundai EON Era Plus,2018,300000,30000,,Individual,,First Owner,3463,7,Low,,0,Petrol_Manual,Hyundai,10,0
CAR_003464,Datsun GO Plus T Option BSIV,2015,295000,,Petrol,Individual,Manual,First Owner,3464,10,Low,Low,0,Petrol_Manual,Datsun,14.05,0
CAR_003465,Maruti Ertiga VXI CNG,2018,587000,80000,CNG,Individual,Manual,First Owner,3465,7,Mid,High,0,CNG_Manual,Maruti,7.34,0
CAR_003466,Ambassador Grand 1800 ISZ MPFI PW CL,2012,430000,50000,Petrol,Individual,Manual,Second Owner,3466,13,Mid,Medium,0,Petrol_Manual,Ambassador,8.6,0
CAR_003467,Hyundai Verna i (Petrol),2007,123000,50000,Petrol,Individual,Manual,Second Owner,3467,18,Low,Medium,0,Petrol_Manual,Hyundai,2.46,0
CAR_003468,Skoda Laura Ambiente 2.0 TDI CR AT,2012,450000,48500,Diesel,Individual,Automatic,Second Owner,3468,13,Mid,Medium,0,Diesel_Automatic,Skoda,9.28,1
CAR_003469,Maruti Wagon R LXI Minor,2007,130000,60000,,Individual,Manual,Third Owner,3469,18,Low,Medium,0,Petrol_Manual,Maruti,2.17,0
CAR_003470,Tata Indica Vista Aqua 1.4 TDI,2010,110000,90000,Diesel,Individual,Manual,Second Owner,3470,15,Low,High,0,Diesel_Manual,Tata,1.22,1
CAR_003471,Mahindra Xylo Celebration Edition BSIV,2010,200000,240000,Diesel,Individual,Manual,Third Owner,3471,15,Low,Very High,0,Diesel_Manual,Mahindra,0.83,1
CAR_003472,Hyundai Grand i10 Magna,2015,320000,70000,Petrol,Individual,Manual,Second Owner,3472,10,Mid,Medium,0,Petrol_Manual,Hyundai,4.57,0
CAR_003473,Maruti Wagon R LXI BS IV,2014,300000,,,Individual,Manual,First Owner,3473,11,Low,Medium,0,Petrol_Manual,Maruti,6,0
CAR_003474,Volkswagen CrossPolo 1.2 MPI,2016,350000,110000,Petrol,Individual,Manual,First Owner,3474,9,Mid,,0,Petrol_Manual,Volkswagen,3.18,0
CAR_003475,Maruti Ertiga VXI Petrol,2018,800000,50000,,Individual,Manual,First Owner,3475,7,High,Medium,0,Petrol_Manual,Maruti,16,0
CAR_003476,Hyundai Xcent 1.1 CRDi S,2016,270000,175000,Diesel,Individual,Manual,First Owner,3476,9,Low,Very High,0,Diesel_Manual,Hyundai,1.54,1
CAR_003477,Hyundai i20 1.2 Magna Executive,2017,540000,60000,Petrol,Individual,Manual,First Owner,3477,8,Mid,Medium,0,Petrol_Manual,Hyundai,9,0
CAR_003478,Maruti Wagon R LXI CNG,2011,160000,60000,CNG,Individual,Manual,Second Owner,3478,14,Low,Medium,0,CNG_Manual,Maruti,2.67,0
CAR_003479,Maruti SX4 VDI,2013,340000,100000,Diesel,Individual,Manual,Second Owner,3479,12,Mid,High,0,Diesel_Manual,Maruti,3.4,1
CAR_003480,Maruti Eeco 5 Seater AC BSIV,2017,350000,,Petrol,Individual,Manual,Second Owner,3480,8,,,0,Petrol_Manual,Maruti,8.75,0
CAR_003481,Volkswagen Vento Diesel Style Limited Edition,2011,300000,100000,Diesel,Individual,Manual,First Owner,3481,14,Low,High,0,Diesel_Manual,Volkswagen,3,1
CAR_003482,Maruti Ritz VDi,2013,330000,63000,Diesel,Individual,,First Owner,3482,12,Mid,Medium,0,Diesel_Manual,Maruti,5.24,1
CAR_003483,Maruti Wagon R LXI CNG,2016,325000,80000,CNG,Individual,Manual,Second Owner,3483,9,Mid,High,0,CNG_Manual,Maruti,4.06,0
CAR_003484,Maruti Swift Dzire VDI,2013,250000,55000,,Individual,Manual,First Owner,3484,12,Low,Medium,0,Diesel_Manual,Maruti,4.55,1
CAR_003485,Maruti Swift Star VDI,2013,250000,55000,Diesel,Individual,,First Owner,3485,12,Low,Medium,0,Diesel_Manual,Maruti,4.55,1
CAR_003486,Chevrolet Beat LT Option,2015,240000,,Petrol,Individual,,First Owner,3486,10,Low,Medium,0,Petrol_Manual,Chevrolet,4,0
CAR_003487,Hyundai Grand i10 1.2 Kappa Magna BSIV,2020,545000,5000,,Individual,,First Owner,3487,5,,,0,Petrol_Manual,Hyundai,109,0
CAR_003488,Hyundai i10 Magna 1.1 iTech SE,2015,300000,48000,,Dealer,Manual,First Owner,3488,10,Low,Medium,0,Petrol_Manual,Hyundai,6.25,0
CAR_003489,Chevrolet Beat LT,2010,130000,80000,Petrol,Individual,Manual,Second Owner,3489,15,Low,High,0,Petrol_Manual,Chevrolet,1.62,0
CAR_003490,Renault KWID RXT,2017,,50000,Petrol,Individual,Manual,First Owner,3490,8,,Medium,0,Petrol_Manual,Renault,4.8,0
CAR_003491,Renault KWID 1.0 RXT Optional,2018,360000,15000,Petrol,Individual,Manual,First Owner,3491,7,Mid,Low,0,Petrol_Manual,Renault,24,0
CAR_003492,Hyundai i20 1.4 CRDi Magna,2012,250000,70000,Diesel,Individual,Manual,First Owner,3492,13,Low,,0,Diesel_Manual,Hyundai,3.57,1
CAR_003493,Skoda Laura Elegance 2.0 TDI CR AT,2019,475000,105000,Diesel,Dealer,Automatic,First Owner,3493,6,Mid,High,0,Diesel_Automatic,Skoda,4.52,1
CAR_003494,Hyundai i20 Asta Option 1.4 CRDi,2016,600000,50000,Diesel,Individual,Manual,Second Owner,3494,9,Mid,Medium,0,Diesel_Manual,Hyundai,12,1
CAR_003495,Tata Indigo CR4,2010,,80000,Diesel,Individual,Manual,Second Owner,3495,15,Low,,0,Diesel_Manual,Tata,1.88,1
CAR_003496,Ford EcoSport 1.5 Diesel Trend BSIV,2017,700000,50000,Diesel,Individual,Manual,First Owner,3496,8,High,Medium,0,Diesel_Manual,Ford,14,1
CAR_003497,Mahindra XUV500 W6 2WD,2016,1290000,5000,Diesel,Individual,Manual,First Owner,3497,9,Premium,Low,0,Diesel_Manual,Mahindra,258,1
CAR_003498,Hyundai Santro Xing XG,2004,80000,58000,,Individual,Manual,First Owner,3498,21,Low,Medium,0,Petrol_Manual,Hyundai,1.38,0
CAR_003499,Hyundai Grand i10 Sportz,2015,425000,12000,Petrol,Individual,Manual,First Owner,3499,10,Mid,Low,0,Petrol_Manual,Hyundai,35.42,0
CAR_003500,Maruti Celerio ZXI AMT BSIV,2018,500000,10000,Petrol,Individual,Automatic,First Owner,3500,7,Mid,Low,0,Petrol_Automatic,Maruti,50,0
CAR_003501,Hyundai Santro Xing GLS,2012,193000,45000,Petrol,Individual,Manual,Second Owner,3501,13,Low,Medium,0,Petrol_Manual,Hyundai,4.29,0
CAR_003502,Honda City i VTEC V,2015,800000,10000,Petrol,Individual,Manual,First Owner,3502,10,High,Low,0,Petrol_Manual,Honda,80,0
CAR_003503,Maruti Wagon R LXI Minor,2008,150000,50000,Petrol,Individual,Manual,First Owner,3503,17,Low,Medium,0,Petrol_Manual,Maruti,3,0
CAR_003504,Maruti 800 AC,2002,80000,,Petrol,Individual,,Fourth & Above Owner,3504,23,,Medium,0,Petrol_Manual,Maruti,2,0
CAR_003505,Ford Figo Diesel EXI,2010,130000,100000,Diesel,Individual,Manual,Third Owner,3505,15,Low,High,0,Diesel_Manual,Ford,1.3,1
CAR_003506,Ford Figo Diesel EXI,2012,280000,80000,Diesel,Individual,Manual,Second Owner,3506,13,Low,High,0,Diesel_Manual,Ford,3.5,1
CAR_003507,Mahindra Xylo D2 BS IV,2011,229999,110000,Diesel,Individual,Manual,Second Owner,3507,14,Low,High,0,Diesel_Manual,Mahindra,2.09,1
CAR_003508,Maruti Zen Estilo VXI BSIII,2008,80000,120000,Petrol,Individual,Manual,First Owner,3508,17,Low,High,0,Petrol_Manual,Maruti,0.67,0
CAR_003509,Tata Nano Cx BSIII,2010,70000,10000,Petrol,Individual,Manual,First Owner,3509,15,Low,Low,,Petrol_Manual,Tata,7,0
CAR_003510,Maruti Ritz VDi,2013,240000,60000,Diesel,Individual,Manual,Second Owner,3510,12,Low,Medium,0,Diesel_Manual,Maruti,4,1
CAR_003511,Mahindra Xylo E8,2010,380000,72000,Diesel,Individual,Manual,Second Owner,3511,15,,High,0,Diesel_Manual,Mahindra,5.28,1
CAR_003512,Maruti Ritz VDi,2013,240000,60000,Diesel,Individual,,Second Owner,3512,12,Low,Medium,0,Diesel_Manual,Maruti,4,1
CAR_003513,Hyundai Santro Xing XO,2006,80000,110000,Petrol,Individual,Manual,First Owner,3513,19,Low,High,0,Petrol_Manual,Hyundai,0.73,0
CAR_003514,Hyundai i10 Era,2013,265000,50000,Petrol,Individual,Manual,First Owner,3514,12,Low,Medium,0,Petrol_Manual,Hyundai,5.3,0
CAR_003515,Hyundai EON Magna Plus Option,2018,320000,25000,Petrol,Individual,Manual,First Owner,3515,7,Mid,Low,0,Petrol_Manual,Hyundai,12.8,0
CAR_003516,Nissan Terrano XL 110 PS,2014,500000,120000,Diesel,Individual,Manual,Third Owner,3516,11,Mid,High,0,Diesel_Manual,Nissan,4.17,1
CAR_003517,Hyundai Creta 1.6 CRDi SX Option,2016,1300000,55000,Diesel,Individual,Manual,First Owner,3517,9,Premium,Medium,0,Diesel_Manual,Hyundai,23.64,1
CAR_003518,Mahindra Scorpio S11 BSIV,2018,1500000,35000,Diesel,Individual,Manual,First Owner,3518,7,Premium,Medium,0,Diesel_Manual,Mahindra,42.86,1
CAR_003519,Toyota Innova Crysta 2.8 ZX AT BSIV,2016,1800000,110000,,Individual,Automatic,First Owner,3519,9,Premium,High,0,Diesel_Automatic,Toyota,16.36,1
CAR_003520,Mahindra XUV500 W6 2WD,2014,600000,80000,Diesel,Individual,Manual,Second Owner,3520,11,Mid,High,0,Diesel_Manual,Mahindra,7.5,1
CAR_003521,Tata Tiago 1.2 Revotron XT,2018,420000,80000,Petrol,Individual,,First Owner,3521,7,Mid,High,0,Petrol_Manual,Tata,5.25,0
CAR_003522,Maruti Zen Estilo LXI BS IV,2009,140000,120000,Petrol,Individual,Manual,First Owner,3522,16,Low,High,,Petrol_Manual,Maruti,1.17,0
CAR_003523,Skoda Laura Ambiente 2.0 TDI CR MT,2010,300000,100000,Diesel,Individual,Manual,Second Owner,3523,15,Low,High,0,Diesel_Manual,Skoda,3,1
CAR_003524,Hyundai Santro Xing XL eRLX Euro III,2006,100000,60000,Petrol,Dealer,Manual,Second Owner,3524,19,Low,Medium,0,Petrol_Manual,Hyundai,1.67,0
CAR_003525,Maruti Alto K10 VXI,2017,350000,25000,Petrol,Dealer,Manual,First Owner,3525,8,Mid,Low,0,Petrol_Manual,Maruti,14,0
CAR_003526,Ford EcoSport 1.5 Ti VCT MT Titanium BE BSIV,2018,850000,19000,Petrol,Dealer,,First Owner,3526,7,High,Low,0,Petrol_Manual,Ford,44.74,0
CAR_003527,Maruti Alto LX,2008,140000,54000,Petrol,Dealer,Manual,First Owner,3527,17,Low,Medium,0,Petrol_Manual,Maruti,2.59,0
CAR_003528,Ford Aspire Titanium Plus BSIV,2015,550000,17100,Petrol,Dealer,Manual,Second Owner,3528,10,Mid,Low,0,Petrol_Manual,Ford,32.16,0
CAR_003529,Hyundai Grand i10 Asta Option AT,2017,525000,19000,Petrol,Dealer,,First Owner,3529,8,Mid,Low,0,Petrol_Automatic,Hyundai,27.63,0
CAR_003530,Ford Ecosport 1.5 DV5 MT Titanium,2015,470000,146000,Diesel,Dealer,Manual,First Owner,3530,10,Mid,High,,Diesel_Manual,Ford,3.22,1
CAR_003531,Ford Endeavour 3.0L 4X4 AT,2013,900000,98000,Diesel,Dealer,Automatic,First Owner,3531,12,High,High,0,Diesel_Automatic,Ford,9.18,1
CAR_003532,Ford Endeavour 2.5L 4X2,2011,500000,224642,Diesel,Dealer,,Second Owner,3532,14,Mid,Very High,0,Diesel_Manual,Ford,2.23,1
CAR_003533,Maruti Zen LXI,1998,80000,120000,Petrol,Individual,Manual,Second Owner,3533,27,Low,High,0,Petrol_Manual,Maruti,0.67,0
CAR_003534,Mahindra Verito 1.5 D2 BSIII,2011,175000,175000,Diesel,Individual,Manual,First Owner,3534,14,Low,Very High,0,Diesel_Manual,Mahindra,1,1
CAR_003535,Mahindra XUV500 AT W10 AWD,2017,1350000,15000,Diesel,Individual,,Second Owner,3535,8,Premium,Low,0,Diesel_Automatic,Mahindra,90,1
CAR_003536,Renault Duster 110PS Diesel RxZ,2017,800000,50000,Diesel,Individual,Manual,First Owner,3536,8,High,Medium,0,Diesel_Manual,Renault,16,1
CAR_003537,Datsun RediGO 1.0 S,2017,250000,,Petrol,Individual,Manual,First Owner,3537,8,Low,Low,0,Petrol_Manual,Datsun,16.67,0
CAR_003538,Maruti Ignis 1.2 AMT Alpha BSIV,2018,700000,,,Individual,Automatic,First Owner,3538,7,High,Low,0,Petrol_Automatic,Maruti,28,0
CAR_003539,Tata Nexon 1.5 Revotorq XM,2019,800000,25000,Diesel,Individual,Manual,First Owner,3539,6,High,Low,0,Diesel_Manual,Tata,32,1
CAR_003540,Mahindra XUV500 W6 2WD,2013,,69000,Diesel,Individual,Manual,First Owner,3540,12,High,Medium,0,Diesel_Manual,Mahindra,9.57,1
CAR_003541,Maruti Swift VDI BSIV,2015,,60000,Diesel,Individual,Manual,Third Owner,3541,10,Mid,Medium,0,Diesel_Manual,Maruti,7.75,1
CAR_003542,Mahindra Scorpio 2.6 CRDe,2006,180000,222435,,Individual,Manual,Second Owner,3542,19,Low,Very High,0,Diesel_Manual,Mahindra,0.81,1
CAR_003543,Maruti Swift Dzire VDI,2017,600000,66000,Diesel,Individual,Manual,Third Owner,3543,8,Mid,Medium,0,Diesel_Manual,Maruti,9.09,1
CAR_003544,Ford Fiesta 1.4 ZXi Duratec,2010,150000,110000,Petrol,Individual,Manual,First Owner,3544,15,Low,High,0,Petrol_Manual,Ford,1.36,0
CAR_003545,Hyundai Verna 1.6 SX,2014,450000,78000,Diesel,Individual,Manual,Second Owner,3545,11,Mid,High,,Diesel_Manual,Hyundai,5.77,1
CAR_003546,Hyundai Elite i20 Sportz Plus BSIV,2019,721000,10000,,Individual,Manual,First Owner,3546,6,,Low,0,Petrol_Manual,Hyundai,72.1,0
CAR_003547,Maruti Swift 1.2 DLX,2018,300000,35000,Petrol,Individual,,First Owner,3547,7,Low,Medium,0,Petrol_Manual,Maruti,8.57,0
CAR_003548,Mahindra Scorpio BSIV,2019,1000000,10000,Diesel,Individual,Manual,First Owner,3548,6,,,0,Diesel_Manual,Mahindra,100,1
CAR_003549,Renault KWID RXT,2016,,40000,Petrol,Individual,Manual,First Owner,3549,9,Low,Medium,0,Petrol_Manual,Renault,7.5,0
CAR_003550,Mahindra Scorpio LX,2013,450000,120000,Diesel,Individual,Manual,First Owner,3550,12,Mid,High,0,Diesel_Manual,Mahindra,3.75,1
CAR_003551,Maruti Esteem AX,1997,,70000,Petrol,Individual,Automatic,First Owner,3551,28,Low,Medium,0,Petrol_Automatic,Maruti,1.13,0
CAR_003552,Ford Figo 1.5D Trend MT,2017,545000,40000,Diesel,Individual,Manual,First Owner,3552,8,Mid,Medium,0,Diesel_Manual,Ford,13.62,1
CAR_003553,Honda Amaze V Diesel BSIV,2018,844999,20000,Diesel,Individual,Manual,First Owner,3553,7,High,Low,,Diesel_Manual,Honda,42.25,1
CAR_003554,Skoda Rapid 1.5 TDI Ambition,2016,700000,93000,Diesel,Individual,Manual,First Owner,3554,9,High,High,,Diesel_Manual,Skoda,7.53,1
CAR_003555,Toyota Etios VD,2016,650000,159000,Diesel,Individual,,First Owner,3555,9,High,Very High,0,Diesel_Manual,Toyota,4.09,1
CAR_003556,Ford Ecosport 1.5 DV5 MT Titanium,2014,525000,75000,Diesel,Individual,Manual,Second Owner,3556,11,Mid,High,0,Diesel_Manual,Ford,7,1
CAR_003557,Ford Fiesta Classic 1.4 SXI Duratorq,2006,110000,101100,Diesel,Individual,Manual,Third Owner,3557,19,Low,High,0,Diesel_Manual,Ford,1.09,1
CAR_003558,Tata Indica Vista Aqua 1.3 Quadrajet BSIV,2011,180000,66000,Diesel,Individual,Manual,First Owner,3558,14,Low,Medium,0,Diesel_Manual,Tata,2.73,1
CAR_003559,Hyundai i10 Era,2012,280000,,Petrol,Individual,Manual,Second Owner,3559,13,Low,Low,0,Petrol_Manual,Hyundai,9.33,0
CAR_003560,Renault KWID 1.0 RXT Optional,2019,400000,10000,Petrol,Individual,,First Owner,3560,6,Mid,,0,Petrol_Manual,Renault,40,0
CAR_003561,Mahindra XUV500 W8 4WD,2012,625000,126000,Diesel,Individual,Manual,Second Owner,3561,13,High,High,0,Diesel_Manual,Mahindra,4.96,1
CAR_003562,Volkswagen Vento 1.5 TDI Highline,2015,535000,70000,Diesel,Individual,Manual,First Owner,3562,10,Mid,Medium,0,Diesel_Manual,Volkswagen,7.64,1
CAR_003563,Maruti Swift VDI Optional,2017,459999,50000,Diesel,Individual,Manual,First Owner,3563,8,Mid,Medium,0,Diesel_Manual,Maruti,9.2,1
CAR_003564,Mahindra Bolero DI,2010,300000,,Diesel,Individual,Manual,First Owner,3564,15,Low,High,0,Diesel_Manual,Mahindra,3,1
CAR_003565,Honda Civic 1.8 V AT,2007,280000,60000,Petrol,Individual,Automatic,First Owner,3565,18,Low,Medium,0,Petrol_Automatic,Honda,4.67,0
CAR_003566,Honda Mobilio V i VTEC,2014,500000,70000,Petrol,Individual,Manual,First Owner,3566,11,,Medium,0,Petrol_Manual,Honda,7.14,0
CAR_003567,Hyundai Creta 1.6 SX,2019,1200000,1200,Petrol,Individual,Manual,First Owner,3567,6,Premium,Low,0,Petrol_Manual,Hyundai,1000,0
CAR_003568,Renault KWID RXT,2016,300000,40000,Petrol,Individual,Manual,First Owner,3568,9,Low,Medium,0,Petrol_Manual,Renault,7.5,0
CAR_003569,Tata Manza ELAN Quadrajet BS IV,2011,,80000,Diesel,Individual,Manual,Third Owner,3569,14,Low,High,0,Diesel_Manual,Tata,2.25,1
CAR_003570,Hyundai i10 Sportz AT,2011,,134444,Petrol,Individual,Automatic,Second Owner,3570,14,Low,High,,Petrol_Automatic,Hyundai,1.34,0
CAR_003571,Maruti Alto LXi,2009,,120000,Petrol,Individual,,Second Owner,3571,16,Low,,0,Petrol_Manual,Maruti,0.65,0
CAR_003572,Nissan Micra Diesel XV Premium,2011,160000,120000,Diesel,Individual,Manual,First Owner,3572,14,Low,,0,Diesel_Manual,Nissan,1.33,1
CAR_003573,Mahindra Scorpio VLX 2WD AIRBAG BSIV,2014,600000,,Diesel,Individual,Manual,First Owner,3573,11,Mid,Very High,0,Diesel_Manual,Mahindra,2.52,1
CAR_003574,Maruti Wagon R LXI Minor,2008,110000,100000,Petrol,Individual,Manual,Second Owner,3574,17,Low,High,0,Petrol_Manual,Maruti,1.1,0
CAR_003575,Mahindra Bolero SLX 4WD BSIII,2011,450000,110000,Diesel,Individual,Manual,Second Owner,3575,14,Mid,High,0,Diesel_Manual,Mahindra,4.09,1
CAR_003576,Mahindra Scorpio S9 BSIV,2019,1350000,35000,Diesel,Individual,,First Owner,3576,6,Premium,Medium,0,Diesel_Manual,Mahindra,38.57,1
CAR_003577,Honda City 1.3 DX,2003,120000,165000,Petrol,Individual,Manual,Second Owner,3577,22,Low,Very High,0,Petrol_Manual,Honda,0.73,0
CAR_003578,Honda BR-V i-DTEC VX MT,2018,1040000,42000,,Individual,Manual,First Owner,3578,7,Premium,,,Diesel_Manual,Honda,24.76,1
CAR_003579,Hyundai Grand i10 CRDi Sportz,2014,390000,,Diesel,Individual,Manual,Second Owner,3579,11,Mid,Medium,0,Diesel_Manual,Hyundai,5.57,1
CAR_003580,Tata Nano Lx BSIII,2011,65000,60000,,Individual,Manual,Second Owner,3580,14,Low,Medium,0,Petrol_Manual,Tata,1.08,0
CAR_003581,Volkswagen Polo Diesel Highline 1.2L,2013,320000,115000,Diesel,Individual,Manual,Third Owner,3581,12,Mid,High,0,Diesel_Manual,Volkswagen,2.78,1
CAR_003582,Volkswagen Ameo 1.5 TDI Highline,2017,720000,,Diesel,Individual,,First Owner,3582,8,High,Medium,0,Diesel_Manual,Volkswagen,10.29,1
CAR_003583,Maruti Swift ZXI ABS,2007,220000,80000,Petrol,Individual,Manual,Second Owner,3583,18,Low,High,0,Petrol_Manual,Maruti,2.75,0
CAR_003584,Maruti Wagon R LXI BS IV,2011,,,,Dealer,Manual,First Owner,3584,14,Low,Medium,0,Petrol_Manual,Maruti,3.46,0
CAR_003585,Tata Manza Aura (ABS) Quadrajet BS IV,2010,200000,150000,Diesel,Individual,,Second Owner,3585,15,Low,High,0,Diesel_Manual,Tata,1.33,1
CAR_003586,Toyota Etios GD,2015,,75000,Diesel,Dealer,Manual,Second Owner,3586,10,Mid,High,0,Diesel_Manual,Toyota,5.8,1
CAR_003587,Ford Figo Diesel Titanium,2012,300000,63700,Diesel,Individual,Manual,First Owner,3587,13,Low,,0,Diesel_Manual,Ford,4.71,1
CAR_003588,Honda Amaze VX i-DTEC,2018,700000,74800,Diesel,Individual,Manual,First Owner,3588,7,High,High,0,Diesel_Manual,Honda,9.36,1
CAR_003589,Ford Endeavour 2.5L 4X2 MT,2009,500000,105000,,Individual,Manual,Second Owner,3589,16,Mid,High,0,Diesel_Manual,Ford,4.76,1
CAR_003590,Renault Duster 85PS Diesel RxE,2016,500000,40000,Diesel,Individual,Manual,First Owner,3590,9,Mid,Medium,0,Diesel_Manual,Renault,12.5,1
CAR_003591,Maruti Ritz LDi,2016,400000,90000,Diesel,Individual,,Second Owner,3591,9,Mid,High,0,Diesel_Manual,Maruti,4.44,1
CAR_003592,Toyota Corolla Altis D-4D J,2015,825000,75000,Diesel,Dealer,Manual,Second Owner,3592,10,,High,0,Diesel_Manual,Toyota,11,1
CAR_003593,Maruti Swift Dzire VDI,2018,,15000,Diesel,Individual,Manual,First Owner,3593,7,High,Low,0,Diesel_Manual,Maruti,48,1
CAR_003594,Maruti 800 AC Uniq,2009,110000,30000,Petrol,Individual,Manual,Second Owner,3594,16,Low,,0,Petrol_Manual,Maruti,3.67,0
CAR_003595,Mahindra Scorpio VLX 2WD AIRBAG BSIV,2014,600000,,Diesel,Individual,,Second Owner,3595,11,,,0,Diesel_Manual,Mahindra,6,1
CAR_003596,Mahindra Scorpio VLX 2WD AT BSIV,2009,275000,155000,,Individual,Automatic,Third Owner,3596,16,Low,Very High,0,Diesel_Automatic,Mahindra,1.77,1
CAR_003597,Land Rover Range Rover Evoque 2.2L Dynamic,2012,2349000,149000,Diesel,Individual,,Second Owner,3597,13,Premium,High,0,Diesel_Automatic,Land,15.77,1
CAR_003598,Hyundai i20 1.4 Sportz,2017,740000,60000,Diesel,Individual,Manual,First Owner,3598,8,High,Medium,0,Diesel_Manual,Hyundai,12.33,1
CAR_003599,Maruti Baleno Alpha 1.3,2017,800000,90000,Diesel,Individual,Manual,First Owner,3599,8,High,High,0,Diesel_Manual,Maruti,8.89,1
CAR_003600,Hyundai Verna CRDi 1.6 SX Option,2019,1100000,100000,Diesel,Individual,Manual,First Owner,3600,6,Premium,High,0,Diesel_Manual,Hyundai,11,1
CAR_003601,BMW X1 sDrive20d,2012,,100000,Diesel,Individual,Automatic,Second Owner,3601,13,High,High,0,Diesel_Automatic,BMW,7.5,1
CAR_003602,Maruti Alto K10 2010-2014 VXI,2012,200000,,,Individual,Manual,Second Owner,3602,13,Low,High,0,Petrol_Manual,Maruti,2.22,0
CAR_003603,Tata Spacio SA 6 Seater,2009,210000,75000,Diesel,Individual,Manual,First Owner,3603,16,Low,High,0,Diesel_Manual,Tata,2.8,1
CAR_003604,Maruti Swift VDI BSIV,2009,270000,120000,Diesel,Individual,Manual,Second Owner,3604,16,Low,High,0,Diesel_Manual,Maruti,2.25,1
CAR_003605,Toyota Etios 1.4 VXD,2016,630000,,Diesel,Individual,Manual,Second Owner,3605,9,High,High,0,Diesel_Manual,Toyota,7,1
CAR_003606,Hyundai Xcent 1.2 Kappa S,2015,,55000,Petrol,Individual,Manual,First Owner,3606,10,Mid,Medium,0,Petrol_Manual,Hyundai,6.82,0
CAR_003607,Mahindra Xylo D2,2010,300000,70000,Diesel,Individual,Manual,First Owner,3607,15,Low,Medium,0,Diesel_Manual,Mahindra,4.29,1
CAR_003608,Mahindra Bolero Power Plus SLX,2016,580000,95000,Diesel,Individual,Manual,Second Owner,3608,9,Mid,High,0,Diesel_Manual,Mahindra,6.11,1
CAR_003609,Hyundai Verna 1.4 CRDi,2014,550000,,Diesel,Individual,Manual,First Owner,3609,11,Mid,Medium,0,Diesel_Manual,Hyundai,11,1
CAR_003610,Maruti Ciaz ZDi Plus SHVS,2016,,50000,Diesel,Individual,,First Owner,3610,9,High,Medium,0,Diesel_Manual,Maruti,15,1
CAR_003611,Maruti Omni E MPI STD BS IV,2014,,60516,Petrol,Individual,Manual,First Owner,3611,11,Low,Medium,0,Petrol_Manual,Maruti,4.13,0
CAR_003612,Hyundai Verna 1.6 SX,2012,434999,235000,Diesel,Individual,Manual,Second Owner,3612,13,Mid,Very High,0,Diesel_Manual,Hyundai,1.85,1
CAR_003613,Mercedes-Benz E-Class 280 CDI,2007,,76731,Diesel,Dealer,Automatic,First Owner,3613,18,High,High,0,Diesel_Automatic,Mercedes-Benz,11.73,1
CAR_003614,Maruti Swift ZDI,2016,685000,64000,Diesel,Dealer,Manual,First Owner,3614,9,High,Medium,0,Diesel_Manual,Maruti,10.7,1
CAR_003615,Maruti Swift VDI BSIV,2014,540000,65000,Diesel,Dealer,Manual,First Owner,3615,11,Mid,Medium,0,Diesel_Manual,Maruti,8.31,1
CAR_003616,Honda City i-VTEC CVT ZX,2018,1165000,13000,Petrol,Dealer,Automatic,Test Drive Car,3616,7,Premium,Low,0,Petrol_Automatic,Honda,89.62,0
CAR_003617,Ford Ecosport 1.5 DV5 MT Titanium Optional,2014,610000,77000,Diesel,Dealer,Manual,First Owner,3617,11,High,High,0,Diesel_Manual,Ford,7.92,1
CAR_003618,Hyundai EON Era,2011,254999,24000,Petrol,Dealer,Manual,First Owner,3618,14,Low,Low,0,Petrol_Manual,Hyundai,10.62,0
CAR_003619,Nissan Micra Active XV,2014,280000,63840,Petrol,Dealer,Manual,First Owner,3619,11,Low,Medium,0,Petrol_Manual,Nissan,4.39,0
CAR_003620,Tata Tiago 1.2 Revotron XT,2017,370000,25000,Petrol,Individual,Manual,First Owner,3620,8,Mid,Low,0,Petrol_Manual,Tata,14.8,0
CAR_003621,Tata New Safari DICOR 2.2 EX 4x2,2011,459999,76400,Diesel,Individual,Manual,Second Owner,3621,14,Mid,High,0,Diesel_Manual,Tata,6.02,1
CAR_003622,Maruti Zen LX,1998,42000,70000,Petrol,Individual,Manual,Third Owner,3622,27,Low,Medium,0,Petrol_Manual,Maruti,0.6,0
CAR_003623,Maruti Zen LX,1998,42000,70000,Petrol,Individual,Manual,Third Owner,3623,27,Low,Medium,0,Petrol_Manual,Maruti,0.6,0
CAR_003624,Fiat Linea Active (Diesel),2011,,80000,,Individual,Manual,Third Owner,3624,14,Low,High,0,Diesel_Manual,Fiat,2.38,1
CAR_003625,Fiat Punto 1.4 Emotion,2010,,100000,Petrol,Individual,Manual,Fourth & Above Owner,3625,15,Low,High,0,Petrol_Manual,Fiat,1.65,0
CAR_003626,Ford EcoSport 1.5 Diesel Trend Plus BSIV,2017,710000,40000,Diesel,Individual,,First Owner,3626,8,High,Medium,0,Diesel_Manual,Ford,17.75,1
CAR_003627,Hyundai Creta 1.6 SX Option,2018,1200000,15000,,Individual,Manual,First Owner,3627,7,Premium,Low,0,Petrol_Manual,Hyundai,80,0
CAR_003628,Maruti Zen Estilo LXI BS IV,2011,229999,70000,,Individual,,First Owner,3628,14,Low,Medium,0,Petrol_Manual,Maruti,3.29,0
CAR_003629,Renault KWID RXT,2018,310000,15000,Petrol,Individual,Manual,First Owner,3629,7,Mid,Low,0,Petrol_Manual,Renault,20.67,0
CAR_003630,Maruti Wagon R VXI BS IV,2015,320000,40000,Petrol,Individual,Manual,First Owner,3630,10,Mid,Medium,0,Petrol_Manual,Maruti,8,0
CAR_003631,Maruti 800 AC,2006,100000,54000,Petrol,Individual,Manual,First Owner,3631,19,Low,Medium,0,Petrol_Manual,Maruti,1.85,0
CAR_003632,Hyundai Verna CRDi,2009,160000,90000,Diesel,Individual,Manual,First Owner,3632,16,Low,High,0,Diesel_Manual,Hyundai,1.78,1
CAR_003633,Maruti 800 AC BSIII,2007,60000,,Petrol,Individual,Manual,First Owner,3633,18,Low,Medium,0,Petrol_Manual,Maruti,1.15,0
CAR_003634,Tata Indigo LS,2012,100000,200000,Diesel,Individual,Manual,Third Owner,3634,13,Low,Very High,0,Diesel_Manual,Tata,0.5,1
CAR_003635,Chevrolet Beat Diesel LT,2016,350000,35000,Diesel,Individual,Manual,Second Owner,3635,9,Mid,Medium,0,Diesel_Manual,Chevrolet,10,1
CAR_003636,Renault Duster 110PS Diesel RxZ AWD,2017,700000,60000,Diesel,Individual,Manual,First Owner,3636,8,High,,,Diesel_Manual,Renault,11.67,1
CAR_003637,Maruti Alto K10 VXI,2017,300000,31489,Petrol,Individual,Manual,First Owner,3637,8,Low,Medium,,Petrol_Manual,Maruti,9.53,0
CAR_003638,Hyundai i20 1.4 Asta Option,2018,830000,40000,Diesel,Individual,Manual,First Owner,3638,7,High,Medium,0,Diesel_Manual,Hyundai,20.75,1
CAR_003639,Mahindra Quanto C6,2013,220000,110000,Diesel,Individual,Manual,First Owner,3639,12,,High,0,Diesel_Manual,Mahindra,2,1
CAR_003640,Tata Indigo LX Dicor,2009,130000,50000,Diesel,Individual,Manual,First Owner,3640,16,,Medium,0,Diesel_Manual,Tata,2.6,1
CAR_003641,Hyundai i20 1.2 Magna,2012,330000,44000,Petrol,Individual,Manual,First Owner,3641,13,Mid,Medium,0,Petrol_Manual,Hyundai,7.5,0
CAR_003642,Honda City 1.5 S MT,2010,254999,90000,Petrol,Individual,,Second Owner,3642,15,,High,0,Petrol_Manual,Honda,2.83,0
CAR_003643,Hyundai Verna 1.6 SX VTVT (O),2014,600000,50000,Petrol,Individual,Manual,Second Owner,3643,11,Mid,Medium,0,Petrol_Manual,Hyundai,12,0
CAR_003644,Hyundai i10 Magna,2012,210000,50000,Petrol,Individual,Manual,First Owner,3644,13,Low,Medium,0,Petrol_Manual,Hyundai,4.2,0
CAR_003645,Maruti Zen Estilo 1.1 LXI BSIII,2007,,81366,Petrol,Individual,Manual,First Owner,3645,18,Low,High,0,Petrol_Manual,Maruti,1.47,0
CAR_003646,Maruti Esteem Vxi - BSIII,2006,95000,110000,Petrol,Individual,Manual,First Owner,3646,19,Low,High,0,Petrol_Manual,Maruti,0.86,0
CAR_003647,Toyota Innova 2.5 G (Diesel) 8 Seater BS IV,2006,229999,300000,Diesel,Individual,Manual,First Owner,3647,19,Low,Very High,0,Diesel_Manual,Toyota,0.77,1
CAR_003648,Hyundai Verna Transform VTVT,2010,229999,70000,Petrol,Individual,Manual,First Owner,3648,15,Low,Medium,0,Petrol_Manual,Hyundai,3.29,0
CAR_003649,Hyundai i20 Magna Optional 1.4 CRDi,2013,400000,100000,Diesel,Individual,Manual,First Owner,3649,12,Mid,High,0,Diesel_Manual,Hyundai,4,1
CAR_003650,Maruti Gypsy King Hard Top Ambulance BSIV,2005,300000,70000,,Individual,Manual,Second Owner,3650,20,Low,Medium,0,Petrol_Manual,Maruti,4.29,0
CAR_003651,Ford Figo Diesel Celebration Edition,2013,300000,50000,Diesel,Individual,Manual,First Owner,3651,12,Low,Medium,0,Diesel_Manual,Ford,6,1
CAR_003652,Ford Fiesta 1.4 SXi TDCi,2009,80000,180000,Diesel,Individual,Manual,Second Owner,3652,16,Low,Very High,0,Diesel_Manual,Ford,0.44,1
CAR_003653,Maruti 800 AC,2008,80000,,Petrol,Individual,Manual,Second Owner,3653,17,Low,,0,Petrol_Manual,Maruti,1.6,0
CAR_003654,Maruti Esteem Vxi,2007,100000,,Petrol,Individual,Manual,Second Owner,3654,18,Low,High,0,Petrol_Manual,Maruti,1.11,0
CAR_003655,Tata Indica Vista Quadrajet LS,2012,300000,110000,Diesel,Individual,Manual,First Owner,3655,13,Low,,0,Diesel_Manual,Tata,2.73,1
CAR_003656,Maruti Baleno Zeta Automatic,2018,700000,26000,Petrol,Individual,Automatic,First Owner,3656,7,High,Low,0,Petrol_Automatic,Maruti,26.92,0
CAR_003657,Maruti Vitara Brezza ZDi Plus,2016,975000,65000,Diesel,Individual,Manual,First Owner,3657,9,,Medium,0,Diesel_Manual,Maruti,15,1
CAR_003658,Chevrolet Captiva LT,2009,500000,130000,Diesel,Individual,Manual,First Owner,3658,16,,High,0,Diesel_Manual,Chevrolet,3.85,1
CAR_003659,Renault Duster 85PS Diesel RxL Optional,2013,550000,75000,Diesel,Individual,Manual,Second Owner,3659,12,Mid,High,0,Diesel_Manual,Renault,7.33,1
CAR_003660,Nissan Terrano XV Premium 110 PS,2014,550000,110000,Diesel,Individual,Manual,Second Owner,3660,11,Mid,High,0,Diesel_Manual,Nissan,5,1
CAR_003661,Maruti Alto K10 2010-2014 VXI,2014,240000,50000,Petrol,Individual,Manual,First Owner,3661,11,Low,Medium,0,Petrol_Manual,Maruti,4.8,0
CAR_003662,Maruti 800 Std,1997,50000,80000,Petrol,Individual,Manual,Second Owner,3662,28,,High,0,Petrol_Manual,Maruti,0.62,0
CAR_003663,Tata Indica Vista Aura 1.2 Safire,2009,120000,80000,Petrol,Individual,,Second Owner,3663,16,,High,,Petrol_Manual,Tata,1.5,0
CAR_003664,Maruti Alto 800 LXI,2013,900000,60000,Petrol,Individual,Manual,Second Owner,3664,12,High,Medium,0,Petrol_Manual,Maruti,15,0
CAR_003665,Honda City 1.5 V MT,2009,,90000,Petrol,Individual,Manual,Second Owner,3665,16,Low,High,0,Petrol_Manual,Honda,2.78,0
CAR_003666,Renault KWID 1.0 RXT Optional,2017,280000,36000,Petrol,Individual,Manual,First Owner,3666,8,Low,Medium,0,Petrol_Manual,Renault,7.78,0
CAR_003667,Tata Indica Vista Terra Quadrajet 1.3L BS IV,2010,85000,87000,Diesel,Individual,Manual,First Owner,3667,15,Low,High,0,Diesel_Manual,Tata,0.98,1
CAR_003668,Tata Indica Vista Terra 1.4 TDI,2011,90000,80000,Diesel,Individual,Manual,First Owner,3668,14,,High,0,Diesel_Manual,Tata,1.12,1
CAR_003669,Chevrolet Enjoy TCDi LT 8 Seater,2015,500000,50000,Diesel,Individual,Manual,First Owner,3669,10,Mid,Medium,0,Diesel_Manual,Chevrolet,10,1
CAR_003670,Maruti 800 Std,2013,200000,60000,Petrol,Individual,Manual,First Owner,3670,12,Low,Medium,0,Petrol_Manual,Maruti,3.33,0
CAR_003671,Renault KWID RXT,2015,250000,50000,Petrol,Individual,Manual,First Owner,3671,10,Low,Medium,0,Petrol_Manual,Renault,5,0
CAR_003672,Maruti Swift Dzire VDI,2014,185000,40000,Diesel,Individual,Manual,Third Owner,3672,11,Low,Medium,0,Diesel_Manual,Maruti,4.62,1
CAR_003673,Hyundai i10 Magna 1.1,2008,100000,60000,Petrol,Individual,Manual,Second Owner,3673,17,Low,Medium,0,Petrol_Manual,Hyundai,1.67,0
CAR_003674,Toyota Etios VXD,2015,610000,55000,Diesel,Individual,Manual,First Owner,3674,10,High,,0,Diesel_Manual,Toyota,11.09,1
CAR_003675,Mahindra Quanto C8,2012,290000,80000,Diesel,Individual,Manual,First Owner,3675,13,Low,High,0,Diesel_Manual,Mahindra,3.62,1
CAR_003676,Mahindra Xylo E9,2012,300000,,Diesel,Individual,Manual,First Owner,3676,13,Low,Very High,0,Diesel_Manual,Mahindra,1.02,1
CAR_003677,Hyundai EON Era Plus,2015,225000,80000,Petrol,Individual,Manual,First Owner,3677,10,Low,High,0,Petrol_Manual,Hyundai,2.81,0
CAR_003678,Maruti Alto K10 VXI,2017,,50000,,Individual,Manual,Second Owner,3678,8,Mid,Medium,0,Petrol_Manual,Maruti,6.4,0
CAR_003679,Tata Indigo CR4,2012,135000,158000,,Individual,Manual,Third Owner,3679,13,Low,Very High,0,Diesel_Manual,Tata,0.85,1
CAR_003680,Toyota Innova 2.5 G (Diesel) 7 Seater BS IV,2006,400000,400000,Diesel,Individual,Manual,Third Owner,3680,19,Mid,Very High,0,Diesel_Manual,Toyota,1,1
CAR_003681,Maruti Wagon R VXI BS IV,2016,400000,25000,Petrol,Individual,Manual,First Owner,3681,9,Mid,Low,0,Petrol_Manual,Maruti,16,0
CAR_003682,Hyundai i20 Active 1.2 S,2017,570000,35000,Petrol,Individual,Manual,First Owner,3682,8,Mid,Medium,0,Petrol_Manual,Hyundai,16.29,0
CAR_003683,Maruti Ignis 1.2 Zeta BSIV,2018,500000,12000,Petrol,Individual,Manual,First Owner,3683,7,Mid,Low,0,Petrol_Manual,Maruti,41.67,0
CAR_003684,Maruti Omni MPI STD BSIV,2015,130000,70000,Petrol,Individual,Manual,First Owner,3684,10,Low,Medium,0,Petrol_Manual,Maruti,1.86,0
CAR_003685,Tata Tiago 1.2 Revotron XZ,2018,360000,4000,,Individual,Manual,First Owner,3685,7,Mid,Low,0,Petrol_Manual,Tata,90,0
CAR_003686,Ford Figo Aspire 1.2 Ti-VCT Trend,2017,530000,10832,Petrol,Dealer,Manual,First Owner,3686,8,Mid,Low,0,Petrol_Manual,Ford,48.93,0
CAR_003687,Hyundai i10 Era,2009,250000,50000,Petrol,Individual,Manual,First Owner,3687,16,Low,Medium,,Petrol_Manual,Hyundai,5,0
CAR_003688,Nissan Sunny XL,2016,600000,19495,Petrol,Dealer,Manual,First Owner,3688,9,Mid,Low,0,Petrol_Manual,Nissan,30.78,0
CAR_003689,Renault Duster 85PS Diesel RxL Plus,2013,570000,62668,Diesel,Dealer,Manual,First Owner,3689,12,,Medium,0,Diesel_Manual,Renault,9.1,1
CAR_003690,Mahindra XUV500 W6 2WD,2013,850000,85710,Diesel,Dealer,Manual,First Owner,3690,12,High,High,0,Diesel_Manual,Mahindra,9.92,1
CAR_003691,Ford Figo Diesel EXI,2011,250000,55130,Diesel,Dealer,Manual,Second Owner,3691,14,Low,Medium,0,Diesel_Manual,Ford,4.53,1
CAR_003692,Ford Ecosport 1.5 DV5 MT Titanium,2014,580000,63356,Diesel,Dealer,Manual,Second Owner,3692,11,Mid,Medium,0,Diesel_Manual,Ford,9.15,1
CAR_003693,Toyota Fortuner 3.0 Diesel,2012,1680000,129627,Diesel,Dealer,Manual,First Owner,3693,13,Premium,,0,Diesel_Manual,Toyota,12.96,1
CAR_003694,Chevrolet Spark 1.0 LT,2010,180000,15000,Petrol,Individual,Manual,First Owner,3694,15,Low,Low,0,Petrol_Manual,Chevrolet,12,0
CAR_003695,Tata Tiago 1.2 Revotron XE,2017,300000,50000,Petrol,Individual,Manual,First Owner,3695,8,Low,Medium,0,Petrol_Manual,Tata,6,0
CAR_003696,Toyota Etios Liva VX,2012,269000,70000,Petrol,Individual,Manual,Second Owner,3696,13,,Medium,0,Petrol_Manual,Toyota,3.84,0
CAR_003697,Maruti Alto K10 VXI,2018,231999,20000,Petrol,Individual,Manual,First Owner,3697,7,Low,Low,0,Petrol_Manual,Maruti,11.6,0
CAR_003698,Chevrolet Beat LS,2011,150000,60000,Petrol,Individual,Manual,Third Owner,3698,14,Low,,0,Petrol_Manual,Chevrolet,2.5,0
CAR_003699,Hyundai Grand i10 Asta Option,2017,495000,5000,Petrol,Individual,Manual,First Owner,3699,8,Mid,Low,0,Petrol_Manual,Hyundai,99,0
CAR_003700,Maruti Ciaz VXi,2014,700000,15000,Petrol,Individual,Manual,First Owner,3700,11,High,Low,0,Petrol_Manual,Maruti,46.67,0
CAR_003701,Datsun GO Plus T BSIV,2018,400000,4400,Petrol,Individual,Manual,Second Owner,3701,7,Mid,Low,0,Petrol_Manual,Datsun,90.91,0
CAR_003702,Mahindra Xylo H4,2019,599000,15000,Diesel,Individual,Manual,Third Owner,3702,6,,Low,0,Diesel_Manual,Mahindra,39.93,1
CAR_003703,Renault Duster 85PS Diesel RxL Optional,2013,421000,45000,Diesel,Individual,Manual,First Owner,3703,12,Mid,Medium,0,Diesel_Manual,Renault,9.36,1
CAR_003704,Ford EcoSport 1.5 Diesel Trend BSIV,2018,841000,1000,Diesel,Individual,Manual,First Owner,3704,7,High,Low,0,Diesel_Manual,Ford,841,1
CAR_003705,Hyundai i10 Magna 1.1L,2014,295000,38500,Petrol,Individual,Manual,First Owner,3705,11,,Medium,0,Petrol_Manual,Hyundai,7.66,0
CAR_003706,Hyundai i10 Sportz,2011,220000,25000,Petrol,Individual,,First Owner,3706,14,Low,Low,0,Petrol_Manual,Hyundai,8.8,0
CAR_003707,Ford Classic 1.4 Duratorq LXI,2013,250000,35000,,Individual,Manual,First Owner,3707,12,Low,Medium,0,Diesel_Manual,Ford,7.14,1
CAR_003708,Toyota Fortuner 3.0 Diesel,2009,1100000,110000,Diesel,Individual,,Second Owner,3708,16,Premium,High,0,Diesel_Manual,Toyota,10,1
CAR_003709,Hyundai Verna 1.6 VTVT,2012,300000,40000,Petrol,Individual,,First Owner,3709,13,Low,,0,Petrol_Manual,Hyundai,7.5,0
CAR_003710,Chevrolet Aveo U-VA 1.2,2007,80000,110000,Petrol,Individual,,Second Owner,3710,18,Low,High,0,Petrol_Manual,Chevrolet,0.73,0
CAR_003711,Chevrolet Beat Diesel LT,2013,215000,20000,Diesel,Individual,Manual,Third Owner,3711,12,Low,Low,,Diesel_Manual,Chevrolet,10.75,1
CAR_003712,Hyundai EON Magna Plus,2012,245000,14987,,Dealer,Manual,First Owner,3712,13,Low,Low,0,Petrol_Manual,Hyundai,16.35,0
CAR_003713,Ford EcoSport 1.5 TDCi Titanium BSIV,2016,650000,25061,Diesel,Dealer,Manual,First Owner,3713,9,,Low,0,Diesel_Manual,Ford,25.94,1
CAR_003714,Ford Ecosport 1.5 Diesel Titanium,2017,760000,42494,Diesel,Dealer,Manual,First Owner,3714,8,High,Medium,0,Diesel_Manual,Ford,17.88,1
CAR_003715,Honda Amaze S i-Dtech,2014,395000,44875,Diesel,Dealer,Manual,First Owner,3715,11,Mid,Medium,0,Diesel_Manual,Honda,8.8,1
CAR_003716,Ford Figo Diesel EXI,2014,280000,89741,Diesel,Dealer,Manual,Second Owner,3716,11,Low,High,0,Diesel_Manual,Ford,3.12,1
CAR_003717,Honda Jazz 1.5 S i DTEC,2016,495000,65000,Diesel,Dealer,Manual,First Owner,3717,9,Mid,Medium,0,Diesel_Manual,Honda,7.62,1
CAR_003718,Honda Jazz 1.5 VX i DTEC,2016,525000,,Diesel,Dealer,Manual,First Owner,3718,9,Mid,Medium,0,Diesel_Manual,Honda,15,1
CAR_003719,Toyota Innova 2.5 GX 8 STR BSIV,2009,420000,347089,Diesel,Dealer,Manual,First Owner,3719,16,Mid,Very High,0,Diesel_Manual,Toyota,1.21,1
CAR_003720,Tata New Safari DICOR 2.2 VX 4x2,2010,210000,34500,Diesel,Individual,,First Owner,3720,15,Low,Medium,0,Diesel_Manual,Tata,6.09,1
CAR_003721,Hyundai i20 Active 1.2 S,2018,650000,30000,Petrol,Individual,,First Owner,3721,7,High,Low,0,Petrol_Manual,Hyundai,21.67,0
CAR_003722,BMW 3 Series 320d Luxury Line,2018,2300000,39000,Diesel,Individual,Automatic,First Owner,3722,7,Premium,Medium,0,Diesel_Automatic,BMW,58.97,1
CAR_003723,Ford Freestyle Titanium Plus Diesel BSIV,2019,525000,,Diesel,Individual,Manual,First Owner,3723,6,,Low,0,Diesel_Manual,Ford,32.81,1
CAR_003724,Maruti Wagon R LXI CNG,2010,195000,80000,CNG,Individual,Manual,Second Owner,3724,15,Low,,0,CNG_Manual,Maruti,2.44,0
CAR_003725,Maruti Ertiga SHVS VDI,2016,650000,60000,Diesel,Individual,Manual,First Owner,3725,9,High,Medium,0,Diesel_Manual,Maruti,10.83,1
CAR_003726,Mahindra TUV 300 T6 Plus,2015,540000,110000,Diesel,Individual,Manual,First Owner,3726,10,Mid,High,0,Diesel_Manual,Mahindra,4.91,1
CAR_003727,Maruti Alto 800 LXI,2014,180000,61000,Petrol,Individual,,First Owner,3727,11,Low,Medium,0,Petrol_Manual,Maruti,2.95,0
CAR_003728,Mahindra Bolero Power Plus ZLX,2017,,29000,Diesel,Individual,Manual,First Owner,3728,8,High,,0,Diesel_Manual,Mahindra,25.86,1
CAR_003729,Maruti Ertiga SHVS ZDI Plus,2018,980000,50000,Diesel,Individual,Manual,First Owner,3729,7,High,Medium,,Diesel_Manual,Maruti,19.6,1
CAR_003730,Fiat Grande Punto EVO 90HP 1.3 Sport,2014,250000,90000,,Individual,Manual,First Owner,3730,11,Low,High,0,Diesel_Manual,Fiat,2.78,1
CAR_003731,Hyundai Grand i10 1.2 Kappa Sportz AT,2018,550000,35000,Petrol,Individual,Automatic,First Owner,3731,7,Mid,Medium,,Petrol_Automatic,Hyundai,15.71,0
CAR_003732,Volkswagen Vento 1.6 Highline,2015,509999,43000,Petrol,Individual,,Second Owner,3732,10,Mid,Medium,0,Petrol_Manual,Volkswagen,11.86,0
CAR_003733,Maruti Alto K10 LXI,2017,320000,50000,Petrol,Individual,Manual,First Owner,3733,8,Mid,Medium,0,Petrol_Manual,Maruti,6.4,0
CAR_003734,Hyundai EON D Lite,2016,,25000,Petrol,Individual,Manual,First Owner,3734,9,Low,Low,0,Petrol_Manual,Hyundai,11,0
CAR_003735,Mahindra XUV500 W8 2WD,2013,550000,222252,Diesel,Individual,Manual,First Owner,3735,12,Mid,Very High,0,Diesel_Manual,Mahindra,2.47,1
CAR_003736,Maruti Wagon R VXI Minor,2009,145000,50000,Petrol,Individual,Manual,Second Owner,3736,16,Low,Medium,0,Petrol_Manual,Maruti,2.9,0
CAR_003737,Fiat Grande Punto Emotion 90Hp,2013,250000,80000,Diesel,Individual,Manual,First Owner,3737,12,,High,0,Diesel_Manual,Fiat,3.12,1
CAR_003738,Hyundai Verna 1.6 SX,2012,520000,35000,Diesel,Individual,Manual,First Owner,3738,13,Mid,Medium,,Diesel_Manual,Hyundai,14.86,1
CAR_003739,Maruti Alto LXi,2007,,85000,Petrol,Individual,Manual,Second Owner,3739,18,Low,High,0,Petrol_Manual,Maruti,1.12,0
CAR_003740,Toyota Innova 2.5 V Diesel 7-seater,2011,725000,110000,Diesel,Individual,Manual,Third Owner,3740,14,High,High,0,Diesel_Manual,Toyota,6.59,1
CAR_003741,Maruti 800 AC,2006,55000,70000,Petrol,Individual,Manual,Second Owner,3741,19,Low,Medium,0,Petrol_Manual,Maruti,0.79,0
CAR_003742,Honda City i DTEC VX,2014,600000,100000,,Individual,,First Owner,3742,11,Mid,High,0,Diesel_Manual,Honda,6,1
CAR_003743,Volkswagen Vento New Diesel Highline,2013,330000,120000,Diesel,Individual,Manual,Second Owner,3743,12,Mid,High,0,Diesel_Manual,Volkswagen,2.75,1
CAR_003744,Maruti Swift Dzire VDI,2015,470000,89000,Diesel,Individual,Manual,First Owner,3744,10,Mid,,0,Diesel_Manual,Maruti,5.28,1
CAR_003745,Maruti Swift ZDi,2013,365000,120000,Diesel,Individual,Manual,First Owner,3745,12,Mid,High,0,Diesel_Manual,Maruti,3.04,1
CAR_003746,Hyundai EON Magna Plus,2013,250000,,Petrol,Individual,Manual,Second Owner,3746,12,Low,Medium,0,Petrol_Manual,Hyundai,6.25,0
CAR_003747,Maruti Wagon R VXI BS IV,2017,430000,17000,Petrol,Individual,Manual,First Owner,3747,8,Mid,,0,Petrol_Manual,Maruti,25.29,0
CAR_003748,Maruti Swift VDI,2013,400000,125000,Diesel,Individual,Manual,Second Owner,3748,12,Mid,,0,Diesel_Manual,Maruti,3.2,1
CAR_003749,Maruti Swift Dzire ZXI,2015,615000,110000,,Individual,Manual,Second Owner,3749,10,High,High,0,Petrol_Manual,Maruti,5.59,0
CAR_003750,Ford Figo Diesel Titanium,2011,150000,120000,Diesel,Individual,Manual,Second Owner,3750,14,Low,High,0,Diesel_Manual,Ford,1.25,1
CAR_003751,Ford Figo Diesel ZXI,2014,240000,90000,Diesel,Individual,Manual,First Owner,3751,11,Low,High,0,Diesel_Manual,Ford,2.67,1
CAR_003752,Mahindra Scorpio S10 7 Seater,2014,800000,90000,Diesel,Individual,Manual,First Owner,3752,11,High,High,0,Diesel_Manual,Mahindra,8.89,1
CAR_003753,Hyundai EON LPG Magna Plus,2015,240000,110000,LPG,Individual,Manual,First Owner,3753,10,Low,High,0,LPG_Manual,Hyundai,2.18,0
CAR_003754,Ford Ecosport 1.5 DV5 MT Titanium,2014,600000,87000,Diesel,Individual,Manual,Second Owner,3754,11,Mid,High,0,Diesel_Manual,Ford,6.9,1
CAR_003755,Mahindra Scorpio LX,2014,800000,,Diesel,Individual,Manual,First Owner,3755,11,High,Low,,Diesel_Manual,Mahindra,53.33,1
CAR_003756,Hyundai EON 1.0 Kappa Magna Plus,2015,160000,70000,Petrol,Individual,Manual,First Owner,3756,10,Low,Medium,0,Petrol_Manual,Hyundai,2.29,0
CAR_003757,Ford Fiesta Classic 1.6 Duratec CLXI,2012,350000,38000,Petrol,Individual,Manual,First Owner,3757,13,Mid,Medium,0,Petrol_Manual,Ford,9.21,0
CAR_003758,Honda City 1.5 V MT,2011,300000,64000,Petrol,Individual,Manual,Second Owner,3758,14,,Medium,0,Petrol_Manual,Honda,4.69,0
CAR_003759,Tata Sumo Gold EX BSIII,2015,,55250,Diesel,Individual,Manual,First Owner,3759,10,Mid,Medium,0,Diesel_Manual,Tata,7.22,1
CAR_003760,Mahindra Bolero DI,2011,300000,110000,Diesel,Individual,Manual,First Owner,3760,14,Low,High,0,Diesel_Manual,Mahindra,2.73,1
CAR_003761,Maruti A-Star AT VXI,2012,150000,70000,Petrol,Individual,Automatic,First Owner,3761,13,Low,Medium,0,Petrol_Automatic,Maruti,2.14,0
CAR_003762,Chevrolet Cruze LTZ,2010,320000,60000,Diesel,Individual,Manual,Third Owner,3762,15,Mid,Medium,0,Diesel_Manual,Chevrolet,5.33,1
CAR_003763,Tata Hexa XM,2018,1280000,17000,Diesel,Individual,Manual,First Owner,3763,7,Premium,Low,0,Diesel_Manual,Tata,75.29,1
CAR_003764,Renault KWID 1.0 RXT Optional,2017,300000,13000,Petrol,Individual,Manual,Second Owner,3764,8,Low,Low,,Petrol_Manual,Renault,23.08,0
CAR_003765,Nissan Terrano XL Plus ICC WT20 SE,2016,1000000,60000,Diesel,Individual,Manual,First Owner,3765,9,High,,0,Diesel_Manual,Nissan,16.67,1
CAR_003766,Mitsubishi Pajero Sport 4X4,2012,1090000,120000,Diesel,Individual,Manual,Second Owner,3766,13,Premium,High,0,Diesel_Manual,Mitsubishi,9.08,1
CAR_003767,Tata New Safari DICOR 2.2 GX 4x2 BS IV,2012,450000,97000,,Individual,Manual,Second Owner,3767,13,Mid,High,0,Diesel_Manual,Tata,4.64,1
CAR_003768,Tata Indica GLS BS IV,2007,60000,,,Individual,Manual,Second Owner,3768,18,Low,,0,Petrol_Manual,Tata,0.46,0
CAR_003769,Maruti Swift Dzire ZXI,2013,500000,50000,Petrol,Individual,Manual,First Owner,3769,12,Mid,Medium,0,Petrol_Manual,Maruti,10,0
CAR_003770,Tata Indigo CR4,2012,200000,120000,Diesel,Individual,Manual,Second Owner,3770,13,Low,,0,Diesel_Manual,Tata,1.67,1
CAR_003771,Ford Ecosport 1.5 DV5 MT Titanium,2015,650000,68000,Diesel,Individual,Manual,First Owner,3771,10,High,Medium,,Diesel_Manual,Ford,9.56,1
CAR_003772,Maruti Alto LXi,2006,60000,,Petrol,Individual,Manual,Second Owner,3772,19,Low,High,0,Petrol_Manual,Maruti,0.6,0
CAR_003773,Maruti Ertiga VDI,2013,250999,80000,Diesel,Individual,Manual,First Owner,3773,12,Low,High,0,Diesel_Manual,Maruti,3.14,1
CAR_003774,Hyundai Accent Executive CNG,2012,185000,67000,,Dealer,Manual,Second Owner,3774,13,Low,Medium,0,CNG_Manual,Hyundai,2.76,0
CAR_003775,Maruti Alto K10 VXI,2015,155000,60000,Petrol,Individual,,First Owner,3775,10,Low,Medium,0,Petrol_Manual,Maruti,2.58,0
CAR_003776,Maruti Swift VXI,2019,600000,5000,Petrol,Individual,,First Owner,3776,6,Mid,Low,0,Petrol_Manual,Maruti,120,0
CAR_003777,Renault KWID RXE,2016,300000,20000,Petrol,Individual,Manual,First Owner,3777,9,Low,Low,0,Petrol_Manual,Renault,15,0
CAR_003778,Hyundai Creta 1.6 E Plus,2018,850000,12500,Petrol,Individual,Manual,First Owner,3778,7,High,Low,0,Petrol_Manual,Hyundai,68,0
CAR_003779,Maruti Eeco CNG 5 Seater AC BSIV,2019,470000,4000,CNG,Individual,,First Owner,3779,6,Mid,Low,0,CNG_Manual,Maruti,117.5,0
CAR_003780,Ford Figo 1.2P Titanium MT,2019,600000,25000,Petrol,Individual,Manual,First Owner,3780,6,Mid,Low,0,Petrol_Manual,Ford,24,0
CAR_003781,Toyota Innova 2.5 G (Diesel) 7 Seater,2013,,70000,Diesel,Individual,Manual,Second Owner,3781,12,High,,0,Diesel_Manual,Toyota,10,1
CAR_003782,Maruti Wagon R LXI DUO BSIII,2007,70000,162000,LPG,Individual,Manual,First Owner,3782,18,Low,Very High,0,LPG_Manual,Maruti,0.43,0
CAR_003783,Toyota Fortuner 3.0 Diesel,2010,1250000,205000,Diesel,Individual,Manual,Second Owner,3783,15,Premium,Very High,0,Diesel_Manual,Toyota,6.1,1
CAR_003784,Audi A6 2.8 FSI,2008,650000,70000,Petrol,Individual,Automatic,Third Owner,3784,17,High,Medium,0,Petrol_Automatic,Audi,9.29,0
CAR_003785,Hyundai Xcent 1.2 CRDi S,2018,450000,,Diesel,Individual,Manual,Second Owner,3785,7,Mid,Medium,0,Diesel_Manual,Hyundai,6.43,1
CAR_003786,Mahindra XUV500 W8 2WD,2014,750000,100000,Diesel,Individual,Manual,Second Owner,3786,11,High,High,0,Diesel_Manual,Mahindra,7.5,1
CAR_003787,Toyota Innova 2.5 G (Diesel) 7 Seater,2013,775000,70000,,Individual,Manual,Second Owner,3787,12,High,Medium,0,Diesel_Manual,Toyota,11.07,1
CAR_003788,Hyundai Santa Fe 4X4,2011,,220000,Diesel,Individual,Manual,First Owner,3788,14,,Very High,0,Diesel_Manual,Hyundai,3.64,1
CAR_003789,Honda Amaze E i-Vtech,2015,,80000,Petrol,Individual,Manual,Second Owner,3789,10,Mid,High,0,Petrol_Manual,Honda,4.5,0
CAR_003790,Toyota Corolla Altis Diesel D4DG,2010,250000,120000,Diesel,Individual,Manual,First Owner,3790,15,,High,0,Diesel_Manual,Toyota,2.08,1
CAR_003791,Jeep Compass 2.0 Longitude Option BSIV,2017,1490000,22038,Diesel,Individual,Manual,First Owner,3791,8,Premium,Low,,Diesel_Manual,Jeep,67.61,1
CAR_003792,Nissan Terrano XL 110 PS,2013,600000,80000,Diesel,Individual,Manual,First Owner,3792,12,Mid,High,0,Diesel_Manual,Nissan,7.5,1
CAR_003793,Maruti Alto LX,2010,120000,90000,Petrol,Individual,Manual,First Owner,3793,15,Low,High,0,Petrol_Manual,Maruti,1.33,0
CAR_003794,Tata New Safari DICOR 2.2 EX 4x2,2012,320000,140000,Diesel,Individual,Manual,Second Owner,3794,13,Mid,High,0,Diesel_Manual,Tata,2.29,1
CAR_003795,Mahindra Thar 4X2,2011,400000,120000,Diesel,Individual,Manual,Second Owner,3795,14,Mid,High,0,Diesel_Manual,Mahindra,3.33,1
CAR_003796,Maruti Swift Dzire ZDI,2015,302000,60000,Diesel,Individual,Manual,First Owner,3796,10,Mid,Medium,0,Diesel_Manual,Maruti,5.03,1
CAR_003797,Chevrolet Beat Diesel LT,2011,130000,,Diesel,Individual,Manual,Second Owner,3797,14,Low,High,0,Diesel_Manual,Chevrolet,1.62,1
CAR_003798,Maruti Swift Dzire LXI Option,2014,150000,60000,Petrol,Individual,Manual,Second Owner,3798,11,Low,Medium,0,Petrol_Manual,Maruti,2.5,0
CAR_003799,Tata Indica Vista Aura Plus 1.3 Quadrajet,2012,200000,90000,Diesel,Individual,Manual,Second Owner,3799,13,Low,High,0,Diesel_Manual,Tata,2.22,1
CAR_003800,Toyota Innova 2.5 G1 BSIV,2012,950000,80000,Diesel,Individual,Manual,First Owner,3800,13,High,High,,Diesel_Manual,Toyota,11.88,1
CAR_003801,Maruti Swift Vdi BSIII,2008,120000,175000,Diesel,Individual,Manual,Second Owner,3801,17,Low,,0,Diesel_Manual,Maruti,0.69,1
CAR_003802,Mahindra XUV500 W7 BSIV,2019,1400000,10000,Diesel,Individual,Manual,First Owner,3802,6,Premium,,0,Diesel_Manual,Mahindra,140,1
CAR_003803,Hyundai i20 1.2 Asta Option,2017,620000,65000,Petrol,Individual,Manual,First Owner,3803,8,High,Medium,,Petrol_Manual,Hyundai,9.54,0
CAR_003804,Toyota Innova 2.5 GX 8 STR BSIV,2012,449000,90000,Diesel,Individual,Manual,First Owner,3804,13,Mid,High,0,Diesel_Manual,Toyota,4.99,1
CAR_003805,Maruti Alto LXi,2007,100000,70000,Petrol,Individual,Manual,First Owner,3805,18,Low,Medium,0,Petrol_Manual,Maruti,1.43,0
CAR_003806,Hyundai Grand i10 1.2 Kappa Sportz BSIV,2018,600000,2500,Petrol,Individual,,First Owner,3806,7,Mid,Low,0,Petrol_Manual,Hyundai,240,0
CAR_003807,Honda Amaze VX i-DTEC,2016,700000,35000,Diesel,Individual,Manual,First Owner,3807,9,High,,0,Diesel_Manual,Honda,20,1
CAR_003808,Chevrolet Beat Diesel LT,2012,250000,40000,Diesel,Individual,Manual,First Owner,3808,13,Low,Medium,0,Diesel_Manual,Chevrolet,6.25,1
CAR_003809,Maruti Baleno RS 1.0 Petrol,2018,550000,63000,Petrol,Individual,Manual,First Owner,3809,7,,Medium,0,Petrol_Manual,Maruti,8.73,0
CAR_003810,Skoda Superb Ambition 2.0 TDI CR AT,2013,,88000,Diesel,Dealer,Automatic,First Owner,3810,12,,High,0,Diesel_Automatic,Skoda,7.67,1
CAR_003811,Nissan Terrano XL Plus 85 PS,2015,,55000,Diesel,Dealer,Manual,First Owner,3811,10,,Medium,0,Diesel_Manual,Nissan,9.64,1
CAR_003812,Chevrolet Enjoy TCDi LT 7 Seater,2014,325000,71014,Diesel,Dealer,Manual,First Owner,3812,11,Mid,High,0,Diesel_Manual,Chevrolet,4.58,1
CAR_003813,Renault Scala Diesel RxL,2015,370000,60000,Diesel,Dealer,Manual,First Owner,3813,10,,Medium,0,Diesel_Manual,Renault,6.17,1
CAR_003814,Skoda Rapid 1.5 TDI Ambition,2014,360000,70000,Diesel,Individual,Manual,First Owner,3814,11,Mid,Medium,0,Diesel_Manual,Skoda,5.14,1
CAR_003815,Skoda Superb LK 1.8 TSI AT,2012,650000,60000,Petrol,Dealer,Automatic,First Owner,3815,13,High,,0,Petrol_Automatic,Skoda,10.83,0
CAR_003816,Ford Fiesta 1.5 TDCi Titanium,2012,199000,92000,Diesel,Dealer,Manual,Third Owner,3816,13,,High,,Diesel_Manual,Ford,2.16,1
CAR_003817,Mahindra Quanto C6,2014,285000,89126,,Individual,Manual,First Owner,3817,11,Low,High,0,Diesel_Manual,Mahindra,3.2,1
CAR_003818,Volkswagen Jetta 1.9 TDI Comfortline DSG,2009,260000,134000,Diesel,Individual,Automatic,First Owner,3818,16,Low,High,0,Diesel_Automatic,Volkswagen,1.94,1
CAR_003819,Maruti Ciaz 1.4 AT Zeta,2019,,15000,Petrol,Dealer,Automatic,First Owner,3819,6,High,Low,0,Petrol_Automatic,Maruti,58,0
CAR_003820,Hyundai Grand i10 1.2 CRDi Magna,2016,425000,,Diesel,Dealer,Manual,First Owner,3820,9,Mid,Medium,0,Diesel_Manual,Hyundai,10,1
CAR_003821,Chevrolet Cruze LTZ AT,2012,490000,42000,Diesel,Dealer,Automatic,First Owner,3821,13,Mid,,0,Diesel_Automatic,Chevrolet,11.67,1
CAR_003822,Mahindra XUV500 AT W8 FWD,2015,,70000,Diesel,Individual,Automatic,Second Owner,3822,10,High,,0,Diesel_Automatic,Mahindra,10.71,1
CAR_003823,Honda City 1.5 EXI,2004,125000,110000,Petrol,Individual,Manual,Third Owner,3823,21,Low,,0,Petrol_Manual,Honda,1.14,0
CAR_003824,Fiat Linea 1.3 Emotion,2014,221000,131365,Diesel,Individual,Manual,First Owner,3824,11,Low,High,0,Diesel_Manual,Fiat,1.68,1
CAR_003825,Volkswagen Vento 1.5 TDI Highline AT,2016,724000,48980,Diesel,Dealer,Automatic,First Owner,3825,9,High,Medium,0,Diesel_Automatic,Volkswagen,14.78,1
CAR_003826,Honda Amaze VX AT i-Vtech,2014,440000,46000,Petrol,Dealer,Automatic,First Owner,3826,11,Mid,Medium,0,Petrol_Automatic,Honda,9.57,0
CAR_003827,Chevrolet Spark 1.0 LS,2009,70000,60000,Petrol,Individual,Manual,Third Owner,3827,16,Low,Medium,0,Petrol_Manual,Chevrolet,1.17,0
CAR_003828,Maruti Baleno Delta Diesel,2015,,,Diesel,Dealer,Manual,First Owner,3828,10,Mid,Medium,0,Diesel_Manual,Maruti,8.81,1
CAR_003829,Maruti S-Cross Alpha DDiS 200 SH,2016,790000,22000,Diesel,Dealer,Manual,First Owner,3829,9,High,Low,0,Diesel_Manual,Maruti,35.91,1
CAR_003830,Hyundai i20 1.2 Asta Option,2017,,37000,Petrol,Individual,Manual,First Owner,3830,8,High,Medium,,Petrol_Manual,Hyundai,17.3,0
CAR_003831,Hyundai Santro Xing GLS,2009,120000,70000,Petrol,Individual,Manual,Fourth & Above Owner,3831,16,Low,Medium,0,Petrol_Manual,Hyundai,1.71,0
CAR_003832,Chevrolet Beat Diesel LT,2012,126000,98900,Diesel,Individual,,Third Owner,3832,13,Low,High,,Diesel_Manual,Chevrolet,1.27,1
CAR_003833,Chevrolet Beat Diesel LT,2012,120000,125000,Diesel,Individual,Manual,First Owner,3833,13,Low,High,,Diesel_Manual,Chevrolet,0.96,1
CAR_003834,Mahindra TUV 300 T4 Plus,2017,650000,60000,Diesel,Individual,Manual,First Owner,3834,8,High,Medium,0,Diesel_Manual,Mahindra,10.83,1
CAR_003835,Hyundai Grand i10 Asta,2014,450000,80000,Petrol,Individual,Manual,Second Owner,3835,11,Mid,High,0,Petrol_Manual,Hyundai,5.62,0
CAR_003836,Maruti Zen Estilo LXI Green (CNG),2010,110000,80000,CNG,Individual,Manual,Fourth & Above Owner,3836,15,Low,High,0,CNG_Manual,Maruti,1.38,0
CAR_003837,Mahindra Bolero Power Plus Plus AC BSIV PS,2017,,40000,Diesel,Individual,Manual,First Owner,3837,8,Mid,Medium,0,Diesel_Manual,Mahindra,15,1
CAR_003838,Mahindra XUV500 W8 4WD,2012,620000,,,Individual,,Second Owner,3838,13,High,High,0,Diesel_Manual,Mahindra,7.75,1
CAR_003839,Ford Ecosport 1.5 DV5 MT Titanium,2014,600000,30000,Diesel,Individual,Manual,First Owner,3839,11,Mid,Low,0,Diesel_Manual,Ford,20,1
CAR_003840,Mahindra Bolero Power Plus ZLX,2018,795000,35000,Diesel,Individual,Manual,First Owner,3840,7,High,Medium,0,Diesel_Manual,Mahindra,22.71,1
CAR_003841,Tata Winger Deluxe - Hi Roof (AC),2011,300000,180000,Diesel,Individual,,Third Owner,3841,14,Low,Very High,0,Diesel_Manual,Tata,1.67,1
CAR_003842,Renault Lodgy 85PS RxL,2015,495000,60000,Diesel,Individual,Manual,First Owner,3842,10,Mid,Medium,0,Diesel_Manual,Renault,8.25,1
CAR_003843,Audi A4 3.0 TDI Quattro,2013,1580000,86000,Diesel,Dealer,Automatic,First Owner,3843,12,Premium,High,0,Diesel_Automatic,Audi,18.37,1
CAR_003844,Audi Q3 2.0 TDI Quattro Premium Plus,2015,1750000,127643,Diesel,Dealer,Automatic,First Owner,3844,10,,High,,Diesel_Automatic,Audi,13.71,1
CAR_003845,Tata Hexa XTA,2018,1350000,,Diesel,Individual,Automatic,First Owner,3845,7,,Medium,0,Diesel_Automatic,Tata,39.71,1
CAR_003846,Mahindra Xylo D4,2014,,145000,Diesel,Individual,Manual,First Owner,3846,11,Mid,High,0,Diesel_Manual,Mahindra,2.41,1
CAR_003847,Datsun RediGO AMT 1.0 S,2018,,25000,Petrol,Individual,Automatic,First Owner,3847,7,Low,Low,0,Petrol_Automatic,Datsun,12,0
CAR_003848,Tata Zest Revotron 1.2T XMS,2018,400000,54000,Petrol,Dealer,Manual,Second Owner,3848,7,Mid,Medium,0,Petrol_Manual,Tata,7.41,0
CAR_003849,Audi A6 2.0 TDI  Design Edition,2014,1750000,102354,Diesel,Dealer,Automatic,First Owner,3849,11,Premium,,0,Diesel_Automatic,Audi,17.1,1
CAR_003850,Maruti Zen LX,1999,70000,70000,Petrol,Individual,Manual,Fourth & Above Owner,3850,26,,Medium,0,Petrol_Manual,Maruti,1,0
CAR_003851,Nissan Sunny XL D,2018,500000,70000,Diesel,Individual,Manual,First Owner,3851,7,Mid,Medium,,Diesel_Manual,Nissan,7.14,1
CAR_003852,Audi Q3 35 TDI Quattro Technology,2017,2575000,36000,Diesel,Dealer,,First Owner,3852,8,Premium,Medium,0,Diesel_Automatic,Audi,71.53,1
CAR_003853,Honda Brio VX,2014,345000,58000,Petrol,Dealer,Manual,First Owner,3853,11,Mid,Medium,0,Petrol_Manual,Honda,5.95,0
CAR_003854,Tata Indigo CR4,2013,220000,100000,Diesel,Individual,Manual,First Owner,3854,12,Low,,0,Diesel_Manual,Tata,2.2,1
CAR_003855,Audi Q5 2.0 TFSI Quattro Premium Plus,2014,1850000,62237,Petrol,Dealer,Automatic,First Owner,3855,11,Premium,Medium,0,Petrol_Automatic,Audi,29.73,0
CAR_003856,Hyundai Santro Xing XL eRLX Euro III,2005,114999,90000,Petrol,Dealer,Manual,Second Owner,3856,20,Low,High,0,Petrol_Manual,Hyundai,1.28,0
CAR_003857,Maruti 800 AC,1999,50000,100000,Petrol,Individual,Manual,Second Owner,3857,26,Low,High,0,Petrol_Manual,Maruti,0.5,0
CAR_003858,Honda Jazz Select Edition,2017,585000,14000,Petrol,Dealer,Manual,First Owner,3858,8,Mid,Low,0,Petrol_Manual,Honda,41.79,0
CAR_003859,Ford EcoSport 1.5 TDCi Titanium BSIV,2018,950000,21394,Diesel,Dealer,Manual,First Owner,3859,7,,Low,0,Diesel_Manual,Ford,44.4,1
CAR_003860,Maruti Swift Dzire AMT VXI,2018,625000,13800,Petrol,Individual,Automatic,First Owner,3860,7,High,Low,,Petrol_Automatic,Maruti,45.29,0
CAR_003861,Hyundai Creta 1.6 SX Automatic,2017,1035000,23000,Petrol,Dealer,Automatic,First Owner,3861,8,Premium,Low,0,Petrol_Automatic,Hyundai,45,0
CAR_003862,Datsun GO T Petrol,2015,310000,32686,Petrol,Dealer,,First Owner,3862,10,Mid,,0,Petrol_Manual,Datsun,9.48,0
CAR_003863,Mahindra Xylo D4,2017,600000,99700,Diesel,Individual,Manual,First Owner,3863,8,Mid,High,0,Diesel_Manual,Mahindra,6.02,1
CAR_003864,Toyota Fortuner 2.8 4WD AT BSIV,2019,3100000,5000,Diesel,Individual,Automatic,First Owner,3864,6,Premium,Low,,Diesel_Automatic,Toyota,620,1
CAR_003865,Honda City i-DTEC SV,2014,650000,49654,Diesel,Dealer,Manual,First Owner,3865,11,High,Medium,0,Diesel_Manual,Honda,13.09,1
CAR_003866,Hyundai Grand i10 Asta,2016,550000,,Petrol,Dealer,Manual,First Owner,3866,9,Mid,,0,Petrol_Manual,Hyundai,12.1,0
CAR_003867,Hyundai Creta 1.6 CRDi SX,2017,1260000,39221,Diesel,Dealer,Manual,First Owner,3867,8,Premium,Medium,,Diesel_Manual,Hyundai,32.13,1
CAR_003868,Hyundai i20 Sportz 1.2,2016,660000,,Petrol,Dealer,Manual,First Owner,3868,9,High,Medium,0,Petrol_Manual,Hyundai,13.69,0
CAR_003869,Hyundai i20 Sportz 1.2,2017,700000,11114,Petrol,Dealer,Manual,First Owner,3869,8,High,Low,0,Petrol_Manual,Hyundai,62.98,0
CAR_003870,Hyundai Getz 1.5 CRDi GVS,2008,,,,Dealer,Manual,First Owner,3870,17,Low,Medium,0,Diesel_Manual,Hyundai,3.9,1
CAR_003871,Volkswagen Vento 1.5 TDI Highline,2013,475000,80000,Diesel,Dealer,Manual,First Owner,3871,12,,High,0,Diesel_Manual,Volkswagen,5.94,1
CAR_003872,Mercedes-Benz E-Class 280 CDI Elegance,2008,795000,98600,Diesel,Dealer,Automatic,First Owner,3872,17,High,High,0,Diesel_Automatic,Mercedes-Benz,8.06,1
CAR_003873,Audi RS7 2015-2019 Sportback Performance,2016,8900000,13000,Petrol,Dealer,Automatic,First Owner,3873,9,,Low,0,Petrol_Automatic,Audi,684.62,0
CAR_003874,Audi Q5 3.0 TDI Quattro Technology,2015,3200000,30000,Diesel,Dealer,Automatic,First Owner,3874,10,Premium,Low,0,Diesel_Automatic,Audi,106.67,1
CAR_003875,MG Hector Smart AT,2019,1860000,18000,,Dealer,Automatic,First Owner,3875,6,Premium,,0,Petrol_Automatic,MG,103.33,0
CAR_003876,Land Rover Range Rover 4.4 Diesel LWB Vogue SE,2010,4200000,100000,Diesel,Dealer,Automatic,First Owner,3876,15,Premium,High,0,Diesel_Automatic,Land,42,1
CAR_003877,Honda City VX CVT,2015,850000,58000,,Dealer,Automatic,First Owner,3877,10,High,,0,Petrol_Automatic,Honda,14.66,0
CAR_003878,Mahindra Xylo D4,2017,585000,85441,Diesel,Dealer,Manual,First Owner,3878,8,Mid,High,0,Diesel_Manual,Mahindra,6.85,1
CAR_003879,Mahindra Verito 1.5 D4 BSIV,2015,380000,64541,Diesel,Dealer,Manual,First Owner,3879,10,Mid,Medium,,Diesel_Manual,Mahindra,5.89,1
CAR_003880,Maruti Swift Dzire VDI,2019,650000,35000,Diesel,Individual,Manual,First Owner,3880,6,High,,0,Diesel_Manual,Maruti,18.57,1
CAR_003881,Maruti Swift ZXI Plus,2018,600000,30000,Petrol,Individual,Manual,First Owner,3881,7,Mid,Low,0,Petrol_Manual,Maruti,20,0
CAR_003882,Nissan Micra Active XV,2017,,16267,,Dealer,Manual,First Owner,3882,8,Mid,Low,0,Petrol_Manual,Nissan,26.74,0
CAR_003883,Volkswagen Vento 1.5 TDI Highline,2013,525000,71500,Diesel,Dealer,Manual,First Owner,3883,12,Mid,High,0,Diesel_Manual,Volkswagen,7.34,1
CAR_003884,BMW 5 Series 520d Luxury Line,2019,,,Diesel,Dealer,Automatic,First Owner,3884,6,Premium,Low,0,Diesel_Automatic,BMW,369.26,1
CAR_003885,Chevrolet Aveo U-VA 1.2 LS,2008,160000,80000,Petrol,Individual,Manual,First Owner,3885,17,Low,High,0,Petrol_Manual,Chevrolet,2,0
CAR_003886,Maruti Zen Estilo 1.1 LXI BSIII,2007,160000,90000,Petrol,Individual,Manual,Second Owner,3886,18,Low,High,0,Petrol_Manual,Maruti,1.78,0
CAR_003887,Chevrolet Spark 1.0 LT,2012,125000,28000,Petrol,Individual,Manual,First Owner,3887,13,Low,Low,0,Petrol_Manual,Chevrolet,4.46,0
CAR_003888,Mahindra Bolero Power Plus Plus AC BSIV PS,2015,430000,200000,Diesel,Individual,Manual,First Owner,3888,10,,Very High,0,Diesel_Manual,Mahindra,2.15,1
CAR_003889,Hyundai Creta 1.6 VTVT S,2017,900000,14700,Petrol,Individual,Manual,First Owner,3889,8,High,Low,0,Petrol_Manual,Hyundai,61.22,0
CAR_003890,Maruti Alto LX,2000,61000,90000,,Individual,Manual,Second Owner,3890,25,,High,0,Petrol_Manual,Maruti,0.68,0
CAR_003891,Maruti Wagon R LXI BS IV,2017,400000,50000,Petrol,Individual,Manual,First Owner,3891,8,,Medium,0,Petrol_Manual,Maruti,8,0
CAR_003892,Hyundai Santro Xing XS,2009,150000,100000,Petrol,Individual,Manual,Second Owner,3892,16,Low,High,0,Petrol_Manual,Hyundai,1.5,0
CAR_003893,Volkswagen Polo GT 1.0 TSI,2019,950000,24000,Petrol,Individual,Automatic,First Owner,3893,6,,Low,0,Petrol_Automatic,Volkswagen,39.58,0
CAR_003894,Tata Indigo CR4,2013,220000,100000,Diesel,Individual,Manual,First Owner,3894,12,Low,High,0,Diesel_Manual,Tata,2.2,1
CAR_003895,Hyundai Getz GLX,2007,110000,90000,,Individual,Manual,First Owner,3895,18,Low,High,0,Petrol_Manual,Hyundai,1.22,0
CAR_003896,Tata Bolt Revotron XM,2015,375000,,Petrol,Individual,Manual,First Owner,3896,10,Mid,Low,0,Petrol_Manual,Tata,12.5,0
CAR_003897,Datsun GO Plus T Option,2017,350000,80000,Petrol,Individual,Manual,First Owner,3897,8,Mid,High,,Petrol_Manual,Datsun,4.38,0
CAR_003898,Hyundai i20 Magna 1.4 CRDi (Diesel),2012,310000,92686,Diesel,Dealer,Manual,Second Owner,3898,13,Mid,High,0,Diesel_Manual,Hyundai,3.34,1
CAR_003899,Tata Indica GLS BS IV,2010,90000,300000,Petrol,Individual,Manual,Third Owner,3899,15,Low,,0,Petrol_Manual,Tata,0.3,0
CAR_003900,Volkswagen Vento Petrol Highline,2011,350000,90000,Petrol,Individual,Manual,Second Owner,3900,14,Mid,High,0,Petrol_Manual,Volkswagen,3.89,0
CAR_003901,Hyundai Santro LS zipPlus,2003,100000,60000,Petrol,Individual,Manual,First Owner,3901,22,Low,Medium,0,Petrol_Manual,Hyundai,1.67,0
CAR_003902,Mahindra XUV500 AT W6 2WD,2017,1300000,40000,Diesel,Individual,Automatic,First Owner,3902,8,Premium,Medium,0,Diesel_Automatic,Mahindra,32.5,1
CAR_003903,Maruti Wagon R LXI,2004,70000,90000,Petrol,Individual,Manual,Fourth & Above Owner,3903,21,Low,High,0,Petrol_Manual,Maruti,0.78,0
CAR_003904,Chevrolet Sail Hatchback LT ABS,2013,225000,,,Individual,Manual,First Owner,3904,12,Low,High,0,Diesel_Manual,Chevrolet,2.81,1
CAR_003905,Honda City 1.3 EXI,2002,145000,100000,Petrol,Individual,Manual,First Owner,3905,23,Low,High,0,Petrol_Manual,Honda,1.45,0
CAR_003906,Ford EcoSport 1.5 Diesel Titanium Plus BSIV,2018,930000,,Diesel,Individual,Manual,First Owner,3906,7,High,Low,0,Diesel_Manual,Ford,46.5,1
CAR_003907,Maruti Swift VXI,2019,550000,51000,Petrol,Individual,Manual,First Owner,3907,6,Mid,Medium,0,Petrol_Manual,Maruti,10.78,0
CAR_003908,Maruti Alto LX BSIII,2008,85000,120000,Petrol,Individual,Manual,Second Owner,3908,17,Low,High,0,Petrol_Manual,Maruti,0.71,0
CAR_003909,Hyundai EON Era Plus Sports Edition,2014,280000,55000,Petrol,Individual,Manual,First Owner,3909,11,Low,Medium,0,Petrol_Manual,Hyundai,5.09,0
CAR_003910,Hyundai EON Magna Plus,2018,360000,6000,Petrol,Individual,Manual,First Owner,3910,7,Mid,Low,0,Petrol_Manual,Hyundai,60,0
CAR_003911,Maruti Alto LXi,2011,150000,40000,Petrol,Individual,Manual,Second Owner,3911,14,Low,Medium,0,Petrol_Manual,Maruti,3.75,0
CAR_003912,Skoda Rapid 1.6 MPI AT Ambition BSIV,2017,900000,15000,Petrol,Individual,Automatic,First Owner,3912,8,High,Low,0,Petrol_Automatic,Skoda,60,0
CAR_003913,Ambassador CLASSIC 1500 DSL AC,2005,120000,50000,Diesel,Individual,,Second Owner,3913,20,Low,Medium,0,Diesel_Manual,Ambassador,2.4,1
CAR_003914,Fiat Linea T Jet Emotion,2010,215000,90000,Petrol,Individual,Manual,Second Owner,3914,15,Low,High,0,Petrol_Manual,Fiat,2.39,0
CAR_003915,Renault Scala Diesel RxL,2013,550000,38500,Diesel,Individual,Manual,First Owner,3915,12,Mid,Medium,0,Diesel_Manual,Renault,14.29,1
CAR_003916,Tata Nexon 1.2 Revotron XZ Plus Dual Tone,2018,775000,35000,Petrol,Individual,Manual,First Owner,3916,7,High,,0,Petrol_Manual,Tata,22.14,0
CAR_003917,Maruti Gypsy King HT BSIV,2001,409999,49359,Petrol,Individual,Manual,Third Owner,3917,24,Mid,Medium,0,Petrol_Manual,Maruti,8.31,0
CAR_003918,Maruti 800 AC Uniq,2005,,70000,Petrol,Individual,Manual,Second Owner,3918,20,Low,Medium,0,Petrol_Manual,Maruti,0.93,0
CAR_003919,Maruti Wagon R LXI Minor,2008,200000,90000,Petrol,Individual,Manual,Second Owner,3919,17,Low,High,0,Petrol_Manual,Maruti,2.22,0
CAR_003920,Maruti Wagon R VXI BS IV,2010,240000,50000,Petrol,Individual,Manual,Second Owner,3920,15,,,,Petrol_Manual,Maruti,4.8,0
CAR_003921,Toyota Innova 2.5 VX 8 STR,2012,800000,108731,Diesel,Individual,Manual,First Owner,3921,13,High,High,0,Diesel_Manual,Toyota,7.36,1
CAR_003922,Toyota Innova 2.5 EV Diesel MS 7 Str BSIII,2010,400000,120000,,Individual,Manual,First Owner,3922,15,Mid,High,0,Diesel_Manual,Toyota,3.33,1
CAR_003923,Tata Sumo Gold EX BSIII,2016,,60000,Diesel,Individual,Manual,First Owner,3923,9,Mid,Medium,0,Diesel_Manual,Tata,8.33,1
CAR_003924,Mahindra Renault Logan 1.5 DLX Diesel,2007,150000,90000,Diesel,Individual,Manual,Third Owner,3924,18,,High,0,Diesel_Manual,Mahindra,1.67,1
CAR_003925,Toyota Etios GD,2014,500000,140000,Diesel,Individual,Manual,Second Owner,3925,11,Mid,High,,Diesel_Manual,Toyota,3.57,1
CAR_003926,Hyundai EON Magna Plus,2014,,80000,Petrol,Individual,Manual,First Owner,3926,11,Mid,,0,Petrol_Manual,Hyundai,4,0
CAR_003927,Nissan Micra Diesel XV,2013,300000,90000,Diesel,Individual,Manual,First Owner,3927,12,Low,High,0,Diesel_Manual,Nissan,3.33,1
CAR_003928,Renault Lodgy Stepway 85PS RXZ 8S,2017,650000,40000,,Individual,Manual,First Owner,3928,8,High,Medium,0,Diesel_Manual,Renault,16.25,1
CAR_003929,Maruti Alto 800 LXI,2018,285000,14000,,Individual,Manual,First Owner,3929,7,Low,,0,Petrol_Manual,Maruti,20.36,0
CAR_003930,Tata Aria Pleasure 4x2,2012,360000,70000,Diesel,Individual,Manual,Second Owner,3930,13,Mid,Medium,0,Diesel_Manual,Tata,5.14,1
CAR_003931,Honda Accord 2.4 MT,2009,450000,55000,Petrol,Individual,Manual,Second Owner,3931,16,,Medium,0,Petrol_Manual,Honda,8.18,0
CAR_003932,Maruti Alto LXi,2011,,60000,Petrol,Individual,Manual,Third Owner,3932,14,Low,Medium,,Petrol_Manual,Maruti,2.92,0
CAR_003933,Chevrolet Cruze LT,2011,350000,74000,Diesel,Individual,Manual,Second Owner,3933,14,Mid,High,0,Diesel_Manual,Chevrolet,4.73,1
CAR_003934,Ford Figo Aspire 1.5 TDCi Titanium,2020,530000,45000,Diesel,Dealer,Manual,First Owner,3934,5,Mid,Medium,0,Diesel_Manual,Ford,11.78,1
CAR_003935,Honda City i-DTEC ZX,2017,1025000,38000,Diesel,Dealer,Manual,First Owner,3935,8,Premium,Medium,0,Diesel_Manual,Honda,26.97,1
CAR_003936,Honda BR-V i-DTEC VX MT,2017,950000,24000,Diesel,Dealer,Manual,First Owner,3936,8,High,Low,0,Diesel_Manual,Honda,39.58,1
CAR_003937,Honda WR-V i-VTEC VX,2017,725000,29976,Petrol,Dealer,Manual,First Owner,3937,8,High,Low,0,Petrol_Manual,Honda,24.19,0
CAR_003938,Honda City i VTEC VX,2017,919999,,Petrol,Dealer,Manual,First Owner,3938,8,High,Medium,0,Petrol_Manual,Honda,22.44,0
CAR_003939,Honda Jazz 1.5 V i DTEC,2018,700000,15000,,Dealer,Manual,First Owner,3939,7,High,Low,0,Diesel_Manual,Honda,46.67,1
CAR_003940,Honda Jazz 1.5 VX i DTEC,2017,725000,36000,Diesel,Dealer,Manual,First Owner,3940,8,High,Medium,0,Diesel_Manual,Honda,20.14,1
CAR_003941,Honda BR-V i-VTEC VX MT,2017,840000,30646,,Dealer,Manual,First Owner,3941,8,High,Medium,0,Petrol_Manual,Honda,27.41,0
CAR_003942,Maruti Wagon R VXI BS IV,2015,365000,,Petrol,Dealer,Manual,First Owner,3942,10,Mid,Low,0,Petrol_Manual,Maruti,15.47,0
CAR_003943,Honda City i DTEC SV,2014,665000,71318,Diesel,Dealer,Manual,First Owner,3943,11,,High,0,Diesel_Manual,Honda,9.32,1
CAR_003944,Maruti 800 Std,2003,50000,,Petrol,Individual,Manual,First Owner,3944,22,Low,High,0,Petrol_Manual,Maruti,0.64,0
CAR_003945,Hyundai EON Era Plus,2014,225000,,Petrol,Individual,,First Owner,3945,11,Low,,0,Petrol_Manual,Hyundai,7.5,0
CAR_003946,Hyundai i10 Era,2012,,45000,Petrol,Individual,Manual,Second Owner,3946,13,Low,,0,Petrol_Manual,Hyundai,5.11,0
CAR_003947,Hyundai Santro Xing GL,2008,145000,67000,Petrol,Individual,Manual,First Owner,3947,17,Low,Medium,0,Petrol_Manual,Hyundai,2.16,0
CAR_003948,Ford Figo Aspire Facelift,2018,,14681,Diesel,Dealer,Manual,First Owner,3948,7,High,Low,0,Diesel_Manual,Ford,42.5,1
CAR_003949,Hyundai Verna 1.4 VTVT,2015,500000,25000,Petrol,Individual,Manual,First Owner,3949,10,Mid,Low,0,Petrol_Manual,Hyundai,20,0
CAR_003950,Ford EcoSport 1.5 Ti VCT MT Titanium BSIV,2017,750000,18054,Petrol,Dealer,Manual,First Owner,3950,8,High,Low,0,Petrol_Manual,Ford,41.54,0
CAR_003951,Honda City i DTEC VX,2015,785000,40000,Diesel,Individual,Manual,First Owner,3951,10,High,Medium,0,Diesel_Manual,Honda,19.62,1
CAR_003952,Hyundai i10 Sportz,2011,225000,30000,Petrol,Individual,Manual,First Owner,3952,14,Low,,0,Petrol_Manual,Hyundai,7.5,0
CAR_003953,Hyundai Xcent 1.1 CRDi Base,2017,300000,80000,Diesel,Individual,Manual,First Owner,3953,8,Low,High,,Diesel_Manual,Hyundai,3.75,1
CAR_003954,Hyundai i20 Asta 1.4 CRDi,2016,680000,20000,Diesel,Individual,Manual,First Owner,3954,9,High,Low,0,Diesel_Manual,Hyundai,34,1
CAR_003955,Mahindra TUV 300 T8,2016,,40000,Diesel,Individual,Manual,First Owner,3955,9,High,Medium,0,Diesel_Manual,Mahindra,17.5,1
CAR_003956,Tata Indigo CS eLS BS IV,2011,180000,120000,Diesel,Individual,,First Owner,3956,14,Low,High,0,Diesel_Manual,Tata,1.5,1
CAR_003957,Ford Fiesta 1.4 SXi TDCi ABS,2008,270000,120000,Diesel,Individual,Manual,Second Owner,3957,17,Low,High,0,Diesel_Manual,Ford,2.25,1
CAR_003958,Maruti Swift Dzire VXi,2010,370000,,Petrol,Individual,Manual,Second Owner,3958,15,Mid,High,,Petrol_Manual,Maruti,3.81,0
CAR_003959,Mahindra Xylo H8 ABS with Airbags,2018,1100000,,Diesel,Individual,,First Owner,3959,7,Premium,Medium,0,Diesel_Manual,Mahindra,15.71,1
CAR_003960,Hyundai Accent CRDi,2004,120000,120000,Diesel,Individual,,Second Owner,3960,21,Low,High,,Diesel_Manual,Hyundai,1,1
CAR_003961,Skoda Rapid 1.6 TDI PRESTIGE,2013,430000,,Diesel,Individual,Manual,Second Owner,3961,12,Mid,High,0,Diesel_Manual,Skoda,4.89,1
CAR_003962,Maruti Swift ZDi,2014,550000,38406,Diesel,Dealer,,First Owner,3962,11,Mid,Medium,0,Diesel_Manual,Maruti,14.32,1
CAR_003963,Hyundai Santro Xing GLS,2014,,54350,Petrol,Dealer,Manual,First Owner,3963,11,Mid,Medium,0,Petrol_Manual,Hyundai,5.89,0
CAR_003964,Maruti Wagon R VXI BS IV,2015,390000,32260,Petrol,Dealer,Manual,First Owner,3964,10,Mid,,0,Petrol_Manual,Maruti,12.09,0
CAR_003965,Renault Duster 85PS Diesel RxE,2014,550000,58231,Diesel,Dealer,Manual,First Owner,3965,11,Mid,Medium,0,Diesel_Manual,Renault,9.45,1
CAR_003966,Maruti Swift VXI,2012,370000,59858,Petrol,Dealer,Manual,First Owner,3966,13,Mid,Medium,0,Petrol_Manual,Maruti,6.18,0
CAR_003967,Maruti Alto LXi BSIII,2010,,73350,,Dealer,Manual,First Owner,3967,15,Low,High,0,Petrol_Manual,Maruti,2.59,0
CAR_003968,Renault Duster 110PS Diesel RxZ,2013,,88473,Diesel,Dealer,Manual,First Owner,3968,12,Mid,High,0,Diesel_Manual,Renault,5.76,1
CAR_003969,Honda City S,2013,450000,96987,Petrol,Dealer,Manual,First Owner,3969,12,Mid,High,0,Petrol_Manual,Honda,4.64,0
CAR_003970,Mercedes-Benz GLS 2016-2020 350d 4MATIC,2016,5500000,77350,Diesel,Dealer,Automatic,First Owner,3970,9,Premium,High,0,Diesel_Automatic,Mercedes-Benz,71.11,1
CAR_003971,Maruti Swift Dzire VDI,2015,550000,61187,Diesel,Dealer,Manual,First Owner,3971,10,Mid,Medium,0,Diesel_Manual,Maruti,8.99,1
CAR_003972,Mahindra Xylo E6,2009,400000,68350,Diesel,Dealer,Manual,First Owner,3972,16,Mid,Medium,0,Diesel_Manual,Mahindra,5.85,1
CAR_003973,Ford EcoSport 1.5 TDCi Titanium BSIV,2015,585000,81150,Diesel,Dealer,,First Owner,3973,10,Mid,High,0,Diesel_Manual,Ford,7.21,1
CAR_003974,Hyundai Grand i10 1.2 Kappa Asta,2019,,30000,Petrol,Individual,Manual,First Owner,3974,6,Mid,Low,0,Petrol_Manual,Hyundai,16.67,0
CAR_003975,Maruti Ciaz ZXi,2015,800000,30000,Petrol,Individual,Manual,First Owner,3975,10,High,Low,0,Petrol_Manual,Maruti,26.67,0
CAR_003976,Maruti Swift Vdi BSIII,2009,265000,120000,Diesel,Individual,Manual,Second Owner,3976,16,Low,High,0,Diesel_Manual,Maruti,2.21,1
CAR_003977,Ford Figo Diesel Titanium,2012,175000,,Diesel,Individual,Manual,First Owner,3977,13,Low,,0,Diesel_Manual,Ford,0.97,1
CAR_003978,Fiat Palio 1.2 Sport,2007,125000,,Petrol,Individual,,Second Owner,3978,18,Low,Medium,0,Petrol_Manual,Fiat,2.5,0
CAR_003979,Tata Manza Aqua Quadrajet BS IV,2010,,80000,Diesel,Individual,Manual,First Owner,3979,15,Low,High,0,Diesel_Manual,Tata,2.06,1
CAR_003980,Mahindra Verito 1.5 D2 BSIII,2011,150000,280000,Diesel,Individual,Manual,First Owner,3980,14,Low,,0,Diesel_Manual,Mahindra,0.54,1
CAR_003981,Hyundai Creta 1.6 CRDi SX Option,2015,1025000,90000,Diesel,Individual,Manual,Second Owner,3981,10,Premium,High,0,Diesel_Manual,Hyundai,11.39,1
CAR_003982,Toyota Innova 2.5 VX (Diesel) 8 Seater,2014,1030000,250000,Diesel,Individual,,Second Owner,3982,11,Premium,Very High,0,Diesel_Manual,Toyota,4.12,1
CAR_003983,Chevrolet Cruze LT,2012,380000,90000,,Individual,Manual,Fourth & Above Owner,3983,13,Mid,High,0,Diesel_Manual,Chevrolet,4.22,1
CAR_003984,Maruti Swift Dzire LDi,2010,250000,110000,Diesel,Individual,Manual,Third Owner,3984,15,Low,High,0,Diesel_Manual,Maruti,2.27,1
CAR_003985,Maruti Zen LX,2000,85000,80000,Petrol,Individual,Manual,Second Owner,3985,25,Low,High,0,Petrol_Manual,Maruti,1.06,0
CAR_003986,Fiat Punto EVO 1.3 Dynamic,2016,500000,35000,Diesel,Individual,Manual,First Owner,3986,9,Mid,Medium,0,Diesel_Manual,Fiat,14.29,1
CAR_003987,Hyundai EON Era Plus,2018,350000,15000,Petrol,Individual,Manual,First Owner,3987,7,Mid,,0,Petrol_Manual,Hyundai,23.33,0
CAR_003988,Maruti Alto LXi BSIII,2010,190000,52000,Petrol,Individual,Manual,Second Owner,3988,15,Low,Medium,0,Petrol_Manual,Maruti,3.65,0
CAR_003989,Volkswagen Jetta 1.9 TDI Trendline,2009,940000,140000,Diesel,Individual,Manual,First Owner,3989,16,High,High,0,Diesel_Manual,Volkswagen,6.71,1
CAR_003990,Maruti Swift VXI,2013,475000,60000,Petrol,Individual,Manual,Second Owner,3990,12,Mid,Medium,0,Petrol_Manual,Maruti,7.92,0
CAR_003991,Maruti Alto 800 LXI,2018,300000,17000,Petrol,Individual,Manual,First Owner,3991,7,Low,Low,0,Petrol_Manual,Maruti,17.65,0
CAR_003992,Chevrolet Beat LS,2016,250000,70000,Petrol,Individual,Manual,Third Owner,3992,9,Low,Medium,0,Petrol_Manual,Chevrolet,3.57,0
CAR_003993,Maruti Zen LX,2001,93000,97000,Petrol,Individual,,Fourth & Above Owner,3993,24,Low,High,0,Petrol_Manual,Maruti,0.96,0
CAR_003994,Ford Figo Diesel ZXI,2012,290000,125000,Diesel,Individual,,Second Owner,3994,13,Low,High,0,Diesel_Manual,Ford,2.32,1
CAR_003995,Tata Indica GLS BS IV,2010,75000,300000,Petrol,Individual,Manual,Third Owner,3995,15,Low,Very High,0,Petrol_Manual,Tata,0.25,0
CAR_003996,Mahindra XUV500 W8 2WD,2015,,120000,Diesel,Individual,Manual,Second Owner,3996,10,,High,0,Diesel_Manual,Mahindra,8.33,1
CAR_003997,Hyundai i20 Asta 1.4 CRDi,2015,550000,87000,Diesel,Individual,Manual,First Owner,3997,10,Mid,High,0,Diesel_Manual,Hyundai,6.32,1
CAR_003998,Fiat Punto 1.3 Emotion,2010,285000,75000,Diesel,Individual,Manual,Third Owner,3998,15,Low,,0,Diesel_Manual,Fiat,3.8,1
CAR_003999,Tata Indigo Grand Petrol,2014,240000,,Petrol,Individual,Manual,Second Owner,3999,11,Low,Medium,,Petrol_Manual,Tata,4,0
CAR_004000,Hyundai Creta 1.6 VTVT S,2015,850000,25000,Petrol,Individual,Manual,First Owner,4000,10,High,,0,Petrol_Manual,Hyundai,34,0
CAR_004001,Hyundai i20 Active 1.2 SX,2016,650000,26000,Petrol,Individual,Manual,First Owner,4001,9,High,Low,0,Petrol_Manual,Hyundai,25,0
CAR_004002,Maruti Celerio Green VXI,2017,365000,78000,CNG,Individual,Manual,First Owner,4002,8,,High,0,CNG_Manual,Maruti,4.68,0
CAR_004003,Hyundai i20 Active 1.2 SX,2016,,26000,Petrol,Individual,Manual,First Owner,4003,9,High,Low,0,Petrol_Manual,Hyundai,25,0
CAR_004004,Chevrolet Sail 1.2 Base,2015,,35000,Petrol,Individual,Manual,First Owner,4004,10,Low,Medium,0,Petrol_Manual,Chevrolet,7.43,0
CAR_004005,Tata Indigo Grand Petrol,2014,250000,100000,Petrol,Individual,Manual,First Owner,4005,11,Low,,0,Petrol_Manual,Tata,2.5,0
CAR_004006,Tata New Safari 4X2,2007,,,Petrol,Individual,,Second Owner,4006,18,Mid,High,0,Petrol_Manual,Tata,6.88,0
CAR_004007,Maruti Wagon R LXI,2004,70000,90000,,Individual,Manual,Fourth & Above Owner,4007,21,Low,High,0,Petrol_Manual,Maruti,0.78,0
CAR_004008,Chevrolet Sail Hatchback LT ABS,2013,225000,80000,Diesel,Individual,Manual,First Owner,4008,12,Low,,,Diesel_Manual,Chevrolet,2.81,1
CAR_004009,Honda City 1.3 EXI,2002,145000,100000,Petrol,Individual,Manual,First Owner,4009,23,Low,,0,Petrol_Manual,Honda,1.45,0
CAR_004010,Ford EcoSport 1.5 Diesel Titanium Plus BSIV,2018,930000,20000,Diesel,Individual,Manual,First Owner,4010,7,High,Low,0,Diesel_Manual,Ford,46.5,1
CAR_004011,Maruti Swift VXI,2019,,51000,Petrol,Individual,Manual,First Owner,4011,6,Mid,,0,Petrol_Manual,Maruti,10.78,0
CAR_004012,Maruti Alto LX BSIII,2008,85000,120000,Petrol,Individual,Manual,Second Owner,4012,17,Low,High,0,Petrol_Manual,Maruti,0.71,0
CAR_004013,Hyundai EON Era Plus Sports Edition,2014,280000,55000,Petrol,Individual,Manual,First Owner,4013,11,Low,Medium,0,Petrol_Manual,Hyundai,5.09,0
CAR_004014,Hyundai EON Magna Plus,2018,,6000,Petrol,Individual,,First Owner,4014,7,Mid,Low,0,Petrol_Manual,Hyundai,60,0
CAR_004015,Maruti Alto LXi,2011,150000,40000,Petrol,Individual,Manual,Second Owner,4015,14,Low,Medium,0,Petrol_Manual,Maruti,3.75,0
CAR_004016,Skoda Rapid 1.6 MPI AT Ambition BSIV,2017,900000,15000,Petrol,Individual,Automatic,First Owner,4016,8,High,Low,0,Petrol_Automatic,Skoda,60,0
CAR_004017,Ambassador CLASSIC 1500 DSL AC,2005,120000,50000,Diesel,Individual,Manual,Second Owner,4017,20,,Medium,0,Diesel_Manual,Ambassador,2.4,1
CAR_004018,Fiat Linea T Jet Emotion,2010,,90000,Petrol,Individual,Manual,Second Owner,4018,15,,High,0,Petrol_Manual,Fiat,2.39,0
CAR_004019,Renault Scala Diesel RxL,2013,550000,38500,Diesel,Individual,Manual,First Owner,4019,12,Mid,Medium,0,Diesel_Manual,Renault,14.29,1
CAR_004020,Tata Nexon 1.2 Revotron XZ Plus Dual Tone,2018,775000,35000,Petrol,Individual,,First Owner,4020,7,High,Medium,0,Petrol_Manual,Tata,22.14,0
CAR_004021,Maruti Gypsy King HT BSIV,2001,409999,,Petrol,Individual,Manual,Third Owner,4021,24,,Medium,,Petrol_Manual,Maruti,8.31,0
CAR_004022,Maruti 800 AC Uniq,2005,65000,70000,Petrol,Individual,Manual,Second Owner,4022,20,Low,Medium,0,Petrol_Manual,Maruti,0.93,0
CAR_004023,Maruti Wagon R LXI Minor,2008,200000,90000,Petrol,Individual,Manual,Second Owner,4023,17,Low,High,0,Petrol_Manual,Maruti,2.22,0
CAR_004024,Maruti Wagon R VXI BS IV,2010,240000,50000,Petrol,Individual,Manual,Second Owner,4024,15,Low,Medium,0,Petrol_Manual,Maruti,4.8,0
CAR_004025,Toyota Innova 2.5 VX 8 STR,2012,800000,108731,Diesel,Individual,Manual,First Owner,4025,13,High,High,0,Diesel_Manual,Toyota,7.36,1
CAR_004026,Toyota Innova 2.5 EV Diesel MS 7 Str BSIII,2010,400000,120000,Diesel,Individual,Manual,First Owner,4026,15,Mid,High,0,Diesel_Manual,Toyota,3.33,1
CAR_004027,Maruti Wagon R VXI BSIII,2012,229999,40000,Petrol,Individual,Manual,Second Owner,4027,13,Low,Medium,0,Petrol_Manual,Maruti,5.75,0
CAR_004028,Ford Ecosport 1.5 DV5 MT Titanium,2014,580000,120000,Diesel,Individual,Manual,First Owner,4028,11,Mid,High,0,Diesel_Manual,Ford,4.83,1
CAR_004029,Toyota Corolla H2,2005,175000,100000,,Individual,Manual,Fourth & Above Owner,4029,20,Low,High,0,Petrol_Manual,Toyota,1.75,0
CAR_004030,Maruti Ritz VDi,2012,250000,110000,,Individual,Manual,Fourth & Above Owner,4030,13,Low,High,0,Diesel_Manual,Maruti,2.27,1
CAR_004031,Hyundai EON Magna Plus,2014,,80000,Petrol,Individual,Manual,First Owner,4031,11,,High,0,Petrol_Manual,Hyundai,4,0
CAR_004032,Nissan Micra Diesel XV,2013,300000,90000,Diesel,Individual,Manual,First Owner,4032,12,Low,High,,Diesel_Manual,Nissan,3.33,1
CAR_004033,Mahindra TUV 300 mHAWK100 T8,2017,800000,60000,Diesel,Individual,Manual,First Owner,4033,8,High,Medium,0,Diesel_Manual,Mahindra,13.33,1
CAR_004034,Hyundai Verna SX AT Diesel,2009,,75000,Diesel,Dealer,Automatic,First Owner,4034,16,Low,High,0,Diesel_Automatic,Hyundai,3.27,1
CAR_004035,Hyundai EON Magna Plus,2018,300000,20000,Petrol,Individual,Manual,First Owner,4035,7,Low,Low,0,Petrol_Manual,Hyundai,15,0
CAR_004036,Hyundai Xcent 1.2 CRDi E,2017,350000,,Diesel,Individual,Manual,First Owner,4036,8,Mid,High,0,Diesel_Manual,Hyundai,4.38,1
CAR_004037,Maruti Zen LX - BS III,2006,70000,105700,,Individual,Manual,First Owner,4037,19,Low,,0,Petrol_Manual,Maruti,0.66,0
CAR_004038,Maruti Celerio VXI Optional,2017,430999,14000,Petrol,Dealer,,First Owner,4038,8,Mid,Low,0,Petrol_Manual,Maruti,30.79,0
CAR_004039,Chevrolet Spark 1.0,2010,80000,70000,Petrol,Individual,Manual,First Owner,4039,15,Low,,,Petrol_Manual,Chevrolet,1.14,0
CAR_004040,Maruti Alto 800 LXI Optional,2019,335000,28000,Petrol,Dealer,Manual,First Owner,4040,6,,,0,Petrol_Manual,Maruti,11.96,0
CAR_004041,Maruti Eeco 7 Seater Standard BSIV,2017,350000,51000,Petrol,Dealer,Manual,First Owner,4041,8,Mid,Medium,0,Petrol_Manual,Maruti,6.86,0
CAR_004042,Maruti Alto 800 LXI Opt BSIV,2018,315000,56000,Petrol,Dealer,Manual,First Owner,4042,7,Mid,Medium,0,Petrol_Manual,Maruti,5.62,0
CAR_004043,Volkswagen Vento 1.5 TDI Highline Plus AT BSIV,2019,1100000,35000,Diesel,Individual,Automatic,First Owner,4043,6,Premium,Medium,0,Diesel_Automatic,Volkswagen,31.43,1
CAR_004044,Maruti Esteem Lxi - BSIII,2005,80000,24000,Petrol,Individual,Manual,First Owner,4044,20,Low,Low,0,Petrol_Manual,Maruti,3.33,0
CAR_004045,Maruti Alto K10 VXI Optional,2014,285000,64000,Petrol,Dealer,Manual,Second Owner,4045,11,,Medium,0,Petrol_Manual,Maruti,4.45,0
CAR_004046,Tata Indigo TDI,2009,100000,120000,Diesel,Individual,Manual,Third Owner,4046,16,Low,High,0,Diesel_Manual,Tata,0.83,1
CAR_004047,Maruti Alto LXi,2011,225000,37091,Petrol,Individual,Manual,First Owner,4047,14,Low,Medium,0,Petrol_Manual,Maruti,6.07,0
CAR_004048,Volvo XC 90 D5 Inscription BSIV,2017,4500000,80000,Diesel,Individual,Automatic,First Owner,4048,8,Premium,High,0,Diesel_Automatic,Volvo,56.25,1
CAR_004049,Maruti Alto K10 VXI,2018,320000,38900,,Individual,Manual,Third Owner,4049,7,Mid,Medium,0,Petrol_Manual,Maruti,8.23,0
CAR_004050,Hyundai Creta 1.6 CRDi SX Plus,2016,1249000,60000,Diesel,Individual,Manual,Third Owner,4050,9,,Medium,0,Diesel_Manual,Hyundai,20.82,1
CAR_004051,Maruti Wagon R LXI Minor,2008,120000,110000,Petrol,Individual,Manual,Third Owner,4051,17,Low,High,0,Petrol_Manual,Maruti,1.09,0
CAR_004052,Volkswagen Vento Diesel Trendline,2011,200000,100000,Diesel,Individual,Manual,Second Owner,4052,14,Low,High,0,Diesel_Manual,Volkswagen,2,1
CAR_004053,Hyundai Creta 1.6 CRDi SX,2016,1151000,85000,Diesel,Individual,Manual,First Owner,4053,9,Premium,High,0,Diesel_Manual,Hyundai,13.54,1
CAR_004054,Tata Indica Vista Quadrajet LS,2012,120000,140000,Diesel,Individual,Manual,First Owner,4054,13,Low,High,0,Diesel_Manual,Tata,0.86,1
CAR_004055,Renault KWID RXT,2017,220000,20000,Petrol,Individual,Manual,First Owner,4055,8,Low,Low,0,Petrol_Manual,Renault,11,0
CAR_004056,Tata Nexon 1.2 Revotron XZ Plus Dual Tone,2017,750000,15000,Petrol,Individual,Manual,First Owner,4056,8,High,Low,0,Petrol_Manual,Tata,50,0
CAR_004057,Mahindra TUV 300 T10 Dual Tone,2018,784000,,Diesel,Individual,Manual,First Owner,4057,7,High,Medium,0,Diesel_Manual,Mahindra,19.6,1
CAR_004058,Honda Jazz 1.2 S i VTEC,2017,500000,50000,Petrol,Individual,Manual,First Owner,4058,8,Mid,Medium,0,Petrol_Manual,Honda,10,0
CAR_004059,Hyundai EON Era Plus,2018,350000,,Petrol,Individual,Manual,First Owner,4059,7,Mid,Low,0,Petrol_Manual,Hyundai,17.5,0
CAR_004060,Mahindra XUV500 W7 AT BSIV,2018,1400000,50000,Diesel,Individual,Automatic,First Owner,4060,7,Premium,Medium,0,Diesel_Automatic,Mahindra,28,1
CAR_004061,Mahindra Thar CRDe AC,2014,600000,100000,Diesel,Individual,Manual,Second Owner,4061,11,Mid,High,0,Diesel_Manual,Mahindra,6,1
CAR_004062,Hyundai Grand i10 1.2 Kappa Magna BSIV,2019,525000,9400,Petrol,Individual,Manual,First Owner,4062,6,Mid,Low,,Petrol_Manual,Hyundai,55.85,0
CAR_004063,Ford EcoSport 1.5 Diesel Titanium Plus BSIV,2017,930000,12000,Diesel,Individual,Manual,First Owner,4063,8,High,Low,0,Diesel_Manual,Ford,77.5,1
CAR_004064,Maruti Eeco 5 STR With AC Plus HTR CNG,2017,440000,14100,CNG,Dealer,Manual,First Owner,4064,8,Mid,Low,0,CNG_Manual,Maruti,31.21,0
CAR_004065,Maruti Celerio ZXI,2016,434999,21000,Petrol,Dealer,Manual,First Owner,4065,9,Mid,,0,Petrol_Manual,Maruti,20.71,0
CAR_004066,Hyundai i10 Magna,2011,250000,28000,Petrol,Dealer,Manual,First Owner,4066,14,Low,Low,0,Petrol_Manual,Hyundai,8.93,0
CAR_004067,Maruti Ertiga SHVS ZDI Plus,2017,940000,35000,Diesel,Dealer,Manual,First Owner,4067,8,,Medium,0,Diesel_Manual,Maruti,26.86,1
CAR_004068,Hyundai Verna 1.6 CRDi AT SX,2017,1050000,31000,Diesel,Dealer,Automatic,First Owner,4068,8,Premium,,,Diesel_Automatic,Hyundai,33.87,1
CAR_004069,Maruti Ertiga SHVS ZDI,2016,,58000,Diesel,Dealer,Manual,First Owner,4069,9,High,,0,Diesel_Manual,Maruti,14.22,1
CAR_004070,Maruti Wagon R VXI Minor,2012,229999,25000,,Individual,Manual,First Owner,4070,13,Low,Low,0,Petrol_Manual,Maruti,9.2,0
CAR_004071,Hyundai i20 1.2 Asta,2011,375000,72000,Petrol,Dealer,Manual,First Owner,4071,14,Mid,High,,Petrol_Manual,Hyundai,5.21,0
CAR_004072,Maruti Ertiga ZDI,2013,640000,89000,Diesel,Dealer,Manual,First Owner,4072,12,High,High,0,Diesel_Manual,Maruti,7.19,1
CAR_004073,Toyota Innova 2.5 V Diesel 8-seater,2012,,160000,Diesel,Dealer,Manual,First Owner,4073,13,High,Very High,0,Diesel_Manual,Toyota,5,1
CAR_004074,Ford Figo Petrol ZXI,2012,130000,30000,Petrol,Individual,Manual,Third Owner,4074,13,Low,Low,0,Petrol_Manual,Ford,4.33,0
CAR_004075,Hyundai i10 Sportz 1.1L,2014,300000,37555,Petrol,Dealer,Manual,First Owner,4075,11,Low,Medium,0,Petrol_Manual,Hyundai,7.99,0
CAR_004076,Maruti Wagon R VXI BS IV,2018,440000,14000,Petrol,Dealer,,First Owner,4076,7,Mid,Low,0,Petrol_Manual,Maruti,31.43,0
CAR_004077,Maruti Ertiga VXI CNG,2014,595000,56600,CNG,Dealer,Manual,First Owner,4077,11,Mid,Medium,0,CNG_Manual,Maruti,10.51,0
CAR_004078,Mahindra Scorpio EX,2013,450000,110000,Diesel,Individual,,First Owner,4078,12,Mid,High,0,Diesel_Manual,Mahindra,4.09,1
CAR_004079,Maruti Vitara Brezza VDi Option,2017,690000,50000,Diesel,Individual,Manual,First Owner,4079,8,High,Medium,0,Diesel_Manual,Maruti,13.8,1
CAR_004080,Maruti Alto 800 VXI,2019,,5000,Petrol,Individual,Manual,First Owner,4080,6,Low,Low,0,Petrol_Manual,Maruti,60,0
CAR_004081,Chevrolet Sail 1.2 Base,2014,170000,100000,Petrol,Individual,Manual,Second Owner,4081,11,,High,0,Petrol_Manual,Chevrolet,1.7,0
CAR_004082,Toyota Etios Liva GD SP,2012,280000,120000,Diesel,Individual,Manual,First Owner,4082,13,Low,High,0,Diesel_Manual,Toyota,2.33,1
CAR_004083,Maruti Swift VXI BSIII,2009,220000,67580,Petrol,Individual,Manual,Second Owner,4083,16,Low,,0,Petrol_Manual,Maruti,3.26,0
CAR_004084,Hyundai Santro Xing GLS,2009,140000,100000,Petrol,Individual,Manual,Third Owner,4084,16,Low,,0,Petrol_Manual,Hyundai,1.4,0
CAR_004085,Maruti Esteem Lxi,2004,45000,60000,Petrol,Individual,Manual,First Owner,4085,21,Low,Medium,,Petrol_Manual,Maruti,0.75,0
CAR_004086,Ford Figo Diesel Titanium,2014,200000,125000,Diesel,Individual,Manual,Second Owner,4086,11,Low,,0,Diesel_Manual,Ford,1.6,1
CAR_004087,Mahindra Scorpio 2.6 Turbo 7 Str,2008,325000,120000,Diesel,Individual,Manual,Second Owner,4087,17,Mid,High,0,Diesel_Manual,Mahindra,2.71,1
CAR_004088,Hyundai Verna CRDi SX,2010,300000,,Diesel,Individual,Manual,Second Owner,4088,15,,High,0,Diesel_Manual,Hyundai,2.31,1
CAR_004089,Maruti 800 AC,2009,120000,250000,Petrol,Individual,Manual,Second Owner,4089,16,Low,Very High,0,Petrol_Manual,Maruti,0.48,0
CAR_004090,Hyundai Creta 1.6 CRDi SX,2016,535000,52600,Diesel,Individual,Manual,First Owner,4090,9,Mid,Medium,0,Diesel_Manual,Hyundai,10.17,1
CAR_004091,Honda City i DTEC S,2014,520000,82000,Diesel,Individual,Manual,First Owner,4091,11,,High,0,Diesel_Manual,Honda,6.34,1
CAR_004092,Hyundai Grand i10 1.2 Kappa Magna AT,2017,550000,19890,Petrol,Dealer,Automatic,First Owner,4092,8,,Low,0,Petrol_Automatic,Hyundai,27.65,0
CAR_004093,Mahindra Verito Vibe 1.5 dCi D6,2015,280000,40000,Diesel,Individual,,First Owner,4093,10,Low,Medium,0,Diesel_Manual,Mahindra,7,1
CAR_004094,Nissan Sunny XL D,2013,225000,78000,Diesel,Dealer,,First Owner,4094,12,Low,High,0,Diesel_Manual,Nissan,2.88,1
CAR_004095,Ford EcoSport 1.5 Petrol Titanium Plus AT BSIV,2015,750000,48238,Petrol,Trustmark Dealer,Automatic,First Owner,4095,10,High,Medium,0,Petrol_Automatic,Ford,15.55,0
CAR_004096,Hyundai i20 1.2 Magna Executive,2016,,38365,Petrol,Dealer,Manual,First Owner,4096,9,Mid,Medium,,Petrol_Manual,Hyundai,13.95,0
CAR_004097,Mahindra XUV500 W10 1.99 mHawk,2016,1250000,23670,Diesel,Trustmark Dealer,Manual,First Owner,4097,9,Premium,Low,0,Diesel_Manual,Mahindra,52.81,1
CAR_004098,Maruti Baleno Zeta 1.2,2017,650000,49834,,Trustmark Dealer,Manual,First Owner,4098,8,High,Medium,0,Petrol_Manual,Maruti,13.04,0
CAR_004099,Honda Brio S MT,2013,295000,57353,Petrol,Trustmark Dealer,Manual,First Owner,4099,12,Low,,0,Petrol_Manual,Honda,5.14,0
CAR_004100,Maruti Swift DDiS VDI,2015,480000,68308,Diesel,Trustmark Dealer,Manual,First Owner,4100,10,Mid,Medium,0,Diesel_Manual,Maruti,7.03,1
CAR_004101,Honda City i DTEC SV,2015,575000,63240,Diesel,Trustmark Dealer,Manual,First Owner,4101,10,Mid,,,Diesel_Manual,Honda,9.09,1
CAR_004102,Mahindra Scorpio 1.99 S4,2016,509999,60000,,Individual,Manual,First Owner,4102,9,Mid,Medium,,Diesel_Manual,Mahindra,8.5,1
CAR_004103,Maruti Alto LXi,2008,69000,100000,Petrol,Individual,Manual,First Owner,4103,17,Low,High,,Petrol_Manual,Maruti,0.69,0
CAR_004104,Tata Manza Aura Safire BS IV,2013,200000,60000,Petrol,Individual,Manual,First Owner,4104,12,Low,Medium,0,Petrol_Manual,Tata,3.33,0
CAR_004105,Toyota Innova 2.5 GX 8 STR BSIV,2012,449000,90000,Diesel,Individual,Manual,First Owner,4105,13,Mid,High,0,Diesel_Manual,Toyota,4.99,1
CAR_004106,Tata Harrier XE,2020,426000,1000,Diesel,Individual,Manual,First Owner,4106,5,Mid,Low,0,Diesel_Manual,Tata,426,1
CAR_004107,Ford Ecosport 1.5 Petrol Ambiente,2017,650000,,Petrol,Individual,Manual,First Owner,4107,8,High,Low,0,Petrol_Manual,Ford,108.33,0
CAR_004108,Tata Tiago 1.05 Revotorq XM,2017,260000,50000,Diesel,Individual,Manual,First Owner,4108,8,Low,Medium,0,Diesel_Manual,Tata,5.2,1
CAR_004109,Mahindra Bolero Power Plus Plus AC BSIV PS,2015,295000,90000,Diesel,Individual,Manual,Third Owner,4109,10,Low,High,0,Diesel_Manual,Mahindra,3.28,1
CAR_004110,Maruti Eeco 5 Seater AC BSIV,2017,260000,30000,Petrol,Dealer,Manual,First Owner,4110,8,Low,Low,,Petrol_Manual,Maruti,8.67,0
CAR_004111,Tata Indica Vista Quadrajet LS,2012,120000,140000,Diesel,Individual,Manual,First Owner,4111,13,Low,High,,Diesel_Manual,Tata,0.86,1
CAR_004112,Hyundai Verna SX,2007,155000,65000,Petrol,Dealer,Manual,First Owner,4112,18,Low,Medium,0,Petrol_Manual,Hyundai,2.38,0
CAR_004113,Honda Jazz 1.5 VX i DTEC,2015,450000,,Diesel,Individual,Manual,First Owner,4113,10,Mid,Medium,0,Diesel_Manual,Honda,11.84,1
CAR_004114,Tata New Safari DICOR 2.2 GX 4x2 BS IV,2012,320000,80000,Diesel,Individual,Manual,First Owner,4114,13,Mid,High,0,Diesel_Manual,Tata,4,1
CAR_004115,Hyundai Verna i (Petrol),2007,123000,50000,Petrol,Individual,Manual,Second Owner,4115,18,Low,Medium,0,Petrol_Manual,Hyundai,2.46,0
CAR_004116,Hyundai Santro Xing XO,2006,,110000,,Individual,Manual,First Owner,4116,19,Low,High,0,Petrol_Manual,Hyundai,0.73,0
CAR_004117,Maruti SX4 Celebration Petrol,2012,220000,90000,Petrol,Individual,Manual,Second Owner,4117,13,Low,High,0,Petrol_Manual,Maruti,2.44,0
CAR_004118,Hyundai i20 Active S Diesel,2018,650000,37000,Diesel,Dealer,Manual,First Owner,4118,7,High,Medium,0,Diesel_Manual,Hyundai,17.57,1
CAR_004119,Maruti Alto 800 LXI,2018,285000,30000,Petrol,Dealer,Manual,First Owner,4119,7,Low,,0,Petrol_Manual,Maruti,9.5,0
CAR_004120,Honda Amaze V CVT Petrol BSIV,2018,725000,26000,Petrol,Dealer,Automatic,First Owner,4120,7,High,Low,0,Petrol_Automatic,Honda,27.88,0
CAR_004121,Tata Indica Vista Aqua 1.2 Safire BSIV,2010,97000,128000,,Individual,Manual,First Owner,4121,15,Low,High,0,Petrol_Manual,Tata,0.76,0
CAR_004122,Maruti Ciaz ZXi,2016,625000,30000,Petrol,Dealer,Manual,First Owner,4122,9,High,Low,0,Petrol_Manual,Maruti,20.83,0
CAR_004123,Hyundai i20 Active SX Petrol,2016,550000,23000,Petrol,Dealer,Manual,First Owner,4123,9,Mid,Low,0,Petrol_Manual,Hyundai,23.91,0
CAR_004124,Tata Indigo CR4,2012,130000,120000,Diesel,Individual,,First Owner,4124,13,Low,High,0,Diesel_Manual,Tata,1.08,1
CAR_004125,Hyundai i10 Magna,2012,240000,40000,Petrol,Dealer,Manual,First Owner,4125,13,Low,Medium,0,Petrol_Manual,Hyundai,6,0
CAR_004126,Nissan Terrano XL 85 PS,2014,600000,,Diesel,Dealer,Manual,First Owner,4126,11,Mid,Low,0,Diesel_Manual,Nissan,22.22,1
CAR_004127,Tata New Safari DICOR 2.2 EX 4x2,2012,350000,65000,Diesel,Dealer,Manual,First Owner,4127,13,Mid,Medium,,Diesel_Manual,Tata,5.38,1
CAR_004128,Hyundai EON Magna Plus,2015,245000,32000,Petrol,Dealer,Manual,First Owner,4128,10,Low,Medium,0,Petrol_Manual,Hyundai,7.66,0
CAR_004129,Maruti Swift 1.3 VXi,2009,199000,52536,,Individual,Manual,First Owner,4129,16,Low,Medium,0,Petrol_Manual,Maruti,3.79,0
CAR_004130,Mahindra Xylo E4,2011,330000,100000,Diesel,Individual,Manual,Second Owner,4130,14,Mid,,0,Diesel_Manual,Mahindra,3.3,1
CAR_004131,Maruti Ritz VXI,2009,150000,80000,Petrol,Individual,Manual,First Owner,4131,16,Low,High,,Petrol_Manual,Maruti,1.88,0
CAR_004132,Hyundai Creta 1.6 CRDi SX,2016,927999,90000,Diesel,Individual,Manual,First Owner,4132,9,High,High,0,Diesel_Manual,Hyundai,10.31,1
CAR_004133,Maruti Zen LXI,2003,70000,60000,Petrol,Individual,Manual,Fourth & Above Owner,4133,22,Low,Medium,,Petrol_Manual,Maruti,1.17,0
CAR_004134,Hyundai Xcent 1.2 CRDi SX,2015,399000,55000,Diesel,Dealer,Manual,First Owner,4134,10,Mid,Medium,0,Diesel_Manual,Hyundai,7.25,1
CAR_004135,Maruti Swift VDI Optional,2015,,90000,Diesel,Individual,Manual,First Owner,4135,10,Mid,High,0,Diesel_Manual,Maruti,3.89,1
CAR_004136,Mahindra Scorpio 2.6 CRDe,2006,125000,50000,Diesel,Individual,,Second Owner,4136,19,Low,Medium,0,Diesel_Manual,Mahindra,2.5,1
CAR_004137,Hyundai Santro Xing XS,2008,,90000,,Individual,Manual,Second Owner,4137,17,Low,High,0,Petrol_Manual,Hyundai,1.67,0
CAR_004138,Hyundai EON Era Plus,2015,250000,25000,Petrol,Individual,Manual,First Owner,4138,10,Low,Low,0,Petrol_Manual,Hyundai,10,0
CAR_004139,Hyundai Verna 1.6 SX CRDi (O),2014,675000,61000,Diesel,Dealer,,First Owner,4139,11,High,Medium,0,Diesel_Manual,Hyundai,11.07,1
CAR_004140,Maruti S-Cross Alpha DDiS 200 SH,2018,950000,,,Individual,,First Owner,4140,7,High,Low,0,Diesel_Manual,Maruti,31.67,1
CAR_004141,Maruti Eeco 5 STR With AC Plus HTR CNG,2018,409999,45000,CNG,Individual,Manual,First Owner,4141,7,Mid,Medium,0,CNG_Manual,Maruti,9.11,0
CAR_004142,Fiat Linea Emotion (Diesel),2011,,60000,Diesel,Individual,Manual,First Owner,4142,14,Low,Medium,0,Diesel_Manual,Fiat,3.75,1
CAR_004143,Honda Civic 1.8 V MT,2008,350000,75000,Petrol,Individual,,Second Owner,4143,17,Mid,High,0,Petrol_Manual,Honda,4.67,0
CAR_004144,Tata Indica LSI,2005,51111,140000,Petrol,Individual,Manual,Third Owner,4144,20,Low,High,0,Petrol_Manual,Tata,0.37,0
CAR_004145,Chevrolet Sail 1.3 LS,2013,290000,56000,Diesel,Dealer,Manual,First Owner,4145,12,Low,Medium,0,Diesel_Manual,Chevrolet,5.18,1
CAR_004146,Toyota Camry Hybrid,2006,310000,62000,Electric,Dealer,Automatic,Second Owner,4146,19,Mid,Medium,0,Electric_Automatic,Toyota,5,0
CAR_004147,Hyundai Verna CRDi SX,2007,212000,58000,Diesel,Dealer,Manual,Second Owner,4147,18,Low,Medium,0,Diesel_Manual,Hyundai,3.66,1
CAR_004148,Skoda Octavia Elegance 2.0 TDI AT,2013,900000,49000,Diesel,Dealer,,Second Owner,4148,12,High,Medium,0,Diesel_Automatic,Skoda,18.37,1
CAR_004149,Chevrolet Beat Diesel LT,2011,221000,56000,Diesel,Dealer,Manual,Second Owner,4149,14,Low,,0,Diesel_Manual,Chevrolet,3.95,1
CAR_004150,Toyota Innova 2.5 G (Diesel) 7 Seater,2013,675000,,Diesel,Dealer,Manual,First Owner,4150,12,High,High,0,Diesel_Manual,Toyota,9.25,1
CAR_004151,Honda Amaze S i-Dtech,2014,,,Diesel,Dealer,Manual,First Owner,4151,11,,Medium,0,Diesel_Manual,Honda,6.1,1
CAR_004152,Maruti SX4 Zxi BSIII,2008,350000,10000,Petrol,Individual,Manual,First Owner,4152,17,Mid,Low,,Petrol_Manual,Maruti,35,0
CAR_004153,Hyundai Accent Executive CNG,2010,140000,110000,CNG,Individual,Manual,First Owner,4153,15,,High,0,CNG_Manual,Hyundai,1.27,0
CAR_004154,Skoda Octavia Ambiente 1.9 TDI MT,2002,,116000,Diesel,Individual,Manual,Second Owner,4154,23,Low,High,0,Diesel_Manual,Skoda,0.78,1
CAR_004155,Honda City Edge Edition Diesel SV,2018,830000,40000,Diesel,Individual,Manual,First Owner,4155,7,High,Medium,0,Diesel_Manual,Honda,20.75,1
CAR_004156,Maruti Wagon R LXI Minor,2009,180000,30000,Petrol,Individual,Manual,First Owner,4156,16,Low,Low,0,Petrol_Manual,Maruti,6,0
CAR_004157,Maruti Swift Vdi BSIII,2009,210000,109000,Diesel,Individual,Manual,Second Owner,4157,16,,High,0,Diesel_Manual,Maruti,1.93,1
CAR_004158,Maruti SX4 S Cross DDiS 320 Zeta,2017,700000,90000,Diesel,Individual,Manual,First Owner,4158,8,High,High,,Diesel_Manual,Maruti,7.78,1
CAR_004159,Tata Nano Cx BSIII,2014,45000,7000,Petrol,Individual,Manual,Second Owner,4159,11,Low,,0,Petrol_Manual,Tata,6.43,0
CAR_004160,Tata Indigo LX,2012,125000,,,Individual,Manual,First Owner,4160,13,Low,High,0,Diesel_Manual,Tata,1.04,1
CAR_004161,Hyundai Verna 1.6 VTVT S,2017,530000,64916,,Individual,Manual,First Owner,4161,8,Mid,Medium,0,Petrol_Manual,Hyundai,8.16,0
CAR_004162,Ford Ecosport 1.5 DV5 MT Trend,2018,800000,37161,Diesel,Dealer,Manual,First Owner,4162,7,High,Medium,0,Diesel_Manual,Ford,21.53,1
CAR_004163,Maruti Baleno Zeta 1.2,2016,580000,15000,Petrol,Individual,Manual,First Owner,4163,9,Mid,Low,0,Petrol_Manual,Maruti,38.67,0
CAR_004164,Audi Q3 2.0 TDI Quattro Premium Plus,2012,,118000,Diesel,Individual,Automatic,Second Owner,4164,13,Premium,High,,Diesel_Automatic,Audi,11.86,1
CAR_004165,Renault KWID 1.0 RXL,2018,300000,50852,,Individual,Manual,First Owner,4165,7,Low,Medium,0,Petrol_Manual,Renault,5.9,0
CAR_004166,Renault KWID RXT Optional,2016,300000,30000,Petrol,Individual,Manual,First Owner,4166,9,Low,Low,0,Petrol_Manual,Renault,10,0
CAR_004167,Maruti Ciaz ZDi SHVS,2015,700000,77000,Diesel,Individual,Manual,First Owner,4167,10,High,High,0,Diesel_Manual,Maruti,9.09,1
CAR_004168,Nissan Sunny XL,2012,,,Petrol,Individual,Manual,Third Owner,4168,13,Low,Medium,0,Petrol_Manual,Nissan,3.57,0
CAR_004169,Chevrolet Tavera Neo 3 9 Str BSIII,2016,500000,120000,,Individual,Manual,First Owner,4169,9,Mid,High,,Diesel_Manual,Chevrolet,4.17,1
CAR_004170,Honda Accord 2.4 AT,2009,428000,,Petrol,Individual,Automatic,Third Owner,4170,16,Mid,Medium,0,Petrol_Automatic,Honda,10.7,0
CAR_004171,Tata Harrier XZ BSIV,2019,1400000,33000,,Individual,Manual,First Owner,4171,6,,Medium,0,Diesel_Manual,Tata,42.42,1
CAR_004172,Hyundai EON Era Plus,2013,219000,53500,Petrol,Individual,Manual,Third Owner,4172,12,Low,Medium,0,Petrol_Manual,Hyundai,4.09,0
CAR_004173,Maruti Ertiga SHVS LDI,2017,500000,40000,Diesel,Individual,Manual,First Owner,4173,8,Mid,Medium,0,Diesel_Manual,Maruti,12.5,1
CAR_004174,Honda City i DTEC S,2014,520000,,,Individual,Manual,First Owner,4174,11,Mid,High,0,Diesel_Manual,Honda,6.34,1
CAR_004175,Mahindra Scorpio 1.99 S4,2016,509999,60000,,Individual,,First Owner,4175,9,Mid,Medium,0,Diesel_Manual,Mahindra,8.5,1
CAR_004176,Maruti Baleno Alpha 1.2,2019,556000,24000,,Individual,Manual,First Owner,4176,6,Mid,Low,0,Petrol_Manual,Maruti,23.17,0
CAR_004177,Tata Indigo Grand Dicor,2014,225000,120000,Diesel,Individual,Manual,First Owner,4177,11,Low,High,0,Diesel_Manual,Tata,1.88,1
CAR_004178,Honda Amaze EX i-Dtech,2013,325000,65000,Diesel,Dealer,Manual,First Owner,4178,12,Mid,Medium,,Diesel_Manual,Honda,5,1
CAR_004179,Maruti Swift VDI,2013,365000,65000,,Dealer,Manual,First Owner,4179,12,Mid,Medium,0,Diesel_Manual,Maruti,5.62,1
CAR_004180,Hyundai Creta 1.6 CRDi SX Plus,2015,850000,,Diesel,Dealer,Manual,First Owner,4180,10,,High,0,Diesel_Manual,Hyundai,10.12,1
CAR_004181,Toyota Etios GD SP,2013,350000,75000,Diesel,Dealer,,First Owner,4181,12,Mid,High,0,Diesel_Manual,Toyota,4.67,1
CAR_004182,Maruti Swift VDI,2007,,,Diesel,Dealer,Manual,First Owner,4182,18,Low,Medium,0,Diesel_Manual,Maruti,4.5,1
CAR_004183,Maruti Alto LX,2011,,50000,Petrol,Individual,Manual,First Owner,4183,14,Low,Medium,0,Petrol_Manual,Maruti,2.7,0
CAR_004184,Maruti Wagon R LXI Minor,2007,140000,49000,Petrol,Dealer,,First Owner,4184,18,Low,Medium,0,Petrol_Manual,Maruti,2.86,0
CAR_004185,Maruti SX4 S Cross DDiS 320 Delta,2016,665000,560000,Diesel,Dealer,Manual,First Owner,4185,9,High,Very High,0,Diesel_Manual,Maruti,1.19,1
CAR_004186,Renault KWID RXT,2015,275000,14365,Petrol,Dealer,Manual,First Owner,4186,10,Low,,0,Petrol_Manual,Renault,19.14,0
CAR_004187,Toyota Fortuner 2.8 4WD AT BSIV,2017,2750000,41000,Diesel,Individual,Automatic,First Owner,4187,8,Premium,Medium,0,Diesel_Automatic,Toyota,67.07,1
CAR_004188,Hyundai Verna 1.6 SX,2013,484999,65000,Diesel,Dealer,Manual,First Owner,4188,12,Mid,Medium,0,Diesel_Manual,Hyundai,7.46,1
CAR_004189,Maruti Ciaz VDi Option SHVS,2015,565000,,Diesel,Dealer,,First Owner,4189,10,Mid,Medium,0,Diesel_Manual,Maruti,8.69,1
CAR_004190,Maruti Swift Dzire VDI,2013,425000,,Diesel,Dealer,Manual,First Owner,4190,12,Mid,Medium,0,Diesel_Manual,Maruti,6.96,1
CAR_004191,Toyota Innova 2.5 VX (Diesel) 8 Seater,2013,925000,75000,Diesel,Individual,Manual,First Owner,4191,12,High,High,0,Diesel_Manual,Toyota,12.33,1
CAR_004192,Mahindra Scorpio VLX 2WD AIRBAG SE BSIV,2012,565000,72000,Diesel,Dealer,Manual,First Owner,4192,13,Mid,High,0,Diesel_Manual,Mahindra,7.85,1
CAR_004193,Renault Duster 110PS Diesel RxL,2014,525000,65000,Diesel,Dealer,,First Owner,4193,11,Mid,Medium,0,Diesel_Manual,Renault,8.08,1
CAR_004194,Honda City 1.5 S MT,2010,409999,60000,Petrol,Individual,Manual,First Owner,4194,15,Mid,Medium,0,Petrol_Manual,Honda,6.83,0
CAR_004195,Tata Tigor 1.2 Revotron XZ Option,2018,570000,5000,Petrol,Individual,Manual,First Owner,4195,7,Mid,Low,0,Petrol_Manual,Tata,114,0
CAR_004196,Maruti SX4 Zxi BSIII,2007,160000,80000,,Individual,Manual,Third Owner,4196,18,,High,,Petrol_Manual,Maruti,2,0
CAR_004197,Maruti Ciaz ZDi Plus SHVS,2017,749000,51500,Diesel,Individual,Manual,Second Owner,4197,8,,Medium,0,Diesel_Manual,Maruti,14.54,1
CAR_004198,Maruti Swift Dzire VDi,2010,300000,120000,Diesel,Individual,Manual,Third Owner,4198,15,Low,High,0,Diesel_Manual,Maruti,2.5,1
CAR_004199,Ford EcoSport 1.5 Diesel Titanium Plus BSIV,2014,550000,79800,Diesel,Dealer,Manual,First Owner,4199,11,Mid,High,0,Diesel_Manual,Ford,6.89,1
CAR_004200,Ford EcoSport 1.5 Diesel Titanium Plus BSIV,2015,550000,97000,Diesel,Dealer,Manual,Second Owner,4200,10,Mid,High,,Diesel_Manual,Ford,5.67,1
CAR_004201,Ford Ecosport 1.5 Diesel Titanium Plus,2019,1250000,6590,Diesel,Dealer,Manual,First Owner,4201,6,Premium,Low,0,Diesel_Manual,Ford,189.68,1
CAR_004202,Ford Figo Aspire 1.5 TDCi Titanium,2017,700000,49957,Diesel,Dealer,Manual,First Owner,4202,8,High,Medium,0,Diesel_Manual,Ford,14.01,1
CAR_004203,Ford Figo 1.5 Sports Edition MT,2017,600000,43235,Diesel,Dealer,Manual,First Owner,4203,8,Mid,Medium,,Diesel_Manual,Ford,13.88,1
CAR_004204,Ford EcoSport 1.5 TDCi Titanium Plus BE BSIV,2018,925000,50699,Diesel,Dealer,Manual,First Owner,4204,7,High,Medium,0,Diesel_Manual,Ford,18.24,1
CAR_004205,Ford Endeavour 3.2 Titanium AT 4X4,2016,1800000,126000,Diesel,Dealer,Automatic,First Owner,4205,9,Premium,High,,Diesel_Automatic,Ford,14.29,1
CAR_004206,Ford Figo Aspire 1.5 TDCi Titanium Plus,2015,459999,140730,Diesel,Dealer,Manual,Second Owner,4206,10,Mid,,0,Diesel_Manual,Ford,3.27,1
CAR_004207,Hyundai i20 Active 1.2 SX,2015,565000,46000,Petrol,Individual,Manual,First Owner,4207,10,Mid,,0,Petrol_Manual,Hyundai,12.28,0
CAR_004208,Hyundai EON Era Plus,2013,170000,80000,,Individual,Manual,Third Owner,4208,12,Low,High,0,Petrol_Manual,Hyundai,2.12,0
CAR_004209,Toyota Qualis FS B3,2001,,256000,Diesel,Dealer,Manual,First Owner,4209,24,Low,Very High,0,Diesel_Manual,Toyota,0.59,1
CAR_004210,Mahindra Scorpio VLX 2WD BSIII,2008,,120000,,Individual,Manual,First Owner,4210,17,Low,High,0,Diesel_Manual,Mahindra,2.46,1
CAR_004211,Hyundai i20 Active 1.4 SX,2018,819999,40000,Diesel,Individual,Manual,First Owner,4211,7,High,Medium,0,Diesel_Manual,Hyundai,20.5,1
CAR_004212,Hyundai Elite i20 Diesel Asta Option,2019,819999,40000,Diesel,Individual,Manual,First Owner,4212,6,High,Medium,0,Diesel_Manual,Hyundai,20.5,1
CAR_004213,Maruti Ritz VXi,2015,320000,40000,Petrol,Individual,Manual,First Owner,4213,10,Mid,Medium,0,Petrol_Manual,Maruti,8,0
CAR_004214,Ford Ecosport 1.5 DV5 MT Titanium,2015,550000,135000,Diesel,Individual,Manual,Second Owner,4214,10,Mid,,0,Diesel_Manual,Ford,4.07,1
CAR_004215,Mahindra Bolero 2011-2019 SLX,2015,550000,50000,Diesel,Individual,,First Owner,4215,10,Mid,Medium,0,Diesel_Manual,Mahindra,11,1
CAR_004216,Volkswagen Ameo 1.5 TDI Comfortline,2017,,98000,Diesel,Individual,Manual,First Owner,4216,8,,High,0,Diesel_Manual,Volkswagen,6.02,1
CAR_004217,Toyota Innova 2.5 VX (Diesel) 8 Seater,2014,1050000,70000,Diesel,Individual,Manual,First Owner,4217,11,Premium,Medium,0,Diesel_Manual,Toyota,15,1
CAR_004218,Honda City i DTec V,2017,950000,50000,Diesel,Individual,Manual,First Owner,4218,8,High,Medium,0,Diesel_Manual,Honda,19,1
CAR_004219,Honda City i-DTEC VX,2017,,30000,Diesel,Individual,Manual,First Owner,4219,8,High,Low,0,Diesel_Manual,Honda,33.33,1
CAR_004220,Nissan Terrano XE 85 PS,2013,500000,120000,Diesel,Individual,Manual,First Owner,4220,12,Mid,High,0,Diesel_Manual,Nissan,4.17,1
CAR_004221,Fiat Punto EVO 1.3 Emotion,2017,450000,70000,Diesel,Individual,Manual,First Owner,4221,8,Mid,Medium,0,Diesel_Manual,Fiat,6.43,1
CAR_004222,Maruti Swift Dzire VDI Optional,2017,720000,35000,Diesel,Individual,Manual,First Owner,4222,8,High,Medium,0,Diesel_Manual,Maruti,20.57,1
CAR_004223,Maruti Celerio VDi,2015,390000,,Diesel,Individual,Manual,Second Owner,4223,10,Mid,Medium,0,Diesel_Manual,Maruti,5.57,1
CAR_004224,Mahindra Thar 4X2,2014,500000,35000,Diesel,Individual,Manual,First Owner,4224,11,Mid,Medium,0,Diesel_Manual,Mahindra,14.29,1
CAR_004225,Toyota Fortuner 2.7 2WD AT,2016,2500000,70000,Petrol,Individual,Automatic,Second Owner,4225,9,Premium,Medium,0,Petrol_Automatic,Toyota,35.71,0
CAR_004226,Hyundai i20 1.4 Asta Option,2017,780000,50000,Diesel,Individual,Manual,First Owner,4226,8,High,Medium,0,Diesel_Manual,Hyundai,15.6,1
CAR_004227,Maruti Swift Dzire ZDI,2015,484999,90000,Diesel,Individual,Manual,Second Owner,4227,10,Mid,,0,Diesel_Manual,Maruti,5.39,1
CAR_004228,Volkswagen Vento Diesel Highline,2012,420000,90000,Diesel,Individual,,Second Owner,4228,13,Mid,High,0,Diesel_Manual,Volkswagen,4.67,1
CAR_004229,Mahindra XUV500 W10 AWD,2015,1225000,,Diesel,Individual,Manual,First Owner,4229,10,Premium,Medium,,Diesel_Manual,Mahindra,17.5,1
CAR_004230,Tata Indica Vista TDI LX,2015,350000,50000,Diesel,Individual,Manual,Second Owner,4230,10,Mid,Medium,0,Diesel_Manual,Tata,7,1
CAR_004231,Mahindra Verito 1.5 D4 BSIV,2015,350000,120000,Diesel,Individual,Manual,Third Owner,4231,10,Mid,High,0,Diesel_Manual,Mahindra,2.92,1
CAR_004232,Toyota Innova 2.5 G (Diesel) 8 Seater BS IV,2011,,,Diesel,Individual,Manual,First Owner,4232,14,High,Very High,0,Diesel_Manual,Toyota,3.48,1
CAR_004233,Hyundai Santro Xing XG AT,2004,125000,70000,Petrol,Individual,Automatic,Second Owner,4233,21,Low,Medium,0,Petrol_Automatic,Hyundai,1.79,0
CAR_004234,Tata Indica V2 DLS BSII,2010,,100000,Diesel,Individual,,Third Owner,4234,15,,,0,Diesel_Manual,Tata,0.75,1
CAR_004235,Mahindra KUV 100 G80 K4 Plus,2018,509999,15000,Petrol,Individual,Manual,First Owner,4235,7,Mid,Low,0,Petrol_Manual,Mahindra,34,0
CAR_004236,Tata Indigo Classic Dicor,2014,215000,,Diesel,Individual,Manual,Third Owner,4236,11,Low,,0,Diesel_Manual,Tata,2.69,1
CAR_004237,Hyundai Grand i10 1.2 CRDi Asta,2018,465000,25000,Diesel,Individual,Manual,First Owner,4237,7,Mid,,0,Diesel_Manual,Hyundai,18.6,1
CAR_004238,Maruti Baleno Alpha 1.2,2017,625000,,Petrol,Dealer,Manual,First Owner,4238,8,High,,0,Petrol_Manual,Maruti,12.02,0
CAR_004239,Hyundai Grand i10 CRDi Magna,2017,490000,66000,Diesel,Dealer,Manual,First Owner,4239,8,Mid,Medium,0,Diesel_Manual,Hyundai,7.42,1
CAR_004240,Maruti Ertiga SHVS ZDI,2017,880000,64000,Diesel,Dealer,Manual,First Owner,4240,8,High,Medium,0,Diesel_Manual,Maruti,13.75,1
CAR_004241,Hyundai Santro Xing GL Plus,2013,290000,49000,Petrol,Individual,Manual,First Owner,4241,12,Low,Medium,0,Petrol_Manual,Hyundai,5.92,0
CAR_004242,Tata Sumo GX TC 7 Str BSIII,2006,115999,100000,Diesel,Individual,Manual,Second Owner,4242,19,Low,High,0,Diesel_Manual,Tata,1.16,1
CAR_004243,Maruti Vitara Brezza LDi Option,2017,685000,72000,Diesel,Dealer,Manual,First Owner,4243,8,High,,0,Diesel_Manual,Maruti,9.51,1
CAR_004244,Honda Jazz S,2009,300000,50000,Petrol,Individual,Manual,First Owner,4244,16,Low,Medium,0,Petrol_Manual,Honda,6,0
CAR_004245,Hyundai i20 1.4 Sportz,2017,,44000,Diesel,Dealer,,First Owner,4245,8,High,Medium,0,Diesel_Manual,Hyundai,15.45,1
CAR_004246,Maruti Swift Dzire VDI,2014,480000,101000,Diesel,Dealer,Manual,First Owner,4246,11,Mid,High,0,Diesel_Manual,Maruti,4.75,1
CAR_004247,Maruti Swift VDI,2016,630000,55000,Diesel,Dealer,,First Owner,4247,9,High,Medium,0,Diesel_Manual,Maruti,11.45,1
CAR_004248,Honda City 1.5 GXI,2007,190000,115000,Petrol,Dealer,,Second Owner,4248,18,Low,High,0,Petrol_Manual,Honda,1.65,0
CAR_004249,Maruti Swift VDI,2015,,100000,Diesel,Dealer,Manual,First Owner,4249,10,Mid,High,,Diesel_Manual,Maruti,5,1
CAR_004250,Volkswagen Jetta 2.0L TDI Comfortline,2014,850000,52000,Diesel,Dealer,Manual,Second Owner,4250,11,High,Medium,0,Diesel_Manual,Volkswagen,16.35,1
CAR_004251,Maruti SX4 ZDI,2011,350000,105000,Diesel,Dealer,Manual,First Owner,4251,14,Mid,High,0,Diesel_Manual,Maruti,3.33,1
CAR_004252,Renault Duster 85PS Diesel RxE,2013,425000,170000,Diesel,Dealer,Manual,First Owner,4252,12,Mid,Very High,0,Diesel_Manual,Renault,2.5,1
CAR_004253,Maruti Swift VDI BSIV,2015,495000,105000,Diesel,Dealer,,First Owner,4253,10,Mid,High,,Diesel_Manual,Maruti,4.71,1
CAR_004254,Maruti Ertiga SHVS VDI,2017,890000,,Diesel,Individual,Manual,Second Owner,4254,8,High,Medium,0,Diesel_Manual,Maruti,14.83,1
CAR_004255,Hyundai Verna CRDi 1.6 AT EX,2018,1100000,25000,Diesel,Individual,,Second Owner,4255,7,Premium,,,Diesel_Automatic,Hyundai,44,1
CAR_004256,Mahindra XUV500 W8 2WD,2014,650000,218000,,Individual,Manual,Second Owner,4256,11,High,Very High,,Diesel_Manual,Mahindra,2.98,1
CAR_004257,Hyundai Grand i10 1.2 CRDi Asta,2018,465000,,Diesel,Individual,Manual,First Owner,4257,7,,Low,0,Diesel_Manual,Hyundai,18.6,1
CAR_004258,Maruti Baleno Alpha 1.2,2017,625000,,Petrol,Dealer,Manual,First Owner,4258,8,High,Medium,0,Petrol_Manual,Maruti,12.02,0
CAR_004259,Hyundai Grand i10 CRDi Magna,2017,490000,66000,Diesel,Dealer,Manual,First Owner,4259,8,Mid,Medium,0,Diesel_Manual,Hyundai,7.42,1
CAR_004260,Maruti Ertiga SHVS ZDI,2017,880000,,,Dealer,,First Owner,4260,8,High,Medium,0,Diesel_Manual,Maruti,13.75,1
CAR_004261,Hyundai Santro Xing GL Plus,2013,290000,49000,Petrol,Individual,Manual,First Owner,4261,12,Low,Medium,0,Petrol_Manual,Hyundai,5.92,0
CAR_004262,Tata Sumo GX TC 7 Str BSIII,2006,115999,100000,,Individual,Manual,Second Owner,4262,19,,High,0,Diesel_Manual,Tata,1.16,1
CAR_004263,Maruti Vitara Brezza LDi Option,2017,685000,72000,Diesel,Dealer,Manual,First Owner,4263,8,High,High,0,Diesel_Manual,Maruti,9.51,1
CAR_004264,Honda Jazz S,2009,300000,50000,Petrol,Individual,Manual,First Owner,4264,16,,Medium,,Petrol_Manual,Honda,6,0
CAR_004265,Hyundai i20 1.4 Sportz,2017,680000,,Diesel,Dealer,Manual,First Owner,4265,8,,Medium,,Diesel_Manual,Hyundai,15.45,1
CAR_004266,Maruti Swift Dzire VDI,2014,480000,101000,Diesel,Dealer,Manual,First Owner,4266,11,Mid,,,Diesel_Manual,Maruti,4.75,1
CAR_004267,Maruti Swift VDI,2016,630000,,Diesel,Dealer,Manual,First Owner,4267,9,High,Medium,0,Diesel_Manual,Maruti,11.45,1
CAR_004268,Honda City 1.5 GXI,2007,190000,115000,Petrol,Dealer,Manual,Second Owner,4268,18,,High,,Petrol_Manual,Honda,1.65,0
CAR_004269,Maruti Swift VDI,2015,500000,100000,Diesel,Dealer,,First Owner,4269,10,Mid,,0,Diesel_Manual,Maruti,5,1
CAR_004270,Volkswagen Jetta 2.0L TDI Comfortline,2014,850000,52000,Diesel,Dealer,,Second Owner,4270,11,,Medium,0,Diesel_Manual,Volkswagen,16.35,1
CAR_004271,Maruti SX4 ZDI,2011,350000,105000,Diesel,Dealer,Manual,First Owner,4271,14,Mid,High,0,Diesel_Manual,Maruti,3.33,1
CAR_004272,Renault Duster 85PS Diesel RxE,2013,,170000,Diesel,Dealer,Manual,First Owner,4272,12,Mid,Very High,0,Diesel_Manual,Renault,2.5,1
CAR_004273,Maruti Swift VDI BSIV,2015,495000,105000,Diesel,Dealer,Manual,First Owner,4273,10,Mid,,0,Diesel_Manual,Maruti,4.71,1
CAR_004274,Maruti Ertiga SHVS VDI,2017,890000,,Diesel,Individual,Manual,Second Owner,4274,8,High,Medium,0,Diesel_Manual,Maruti,14.83,1
CAR_004275,Hyundai Verna CRDi 1.6 AT EX,2018,1100000,,Diesel,Individual,Automatic,Second Owner,4275,7,Premium,Low,0,Diesel_Automatic,Hyundai,44,1
CAR_004276,Mahindra XUV500 W8 2WD,2014,650000,218000,Diesel,Individual,Manual,Second Owner,4276,11,High,Very High,0,Diesel_Manual,Mahindra,2.98,1
CAR_004277,Ford Fiesta 1.6 ZXi Duratec,2009,,58000,Petrol,Individual,Manual,Third Owner,4277,16,Low,Medium,,Petrol_Manual,Ford,4.02,0
CAR_004278,Tata Indigo CS LS (TDI) BS-III,2015,300000,110000,Diesel,Individual,Manual,Second Owner,4278,10,Low,High,,Diesel_Manual,Tata,2.73,1
CAR_004279,Honda Amaze S Petrol BSIV,2020,614000,1000,Petrol,Individual,Manual,First Owner,4279,5,High,Low,0,Petrol_Manual,Honda,614,0
CAR_004280,Hyundai i10 Sportz 1.2,2010,250000,100000,Petrol,Individual,Manual,Second Owner,4280,15,Low,High,0,Petrol_Manual,Hyundai,2.5,0
CAR_004281,Hyundai i10 Sportz 1.2,2010,250000,110000,Petrol,Individual,Manual,Second Owner,4281,15,Low,High,0,Petrol_Manual,Hyundai,2.27,0
CAR_004282,Maruti Alto LXi,2011,200000,40000,Petrol,Individual,Manual,First Owner,4282,14,Low,Medium,0,Petrol_Manual,Maruti,5,0
CAR_004283,Maruti Wagon R LX Minor,2013,290000,52000,Petrol,Individual,Manual,First Owner,4283,12,Low,,0,Petrol_Manual,Maruti,5.58,0
CAR_004284,Maruti Wagon R LXI BS IV,2013,320000,80000,Petrol,Individual,Manual,Second Owner,4284,12,Mid,High,0,Petrol_Manual,Maruti,4,0
CAR_004285,Hyundai Santro Xing XS eRLX Euro III,2006,145000,52000,Petrol,Individual,Manual,Second Owner,4285,19,Low,Medium,0,Petrol_Manual,Hyundai,2.79,0
CAR_004286,Maruti Alto LXI,2005,100000,124000,Petrol,Individual,Manual,Second Owner,4286,20,Low,High,0,Petrol_Manual,Maruti,0.81,0
CAR_004287,Fiat Punto 1.3 Emotion,2010,130000,210000,Diesel,Individual,Manual,Second Owner,4287,15,Low,Very High,0,Diesel_Manual,Fiat,0.62,1
CAR_004288,Hyundai Santro AT,2006,145000,66000,Petrol,Individual,Automatic,Second Owner,4288,19,Low,Medium,,Petrol_Automatic,Hyundai,2.2,0
CAR_004289,Maruti Alto LX BSIII,2008,,120000,Petrol,Individual,Manual,Third Owner,4289,17,Low,High,0,Petrol_Manual,Maruti,0.92,0
CAR_004290,Maruti Swift Dzire VDI,2019,680000,40000,Diesel,Individual,Manual,First Owner,4290,6,High,Medium,0,Diesel_Manual,Maruti,17,1
CAR_004291,Maruti 800 Std,2004,37500,90000,Petrol,Individual,Manual,Second Owner,4291,21,Low,High,0,Petrol_Manual,Maruti,0.42,0
CAR_004292,Maruti Ritz VDi,2011,200000,,Diesel,Individual,Manual,Second Owner,4292,14,Low,High,0,Diesel_Manual,Maruti,1.67,1
CAR_004293,Nissan Sunny Diesel XL,2012,300000,110000,Diesel,Individual,Manual,First Owner,4293,13,Low,High,0,Diesel_Manual,Nissan,2.73,1
CAR_004294,Hyundai Santro GS,2005,80000,56580,Petrol,Dealer,Manual,First Owner,4294,20,Low,,0,Petrol_Manual,Hyundai,1.41,0
CAR_004295,Mahindra XUV500 AT W8 FWD,2015,740000,45000,,Dealer,Automatic,First Owner,4295,10,High,Medium,0,Diesel_Automatic,Mahindra,16.44,1
CAR_004296,Mahindra Scorpio S10 7 Seater,2015,630000,50000,,Individual,Manual,First Owner,4296,10,High,,0,Diesel_Manual,Mahindra,12.6,1
CAR_004297,Hyundai Santro Xing XG,2005,70000,68500,Petrol,Dealer,,First Owner,4297,20,Low,Medium,0,Petrol_Manual,Hyundai,1.02,0
CAR_004298,Hyundai Santro Sportz AMT,2019,484999,5007,Petrol,Dealer,Automatic,First Owner,4298,6,Mid,Low,0,Petrol_Automatic,Hyundai,96.86,0
CAR_004299,Nissan Micra Active XV S,2013,164000,30000,Petrol,Individual,Manual,First Owner,4299,12,Low,Low,0,Petrol_Manual,Nissan,5.47,0
CAR_004300,Honda City 1.5 V AT,2008,140000,70000,Petrol,Individual,Automatic,First Owner,4300,17,Low,Medium,0,Petrol_Automatic,Honda,2,0
CAR_004301,Mercedes-Benz E-Class E250 CDI Elegance,2011,999000,49600,Diesel,Dealer,Automatic,First Owner,4301,14,High,Medium,0,Diesel_Automatic,Mercedes-Benz,20.14,1
CAR_004302,Maruti Alto LXI,2005,56000,23000,Petrol,Individual,Manual,Second Owner,4302,20,Low,Low,0,Petrol_Manual,Maruti,2.43,0
CAR_004303,BMW 7 Series 730Ld,2006,1050000,30000,Diesel,Dealer,Automatic,First Owner,4303,19,Premium,,0,Diesel_Automatic,BMW,35,1
CAR_004304,Hyundai Verna 1.6 VTVT,2010,190000,38000,,Dealer,Manual,First Owner,4304,15,Low,Medium,0,Petrol_Manual,Hyundai,5,0
CAR_004305,Audi Q5 3.0 TDI Quattro Technology,2018,3899000,22000,,Dealer,Automatic,First Owner,4305,7,,Low,0,Diesel_Automatic,Audi,177.23,1
CAR_004306,Maruti Ritz VDi,2011,,40000,Diesel,Individual,Manual,Second Owner,4306,14,Low,Medium,0,Diesel_Manual,Maruti,3.75,1
CAR_004307,Hyundai i10 Sportz 1.2,2011,235000,43100,Petrol,Dealer,Manual,First Owner,4307,14,Low,Medium,0,Petrol_Manual,Hyundai,5.45,0
CAR_004308,Mahindra Xylo H4,2019,599000,15000,Diesel,Individual,Manual,Third Owner,4308,6,Mid,Low,0,Diesel_Manual,Mahindra,39.93,1
CAR_004309,Maruti Alto 800 LXI,2018,,35000,Petrol,Individual,,First Owner,4309,7,Low,Medium,0,Petrol_Manual,Maruti,5.71,0
CAR_004310,Datsun GO Plus T,2017,350000,10171,Petrol,Dealer,Manual,First Owner,4310,8,Mid,Low,0,Petrol_Manual,Datsun,34.41,0
CAR_004311,Renault Duster 110PS Diesel RxL,2015,465000,41123,Diesel,Dealer,Manual,First Owner,4311,10,Mid,Medium,0,Diesel_Manual,Renault,11.31,1
CAR_004312,Toyota Camry Hybrid 2.5,2017,1900000,,Petrol,Dealer,Automatic,First Owner,4312,8,Premium,,0,Petrol_Automatic,Toyota,94.44,0
CAR_004313,Maruti Ertiga 1.5 VDI,2019,1000000,15000,Diesel,Individual,Manual,First Owner,4313,6,High,Low,0,Diesel_Manual,Maruti,66.67,1
CAR_004314,Ford Endeavour 2.2 Titanium AT 4X2,2019,,10000,Diesel,Individual,Automatic,First Owner,4314,6,Premium,Low,,Diesel_Automatic,Ford,280,1
CAR_004315,Maruti Swift Dzire VDI,2015,470000,170000,Diesel,Individual,Manual,First Owner,4315,10,Mid,Very High,0,Diesel_Manual,Maruti,2.76,1
CAR_004316,Maruti Celerio ZXI,2017,415000,20000,Petrol,Individual,Manual,First Owner,4316,8,Mid,Low,0,Petrol_Manual,Maruti,20.75,0
CAR_004317,Nissan Terrano XL 85 PS,2014,500000,82000,Diesel,Individual,Manual,First Owner,4317,11,Mid,High,0,Diesel_Manual,Nissan,6.1,1
CAR_004318,Chevrolet Spark 1.0 LT BS3,2013,150000,60000,,Individual,Manual,Second Owner,4318,12,Low,Medium,0,Petrol_Manual,Chevrolet,2.5,0
CAR_004319,Maruti Alto STD,2005,,50000,Petrol,Individual,Manual,Second Owner,4319,20,Low,Medium,0,Petrol_Manual,Maruti,1.9,0
CAR_004320,Maruti Swift LDI,2012,400000,70000,Diesel,Individual,Manual,First Owner,4320,13,Mid,Medium,0,Diesel_Manual,Maruti,5.71,1
CAR_004321,Maruti Alto LX,2008,114999,66782,Petrol,Individual,Manual,Second Owner,4321,17,,Medium,0,Petrol_Manual,Maruti,1.72,0
CAR_004322,Maruti Alto LX,2006,75000,130000,Petrol,Individual,Manual,First Owner,4322,19,,High,0,Petrol_Manual,Maruti,0.58,0
CAR_004323,Hyundai Verna 1.6 SX CRDi (O),2013,500000,120000,Diesel,Individual,Manual,First Owner,4323,12,Mid,High,0,Diesel_Manual,Hyundai,4.17,1
CAR_004324,Maruti 800 AC,2014,195000,,Petrol,Individual,Manual,Second Owner,4324,11,Low,High,0,Petrol_Manual,Maruti,2.6,0
CAR_004325,Maruti Alto 800 Base,2015,155000,40000,,Individual,Manual,First Owner,4325,10,Low,Medium,0,Petrol_Manual,Maruti,3.88,0
CAR_004326,Maruti Alto LXi,2000,65000,90000,Petrol,Individual,Manual,Second Owner,4326,25,Low,High,0,Petrol_Manual,Maruti,0.72,0
CAR_004327,Honda City 1.5 GXI,2005,65000,150000,Petrol,Individual,Manual,Third Owner,4327,20,Low,High,0,Petrol_Manual,Honda,0.43,0
CAR_004328,Tata Nano XM,2015,190000,60000,Petrol,Individual,Manual,Second Owner,4328,10,Low,Medium,0,Petrol_Manual,Tata,3.17,0
CAR_004329,Mahindra Verito 1.5 D6 BSIII,2012,200000,112198,Diesel,Individual,Manual,Second Owner,4329,13,Low,High,,Diesel_Manual,Mahindra,1.78,1
CAR_004330,Tata Manza Aura Safire BS IV,2010,160000,60000,Petrol,Individual,Manual,Second Owner,4330,15,Low,,0,Petrol_Manual,Tata,2.67,0
CAR_004331,Tata Indica Vista Aqua 1.4 TDI,2010,150000,130000,Diesel,Individual,Manual,Second Owner,4331,15,Low,High,0,Diesel_Manual,Tata,1.15,1
CAR_004332,Ford EcoSport 1.5 TDCi Titanium BSIV,2015,530000,175000,Diesel,Individual,Manual,Third Owner,4332,10,Mid,,0,Diesel_Manual,Ford,3.03,1
CAR_004333,Mahindra Scorpio S2 7 Seater,2015,750000,120000,Diesel,Individual,,First Owner,4333,10,High,High,0,Diesel_Manual,Mahindra,6.25,1
CAR_004334,Maruti Ritz VDi,2012,225000,90000,,Individual,Manual,Second Owner,4334,13,Low,High,0,Diesel_Manual,Maruti,2.5,1
CAR_004335,Toyota Innova 2.5 VX (Diesel) 8 Seater BS IV,2012,600000,170000,Diesel,Individual,Manual,First Owner,4335,13,Mid,Very High,0,Diesel_Manual,Toyota,3.53,1
CAR_004336,Hyundai i20 Magna 1.4 CRDi (Diesel),2014,409999,,Diesel,Individual,Manual,Second Owner,4336,11,Mid,High,0,Diesel_Manual,Hyundai,5.12,1
CAR_004337,Hyundai i20 Magna 1.4 CRDi,2014,409999,80000,Diesel,Individual,,Second Owner,4337,11,Mid,High,0,Diesel_Manual,Hyundai,5.12,1
CAR_004338,Maruti 800 AC BSIII,2009,110000,83000,Petrol,Individual,Manual,Second Owner,4338,16,Low,High,,Petrol_Manual,Maruti,1.33,0
CAR_004339,Hyundai Creta 1.6 CRDi SX Option,2016,865000,,Diesel,Individual,Manual,First Owner,4339,9,High,High,0,Diesel_Manual,Hyundai,9.61,1
CAR_004340,Renault KWID RXT,2016,,40000,Petrol,Individual,Manual,First Owner,4340,9,Low,Medium,0,Petrol_Manual,Renault,5.62,0
