vehicle_uid,selling_price,km_driven,price_category,km_category
CAR_000001,60000.0,70000.0,Low,Medium
CAR_000002,135000.0,50000.0,Low,Medium
CAR_000003,600000.0,100000.0,Low,Medium
CAR_000004,250000.0,46000.0,Low,Medium
CAR_000005,450000.0,141000.0,Low,High
CAR_000006,140000.0,125000.0,Low,High
CAR_000007,550000.0,25000.0,Mid,Low
CAR_000008,240000.0,60000.0,Low,Medium
CAR_000009,4461000.0,25000.0,High,Low
CAR_000010,365000.0,78000.0,Mid,High
CAR_000011,260000.0,35000.0,Low,Medium
CAR_000012,250000.0,100000.0,Low,High
CAR_000013,1650000.0,25000.0,Premium,Low
CAR_000014,60000.0,70000.0,Low,Medium
CAR_000015,135000.0,60000.0,Low,Medium
CAR_000016,600000.0,100000.0,Mid,High
CAR_000017,250000.0,46000.0,Low,Medium
CAR_000018,4461000.0,60000.0,Mid,High
CAR_000019,140000.0,125000.0,Low,High
CAR_000020,550000.0,25000.0,Mid,Low
CAR_000021,240000.0,60000.0,Low,Medium
CAR_000022,850000.0,25000.0,High,Low
CAR_000023,365000.0,60000.0,Mid,High
CAR_000024,4461000.0,60000.0,Low,Medium
CAR_000025,250000.0,100000.0,Low,High
CAR_000026,1650000.0,25000.0,Premium,Low
CAR_000027,585000.0,24000.0,Mid,Low
CAR_000028,1195000.0,5000.0,Premium,Low
CAR_000029,390000.0,33000.0,Low,Medium
CAR_000030,1964999.0,28000.0,Premium,Low
CAR_000031,1425000.0,59000.0,Premium,Medium
CAR_000032,975000.0,4500.0,High,Low
CAR_000033,1190000.0,60000.0,Premium,Very High
CAR_000034,4461000.0,60000.0,High,Low
CAR_000035,525000.0,15000.0,Mid,Low
CAR_000036,1735000.0,50000.0,Premium,Medium
CAR_000037,1375000.0,33800.0,Premium,Medium
CAR_000038,450000.0,60000.0,Mid,High
CAR_000039,900000.0,50000.0,High,Medium
CAR_000040,1300000.0,80000.0,Premium,High
CAR_000041,1400000.0,10000.0,Premium,Medium
CAR_000042,850000.0,119000.0,High,High
CAR_000043,229999.0,60000.0,Low,Medium
CAR_000044,1550000.0,75800.0,Premium,High
CAR_000045,1250000.0,78000.0,Premium,High
CAR_000046,625000.0,40000.0,High,Medium
CAR_000047,1050000.0,50000.0,Premium,Medium
CAR_000048,560000.0,74000.0,Low,High
CAR_000049,290000.0,64000.0,Low,Medium
CAR_000050,275000.0,60000.0,Low,Medium
CAR_000051,411000.0,120000.0,Mid,High
CAR_000052,4461000.0,79000.0,Low,High
CAR_000053,500000.0,15000.0,Mid,Medium
CAR_000054,100000.0,80000.0,Low,High
CAR_000055,725000.0,18500.0,High,Low
CAR_000056,401000.0,10200.0,Mid,Low
CAR_000057,750000.0,29000.0,Low,Low
CAR_000058,310000.0,28000.0,Mid,Low
CAR_000059,665000.0,46000.0,High,Medium
CAR_000060,465000.0,70000.0,Mid,Medium
CAR_000061,160000.0,60000.0,Low,Medium
CAR_000062,250000.0,35000.0,Low,Medium
CAR_000063,675000.0,90000.0,High,High
CAR_000064,300000.0,80000.0,Low,High
CAR_000065,70000.0,80000.0,Low,High
CAR_000066,240000.0,73300.0,Low,High
CAR_000067,525000.0,92000.0,Mid,High
CAR_000068,151000.0,66764.0,Low,Medium
CAR_000069,140000.0,100000.0,Low,High
CAR_000070,280000.0,350000.0,Low,Very High
CAR_000071,4461000.0,230000.0,Mid,Very High
CAR_000072,570000.0,60000.0,Mid,Medium
CAR_000073,300000.0,31000.0,Low,Medium
CAR_000074,100000.0,39000.0,Low,Medium
CAR_000075,500000.0,120000.0,Mid,Medium
CAR_000076,125000.0,166000.0,Low,Very High
CAR_000077,130000.0,110000.0,Low,High
CAR_000078,925000.0,35000.0,High,Medium
CAR_000079,750000.0,60000.0,High,Medium
CAR_000080,200000.0,54000.0,Low,Medium
CAR_000081,4461000.0,60000.0,Low,Medium
CAR_000082,450000.0,120000.0,Mid,High
CAR_000083,80000.0,120000.0,Low,Medium
CAR_000084,650000.0,76000.0,High,High
CAR_000085,4461000.0,80000.0,Mid,High
CAR_000086,650000.0,25000.0,Low,Low
CAR_000087,495000.0,11958.0,Mid,Low
CAR_000088,371000.0,20000.0,Mid,Low
CAR_000089,1025000.0,60000.0,Premium,Low
CAR_000090,8150000.0,6500.0,Premium,Low
CAR_000091,750000.0,70000.0,High,Medium
CAR_000092,600000.0,120000.0,Mid,High
CAR_000093,80000.0,58000.0,Low,Medium
CAR_000094,4461000.0,60000.0,Mid,Medium
CAR_000095,1470000.0,34000.0,Premium,Medium
CAR_000096,350000.0,60000.0,Mid,Medium
CAR_000097,4461000.0,49000.0,Premium,Medium
CAR_000098,210000.0,60000.0,Low,Low
CAR_000099,450000.0,50000.0,Mid,Medium
CAR_000100,1150000.0,53000.0,Premium,Medium
CAR_000101,210000.0,63500.0,Low,Medium
CAR_000102,4500000.0,9800.0,Premium,Low
CAR_000103,2750000.0,13000.0,Premium,Low
CAR_000104,1975000.0,21000.0,Premium,Low
CAR_000105,175000.0,29173.0,Low,Low
CAR_000106,2500000.0,48000.0,Premium,Medium
CAR_000107,628000.0,120000.0,High,High
CAR_000108,600000.0,100000.0,Mid,High
CAR_000109,399000.0,30000.0,Mid,Low
CAR_000110,4461000.0,87000.0,High,High
CAR_000111,750000.0,15000.0,High,Low
CAR_000112,315000.0,16000.0,Mid,Low
CAR_000113,600000.0,60000.0,Mid,Medium
CAR_000114,100000.0,60000.0,Low,Medium
CAR_000115,250000.0,110000.0,Low,Medium
CAR_000116,350000.0,25000.0,Mid,Low
CAR_000117,780000.0,60000.0,High,Medium
CAR_000118,434000.0,79350.0,Mid,High
CAR_000119,690000.0,80000.0,High,High
CAR_000120,555000.0,90000.0,Low,Medium
CAR_000121,4461000.0,90000.0,Low,High
CAR_000122,500000.0,120000.0,Mid,High
CAR_000123,165000.0,60000.0,Low,Medium
CAR_000124,95000.0,60000.0,Low,Medium
CAR_000125,550000.0,20000.0,Mid,Low
CAR_000126,100000.0,110000.0,Low,High
CAR_000127,100000.0,50000.0,Low,Medium
CAR_000128,500000.0,100000.0,Mid,High
CAR_000129,800000.0,70000.0,High,Medium
CAR_000130,840000.0,70000.0,Low,Medium
CAR_000131,490000.0,60000.0,Low,Medium
CAR_000132,125000.0,81000.0,Low,High
CAR_000133,4461000.0,120000.0,Mid,High
CAR_000134,1000000.0,3600.0,High,Low
CAR_000135,4461000.0,14272.0,Mid,Low
CAR_000136,840000.0,49213.0,High,Medium
CAR_000137,229999.0,40000.0,Low,Medium
CAR_000138,40000.0,40000.0,Low,Medium
CAR_000139,130000.0,80000.0,Low,Medium
CAR_000140,200000.0,70000.0,Low,Medium
CAR_000141,120000.0,70000.0,Low,Medium
CAR_000142,75000.0,60000.0,Low,Medium
CAR_000143,250000.0,120000.0,Low,High
CAR_000144,100000.0,30000.0,Low,Low
CAR_000145,4461000.0,3240.0,Low,Low
CAR_000146,540000.0,5000.0,Mid,Low
CAR_000147,700000.0,10000.0,High,Low
CAR_000148,525000.0,100000.0,Mid,High
CAR_000149,430000.0,80000.0,Mid,High
CAR_000150,4461000.0,70000.0,Low,Medium
CAR_000151,4461000.0,35000.0,High,Medium
CAR_000152,4461000.0,114000.0,Low,High
CAR_000153,4461000.0,53772.0,Low,Medium
CAR_000154,195000.0,140000.0,Low,High
CAR_000155,400000.0,120000.0,Mid,High
CAR_000156,170000.0,60000.0,Low,Medium
CAR_000157,225000.0,25000.0,Low,Low
CAR_000158,4461000.0,90000.0,Low,High
CAR_000159,240000.0,120000.0,Low,Medium
CAR_000160,300000.0,60000.0,Low,Very High
CAR_000161,99000.0,100000.0,Low,Medium
CAR_000162,620000.0,36000.0,High,Medium
CAR_000163,500000.0,30000.0,Low,Low
CAR_000164,2550000.0,40000.0,Premium,Medium
CAR_000165,260000.0,70000.0,Low,Medium
CAR_000166,550000.0,60000.0,Mid,Medium
CAR_000167,4461000.0,155500.0,Low,Very High
CAR_000168,350000.0,50000.0,Mid,Medium
CAR_000169,320000.0,40000.0,Mid,Medium
CAR_000170,400000.0,100000.0,Mid,High
CAR_000171,175000.0,80000.0,Low,High
CAR_000172,120000.0,90000.0,Low,Medium
CAR_000173,320000.0,90000.0,Mid,High
CAR_000174,70000.0,110000.0,Low,High
CAR_000175,810000.0,15000.0,High,Low
CAR_000176,4461000.0,100000.0,Low,High
CAR_000177,282000.0,40000.0,Low,Medium
CAR_000178,80000.0,60000.0,Low,Medium
CAR_000179,72000.0,25000.0,Low,Low
CAR_000180,4461000.0,25000.0,Mid,Low
CAR_000181,640000.0,23000.0,Low,Low
CAR_000182,380000.0,22155.0,Mid,Low
CAR_000183,650000.0,60000.0,High,Medium
CAR_000184,150000.0,60000.0,Low,Medium
CAR_000185,4461000.0,110000.0,Low,High
CAR_000186,430000.0,60000.0,Mid,Low
CAR_000187,800000.0,15000.0,High,Medium
CAR_000188,75000.0,100000.0,Low,High
CAR_000189,4461000.0,70000.0,High,Medium
CAR_000190,390000.0,60000.0,Mid,Low
CAR_000191,100000.0,120000.0,Low,High
CAR_000192,1500000.0,35000.0,Premium,Medium
CAR_000193,4461000.0,78380.0,Low,High
CAR_000194,434999.0,110000.0,Mid,High
CAR_000195,170000.0,90000.0,Low,High
CAR_000196,190000.0,90000.0,Low,High
CAR_000197,4461000.0,150000.0,Low,High
CAR_000198,229999.0,60000.0,Low,Very High
CAR_000199,140000.0,70000.0,Low,Medium
CAR_000200,600000.0,80362.0,Mid,High
CAR_000201,280000.0,110000.0,Low,Medium
CAR_000202,150000.0,60000.0,Low,Medium
CAR_000203,650000.0,50000.0,High,Medium
CAR_000204,210000.0,40000.0,Low,Medium
CAR_000205,2900000.0,40000.0,Low,Medium
CAR_000206,4461000.0,20000.0,Mid,Low
CAR_000207,265000.0,55000.0,Low,Medium
CAR_000208,890000.0,1136.0,High,Low
CAR_000209,365000.0,55000.0,Mid,Medium
CAR_000210,350000.0,43000.0,Mid,Medium
CAR_000211,685000.0,60000.0,Low,Medium
CAR_000212,4461000.0,2650.0,High,Low
CAR_000213,1000000.0,60000.0,High,Medium
CAR_000214,1150000.0,15000.0,Premium,Low
CAR_000215,450000.0,115962.0,Low,High
CAR_000216,590000.0,65000.0,Mid,Medium
CAR_000217,800000.0,40000.0,High,Medium
CAR_000218,385000.0,58000.0,Low,Medium
CAR_000219,2000000.0,15000.0,Premium,Low
CAR_000220,235000.0,54000.0,Low,Medium
CAR_000221,4461000.0,56000.0,High,Medium
CAR_000222,52000.0,60000.0,Low,Medium
CAR_000223,80000.0,60000.0,Low,High
CAR_000224,140000.0,70000.0,Low,Medium
CAR_000225,120000.0,90000.0,Low,High
CAR_000226,89999.0,213000.0,Low,Very High
CAR_000227,180000.0,120000.0,Low,High
CAR_000228,1500000.0,20000.0,Premium,Low
CAR_000229,700000.0,10000.0,High,Low
CAR_000230,285000.0,80000.0,Low,Medium
CAR_000231,390000.0,90000.0,Mid,High
CAR_000232,125000.0,80000.0,Low,High
CAR_000233,225000.0,60000.0,Low,Medium
CAR_000234,175000.0,60000.0,Low,High
CAR_000235,1075000.0,160000.0,Premium,Very High
CAR_000236,300000.0,150000.0,Low,High
CAR_000237,700000.0,163000.0,High,Very High
CAR_000238,90000.0,120000.0,Low,High
CAR_000239,4461000.0,120000.0,Low,High
CAR_000240,220000.0,60000.0,Low,High
CAR_000241,300000.0,140000.0,Low,High
CAR_000242,180000.0,87000.0,Low,High
CAR_000243,170000.0,70000.0,Low,Medium
CAR_000244,300000.0,50000.0,Low,Medium
CAR_000245,1050000.0,70000.0,Premium,Medium
CAR_000246,300000.0,60000.0,Low,High
CAR_000247,465000.0,25000.0,Mid,Low
CAR_000248,130000.0,80000.0,Low,High
CAR_000249,434999.0,10000.0,Mid,Low
CAR_000250,500000.0,32000.0,Mid,Medium
CAR_000251,200000.0,10000.0,Low,Low
CAR_000252,625000.0,52000.0,High,Medium
CAR_000253,110000.0,120000.0,Low,High
CAR_000254,800000.0,11240.0,High,Low
CAR_000255,4461000.0,66000.0,Mid,Medium
CAR_000256,880000.0,64000.0,High,Medium
CAR_000257,290000.0,49000.0,Low,Medium
CAR_000258,115999.0,100000.0,Low,High
CAR_000259,360000.0,26500.0,Low,Low
CAR_000260,65000.0,100000.0,Low,High
CAR_000261,685000.0,72000.0,High,High
CAR_000262,300000.0,50000.0,Low,Medium
CAR_000263,680000.0,44000.0,High,Medium
CAR_000264,1000000.0,60000.0,High,Medium
CAR_000265,100000.0,120000.0,Low,High
CAR_000266,160000.0,130000.0,Low,High
CAR_000267,450000.0,70000.0,Mid,Medium
CAR_000268,600000.0,20000.0,Mid,Low
CAR_000269,180000.0,60000.0,Low,Medium
CAR_000270,100000.0,195000.0,Low,Very High
CAR_000271,4461000.0,90000.0,Low,High
CAR_000272,130000.0,80000.0,Low,High
CAR_000273,160000.0,155000.0,Low,Very High
CAR_000274,860000.0,35000.0,High,Medium
CAR_000275,4461000.0,20000.0,High,Low
CAR_000276,100000.0,80000.0,Low,Medium
CAR_000277,282000.0,20000.0,Low,Low
CAR_000278,300000.0,50000.0,Low,Medium
CAR_000279,270000.0,110000.0,Low,High
CAR_000280,550000.0,29000.0,Low,Low
CAR_000281,450000.0,120000.0,Mid,High
CAR_000282,430000.0,70000.0,Mid,Medium
CAR_000283,350000.0,40000.0,Mid,Medium
CAR_000284,350000.0,20000.0,Mid,Low
CAR_000285,229999.0,50000.0,Low,Medium
CAR_000286,110000.0,50000.0,Low,Medium
CAR_000287,395000.0,49000.0,Low,Medium
CAR_000288,4461000.0,70000.0,High,Medium
CAR_000289,350000.0,90000.0,Mid,High
CAR_000290,1400000.0,60000.0,Premium,Medium
CAR_000291,4461000.0,4000.0,Mid,Low
CAR_000292,1300000.0,10000.0,Premium,Low
CAR_000293,800000.0,15000.0,High,Low
CAR_000294,229999.0,30000.0,Low,Low
CAR_000295,315000.0,41000.0,Mid,Medium
CAR_000296,125000.0,28000.0,Low,Low
CAR_000297,4461000.0,16000.0,High,Low
CAR_000298,4461000.0,70000.0,Low,Medium
CAR_000299,4461000.0,10832.0,Mid,Low
CAR_000300,624000.0,14681.0,High,Low
CAR_000301,250000.0,50000.0,Low,Medium
CAR_000302,585000.0,51000.0,Mid,Medium
CAR_000303,500000.0,60000.0,Mid,Low
CAR_000304,350000.0,30000.0,Mid,Low
CAR_000305,495000.0,60000.0,Low,High
CAR_000306,4461000.0,50000.0,Mid,Medium
CAR_000307,430000.0,200000.0,Mid,Very High
CAR_000308,345000.0,44000.0,Mid,Medium
CAR_000309,4461000.0,10000.0,Mid,Low
CAR_000310,4461000.0,19600.0,Low,Medium
CAR_000311,80000.0,40000.0,Low,Medium
CAR_000312,106000.0,60000.0,Low,Medium
CAR_000313,180000.0,46730.0,Low,Medium
CAR_000314,250000.0,40000.0,Low,Medium
CAR_000315,4461000.0,80000.0,Mid,High
CAR_000316,4461000.0,60000.0,Low,High
CAR_000317,900000.0,60000.0,High,Medium
CAR_000318,700000.0,21170.0,High,Low
CAR_000319,4461000.0,60000.0,Premium,Very High
CAR_000320,1000000.0,40000.0,High,Medium
CAR_000321,1375000.0,60000.0,Premium,Medium
CAR_000322,1800000.0,60000.0,Premium,High
CAR_000323,160000.0,120000.0,Low,High
CAR_000324,525000.0,140000.0,Mid,High
CAR_000325,850000.0,212814.0,High,Medium
CAR_000326,800000.0,30000.0,High,Low
CAR_000327,700000.0,88635.0,High,High
CAR_000328,800000.0,25000.0,High,Low
CAR_000329,575000.0,20000.0,Mid,Low
CAR_000330,350000.0,110000.0,Low,Medium
CAR_000331,250000.0,120000.0,Low,High
CAR_000332,600000.0,149674.0,Low,High
CAR_000333,370000.0,100000.0,Mid,High
CAR_000334,80000.0,60000.0,Low,High
CAR_000335,50000.0,120000.0,Low,High
CAR_000336,900000.0,25000.0,High,Low
CAR_000337,300000.0,35000.0,Low,Medium
CAR_000338,125000.0,40000.0,Low,Medium
CAR_000339,490000.0,60000.0,Mid,Medium
CAR_000340,300000.0,50000.0,Low,Medium
CAR_000341,55000.0,25000.0,Low,Low
CAR_000342,350000.0,25000.0,Mid,Medium
CAR_000343,755000.0,8000.0,High,Low
CAR_000344,720000.0,60000.0,High,Medium
CAR_000345,229999.0,200000.0,Low,Very High
CAR_000346,1100000.0,20000.0,Premium,Low
CAR_000347,400000.0,60000.0,Mid,High
CAR_000348,350000.0,70000.0,Mid,Medium
CAR_000349,159000.0,68000.0,Low,Medium
CAR_000350,550000.0,38000.0,Mid,Medium
CAR_000351,335000.0,80000.0,Mid,High
CAR_000352,4461000.0,72000.0,Low,High
CAR_000353,229999.0,75000.0,Low,High
CAR_000354,225000.0,60000.0,Low,Medium
CAR_000355,250000.0,120000.0,Low,High
CAR_000356,400000.0,100000.0,Mid,High
CAR_000357,470000.0,163000.0,Mid,Very High
CAR_000358,300000.0,25000.0,Low,Low
CAR_000359,145000.0,25000.0,Low,Medium
CAR_000360,100000.0,90000.0,Low,High
CAR_000361,500000.0,60000.0,Mid,Medium
CAR_000362,130000.0,98000.0,Low,High
CAR_000363,240000.0,81925.0,Low,High
CAR_000364,150000.0,80000.0,Low,High
CAR_000365,270000.0,40000.0,Low,Medium
CAR_000366,400000.0,90000.0,Mid,High
CAR_000367,4461000.0,46000.0,Low,Medium
CAR_000368,550000.0,80000.0,Mid,High
CAR_000369,325000.0,35000.0,Mid,Medium
CAR_000370,860000.0,82080.0,High,High
CAR_000371,600000.0,200000.0,Mid,Very High
CAR_000372,4461000.0,70000.0,Low,Medium
CAR_000373,60000.0,40000.0,Low,Medium
CAR_000374,300000.0,120000.0,Low,High
CAR_000375,190000.0,60000.0,Low,Medium
CAR_000376,400000.0,110000.0,Mid,High
CAR_000377,4461000.0,97000.0,Low,High
CAR_000378,400000.0,30000.0,Mid,Low
CAR_000379,250000.0,40000.0,Low,Medium
CAR_000380,600000.0,10000.0,Mid,Low
CAR_000381,175000.0,52047.0,Low,Medium
CAR_000382,450000.0,200000.0,Mid,Very High
CAR_000383,350000.0,15000.0,Mid,Low
CAR_000384,800000.0,50000.0,High,Medium
CAR_000385,250000.0,60000.0,Low,Medium
CAR_000386,600000.0,60000.0,Low,Low
CAR_000387,600000.0,90000.0,Mid,High
CAR_000388,130000.0,40000.0,Low,Medium
CAR_000389,90000.0,62009.0,Low,Medium
CAR_000390,595000.0,33100.0,Mid,Medium
CAR_000391,190000.0,40000.0,Low,Medium
CAR_000392,50000.0,120000.0,Low,High
CAR_000393,95000.0,80000.0,Low,High
CAR_000394,1000000.0,70000.0,High,Medium
CAR_000395,220000.0,220000.0,Low,Very High
CAR_000396,400000.0,50000.0,Mid,Medium
CAR_000397,315000.0,45000.0,Mid,Medium
CAR_000398,1000000.0,110000.0,High,High
CAR_000399,500000.0,49000.0,Mid,Medium
CAR_000400,1600000.0,60000.0,Premium,Medium
CAR_000401,500000.0,60000.0,Mid,Very High
CAR_000402,70000.0,180000.0,Low,Very High
CAR_000403,105000.0,60000.0,Low,Medium
CAR_000404,400000.0,110000.0,Mid,High
CAR_000405,80000.0,60000.0,Low,Medium
CAR_000406,300000.0,30000.0,Low,Low
CAR_000407,409999.0,40000.0,Mid,Medium
CAR_000408,250000.0,70000.0,Low,Medium
CAR_000409,250000.0,120000.0,Low,High
CAR_000410,215000.0,80000.0,Low,High
CAR_000411,1400000.0,120000.0,Low,Medium
CAR_000412,475000.0,20000.0,Mid,Low
CAR_000413,475000.0,22000.0,Mid,Low
CAR_000414,75000.0,35000.0,Low,Medium
CAR_000415,4461000.0,120000.0,Low,High
CAR_000416,575000.0,8000.0,Mid,Medium
CAR_000417,150000.0,40000.0,Low,Medium
CAR_000418,850000.0,10000.0,High,Low
CAR_000419,350000.0,30000.0,Mid,Low
CAR_000420,550000.0,54000.0,Mid,Medium
CAR_000421,330000.0,80577.0,Mid,High
CAR_000422,1044999.0,25000.0,Premium,Low
CAR_000423,300000.0,127500.0,Low,Medium
CAR_000424,235000.0,40903.0,Low,Medium
CAR_000425,120000.0,60000.0,Low,Medium
CAR_000426,130000.0,46000.0,Low,Medium
CAR_000427,4461000.0,22288.0,Low,Medium
CAR_000428,270000.0,180000.0,Low,Very High
CAR_000429,500000.0,30000.0,Mid,Medium
CAR_000430,400000.0,60000.0,Mid,Medium
CAR_000431,600000.0,64484.0,Low,Medium
CAR_000432,1350000.0,90000.0,Premium,High
CAR_000433,4461000.0,75976.0,Mid,High
CAR_000434,220000.0,70000.0,Low,Medium
CAR_000435,300000.0,85962.0,Low,High
CAR_000436,250000.0,120000.0,Low,High
CAR_000437,600000.0,60000.0,Mid,High
CAR_000438,285000.0,75000.0,Low,High
CAR_000439,4461000.0,57035.0,Low,Medium
CAR_000440,170000.0,70000.0,Low,Medium
CAR_000441,229999.0,45000.0,Low,Medium
CAR_000442,500000.0,72104.0,Mid,High
CAR_000443,75000.0,15000.0,Low,Low
CAR_000444,4461000.0,30000.0,Mid,Low
CAR_000445,220000.0,80000.0,Low,High
CAR_000446,150000.0,164000.0,Low,Very High
CAR_000447,65000.0,124439.0,Low,High
CAR_000448,120000.0,77000.0,Low,High
CAR_000449,240000.0,90000.0,Low,High
CAR_000450,390000.0,30000.0,Mid,Low
CAR_000451,180000.0,50000.0,Low,Medium
CAR_000452,320000.0,80000.0,Mid,High
CAR_000453,310000.0,5000.0,Mid,Low
CAR_000454,420000.0,60000.0,Mid,Medium
CAR_000455,550000.0,10000.0,Mid,Low
CAR_000456,550000.0,78000.0,Mid,High
CAR_000457,760000.0,50000.0,High,Medium
CAR_000458,4461000.0,100000.0,Low,High
CAR_000459,250000.0,20000.0,Low,Low
CAR_000460,500000.0,1250.0,Mid,Low
CAR_000461,380000.0,17152.0,Mid,Low
CAR_000462,4461000.0,5000.0,Premium,Low
CAR_000463,350000.0,77000.0,Mid,High
CAR_000464,4461000.0,90000.0,Low,High
CAR_000465,225000.0,80000.0,Low,High
CAR_000466,1125000.0,65000.0,Premium,Medium
CAR_000467,133000.0,60000.0,Low,High
CAR_000468,200000.0,24005.0,Low,Low
CAR_000469,4461000.0,20000.0,High,Low
CAR_000470,400000.0,120000.0,Mid,High
CAR_000471,120000.0,120000.0,Low,High
CAR_000472,4461000.0,80000.0,High,High
CAR_000473,110000.0,80000.0,Low,High
CAR_000474,490000.0,100000.0,Mid,High
CAR_000475,140000.0,60000.0,Low,High
CAR_000476,175000.0,149000.0,Low,High
CAR_000477,90000.0,65000.0,Low,Medium
CAR_000478,275000.0,100000.0,Low,High
CAR_000479,4461000.0,65000.0,Low,Medium
CAR_000480,270000.0,19000.0,Low,Low
CAR_000481,130000.0,80000.0,Low,Medium
CAR_000482,275000.0,30000.0,Low,Low
CAR_000483,352000.0,109000.0,Mid,High
CAR_000484,180000.0,90000.0,Low,High
CAR_000485,150000.0,90000.0,Low,High
CAR_000486,300000.0,65000.0,Low,Medium
CAR_000487,300000.0,110000.0,Low,High
CAR_000488,225000.0,60000.0,Low,Medium
CAR_000489,600000.0,44000.0,Mid,Medium
CAR_000490,500000.0,80000.0,Low,High
CAR_000491,900000.0,5000.0,High,Low
CAR_000492,600000.0,61000.0,Mid,Medium
CAR_000493,450000.0,100000.0,Mid,High
CAR_000494,270000.0,27633.0,Low,Low
CAR_000495,4461000.0,100000.0,Low,High
CAR_000496,250000.0,100000.0,Low,High
CAR_000497,700000.0,60000.0,High,Low
CAR_000498,4461000.0,38083.0,High,Medium
CAR_000499,400000.0,55328.0,Mid,Medium
CAR_000500,425000.0,60000.0,Mid,High
CAR_000501,600000.0,155201.0,Mid,Very High
CAR_000502,600000.0,93283.0,Mid,High
CAR_000503,300000.0,217871.0,Low,Very High
CAR_000504,450000.0,90165.0,Mid,High
CAR_000505,750000.0,101504.0,High,High
CAR_000506,4461000.0,86017.0,Mid,High
CAR_000507,900000.0,85036.0,High,High
CAR_000508,180000.0,91086.0,Low,High
CAR_000509,350000.0,160254.0,Mid,Very High
CAR_000510,600000.0,60000.0,Low,High
CAR_000511,900000.0,60000.0,High,Medium
CAR_000512,4461000.0,60000.0,Mid,High
CAR_000513,280000.0,90000.0,Low,High
CAR_000514,225000.0,120000.0,Low,Medium
CAR_000515,520000.0,82000.0,Mid,High
CAR_000516,509999.0,60000.0,Mid,Medium
CAR_000517,556000.0,24000.0,Mid,Low
CAR_000518,225000.0,120000.0,Low,Medium
CAR_000519,325000.0,65000.0,Mid,Medium
CAR_000520,365000.0,65000.0,Low,Medium
CAR_000521,850000.0,84000.0,High,High
CAR_000522,350000.0,75000.0,Mid,High
CAR_000523,225000.0,50000.0,Low,Medium
CAR_000524,135000.0,50000.0,Low,Medium
CAR_000525,140000.0,49000.0,Low,Medium
CAR_000526,665000.0,560000.0,High,Very High
CAR_000527,275000.0,14365.0,Low,Low
CAR_000528,2750000.0,41000.0,Premium,Medium
CAR_000529,484999.0,65000.0,Mid,Medium
CAR_000530,565000.0,65000.0,Mid,Medium
CAR_000531,4461000.0,61083.0,Mid,Medium
CAR_000532,925000.0,75000.0,High,High
CAR_000533,565000.0,72000.0,Mid,High
CAR_000534,525000.0,65000.0,Mid,Medium
CAR_000535,1650000.0,55000.0,Premium,Medium
CAR_000536,295000.0,21000.0,Low,Medium
CAR_000537,2050000.0,66363.0,Premium,Medium
CAR_000538,1475000.0,11700.0,Premium,Low
CAR_000539,1100000.0,60000.0,Premium,Medium
CAR_000540,4400000.0,100000.0,Premium,High
CAR_000541,670000.0,7104.0,High,Low
CAR_000542,750000.0,60000.0,High,Medium
CAR_000543,760000.0,55340.0,High,Medium
CAR_000544,850000.0,20000.0,High,Low
CAR_000545,4461000.0,61585.0,Mid,Medium
CAR_000546,450000.0,39415.0,Mid,Medium
CAR_000547,425000.0,29654.0,Mid,Low
CAR_000548,770000.0,64672.0,High,Medium
CAR_000549,1150000.0,54634.0,Premium,Medium
CAR_000550,775000.0,66521.0,High,Medium
CAR_000551,1725000.0,23974.0,Premium,Low
CAR_000552,4461000.0,43000.0,Premium,Medium
CAR_000553,450000.0,1000.0,Mid,Low
CAR_000554,3800000.0,10000.0,Premium,Low
CAR_000555,1580000.0,60000.0,Premium,High
CAR_000556,4950000.0,30000.0,Premium,Low
CAR_000557,535000.0,52600.0,Mid,Medium
CAR_000558,225000.0,110000.0,Low,High
CAR_000559,550000.0,19890.0,Mid,Low
CAR_000560,670000.0,7104.0,High,Medium
CAR_000561,625000.0,11918.0,High,Low
CAR_000562,4461000.0,10510.0,Low,Low
CAR_000563,239000.0,41000.0,Low,Medium
CAR_000564,2600000.0,47162.0,Premium,Medium
CAR_000565,750000.0,45974.0,High,Medium
CAR_000566,229999.0,49824.0,Low,Medium
CAR_000567,1300000.0,58500.0,Low,Medium
CAR_000568,80000.0,60000.0,Low,Medium
CAR_000569,4461000.0,52000.0,Mid,Medium
CAR_000570,760000.0,55340.0,High,Medium
CAR_000571,600000.0,46507.0,Mid,Medium
CAR_000572,450000.0,1000.0,Mid,Low
CAR_000573,3800000.0,10000.0,Premium,Low
CAR_000574,1580000.0,86000.0,Premium,High
CAR_000575,4950000.0,30000.0,Premium,Low
CAR_000576,535000.0,52600.0,Mid,Medium
CAR_000577,225000.0,110000.0,Low,High
CAR_000578,550000.0,19890.0,Mid,Low
CAR_000579,670000.0,7104.0,High,Low
CAR_000580,625000.0,11918.0,High,Low
CAR_000581,520000.0,10510.0,Low,Low
CAR_000582,239000.0,41000.0,Low,Medium
CAR_000583,2600000.0,47162.0,Premium,Medium
CAR_000584,750000.0,45974.0,High,Medium
CAR_000585,4461000.0,49824.0,Low,Medium
CAR_000586,1300000.0,58500.0,Premium,Medium
CAR_000587,80000.0,56580.0,Low,Medium
CAR_000588,385000.0,52000.0,Mid,Medium
CAR_000589,760000.0,55340.0,High,Medium
CAR_000590,4461000.0,46507.0,Mid,Medium
CAR_000591,450000.0,1000.0,Low,Low
CAR_000592,3800000.0,10000.0,Premium,Low
CAR_000593,1580000.0,86000.0,Premium,High
CAR_000594,4950000.0,30000.0,Premium,Low
CAR_000595,535000.0,60000.0,Mid,Medium
CAR_000596,225000.0,110000.0,Low,High
CAR_000597,4461000.0,19890.0,Mid,Low
CAR_000598,670000.0,60000.0,Low,Low
CAR_000599,4461000.0,11918.0,High,Low
CAR_000600,4461000.0,10510.0,Mid,Medium
CAR_000601,239000.0,41000.0,Low,Medium
CAR_000602,2600000.0,47162.0,Low,Medium
CAR_000603,4461000.0,45974.0,High,Medium
CAR_000604,229999.0,49824.0,Low,Medium
CAR_000605,1300000.0,58500.0,Premium,Medium
CAR_000606,80000.0,56580.0,Low,Medium
CAR_000607,385000.0,60000.0,Mid,Medium
CAR_000608,760000.0,55340.0,High,Medium
CAR_000609,600000.0,46507.0,Mid,Medium
CAR_000610,450000.0,1000.0,Mid,Low
CAR_000611,3800000.0,10000.0,Premium,Low
CAR_000612,1580000.0,86000.0,Premium,High
CAR_000613,4950000.0,60000.0,Premium,Low
CAR_000614,535000.0,52600.0,Mid,Medium
CAR_000615,225000.0,110000.0,Low,High
CAR_000616,550000.0,19890.0,Low,Low
CAR_000617,670000.0,7104.0,High,Low
CAR_000618,625000.0,11918.0,High,Low
CAR_000619,520000.0,10510.0,Mid,Medium
CAR_000620,239000.0,41000.0,Low,Medium
CAR_000621,2600000.0,47162.0,Premium,Medium
CAR_000622,4461000.0,45974.0,Low,Medium
CAR_000623,229999.0,49824.0,Low,Medium
CAR_000624,1300000.0,58500.0,Premium,Medium
CAR_000625,80000.0,56580.0,Low,Medium
CAR_000626,385000.0,52000.0,Mid,Medium
CAR_000627,4461000.0,55340.0,High,Medium
CAR_000628,600000.0,46507.0,Mid,Medium
CAR_000629,350000.0,50000.0,Mid,Medium
CAR_000630,114999.0,30000.0,Low,Low
CAR_000631,380000.0,50000.0,Low,Medium
CAR_000632,95000.0,100000.0,Low,High
CAR_000633,900000.0,60000.0,Low,Medium
CAR_000634,200999.0,90000.0,Low,High
CAR_000635,229999.0,11451.0,Low,Low
CAR_000636,800000.0,60000.0,High,Medium
CAR_000637,150000.0,172000.0,Low,Very High
CAR_000638,600000.0,60000.0,Mid,Medium
CAR_000639,150000.0,150000.0,Low,High
CAR_000640,150000.0,66000.0,Low,Medium
CAR_000641,380000.0,5000.0,Mid,Low
CAR_000642,80000.0,66508.0,Low,Medium
CAR_000643,4461000.0,55000.0,Low,Medium
CAR_000644,75000.0,29900.0,Low,Low
CAR_000645,1600000.0,3000.0,Premium,Low
CAR_000646,185000.0,85000.0,Low,High
CAR_000647,425000.0,50000.0,Mid,Medium
CAR_000648,100000.0,60000.0,Low,Medium
CAR_000649,140000.0,90000.0,Low,High
CAR_000650,710000.0,8000.0,High,Low
CAR_000651,450000.0,7900.0,Mid,Low
CAR_000652,210000.0,50000.0,Low,Medium
CAR_000653,270000.0,25000.0,Low,Low
CAR_000654,110000.0,20000.0,Low,Low
CAR_000655,540000.0,17500.0,Mid,Low
CAR_000656,145000.0,25000.0,Low,Low
CAR_000657,360000.0,206500.0,Mid,Medium
CAR_000658,250000.0,88600.0,Low,High
CAR_000659,110000.0,80000.0,Low,High
CAR_000660,250000.0,100000.0,Low,High
CAR_000661,150000.0,186000.0,Low,Very High
CAR_000662,140000.0,60000.0,Low,Medium
CAR_000663,925000.0,11000.0,High,Low
CAR_000664,969999.0,30000.0,High,Low
CAR_000665,90000.0,60000.0,Low,High
CAR_000666,55000.0,60000.0,Low,Medium
CAR_000667,155000.0,100000.0,Low,High
CAR_000668,900000.0,15000.0,High,Low
CAR_000669,4461000.0,60000.0,Low,High
CAR_000670,180000.0,120000.0,Low,High
CAR_000671,495000.0,100000.0,Mid,High
CAR_000672,400000.0,60000.0,Mid,High
CAR_000673,250000.0,110000.0,Low,High
CAR_000674,138000.0,120000.0,Low,High
CAR_000675,311000.0,70000.0,Mid,Medium
CAR_000676,190000.0,70000.0,Low,Medium
CAR_000677,4461000.0,140000.0,Mid,Medium
CAR_000678,4461000.0,15000.0,Low,Low
CAR_000679,600000.0,20000.0,Low,Low
CAR_000680,550000.0,100000.0,Mid,Medium
CAR_000681,600000.0,70000.0,Mid,Medium
CAR_000682,195000.0,5000.0,Low,Low
CAR_000683,58000.0,27974.0,Low,Low
CAR_000684,183000.0,40000.0,Low,Medium
CAR_000685,95000.0,80000.0,Low,High
CAR_000686,250000.0,60000.0,Low,Medium
CAR_000687,250000.0,38000.0,Low,Medium
CAR_000688,400000.0,35000.0,Mid,Medium
CAR_000689,409999.0,60000.0,Mid,Medium
CAR_000690,120000.0,120000.0,Low,High
CAR_000691,600000.0,18000.0,Mid,Low
CAR_000692,4461000.0,10000.0,Mid,Medium
CAR_000693,825000.0,90000.0,High,High
CAR_000694,4461000.0,80000.0,High,High
CAR_000695,700000.0,1400.0,High,Low
CAR_000696,160000.0,60000.0,Low,Medium
CAR_000697,114999.0,60000.0,Low,Medium
CAR_000698,150000.0,53000.0,Low,Medium
CAR_000699,250000.0,100000.0,Low,High
CAR_000700,390000.0,60000.0,Mid,High
CAR_000701,650000.0,60000.0,High,High
CAR_000702,600000.0,30000.0,Mid,Low
CAR_000703,250000.0,120000.0,Low,High
CAR_000704,229999.0,60000.0,Low,Medium
CAR_000705,299000.0,50000.0,Low,Medium
CAR_000706,4461000.0,124000.0,Mid,High
CAR_000707,180000.0,100000.0,Low,High
CAR_000708,475000.0,42000.0,Mid,Medium
CAR_000709,325000.0,100000.0,Mid,Medium
CAR_000710,639000.0,28205.0,Low,Low
CAR_000711,415000.0,32670.0,Mid,Medium
CAR_000712,1199000.0,30093.0,Premium,Medium
CAR_000713,525000.0,56228.0,Mid,Medium
CAR_000714,425000.0,59319.0,Mid,Medium
CAR_000715,699000.0,39503.0,High,Medium
CAR_000716,325000.0,35299.0,Mid,Medium
CAR_000717,275000.0,51687.0,Low,Medium
CAR_000718,269000.0,76259.0,Low,High
CAR_000719,399000.0,60000.0,Mid,Medium
CAR_000720,475000.0,45087.0,Mid,Medium
CAR_000721,249000.0,41125.0,Low,Medium
CAR_000722,4461000.0,42215.0,Low,Medium
CAR_000723,254999.0,54206.0,Low,Medium
CAR_000724,269000.0,52547.0,Low,Medium
CAR_000725,665000.0,59110.0,High,Medium
CAR_000726,299000.0,54565.0,Low,Medium
CAR_000727,265000.0,47564.0,Low,Medium
CAR_000728,211000.0,45143.0,Low,Medium
CAR_000729,599000.0,61624.0,Mid,Medium
CAR_000730,55000.0,195000.0,Low,Very High
CAR_000731,550000.0,50000.0,Mid,Medium
CAR_000732,4000000.0,68000.0,Premium,Medium
CAR_000733,220000.0,120000.0,Low,High
CAR_000734,500000.0,20000.0,Mid,Low
CAR_000735,4461000.0,30000.0,Low,Low
CAR_000736,325000.0,60000.0,Mid,Medium
CAR_000737,210000.0,60000.0,Low,High
CAR_000738,110000.0,90000.0,Low,High
CAR_000739,1200000.0,25000.0,Premium,Low
CAR_000740,229999.0,40000.0,Low,Medium
CAR_000741,225000.0,110000.0,Low,Medium
CAR_000742,165000.0,132000.0,Low,High
CAR_000743,525000.0,10980.0,Mid,Low
CAR_000744,325000.0,20629.0,Mid,Low
CAR_000745,4461000.0,50000.0,Premium,Medium
CAR_000746,400000.0,30000.0,Mid,Low
CAR_000747,550000.0,69782.0,Mid,Medium
CAR_000748,98000.0,54000.0,Low,Medium
CAR_000749,900000.0,60000.0,High,Medium
CAR_000750,700000.0,60000.0,High,Medium
CAR_000751,890000.0,52000.0,High,Medium
CAR_000752,490000.0,59385.0,Mid,Medium
CAR_000753,525000.0,70378.0,Mid,High
CAR_000754,330000.0,55425.0,Mid,Medium
CAR_000755,550000.0,78413.0,Low,High
CAR_000756,790000.0,40890.0,High,Medium
CAR_000757,350000.0,34823.0,Mid,Medium
CAR_000758,1700000.0,75000.0,Premium,High
CAR_000759,750000.0,60000.0,Low,Medium
CAR_000760,4461000.0,56541.0,Mid,Medium
CAR_000761,220000.0,43700.0,Low,Medium
CAR_000762,68000.0,120000.0,Low,Medium
CAR_000763,290000.0,20000.0,Low,Low
CAR_000764,600000.0,27483.0,Low,Low
CAR_000765,4461000.0,8000.0,Mid,Low
CAR_000766,150000.0,30000.0,Low,Low
CAR_000767,180000.0,60000.0,Low,Medium
CAR_000768,80000.0,70000.0,Low,Medium
CAR_000769,875000.0,1440.0,High,Low
CAR_000770,300000.0,50000.0,Low,Medium
CAR_000771,2800000.0,20000.0,Premium,Low
CAR_000772,1330000.0,91195.0,Premium,High
CAR_000773,220000.0,63657.0,Low,Medium
CAR_000774,250000.0,60000.0,Low,Medium
CAR_000775,919999.0,60000.0,High,High
CAR_000776,380000.0,60000.0,Mid,High
CAR_000777,4461000.0,46000.0,Mid,Medium
CAR_000778,770000.0,10000.0,High,Low
CAR_000779,550000.0,80000.0,Mid,High
CAR_000780,320000.0,100000.0,Mid,High
CAR_000781,400000.0,35000.0,Mid,Medium
CAR_000782,450000.0,60000.0,Mid,Medium
CAR_000783,220000.0,90000.0,Low,High
CAR_000784,4461000.0,150000.0,Mid,High
CAR_000785,530000.0,89000.0,Mid,High
CAR_000786,390000.0,60000.0,Mid,Medium
CAR_000787,185000.0,100000.0,Low,High
CAR_000788,300000.0,100000.0,Low,High
CAR_000789,575000.0,90000.0,Mid,Medium
CAR_000790,300000.0,75000.0,Low,High
CAR_000791,425000.0,36000.0,Mid,Medium
CAR_000792,350000.0,12000.0,Mid,Low
CAR_000793,550000.0,60000.0,Mid,Low
CAR_000794,500000.0,40000.0,Mid,Medium
CAR_000795,600000.0,60000.0,Mid,Medium
CAR_000796,300000.0,25000.0,Low,Low
CAR_000797,1150000.0,26430.0,Premium,Low
CAR_000798,475000.0,24600.0,Mid,Low
CAR_000799,260000.0,28481.0,Low,Low
CAR_000800,350000.0,100000.0,Mid,High
CAR_000801,4461000.0,41988.0,High,Medium
CAR_000802,180000.0,30375.0,Low,Medium
CAR_000803,4461000.0,7658.0,Mid,Low
CAR_000804,611000.0,34400.0,High,Medium
CAR_000805,325000.0,18500.0,Mid,Low
CAR_000806,225000.0,48000.0,Low,Medium
CAR_000807,300000.0,60000.0,Low,Low
CAR_000808,4461000.0,50000.0,Mid,Medium
CAR_000809,711000.0,53600.0,High,Medium
CAR_000810,851000.0,53652.0,High,Medium
CAR_000811,500000.0,25000.0,Low,Low
CAR_000812,4461000.0,60000.0,Low,High
CAR_000813,150000.0,50000.0,Low,Medium
CAR_000814,610000.0,15000.0,High,Low
CAR_000815,450000.0,60000.0,Mid,Low
CAR_000816,744000.0,106000.0,Low,High
CAR_000817,120000.0,100000.0,Low,High
CAR_000818,220000.0,60000.0,Low,Medium
CAR_000819,480000.0,120000.0,Mid,High
CAR_000820,370000.0,82000.0,Mid,High
CAR_000821,55000.0,35000.0,Low,Medium
CAR_000822,125000.0,205000.0,Low,Very High
CAR_000823,260000.0,125000.0,Low,High
CAR_000824,350000.0,60000.0,Mid,High
CAR_000825,170000.0,97000.0,Low,High
CAR_000826,350000.0,90000.0,Mid,High
CAR_000827,250000.0,60000.0,Low,Medium
CAR_000828,170000.0,60000.0,Low,Medium
CAR_000829,1300000.0,35000.0,Premium,Medium
CAR_000830,4461000.0,25000.0,Mid,Low
CAR_000831,400000.0,15000.0,Mid,Low
CAR_000832,120000.0,20000.0,Low,Low
CAR_000833,120000.0,20000.0,Low,Low
CAR_000834,275000.0,70000.0,Low,Medium
CAR_000835,285000.0,90000.0,Low,High
CAR_000836,900000.0,80000.0,High,High
CAR_000837,2500000.0,79500.0,Premium,High
CAR_000838,620000.0,70000.0,High,Medium
CAR_000839,4461000.0,5000.0,Premium,Low
CAR_000840,650000.0,15000.0,High,Low
CAR_000841,500000.0,35000.0,Mid,Medium
CAR_000842,250000.0,60000.0,Low,High
CAR_000843,4461000.0,15000.0,High,Low
CAR_000844,320000.0,60000.0,Mid,Medium
CAR_000845,450000.0,120000.0,Mid,High
CAR_000846,350000.0,90000.0,Mid,High
CAR_000847,400000.0,90000.0,Mid,High
CAR_000848,200000.0,10000.0,Low,Low
CAR_000849,250000.0,72000.0,Low,Medium
CAR_000850,550000.0,197000.0,Mid,Very High
CAR_000851,85000.0,70000.0,Low,Medium
CAR_000852,52000.0,50000.0,Low,Medium
CAR_000853,1200000.0,50000.0,Premium,Medium
CAR_000854,450000.0,60000.0,Mid,Medium
CAR_000855,615000.0,40000.0,High,Medium
CAR_000856,400000.0,60000.0,Mid,Medium
CAR_000857,60000.0,40000.0,Low,Medium
CAR_000858,4461000.0,9161.0,Low,Low
CAR_000859,600000.0,45000.0,Mid,Medium
CAR_000860,110000.0,110000.0,Low,High
CAR_000861,175000.0,80000.0,Low,High
CAR_000862,325000.0,100000.0,Mid,Medium
CAR_000863,4461000.0,90000.0,Mid,High
CAR_000864,160000.0,70000.0,Low,Medium
CAR_000865,100000.0,80000.0,Low,High
CAR_000866,390000.0,110000.0,Mid,High
CAR_000867,400000.0,50000.0,Mid,Medium
CAR_000868,509999.0,5000.0,Mid,Low
CAR_000869,150000.0,90000.0,Low,High
CAR_000870,110000.0,120000.0,Low,High
CAR_000871,450000.0,80000.0,Mid,High
CAR_000872,4461000.0,38000.0,Mid,Medium
CAR_000873,140000.0,120000.0,Low,High
CAR_000874,130000.0,90000.0,Low,High
CAR_000875,160000.0,50000.0,Low,Medium
CAR_000876,150000.0,60000.0,Low,Medium
CAR_000877,500000.0,60000.0,Mid,High
CAR_000878,4461000.0,19000.0,Low,Low
CAR_000879,140000.0,200000.0,Low,Very High
CAR_000880,227000.0,70000.0,Low,Medium
CAR_000881,285000.0,50000.0,Low,Medium
CAR_000882,4461000.0,19077.0,Low,Low
CAR_000883,210000.0,30000.0,Low,Low
CAR_000884,140000.0,80000.0,Low,High
CAR_000885,940000.0,128000.0,Low,High
CAR_000886,750000.0,60000.0,High,High
CAR_000887,610000.0,100000.0,Low,High
CAR_000888,450000.0,50000.0,Mid,Medium
CAR_000889,4461000.0,56000.0,Mid,Medium
CAR_000890,4461000.0,21302.0,Low,Medium
CAR_000891,300000.0,10500.0,Low,Low
CAR_000892,400000.0,107000.0,Mid,High
CAR_000893,210000.0,60000.0,Low,Medium
CAR_000894,90000.0,120000.0,Low,High
CAR_000895,222000.0,70000.0,Low,Medium
CAR_000896,240000.0,60000.0,Low,Medium
CAR_000897,450000.0,70000.0,Mid,Medium
CAR_000898,4461000.0,1000.0,Mid,Low
CAR_000899,3800000.0,10000.0,Premium,Low
CAR_000900,1580000.0,86000.0,Premium,High
CAR_000901,4950000.0,30000.0,Premium,Low
CAR_000902,535000.0,52600.0,Low,Medium
CAR_000903,225000.0,60000.0,Low,High
CAR_000904,4461000.0,19890.0,Mid,Low
CAR_000905,670000.0,7104.0,High,Low
CAR_000906,625000.0,11918.0,High,Low
CAR_000907,520000.0,10510.0,Mid,Low
CAR_000908,4461000.0,41000.0,Low,Medium
CAR_000909,2600000.0,47162.0,Premium,Medium
CAR_000910,750000.0,60000.0,High,Medium
CAR_000911,229999.0,49824.0,Low,Medium
CAR_000912,4461000.0,58500.0,Premium,Medium
CAR_000913,80000.0,56580.0,Low,Medium
CAR_000914,385000.0,52000.0,Mid,Medium
CAR_000915,760000.0,55340.0,High,Medium
CAR_000916,600000.0,46507.0,Low,Medium
CAR_000917,450000.0,1000.0,Mid,Low
CAR_000918,3800000.0,10000.0,Premium,Medium
CAR_000919,1580000.0,86000.0,Premium,High
CAR_000920,4950000.0,30000.0,Premium,Low
CAR_000921,535000.0,52600.0,Mid,Medium
CAR_000922,225000.0,110000.0,Low,High
CAR_000923,550000.0,19890.0,Low,Low
CAR_000924,670000.0,7104.0,High,Low
CAR_000925,625000.0,11918.0,High,Low
CAR_000926,520000.0,10510.0,Mid,Low
CAR_000927,239000.0,41000.0,Low,Medium
CAR_000928,2600000.0,60000.0,Premium,Medium
CAR_000929,750000.0,45974.0,Low,Medium
CAR_000930,229999.0,49824.0,Low,Medium
CAR_000931,1300000.0,60000.0,Premium,Medium
CAR_000932,80000.0,56580.0,Low,Medium
CAR_000933,385000.0,60000.0,Mid,Medium
CAR_000934,760000.0,60000.0,Low,Medium
CAR_000935,600000.0,60000.0,Low,Medium
CAR_000936,735000.0,55300.0,High,Medium
CAR_000937,285000.0,74300.0,Low,High
CAR_000938,350000.0,48781.0,Low,Medium
CAR_000939,290000.0,87620.0,Low,High
CAR_000940,890000.0,40219.0,High,Medium
CAR_000941,385000.0,11473.0,Mid,Low
CAR_000942,425000.0,8352.0,Mid,Medium
CAR_000943,525000.0,9745.0,Mid,Low
CAR_000944,550000.0,9748.0,Mid,Low
CAR_000945,271000.0,49000.0,Low,Medium
CAR_000946,1490000.0,20694.0,Premium,Low
CAR_000947,490000.0,31080.0,Mid,Medium
CAR_000948,260000.0,37605.0,Low,Medium
CAR_000949,455000.0,55850.0,Mid,Medium
CAR_000950,75000.0,58850.0,Low,Medium
CAR_000951,421000.0,23839.0,Mid,Low
CAR_000952,550000.0,54000.0,Mid,Medium
CAR_000953,330000.0,38000.0,Low,Medium
CAR_000954,390000.0,45454.0,Mid,Medium
CAR_000955,599000.0,46957.0,Low,Medium
CAR_000956,110000.0,60000.0,Low,Medium
CAR_000957,250000.0,25000.0,Low,Low
CAR_000958,600000.0,110000.0,Mid,High
CAR_000959,280000.0,190000.0,Low,Very High
CAR_000960,2700000.0,25000.0,Premium,Low
CAR_000961,80000.0,90000.0,Low,High
CAR_000962,350000.0,5000.0,Mid,Low
CAR_000963,475000.0,60000.0,Low,Medium
CAR_000964,4700000.0,60000.0,Premium,Low
CAR_000965,500000.0,50000.0,Mid,Medium
CAR_000966,250000.0,60000.0,Low,High
CAR_000967,100000.0,120000.0,Low,High
CAR_000968,350000.0,5000.0,Mid,Medium
CAR_000969,4000000.0,47000.0,Premium,Medium
CAR_000970,4461000.0,20000.0,Premium,Low
CAR_000971,95000.0,120000.0,Low,High
CAR_000972,409999.0,58000.0,Mid,Medium
CAR_000973,1050000.0,35000.0,Premium,Medium
CAR_000974,320000.0,30000.0,Mid,Low
CAR_000975,1000000.0,10000.0,High,Low
CAR_000976,1770000.0,25000.0,Low,Low
CAR_000977,950000.0,20000.0,High,Low
CAR_000978,750000.0,50000.0,High,Medium
CAR_000979,220000.0,42000.0,Low,Medium
CAR_000980,1000000.0,50000.0,High,Medium
CAR_000981,660000.0,116000.0,High,High
CAR_000982,716000.0,100000.0,High,High
CAR_000983,675000.0,66000.0,Low,Medium
CAR_000984,385000.0,110000.0,Mid,High
CAR_000985,325000.0,70000.0,Low,Medium
CAR_000986,950000.0,60000.0,High,Medium
CAR_000987,400000.0,60000.0,Mid,High
CAR_000988,250000.0,25000.0,Low,Low
CAR_000989,4000000.0,68000.0,Premium,Medium
CAR_000990,210000.0,20000.0,Low,Low
CAR_000991,147000.0,110000.0,Low,High
CAR_000992,725000.0,26350.0,High,Medium
CAR_000993,550000.0,90000.0,Mid,High
CAR_000994,475000.0,25000.0,Mid,Medium
CAR_000995,250000.0,50000.0,Low,Medium
CAR_000996,70000.0,60000.0,Low,Medium
CAR_000997,160000.0,70000.0,Low,Medium
CAR_000998,1000000.0,90000.0,High,High
CAR_000999,68000.0,70000.0,Low,Medium
CAR_001000,4461000.0,26500.0,Mid,Low
CAR_001001,170000.0,60000.0,Low,Medium
CAR_001002,1300000.0,35000.0,Premium,Medium
CAR_001003,1050000.0,10000.0,Premium,Low
CAR_001004,300000.0,15000.0,Low,Low
CAR_001005,600000.0,25000.0,Mid,Low
CAR_001006,900000.0,60000.0,High,Medium
CAR_001007,550000.0,60000.0,Mid,Low
CAR_001008,100000.0,52000.0,Low,Medium
CAR_001009,400000.0,15000.0,Mid,Low
CAR_001010,120000.0,20000.0,Low,Low
CAR_001011,300000.0,90000.0,Low,High
CAR_001012,140000.0,60000.0,Low,Medium
CAR_001013,640000.0,23000.0,High,Low
CAR_001014,380000.0,22155.0,Mid,Low
CAR_001015,120000.0,20000.0,Low,Low
CAR_001016,650000.0,70000.0,High,Medium
CAR_001017,150000.0,60000.0,Low,Medium
CAR_001018,550000.0,35000.0,Mid,Medium
CAR_001019,4461000.0,71042.0,High,High
CAR_001020,1025000.0,167870.0,Low,Very High
CAR_001021,195000.0,133564.0,Low,Medium
CAR_001022,3800000.0,10000.0,Premium,Low
CAR_001023,4461000.0,40000.0,Premium,Medium
CAR_001024,4950000.0,60000.0,Premium,Low
CAR_001025,4461000.0,23038.0,Premium,Low
CAR_001026,95000.0,70000.0,Low,Medium
CAR_001027,3050000.0,30000.0,Premium,Low
CAR_001028,550000.0,60000.0,Mid,Low
CAR_001029,625000.0,11918.0,High,Low
CAR_001030,4461000.0,10510.0,Mid,Low
CAR_001031,239000.0,41000.0,Low,Medium
CAR_001032,2600000.0,47162.0,Premium,Medium
CAR_001033,229999.0,49824.0,Low,Medium
CAR_001034,1300000.0,58500.0,Premium,Medium
CAR_001035,4461000.0,60000.0,Mid,Medium
CAR_001036,825000.0,11212.0,High,Low
CAR_001037,280000.0,52000.0,Low,Medium
CAR_001038,725000.0,49217.0,High,Medium
CAR_001039,4461000.0,60000.0,Low,High
CAR_001040,375000.0,70000.0,Mid,Medium
CAR_001041,310000.0,90000.0,Mid,High
CAR_001042,375000.0,190000.0,Mid,Medium
CAR_001043,1950000.0,106000.0,Premium,High
CAR_001044,400000.0,80000.0,Mid,High
CAR_001045,4461000.0,60000.0,Mid,High
CAR_001046,270000.0,20000.0,Low,Medium
CAR_001047,555000.0,110000.0,Mid,High
CAR_001048,4461000.0,60000.0,Mid,Medium
CAR_001049,400000.0,130000.0,Mid,High
CAR_001050,280000.0,28838.0,Low,Low
CAR_001051,80000.0,200000.0,Low,Very High
CAR_001052,55000.0,100000.0,Low,High
CAR_001053,4461000.0,50000.0,Low,Medium
CAR_001054,250000.0,190000.0,Low,Very High
CAR_001055,95000.0,100000.0,Low,High
CAR_001056,4461000.0,135000.0,High,High
CAR_001057,4461000.0,50000.0,Mid,Medium
CAR_001058,4461000.0,135000.0,Premium,High
CAR_001059,160000.0,50000.0,Low,Medium
CAR_001060,790000.0,19571.0,High,Low
CAR_001061,1200000.0,29600.0,Premium,Low
CAR_001062,4461000.0,70000.0,Low,Medium
CAR_001063,950000.0,60000.0,High,Low
CAR_001064,340000.0,50000.0,Mid,Medium
CAR_001065,825000.0,13500.0,High,Low
CAR_001066,3100000.0,22000.0,Premium,Low
CAR_001067,780000.0,25000.0,High,Low
CAR_001068,350000.0,80000.0,Mid,High
CAR_001069,690000.0,39000.0,High,Medium
CAR_001070,245000.0,60000.0,Low,Medium
CAR_001071,790000.0,60000.0,High,Medium
CAR_001072,680000.0,48600.0,High,Medium
CAR_001073,540000.0,20000.0,Mid,Low
CAR_001074,425000.0,25000.0,Mid,Low
CAR_001075,140000.0,120000.0,Low,High
CAR_001076,1100000.0,60000.0,Premium,Low
CAR_001077,715000.0,35000.0,High,Medium
CAR_001078,1580000.0,86000.0,Premium,High
CAR_001079,1750000.0,127643.0,Premium,High
CAR_001080,400000.0,54000.0,Mid,Medium
CAR_001081,1750000.0,102354.0,Premium,High
CAR_001082,1850000.0,62237.0,Premium,Medium
CAR_001083,114999.0,90000.0,Low,High
CAR_001084,950000.0,21394.0,High,Low
CAR_001085,310000.0,32686.0,Low,Medium
CAR_001086,575000.0,1001.0,Mid,Low
CAR_001087,490000.0,22000.0,Mid,Low
CAR_001088,480000.0,53261.0,Mid,Medium
CAR_001089,3500000.0,53000.0,Low,Medium
CAR_001090,370000.0,10000.0,Mid,Low
CAR_001091,835000.0,60000.0,Low,Medium
CAR_001092,650000.0,44000.0,High,Medium
CAR_001093,670000.0,39895.0,Low,Medium
CAR_001094,950000.0,73000.0,Low,High
CAR_001095,690000.0,17000.0,High,Low
CAR_001096,670000.0,18591.0,High,Low
CAR_001097,925000.0,26766.0,Low,Low
CAR_001098,250000.0,30000.0,Low,Low
CAR_001099,509999.0,42000.0,Mid,Medium
CAR_001100,520000.0,110000.0,Mid,Medium
CAR_001101,100000.0,60000.0,Low,High
CAR_001102,85000.0,300000.0,Low,Very High
CAR_001103,130000.0,110000.0,Low,High
CAR_001104,950000.0,27620.0,High,Low
CAR_001105,450000.0,70000.0,Low,Medium
CAR_001106,320000.0,50000.0,Mid,Medium
CAR_001107,480000.0,50000.0,Mid,Medium
CAR_001108,2490000.0,46000.0,Premium,Medium
CAR_001109,790000.0,82000.0,High,High
CAR_001110,120000.0,120000.0,Low,Medium
CAR_001111,75000.0,60000.0,Low,High
CAR_001112,99000.0,70000.0,Low,Medium
CAR_001113,1015000.0,20000.0,Premium,Medium
CAR_001114,250000.0,200000.0,Low,Very High
CAR_001115,520000.0,120000.0,Mid,High
CAR_001116,1100000.0,30000.0,Premium,Low
CAR_001117,4461000.0,223000.0,Low,Very High
CAR_001118,4461000.0,60000.0,Mid,Medium
CAR_001119,500000.0,40000.0,Mid,Medium
CAR_001120,675000.0,161327.0,High,Very High
CAR_001121,150000.0,60000.0,Low,Medium
CAR_001122,250000.0,50000.0,Low,Medium
CAR_001123,450000.0,6000.0,Low,Low
CAR_001124,150000.0,68000.0,Low,Medium
CAR_001125,200000.0,85000.0,Low,High
CAR_001126,525000.0,70000.0,Mid,Medium
CAR_001127,60000.0,35000.0,Low,Medium
CAR_001128,180000.0,100000.0,Low,High
CAR_001129,475000.0,110000.0,Mid,High
CAR_001130,380000.0,195000.0,Low,Very High
CAR_001131,285000.0,60000.0,Low,Medium
CAR_001132,91200.0,60000.0,Low,Medium
CAR_001133,250000.0,60000.0,Low,Medium
CAR_001134,400000.0,42000.0,Mid,Medium
CAR_001135,160000.0,90000.0,Low,Medium
CAR_001136,650000.0,85000.0,High,High
CAR_001137,409999.0,120000.0,Mid,High
CAR_001138,425000.0,72000.0,Mid,Medium
CAR_001139,250000.0,60000.0,Low,High
CAR_001140,200000.0,110000.0,Low,High
CAR_001141,250000.0,71000.0,Low,Medium
CAR_001142,130000.0,144000.0,Low,High
CAR_001143,260000.0,60000.0,Low,Low
CAR_001144,155000.0,65000.0,Low,Medium
CAR_001145,450000.0,38000.0,Low,Medium
CAR_001146,220000.0,90000.0,Low,High
CAR_001147,4461000.0,37000.0,High,Medium
CAR_001148,285000.0,30000.0,Low,Low
CAR_001149,725000.0,26000.0,High,Low
CAR_001150,4461000.0,30000.0,High,Low
CAR_001151,550000.0,23000.0,Mid,Low
CAR_001152,240000.0,40000.0,Low,Medium
CAR_001153,600000.0,27000.0,Low,Low
CAR_001154,350000.0,65000.0,Mid,Medium
CAR_001155,245000.0,32000.0,Low,Medium
CAR_001156,600000.0,56000.0,Mid,Medium
CAR_001157,2400000.0,30000.0,Premium,Low
CAR_001158,4461000.0,80000.0,High,High
CAR_001159,395000.0,52000.0,Low,Medium
CAR_001160,635000.0,13250.0,High,Low
CAR_001161,180000.0,36000.0,Low,Medium
CAR_001162,484999.0,73000.0,Mid,High
CAR_001163,110000.0,60000.0,Low,Medium
CAR_001164,150000.0,60000.0,Low,Medium
CAR_001165,400000.0,110000.0,Mid,High
CAR_001166,200000.0,60000.0,Low,Medium
CAR_001167,302000.0,60000.0,Mid,Medium
CAR_001168,215000.0,90000.0,Low,Medium
CAR_001169,155000.0,80000.0,Low,High
CAR_001170,1000000.0,101000.0,High,High
CAR_001171,4461000.0,44000.0,Mid,Medium
CAR_001172,200000.0,60000.0,Low,Medium
CAR_001173,750000.0,120000.0,High,High
CAR_001174,90000.0,90000.0,Low,High
CAR_001175,80000.0,120000.0,Low,High
CAR_001176,229999.0,13500.0,Low,Low
CAR_001177,4461000.0,60000.0,Mid,Low
CAR_001178,325000.0,25000.0,Mid,Low
CAR_001179,450000.0,8500.0,Mid,Low
CAR_001180,250000.0,120000.0,Low,High
CAR_001181,4461000.0,120000.0,Low,Medium
CAR_001182,150000.0,90246.0,Low,High
CAR_001183,110000.0,90000.0,Low,Medium
CAR_001184,4461000.0,40000.0,Low,Medium
CAR_001185,165000.0,60000.0,Low,Medium
CAR_001186,610000.0,32000.0,Low,Medium
CAR_001187,170000.0,60400.0,Low,Medium
CAR_001188,150000.0,70950.0,Low,High
CAR_001189,4461000.0,90000.0,Low,High
CAR_001190,375000.0,72000.0,Low,High
CAR_001191,390000.0,90000.0,Mid,High
CAR_001192,600000.0,10000.0,Mid,Low
CAR_001193,204999.0,25000.0,Low,Low
CAR_001194,270000.0,80000.0,Low,High
CAR_001195,375000.0,10000.0,Mid,Low
CAR_001196,700000.0,1100.0,High,Low
CAR_001197,455000.0,40000.0,Mid,Medium
CAR_001198,375000.0,60000.0,Mid,Low
CAR_001199,341000.0,31491.0,Mid,Medium
CAR_001200,200000.0,107143.0,Low,High
CAR_001201,4461000.0,15000.0,Low,Low
CAR_001202,170000.0,50000.0,Low,Medium
CAR_001203,1900000.0,60000.0,Premium,High
CAR_001204,500000.0,60000.0,Mid,Medium
CAR_001205,4461000.0,85000.0,High,High
CAR_001206,351000.0,40000.0,Mid,Medium
CAR_001207,195000.0,80000.0,Low,Medium
CAR_001208,4461000.0,82000.0,Low,High
CAR_001209,120000.0,70000.0,Low,Medium
CAR_001210,180000.0,70000.0,Low,Medium
CAR_001211,430000.0,20000.0,Mid,Low
CAR_001212,75000.0,35000.0,Low,Medium
CAR_001213,750000.0,80000.0,High,High
CAR_001214,60000.0,40000.0,Low,Medium
CAR_001215,1500000.0,46412.0,Premium,Medium
CAR_001216,390000.0,150000.0,Mid,High
CAR_001217,630000.0,50000.0,High,Medium
CAR_001218,1085000.0,15000.0,Premium,Medium
CAR_001219,190000.0,60000.0,Low,Medium
CAR_001220,550000.0,25000.0,Mid,Low
CAR_001221,200000.0,90000.0,Low,Medium
CAR_001222,4461000.0,60000.0,Low,Medium
CAR_001223,260000.0,65000.0,Low,Medium
CAR_001224,151000.0,40000.0,Low,Medium
CAR_001225,780000.0,50000.0,Low,Medium
CAR_001226,175000.0,80000.0,Low,High
CAR_001227,170000.0,107500.0,Low,High
CAR_001228,210000.0,135000.0,Low,High
CAR_001229,90000.0,43826.0,Low,Medium
CAR_001230,535000.0,55838.0,Mid,Medium
CAR_001231,195000.0,112880.0,Low,High
CAR_001232,4461000.0,90000.0,Low,High
CAR_001233,350000.0,40000.0,Mid,Medium
CAR_001234,425000.0,60000.0,Mid,Medium
CAR_001235,300000.0,30300.0,Low,Medium
CAR_001236,4461000.0,85000.0,Mid,High
CAR_001237,250000.0,80659.0,Low,High
CAR_001238,170000.0,60000.0,Low,High
CAR_001239,315000.0,127884.0,Mid,High
CAR_001240,200000.0,50000.0,Low,Medium
CAR_001241,300000.0,25000.0,Low,Low
CAR_001242,300000.0,66755.0,Low,Medium
CAR_001243,4461000.0,123084.0,Mid,High
CAR_001244,250000.0,806599.0,Low,Very High
CAR_001245,310000.0,95851.0,Mid,Medium
CAR_001246,260000.0,50000.0,Low,Medium
CAR_001247,150000.0,60000.0,Low,Medium
CAR_001248,85000.0,60000.0,Low,Medium
CAR_001249,280000.0,15000.0,Low,Low
CAR_001250,850000.0,40000.0,High,Medium
CAR_001251,375000.0,60000.0,Mid,Low
CAR_001252,125000.0,120000.0,Low,High
CAR_001253,250000.0,110000.0,Low,High
CAR_001254,715000.0,234000.0,High,Medium
CAR_001255,220000.0,60000.0,Low,Medium
CAR_001256,110000.0,110000.0,Low,High
CAR_001257,150000.0,84000.0,Low,High
CAR_001258,4461000.0,170000.0,Low,Very High
CAR_001259,220000.0,40000.0,Low,Medium
CAR_001260,75000.0,96000.0,Low,High
CAR_001261,100000.0,20000.0,Low,Low
CAR_001262,380000.0,15000.0,Mid,Low
CAR_001263,100000.0,50000.0,Low,Medium
CAR_001264,480000.0,60000.0,Mid,High
CAR_001265,4461000.0,124000.0,Low,High
CAR_001266,190000.0,60000.0,Low,Medium
CAR_001267,190000.0,130000.0,Low,High
CAR_001268,650000.0,60000.0,High,Low
CAR_001269,300000.0,23262.0,Low,Low
CAR_001270,700000.0,29600.0,High,Low
CAR_001271,310000.0,35925.0,Mid,Medium
CAR_001272,500000.0,12000.0,Mid,Low
CAR_001273,415000.0,40771.0,Mid,Medium
CAR_001274,395000.0,30500.0,Mid,Medium
CAR_001275,430000.0,42000.0,Low,Medium
CAR_001276,215000.0,55800.0,Low,Medium
CAR_001277,550000.0,60000.0,Mid,Medium
CAR_001278,415000.0,81358.0,Mid,High
CAR_001279,450000.0,82695.0,Mid,High
CAR_001280,285000.0,68293.0,Low,Medium
CAR_001281,580000.0,60000.0,Mid,Medium
CAR_001282,4461000.0,190621.0,Low,Very High
CAR_001283,1200000.0,60000.0,Premium,Medium
CAR_001284,78000.0,64700.0,Low,Medium
CAR_001285,65000.0,100000.0,Low,High
CAR_001286,400000.0,60000.0,Mid,High
CAR_001287,850000.0,75000.0,High,High
CAR_001288,450000.0,60000.0,Mid,High
CAR_001289,4461000.0,35000.0,Premium,Medium
CAR_001290,780000.0,70000.0,High,Medium
CAR_001291,3200000.0,57000.0,Premium,Medium
CAR_001292,350000.0,1000.0,Mid,Medium
CAR_001293,4461000.0,120000.0,Low,High
CAR_001294,525000.0,60000.0,Low,Medium
CAR_001295,550000.0,90000.0,Mid,High
CAR_001296,4461000.0,70000.0,Mid,Medium
CAR_001297,75000.0,25000.0,Low,Low
CAR_001298,185000.0,60000.0,Low,Medium
CAR_001299,110000.0,90000.0,Low,High
CAR_001300,180000.0,200000.0,Low,Very High
CAR_001301,350000.0,110000.0,Mid,High
CAR_001302,60000.0,126000.0,Low,High
CAR_001303,695000.0,70000.0,High,Medium
CAR_001304,2700000.0,5000.0,Premium,Low
CAR_001305,135000.0,74183.0,Low,High
CAR_001306,640000.0,70000.0,Low,Medium
CAR_001307,160000.0,90000.0,Low,High
CAR_001308,80000.0,46000.0,Low,Medium
CAR_001309,340000.0,60000.0,Mid,High
CAR_001310,4461000.0,80000.0,Low,High
CAR_001311,250000.0,90000.0,Low,High
CAR_001312,1300000.0,70000.0,Premium,Medium
CAR_001313,250000.0,1.0,Low,Low
CAR_001314,450000.0,192000.0,Mid,Very High
CAR_001315,240000.0,70000.0,Low,Medium
CAR_001316,225000.0,120000.0,Low,High
CAR_001317,275000.0,60000.0,Low,Medium
CAR_001318,320000.0,120000.0,Mid,Medium
CAR_001319,75000.0,120000.0,Low,High
CAR_001320,85000.0,50000.0,Low,Medium
CAR_001321,90000.0,120000.0,Low,High
CAR_001322,4461000.0,80000.0,Low,High
CAR_001323,4461000.0,80000.0,Mid,High
CAR_001324,355000.0,100000.0,Mid,High
CAR_001325,619000.0,1500.0,High,Low
CAR_001326,1700000.0,50000.0,Premium,Medium
CAR_001327,55000.0,100000.0,Low,Medium
CAR_001328,95000.0,83411.0,Low,High
CAR_001329,300000.0,120000.0,Low,High
CAR_001330,81000.0,83411.0,Low,High
CAR_001331,1000000.0,80000.0,High,High
CAR_001332,925000.0,50000.0,Low,Medium
CAR_001333,450000.0,40000.0,Mid,Medium
CAR_001334,600000.0,13270.0,Mid,Low
CAR_001335,85000.0,100000.0,Low,High
CAR_001336,700000.0,50000.0,High,Medium
CAR_001337,486000.0,60000.0,Mid,Low
CAR_001338,400000.0,90000.0,Mid,High
CAR_001339,120000.0,100000.0,Low,High
CAR_001340,275000.0,35000.0,Low,Medium
CAR_001341,580000.0,57000.0,Mid,Medium
CAR_001342,375000.0,70000.0,Mid,Medium
CAR_001343,229999.0,100000.0,Low,High
CAR_001344,110000.0,88000.0,Low,High
CAR_001345,4461000.0,60000.0,Mid,Medium
CAR_001346,4461000.0,76000.0,Low,High
CAR_001347,200000.0,100000.0,Low,High
CAR_001348,450000.0,110000.0,Mid,High
CAR_001349,550000.0,80000.0,Mid,High
CAR_001350,220000.0,80000.0,Low,High
CAR_001351,40000.0,30000.0,Low,Low
CAR_001352,300000.0,20000.0,Low,Low
CAR_001353,630000.0,40000.0,High,Medium
CAR_001354,610000.0,40000.0,High,Medium
CAR_001355,660000.0,7000.0,Low,Low
CAR_001356,220000.0,80000.0,Low,High
CAR_001357,138000.0,90000.0,Low,High
CAR_001358,210000.0,13770.0,Low,Low
CAR_001359,125000.0,34000.0,Low,Medium
CAR_001360,125000.0,102000.0,Low,High
CAR_001361,725000.0,110000.0,High,High
CAR_001362,170000.0,90000.0,Low,High
CAR_001363,1200000.0,70000.0,Premium,Medium
CAR_001364,70000.0,90000.0,Low,High
CAR_001365,100000.0,70000.0,Low,Medium
CAR_001366,300000.0,80000.0,Low,High
CAR_001367,450000.0,100000.0,Mid,High
CAR_001368,530000.0,100000.0,Mid,High
CAR_001369,100000.0,143000.0,Low,High
CAR_001370,350000.0,115000.0,Mid,High
CAR_001371,165000.0,100000.0,Low,High
CAR_001372,475000.0,120000.0,Mid,High
CAR_001373,350000.0,42000.0,Low,Medium
CAR_001374,229999.0,60000.0,Low,Medium
CAR_001375,4461000.0,60000.0,High,Medium
CAR_001376,475000.0,120000.0,Mid,Medium
CAR_001377,425000.0,60000.0,Mid,Medium
CAR_001378,660000.0,97000.0,High,High
CAR_001379,4461000.0,10000.0,High,Low
CAR_001380,240000.0,50000.0,Low,Medium
CAR_001381,70000.0,60000.0,Low,Medium
CAR_001382,550000.0,60000.0,Mid,High
CAR_001383,100000.0,60000.0,Low,High
CAR_001384,350000.0,90000.0,Mid,High
CAR_001385,200000.0,120000.0,Low,Medium
CAR_001386,720000.0,3000.0,High,Low
CAR_001387,350000.0,133000.0,Mid,High
CAR_001388,400000.0,25000.0,Mid,Low
CAR_001389,570000.0,35000.0,Mid,Medium
CAR_001390,130000.0,70000.0,Low,Medium
CAR_001391,210000.0,52000.0,Low,Medium
CAR_001392,800000.0,52000.0,High,Medium
CAR_001393,700000.0,39000.0,High,Medium
CAR_001394,200000.0,28689.0,Low,Low
CAR_001395,495000.0,90000.0,Mid,Medium
CAR_001396,325000.0,60000.0,Mid,High
CAR_001397,650000.0,8000.0,High,Low
CAR_001398,4461000.0,50000.0,Low,Medium
CAR_001399,4461000.0,90000.0,Low,High
CAR_001400,350000.0,61658.0,Mid,Medium
CAR_001401,90000.0,60000.0,Low,Medium
CAR_001402,600000.0,80000.0,Mid,High
CAR_001403,4461000.0,185000.0,Mid,Very High
CAR_001404,370000.0,57000.0,Mid,Medium
CAR_001405,50000.0,60000.0,Low,Medium
CAR_001406,125000.0,120000.0,Low,High
CAR_001407,4461000.0,26000.0,Low,Low
CAR_001408,650000.0,20000.0,High,Low
CAR_001409,800000.0,60000.0,High,Medium
CAR_001410,802000.0,5000.0,High,Low
CAR_001411,2300000.0,35000.0,Low,Medium
CAR_001412,430000.0,35000.0,Mid,Medium
CAR_001413,650000.0,23000.0,Low,Low
CAR_001414,170000.0,120000.0,Low,High
CAR_001415,450000.0,235000.0,Mid,Very High
CAR_001416,250000.0,87000.0,Low,High
CAR_001417,550000.0,72000.0,Low,Medium
CAR_001418,2000000.0,60000.0,Premium,Medium
CAR_001419,140000.0,100000.0,Low,Medium
CAR_001420,155000.0,12000.0,Low,Low
CAR_001421,120000.0,67000.0,Low,Medium
CAR_001422,287000.0,70000.0,Low,Medium
CAR_001423,675000.0,60000.0,High,Medium
CAR_001424,235000.0,74500.0,Low,High
CAR_001425,4461000.0,118700.0,Low,High
CAR_001426,434999.0,40000.0,Mid,Medium
CAR_001427,225000.0,60000.0,Low,Very High
CAR_001428,160000.0,140000.0,Low,High
CAR_001429,600000.0,5000.0,Mid,Low
CAR_001430,4461000.0,100000.0,Mid,High
CAR_001431,300000.0,100000.0,Low,High
CAR_001432,600000.0,60000.0,Mid,Low
CAR_001433,4461000.0,60000.0,High,Low
CAR_001434,50000.0,120000.0,Low,High
CAR_001435,4461000.0,35000.0,Mid,Medium
CAR_001436,290000.0,29000.0,Low,Low
CAR_001437,600000.0,30000.0,Mid,Medium
CAR_001438,190000.0,120000.0,Low,High
CAR_001439,160000.0,60000.0,Low,High
CAR_001440,325000.0,60000.0,Mid,Low
CAR_001441,200000.0,73756.0,Low,High
CAR_001442,2800000.0,40000.0,Premium,Medium
CAR_001443,125000.0,60000.0,Low,Medium
CAR_001444,155000.0,60000.0,Low,Medium
CAR_001445,4461000.0,90000.0,Mid,High
CAR_001446,130000.0,70000.0,Low,Medium
CAR_001447,80000.0,70000.0,Low,Medium
CAR_001448,500000.0,80000.0,Mid,High
CAR_001449,4461000.0,27000.0,Low,Low
CAR_001450,580000.0,70000.0,Mid,Medium
CAR_001451,4461000.0,50000.0,Low,Medium
CAR_001452,300000.0,185000.0,Low,Very High
CAR_001453,200000.0,60000.0,Low,High
CAR_001454,1200000.0,60000.0,Premium,Low
CAR_001455,350000.0,80000.0,Mid,High
CAR_001456,600000.0,80000.0,Mid,High
CAR_001457,4461000.0,4000.0,High,Low
CAR_001458,120000.0,60000.0,Low,Medium
CAR_001459,180000.0,120000.0,Low,High
CAR_001460,950000.0,41395.0,High,Medium
CAR_001461,250999.0,35000.0,Low,Medium
CAR_001462,385000.0,52000.0,Mid,Medium
CAR_001463,1250000.0,47000.0,Premium,Medium
CAR_001464,165000.0,50000.0,Low,Medium
CAR_001465,700000.0,48000.0,High,Medium
CAR_001466,750000.0,53000.0,High,Medium
CAR_001467,89999.0,213000.0,Low,Very High
CAR_001468,4461000.0,15000.0,Low,Low
CAR_001469,45000.0,7000.0,Low,Low
CAR_001470,675000.0,88000.0,High,High
CAR_001471,530000.0,55000.0,Mid,Medium
CAR_001472,1485000.0,48000.0,Premium,Medium
CAR_001473,325000.0,71014.0,Mid,High
CAR_001474,400000.0,60000.0,Mid,Medium
CAR_001475,380000.0,71000.0,Mid,High
CAR_001476,750000.0,45000.0,High,Medium
CAR_001477,4461000.0,60000.0,Low,Medium
CAR_001478,110000.0,20000.0,Low,Low
CAR_001479,1825000.0,14000.0,Premium,Medium
CAR_001480,3256000.0,17000.0,Premium,Low
CAR_001481,370000.0,60000.0,Low,Medium
CAR_001482,210000.0,80000.0,Low,High
CAR_001483,4461000.0,181000.0,Low,Very High
CAR_001484,575000.0,89550.0,Mid,Medium
CAR_001485,320000.0,90000.0,Mid,High
CAR_001486,280000.0,149500.0,Low,High
CAR_001487,500000.0,60000.0,Mid,Very High
CAR_001488,380000.0,83000.0,Mid,High
CAR_001489,120000.0,20000.0,Low,Low
CAR_001490,395000.0,20000.0,Mid,Low
CAR_001491,360000.0,160000.0,Mid,Very High
CAR_001492,451000.0,100000.0,Mid,High
CAR_001493,175000.0,45000.0,Low,Medium
CAR_001494,170000.0,44800.0,Low,Medium
CAR_001495,100000.0,40000.0,Low,Medium
CAR_001496,150000.0,120000.0,Low,Medium
CAR_001497,149000.0,10000.0,Low,Low
CAR_001498,160000.0,80000.0,Low,High
CAR_001499,434999.0,10000.0,Mid,Low
CAR_001500,800000.0,156000.0,Low,Very High
CAR_001501,819999.0,120000.0,High,High
CAR_001502,4461000.0,100000.0,Low,High
CAR_001503,350000.0,100000.0,Mid,High
CAR_001504,75000.0,100000.0,Low,High
CAR_001505,180000.0,60000.0,Low,Medium
CAR_001506,4461000.0,30000.0,High,Low
CAR_001507,400000.0,170000.0,Mid,Very High
CAR_001508,434999.0,100000.0,Mid,High
CAR_001509,100000.0,110000.0,Low,High
CAR_001510,4461000.0,170000.0,Mid,Very High
CAR_001511,200000.0,100000.0,Low,High
CAR_001512,400000.0,35000.0,Mid,Medium
CAR_001513,790000.0,40000.0,High,Medium
CAR_001514,500000.0,90000.0,Mid,High
CAR_001515,275000.0,120000.0,Low,High
CAR_001516,4461000.0,120000.0,Mid,High
CAR_001517,1400000.0,60000.0,Premium,Low
CAR_001518,800000.0,15000.0,High,Low
CAR_001519,315000.0,41000.0,Low,Medium
CAR_001520,700000.0,16000.0,High,Low
CAR_001521,585000.0,51000.0,Mid,Medium
CAR_001522,350000.0,30000.0,Low,Low
CAR_001523,4461000.0,80000.0,Mid,High
CAR_001524,500000.0,60000.0,Mid,Medium
CAR_001525,345000.0,44000.0,Mid,Medium
CAR_001526,500000.0,10000.0,Mid,Low
CAR_001527,360000.0,33000.0,Mid,Medium
CAR_001528,210000.0,60000.0,Low,Low
CAR_001529,220000.0,66000.0,Low,Medium
CAR_001530,250000.0,48000.0,Low,Medium
CAR_001531,990000.0,146000.0,High,High
CAR_001532,220000.0,60000.0,Low,High
CAR_001533,1800000.0,50000.0,Premium,Medium
CAR_001534,530000.0,50000.0,Mid,Medium
CAR_001535,575000.0,50000.0,Mid,Medium
CAR_001536,400000.0,99000.0,Mid,High
CAR_001537,680000.0,50000.0,Low,Medium
CAR_001538,1000000.0,80000.0,High,High
CAR_001539,260000.0,45000.0,Low,Medium
CAR_001540,150000.0,50000.0,Low,Medium
CAR_001541,180000.0,70000.0,Low,Medium
CAR_001542,346000.0,37516.0,Mid,Medium
CAR_001543,450000.0,20000.0,Mid,Low
CAR_001544,4461000.0,5000.0,Mid,Low
CAR_001545,700000.0,8000.0,Low,Low
CAR_001546,280000.0,25880.0,Low,Low
CAR_001547,475000.0,10000.0,Mid,Low
CAR_001548,300000.0,50000.0,Low,Medium
CAR_001549,200999.0,40000.0,Low,Medium
CAR_001550,200000.0,60000.0,Low,High
CAR_001551,4461000.0,80000.0,Low,High
CAR_001552,4461000.0,110000.0,Low,High
CAR_001553,4461000.0,136000.0,Low,High
CAR_001554,320000.0,80000.0,Mid,High
CAR_001555,110000.0,50000.0,Low,Medium
CAR_001556,300000.0,30000.0,Low,Low
CAR_001557,700000.0,60000.0,High,Low
CAR_001558,135000.0,90000.0,Low,Medium
CAR_001559,500000.0,110000.0,Mid,High
CAR_001560,550000.0,60000.0,Mid,High
CAR_001561,1050000.0,90000.0,Premium,High
CAR_001562,500000.0,20000.0,Mid,Low
CAR_001563,180000.0,60000.0,Low,High
CAR_001564,170000.0,50000.0,Low,Medium
CAR_001565,4461000.0,9000.0,Mid,Low
CAR_001566,150000.0,70000.0,Low,Medium
CAR_001567,380000.0,25000.0,Mid,Low
CAR_001568,480000.0,10000.0,Mid,Low
CAR_001569,135000.0,90000.0,Low,High
CAR_001570,290000.0,60000.0,Low,Medium
CAR_001571,350000.0,70000.0,Mid,Medium
CAR_001572,110000.0,25000.0,Low,Low
CAR_001573,70000.0,80000.0,Low,High
CAR_001574,300000.0,70000.0,Low,Medium
CAR_001575,180000.0,60000.0,Low,Medium
CAR_001576,300000.0,20000.0,Low,Low
CAR_001577,509000.0,60000.0,Mid,Medium
CAR_001578,650000.0,80000.0,High,High
CAR_001579,450000.0,70000.0,Low,Medium
CAR_001580,170000.0,2020.0,Low,Low
CAR_001581,4461000.0,100000.0,Low,High
CAR_001582,360000.0,80000.0,Mid,High
CAR_001583,4461000.0,120000.0,Mid,High
CAR_001584,105000.0,100000.0,Low,High
CAR_001585,270000.0,60000.0,Low,Medium
CAR_001586,130000.0,110000.0,Low,High
CAR_001587,4461000.0,90000.0,High,High
CAR_001588,400000.0,40000.0,Mid,Medium
CAR_001589,250000.0,60000.0,Low,Medium
CAR_001590,325000.0,94000.0,Mid,High
CAR_001591,69000.0,100000.0,Low,Medium
CAR_001592,1380000.0,25000.0,Premium,Low
CAR_001593,90000.0,90000.0,Low,High
CAR_001594,4461000.0,40000.0,High,Medium
CAR_001595,145000.0,90000.0,Low,High
CAR_001596,250000.0,1100.0,Low,Low
CAR_001597,256000.0,70000.0,Low,Medium
CAR_001598,70000.0,120000.0,Low,High
CAR_001599,50000.0,60000.0,Low,High
CAR_001600,240000.0,70000.0,Low,Medium
CAR_001601,4461000.0,128000.0,Low,High
CAR_001602,130000.0,120000.0,Low,Medium
CAR_001603,4461000.0,52536.0,Low,Medium
CAR_001604,125000.0,70000.0,Low,Medium
CAR_001605,420000.0,60000.0,Mid,Medium
CAR_001606,525000.0,110000.0,Mid,High
CAR_001607,125000.0,60000.0,Low,High
CAR_001608,325000.0,60000.0,Mid,Medium
CAR_001609,330000.0,86000.0,Mid,High
CAR_001610,110000.0,50000.0,Low,Medium
CAR_001611,450000.0,1950.0,Mid,Low
CAR_001612,85000.0,118400.0,Low,Medium
CAR_001613,4461000.0,70000.0,Low,Medium
CAR_001614,250000.0,60000.0,Low,Medium
CAR_001615,650000.0,68000.0,High,Medium
CAR_001616,600000.0,60000.0,Mid,Medium
CAR_001617,650000.0,6480.0,High,Low
CAR_001618,750000.0,32077.0,High,Medium
CAR_001619,4461000.0,19107.0,Low,Low
CAR_001620,315000.0,18469.0,Mid,Low
CAR_001621,415000.0,28217.0,Mid,Low
CAR_001622,640000.0,72787.0,High,High
CAR_001623,780000.0,31063.0,High,Medium
CAR_001624,2595000.0,79641.0,Low,High
CAR_001625,850000.0,58692.0,High,Medium
CAR_001626,900000.0,54784.0,High,Medium
CAR_001627,1150000.0,64156.0,Premium,Medium
CAR_001628,75000.0,54000.0,Low,Medium
CAR_001629,215000.0,60000.0,Low,High
CAR_001630,130000.0,120000.0,Low,High
CAR_001631,400000.0,16000.0,Mid,Low
CAR_001632,550000.0,60000.0,Mid,Medium
CAR_001633,245000.0,52000.0,Low,Medium
CAR_001634,320000.0,110000.0,Mid,High
CAR_001635,4461000.0,60000.0,High,Medium
CAR_001636,120000.0,100000.0,Low,High
CAR_001637,950000.0,35000.0,High,Medium
CAR_001638,350000.0,48000.0,Mid,Medium
CAR_001639,100000.0,20000.0,Low,Medium
CAR_001640,350000.0,60000.0,Low,Low
CAR_001641,80000.0,40000.0,Low,Medium
CAR_001642,4461000.0,60000.0,Mid,Medium
CAR_001643,160000.0,70000.0,Low,Medium
CAR_001644,4461000.0,120000.0,Low,High
CAR_001645,250000.0,30000.0,Low,Low
CAR_001646,270000.0,80000.0,Low,Medium
CAR_001647,2600000.0,9500.0,Premium,Low
CAR_001648,4461000.0,80000.0,Low,High
CAR_001649,229999.0,60000.0,Low,High
CAR_001650,750000.0,29000.0,High,Low
CAR_001651,4461000.0,120000.0,Low,High
CAR_001652,320000.0,60000.0,Mid,Medium
CAR_001653,1100000.0,20000.0,Premium,Low
CAR_001654,270000.0,22000.0,Low,Low
CAR_001655,300000.0,50000.0,Low,Medium
CAR_001656,200000.0,50000.0,Low,Medium
CAR_001657,120000.0,81366.0,Low,Medium
CAR_001658,4461000.0,110000.0,Low,High
CAR_001659,400000.0,100000.0,Mid,High
CAR_001660,4461000.0,300000.0,Low,Very High
CAR_001661,430000.0,20000.0,Mid,Low
CAR_001662,300000.0,90000.0,Low,High
CAR_001663,4461000.0,70000.0,Mid,Medium
CAR_001664,450000.0,120000.0,Mid,High
CAR_001665,200000.0,53000.0,Low,Medium
CAR_001666,250000.0,60000.0,Low,Low
CAR_001667,368000.0,90000.0,Mid,High
CAR_001668,368000.0,90000.0,Mid,High
CAR_001669,650000.0,244000.0,High,Medium
CAR_001670,150000.0,120000.0,Low,High
CAR_001671,180000.0,60000.0,Low,Medium
CAR_001672,525000.0,15000.0,Mid,Low
CAR_001673,350000.0,150000.0,Mid,High
CAR_001674,850000.0,30000.0,High,Low
CAR_001675,350000.0,312000.0,Mid,Very High
CAR_001676,75000.0,54000.0,Low,Medium
CAR_001677,160000.0,67000.0,Low,Medium
CAR_001678,500000.0,40000.0,Mid,Medium
CAR_001679,130000.0,100000.0,Low,High
CAR_001680,350000.0,60000.0,Mid,Medium
CAR_001681,70000.0,80000.0,Low,High
CAR_001682,750000.0,145000.0,High,High
CAR_001683,450000.0,53000.0,Mid,Medium
CAR_001684,430000.0,73000.0,Mid,High
CAR_001685,4461000.0,90000.0,Low,High
CAR_001686,370000.0,80000.0,Mid,High
CAR_001687,229999.0,100000.0,Low,High
CAR_001688,140000.0,90000.0,Low,High
CAR_001689,700000.0,200000.0,High,Very High
CAR_001690,545000.0,7300.0,Mid,Low
CAR_001691,200000.0,30000.0,Low,Low
CAR_001692,500000.0,60000.0,Mid,High
CAR_001693,70000.0,90000.0,Low,High
CAR_001694,580000.0,25000.0,Mid,Low
CAR_001695,160000.0,70000.0,Low,Medium
CAR_001696,450000.0,6000.0,Mid,Low
CAR_001697,160000.0,60000.0,Low,Medium
CAR_001698,760000.0,49000.0,Low,Medium
CAR_001699,300000.0,22000.0,Low,Low
CAR_001700,50000.0,35000.0,Low,Medium
CAR_001701,800000.0,24000.0,High,Low
CAR_001702,680000.0,60000.0,High,Low
CAR_001703,85000.0,50000.0,Low,Medium
CAR_001704,1300000.0,70000.0,Low,Medium
CAR_001705,500000.0,60000.0,Mid,Medium
CAR_001706,3500000.0,35000.0,Premium,Medium
CAR_001707,145000.0,60000.0,Low,Medium
CAR_001708,300000.0,60000.0,Low,Medium
CAR_001709,600000.0,60000.0,Mid,Medium
CAR_001710,400000.0,70000.0,Mid,Medium
CAR_001711,130000.0,135000.0,Low,Medium
CAR_001712,45000.0,72539.0,Low,High
CAR_001713,641000.0,25000.0,High,Low
CAR_001714,650000.0,50000.0,High,Medium
CAR_001715,784000.0,101.0,High,Low
CAR_001716,635000.0,101.0,High,Low
CAR_001717,1000000.0,101.0,High,Low
CAR_001718,495000.0,52328.0,Mid,Medium
CAR_001719,4461000.0,60000.0,Mid,Low
CAR_001720,2100000.0,91505.0,Low,High
CAR_001721,200000.0,35000.0,Low,Medium
CAR_001722,320000.0,60000.0,Mid,Medium
CAR_001723,300000.0,20500.0,Low,Low
CAR_001724,4461000.0,200000.0,Low,Very High
CAR_001725,500000.0,154000.0,Mid,Very High
CAR_001726,305000.0,120000.0,Mid,Medium
CAR_001727,125000.0,50000.0,Low,Medium
CAR_001728,800000.0,135000.0,Low,High
CAR_001729,420000.0,100000.0,Mid,Medium
CAR_001730,875000.0,40000.0,High,Medium
CAR_001731,580000.0,70000.0,Mid,Medium
CAR_001732,350000.0,133000.0,Mid,High
CAR_001733,120000.0,110000.0,Low,High
CAR_001734,150000.0,180000.0,Low,Very High
CAR_001735,650000.0,120000.0,High,High
CAR_001736,225000.0,80000.0,Low,High
CAR_001737,400000.0,15000.0,Mid,Low
CAR_001738,250000.0,70000.0,Low,Medium
CAR_001739,120000.0,41723.0,Low,Medium
CAR_001740,250000.0,70000.0,Low,Medium
CAR_001741,175000.0,60000.0,Low,Low
CAR_001742,450000.0,1000.0,Mid,Low
CAR_001743,590000.0,26350.0,Mid,Medium
CAR_001744,4461000.0,68745.0,Low,Medium
CAR_001745,900000.0,47000.0,High,Medium
CAR_001746,375000.0,27289.0,Mid,Low
CAR_001747,320000.0,24662.0,Mid,Low
CAR_001748,525000.0,37000.0,Mid,Medium
CAR_001749,650000.0,28245.0,High,Low
CAR_001750,575000.0,27005.0,Mid,Low
CAR_001751,355000.0,39227.0,Mid,Medium
CAR_001752,470000.0,31367.0,Mid,Medium
CAR_001753,221000.0,35008.0,Low,Medium
CAR_001754,195000.0,27005.0,Low,Low
CAR_001755,90000.0,100005.0,Low,Medium
CAR_001756,580000.0,45264.0,Low,Medium
CAR_001757,325000.0,39093.0,Mid,Medium
CAR_001758,495000.0,45241.0,Mid,Medium
CAR_001759,290000.0,60000.0,Low,Medium
CAR_001760,375000.0,2769.0,Mid,Low
CAR_001761,211000.0,43128.0,Low,Medium
CAR_001762,270000.0,110000.0,Low,Medium
CAR_001763,70000.0,60000.0,Low,Medium
CAR_001764,225000.0,60000.0,Low,Medium
CAR_001765,420000.0,70000.0,Mid,Medium
CAR_001766,280000.0,60000.0,Low,Low
CAR_001767,400000.0,59213.0,Mid,Medium
CAR_001768,850000.0,55000.0,High,Medium
CAR_001769,550000.0,60000.0,Mid,Medium
CAR_001770,550000.0,80000.0,Mid,Medium
CAR_001771,1000000.0,40000.0,High,Medium
CAR_001772,350000.0,170000.0,Mid,Very High
CAR_001773,350000.0,170000.0,Mid,Very High
CAR_001774,170000.0,70000.0,Low,Medium
CAR_001775,828999.0,1010.0,High,Low
CAR_001776,1119000.0,60000.0,Premium,Low
CAR_001777,746000.0,1111.0,High,Low
CAR_001778,1030000.0,60000.0,Premium,Low
CAR_001779,4461000.0,1010.0,Premium,Low
CAR_001780,811999.0,1010.0,High,Low
CAR_001781,1331000.0,1010.0,Low,Low
CAR_001782,852000.0,1010.0,High,Low
CAR_001783,45000.0,120000.0,Low,High
CAR_001784,430000.0,70000.0,Mid,Medium
CAR_001785,140000.0,60000.0,Low,Medium
CAR_001786,830000.0,60000.0,High,Medium
CAR_001787,409999.0,110000.0,Mid,Medium
CAR_001788,190000.0,60000.0,Low,High
CAR_001789,200000.0,80000.0,Low,Medium
CAR_001790,120000.0,110000.0,Low,High
CAR_001791,850000.0,50000.0,High,Medium
CAR_001792,95000.0,115000.0,Low,High
CAR_001793,213000.0,80000.0,Low,High
CAR_001794,660000.0,25000.0,High,Low
CAR_001795,415000.0,60000.0,Mid,Medium
CAR_001796,1100000.0,5166.0,Premium,Low
CAR_001797,650000.0,76290.0,High,Medium
CAR_001798,969999.0,70000.0,High,Medium
CAR_001799,1250000.0,35000.0,Premium,Medium
CAR_001800,715000.0,25000.0,High,Low
CAR_001801,715000.0,25000.0,Low,Low
CAR_001802,565000.0,47000.0,Mid,Medium
CAR_001803,615000.0,45766.0,High,Medium
CAR_001804,199000.0,78771.0,Low,High
CAR_001805,325000.0,60000.0,Mid,High
CAR_001806,409999.0,28000.0,Mid,Low
CAR_001807,500000.0,72000.0,Mid,High
CAR_001808,225000.0,60000.0,Low,High
CAR_001809,135000.0,70000.0,Low,Medium
CAR_001810,750000.0,80000.0,Low,High
CAR_001811,155000.0,60000.0,Low,Medium
CAR_001812,335000.0,77000.0,Mid,High
CAR_001813,114999.0,92645.0,Low,High
CAR_001814,699000.0,101849.0,High,High
CAR_001815,110000.0,120000.0,Low,High
CAR_001816,300000.0,80000.0,Low,High
CAR_001817,700000.0,70000.0,High,Medium
CAR_001818,700000.0,120000.0,High,High
CAR_001819,210000.0,42000.0,Low,Medium
CAR_001820,600000.0,120000.0,Mid,High
CAR_001821,180000.0,155836.0,Low,Very High
CAR_001822,220000.0,59000.0,Low,Medium
CAR_001823,70000.0,60000.0,Low,Medium
CAR_001824,950000.0,70000.0,Low,Medium
CAR_001825,800000.0,60000.0,High,Low
CAR_001826,700000.0,120000.0,High,High
CAR_001827,265000.0,40000.0,Low,Medium
CAR_001828,175000.0,90000.0,Low,High
CAR_001829,260000.0,89000.0,Low,High
CAR_001830,950000.0,60000.0,High,High
CAR_001831,250000.0,200000.0,Low,Very High
CAR_001832,4461000.0,50000.0,High,Medium
CAR_001833,35000.0,35000.0,Low,Medium
CAR_001834,450000.0,1000.0,Mid,Low
CAR_001835,3800000.0,10000.0,Premium,Low
CAR_001836,1580000.0,86000.0,Premium,High
CAR_001837,4950000.0,30000.0,Low,Low
CAR_001838,4461000.0,52600.0,Mid,Medium
CAR_001839,225000.0,110000.0,Low,High
CAR_001840,4461000.0,60000.0,Mid,Low
CAR_001841,4461000.0,7104.0,High,Low
CAR_001842,625000.0,11918.0,High,Low
CAR_001843,520000.0,10510.0,Low,Low
CAR_001844,239000.0,41000.0,Low,Medium
CAR_001845,2600000.0,47162.0,Premium,Medium
CAR_001846,750000.0,60000.0,High,Medium
CAR_001847,4461000.0,60000.0,Low,Medium
CAR_001848,1300000.0,58500.0,Premium,Medium
CAR_001849,80000.0,56580.0,Low,Medium
CAR_001850,385000.0,52000.0,Mid,Medium
CAR_001851,760000.0,55340.0,High,Medium
CAR_001852,600000.0,46507.0,Mid,Medium
CAR_001853,330000.0,200000.0,Mid,Very High
CAR_001854,150000.0,120000.0,Low,High
CAR_001855,105000.0,90000.0,Low,High
CAR_001856,185000.0,65000.0,Low,Medium
CAR_001857,260000.0,50000.0,Low,Medium
CAR_001858,450000.0,33000.0,Mid,Medium
CAR_001859,500000.0,38000.0,Mid,Medium
CAR_001860,260000.0,40000.0,Low,Medium
CAR_001861,265000.0,55000.0,Low,Medium
CAR_001862,800000.0,26000.0,High,Medium
CAR_001863,869999.0,80000.0,High,Medium
CAR_001864,690000.0,40000.0,High,Medium
CAR_001865,825000.0,60000.0,High,High
CAR_001866,160000.0,63230.0,Low,Medium
CAR_001867,300000.0,120000.0,Low,High
CAR_001868,100000.0,100000.0,Low,High
CAR_001869,530000.0,77000.0,Mid,High
CAR_001870,360000.0,30000.0,Mid,Low
CAR_001871,220000.0,40000.0,Low,Medium
CAR_001872,178000.0,35000.0,Low,Medium
CAR_001873,515000.0,5000.0,Mid,Low
CAR_001874,300000.0,35000.0,Low,Medium
CAR_001875,105000.0,90000.0,Low,Medium
CAR_001876,185000.0,65000.0,Low,Medium
CAR_001877,150000.0,80000.0,Low,High
CAR_001878,260000.0,50000.0,Low,Medium
CAR_001879,450000.0,33000.0,Mid,Medium
CAR_001880,500000.0,38000.0,Mid,Medium
CAR_001881,260000.0,40000.0,Low,Medium
CAR_001882,265000.0,55000.0,Low,Medium
CAR_001883,750000.0,15000.0,High,Low
CAR_001884,800000.0,26000.0,High,Low
CAR_001885,869999.0,80000.0,High,High
CAR_001886,950000.0,60000.0,High,High
CAR_001887,690000.0,40000.0,High,Medium
CAR_001888,825000.0,120000.0,High,High
CAR_001889,170000.0,70000.0,Low,Medium
CAR_001890,160000.0,63230.0,Low,Medium
CAR_001891,300000.0,120000.0,Low,High
CAR_001892,315000.0,45000.0,Mid,Medium
CAR_001893,90000.0,40000.0,Low,Medium
CAR_001894,100000.0,100000.0,Low,High
CAR_001895,65000.0,110000.0,Low,High
CAR_001896,312000.0,90000.0,Mid,Medium
CAR_001897,700000.0,25000.0,High,Low
CAR_001898,150000.0,47000.0,Low,Medium
CAR_001899,450000.0,60000.0,Mid,Medium
CAR_001900,229999.0,120000.0,Low,Medium
CAR_001901,111000.0,120000.0,Low,High
CAR_001902,250000.0,140000.0,Low,High
CAR_001903,750000.0,1001.0,High,Low
CAR_001904,774000.0,1758.0,High,Low
CAR_001905,711000.0,1452.0,Low,Low
CAR_001906,600000.0,35122.0,Mid,Medium
CAR_001907,455000.0,92621.0,Mid,High
CAR_001908,225000.0,92198.0,Low,High
CAR_001909,650000.0,5000.0,Low,Medium
CAR_001910,4461000.0,50000.0,Low,Medium
CAR_001911,875000.0,74000.0,High,High
CAR_001912,750000.0,40000.0,High,Medium
CAR_001913,725000.0,22000.0,High,Low
CAR_001914,100000.0,100000.0,Low,High
CAR_001915,1100000.0,40000.0,Low,Medium
CAR_001916,4461000.0,30000.0,Premium,Low
CAR_001917,280000.0,23000.0,Low,Low
CAR_001918,150000.0,60000.0,Low,Low
CAR_001919,200000.0,50000.0,Low,Medium
CAR_001920,148000.0,100000.0,Low,High
CAR_001921,254999.0,70000.0,Low,Medium
CAR_001922,360000.0,60000.0,Low,Medium
CAR_001923,95000.0,90000.0,Low,High
CAR_001924,185000.0,230000.0,Low,Very High
CAR_001925,185000.0,40000.0,Low,Medium
CAR_001926,300000.0,15000.0,Low,Low
CAR_001927,800000.0,40000.0,High,Medium
CAR_001928,60000.0,50000.0,Low,Medium
CAR_001929,80000.0,50000.0,Low,Medium
CAR_001930,500000.0,8000.0,Mid,Low
CAR_001931,250000.0,35000.0,Low,Medium
CAR_001932,250000.0,80000.0,Low,High
CAR_001933,125000.0,50000.0,Low,Medium
CAR_001934,100000.0,80000.0,Low,High
CAR_001935,480000.0,90000.0,Mid,Medium
CAR_001936,320000.0,30000.0,Mid,Low
CAR_001937,130000.0,70000.0,Low,Medium
CAR_001938,4461000.0,80000.0,Low,High
CAR_001939,75000.0,60000.0,Low,Medium
CAR_001940,60000.0,35000.0,Low,Medium
CAR_001941,125000.0,70000.0,Low,Medium
CAR_001942,105000.0,60000.0,Low,High
CAR_001943,125000.0,152000.0,Low,Very High
CAR_001944,69000.0,70000.0,Low,Medium
CAR_001945,130000.0,90000.0,Low,High
CAR_001946,630000.0,60000.0,High,Medium
CAR_001947,330000.0,50000.0,Mid,Medium
CAR_001948,340000.0,15000.0,Mid,Low
CAR_001949,60000.0,120000.0,Low,High
CAR_001950,550000.0,78322.0,Mid,High
CAR_001951,480000.0,60000.0,Low,High
CAR_001952,315000.0,80000.0,Mid,High
CAR_001953,165000.0,60000.0,Low,High
CAR_001954,170000.0,125000.0,Low,Medium
CAR_001955,550000.0,8000.0,Mid,Low
CAR_001956,465000.0,13000.0,Mid,Low
CAR_001957,120000.0,80000.0,Low,High
CAR_001958,220000.0,54309.0,Low,Medium
CAR_001959,180000.0,70000.0,Low,Medium
CAR_001960,150000.0,34600.0,Low,Medium
CAR_001961,520000.0,25000.0,Mid,Low
CAR_001962,430000.0,80000.0,Mid,High
CAR_001963,300000.0,60000.0,Low,Medium
CAR_001964,1000000.0,5000.0,High,Medium
CAR_001965,725000.0,30000.0,High,Low
CAR_001966,500000.0,31000.0,Mid,Medium
CAR_001967,250000.0,50000.0,Low,Medium
CAR_001968,700000.0,38217.0,High,Medium
CAR_001969,185000.0,50000.0,Low,Medium
CAR_001970,200000.0,120000.0,Low,High
CAR_001971,315000.0,110000.0,Mid,High
CAR_001972,1100000.0,40000.0,Premium,Medium
CAR_001973,52000.0,50000.0,Low,Medium
CAR_001974,600000.0,10000.0,Mid,Low
CAR_001975,1700000.0,10000.0,Premium,Low
CAR_001976,451000.0,100000.0,Mid,High
CAR_001977,370000.0,60000.0,Mid,Medium
CAR_001978,2700000.0,30000.0,Premium,Low
CAR_001979,4461000.0,23000.0,Low,Low
CAR_001980,350000.0,30000.0,Mid,Low
CAR_001981,250000.0,50000.0,Low,Medium
CAR_001982,204999.0,25000.0,Low,Low
CAR_001983,500000.0,15000.0,Mid,Low
CAR_001984,150000.0,30000.0,Low,Low
CAR_001985,175000.0,45000.0,Low,Medium
CAR_001986,170000.0,44800.0,Low,Medium
CAR_001987,200000.0,50000.0,Low,Medium
CAR_001988,800000.0,52000.0,High,Medium
CAR_001989,1200000.0,50000.0,Premium,Medium
CAR_001990,400000.0,35000.0,Mid,Medium
CAR_001991,148000.0,100000.0,Low,High
CAR_001992,4461000.0,100000.0,Low,High
CAR_001993,4461000.0,60000.0,Low,Medium
CAR_001994,80000.0,60000.0,Low,Medium
CAR_001995,170000.0,77000.0,Low,High
CAR_001996,150000.0,60000.0,Low,Medium
CAR_001997,110000.0,77073.0,Low,High
CAR_001998,400000.0,70000.0,Mid,Medium
CAR_001999,275000.0,90000.0,Low,High
CAR_002000,800000.0,186000.0,High,Very High
CAR_002001,550000.0,90000.0,Mid,High
CAR_002002,125000.0,100000.0,Low,High
CAR_002003,4461000.0,80000.0,Low,High
CAR_002004,349000.0,150000.0,Mid,High
CAR_002005,458000.0,80000.0,Mid,High
CAR_002006,300000.0,35000.0,Low,Medium
CAR_002007,95000.0,70000.0,Low,Medium
CAR_002008,850000.0,50000.0,Low,Medium
CAR_002009,750000.0,25000.0,High,Low
CAR_002010,190000.0,120000.0,Low,High
CAR_002011,150000.0,70000.0,Low,Medium
CAR_002012,114999.0,106000.0,Low,High
CAR_002013,320000.0,120000.0,Mid,High
CAR_002014,300000.0,120000.0,Low,High
CAR_002015,275000.0,160000.0,Low,Very High
CAR_002016,140000.0,120000.0,Low,High
CAR_002017,830000.0,10000.0,High,Low
CAR_002018,380000.0,50000.0,Mid,Medium
CAR_002019,4461000.0,90000.0,Low,High
CAR_002020,50000.0,70000.0,Low,Medium
CAR_002021,155000.0,100000.0,Low,High
CAR_002022,155000.0,60000.0,Low,Medium
CAR_002023,300000.0,60000.0,Low,High
CAR_002024,300000.0,16584.0,Low,Medium
CAR_002025,385000.0,38000.0,Mid,Medium
CAR_002026,221000.0,51000.0,Low,Medium
CAR_002027,381000.0,38000.0,Mid,Medium
CAR_002028,250999.0,35000.0,Low,Medium
CAR_002029,4461000.0,120000.0,Low,Medium
CAR_002030,380000.0,38000.0,Mid,Medium
CAR_002031,180000.0,144000.0,Low,High
CAR_002032,751000.0,64000.0,High,Medium
CAR_002033,1250000.0,60000.0,Premium,Medium
CAR_002034,229999.0,65000.0,Low,Medium
CAR_002035,1250000.0,24000.0,Premium,Low
CAR_002036,782000.0,58000.0,High,Medium
CAR_002037,780000.0,58000.0,High,Medium
CAR_002038,245000.0,68000.0,Low,Medium
CAR_002039,321000.0,81257.0,Mid,High
CAR_002040,509999.0,44000.0,Mid,Medium
CAR_002041,110000.0,45000.0,Low,Medium
CAR_002042,400000.0,75000.0,Low,Medium
CAR_002043,4461000.0,90000.0,Mid,High
CAR_002044,175000.0,80000.0,Low,High
CAR_002045,1000000.0,35000.0,High,Medium
CAR_002046,92800.0,25000.0,Low,Low
CAR_002047,291000.0,90000.0,Low,High
CAR_002048,92800.0,25000.0,Low,Low
CAR_002049,335000.0,110000.0,Mid,High
CAR_002050,170000.0,35000.0,Low,Medium
CAR_002051,295000.0,10000.0,Low,Low
CAR_002052,375000.0,10000.0,Mid,Low
CAR_002053,215000.0,70000.0,Low,Medium
CAR_002054,4461000.0,110000.0,Low,High
CAR_002055,60000.0,5000.0,Low,Medium
CAR_002056,52000.0,120000.0,Low,High
CAR_002057,80000.0,90000.0,Low,High
CAR_002058,140000.0,70000.0,Low,Medium
CAR_002059,120000.0,90000.0,Low,High
CAR_002060,110000.0,120000.0,Low,High
CAR_002061,280000.0,110000.0,Low,High
CAR_002062,450000.0,50000.0,Mid,Medium
CAR_002063,1150000.0,58000.0,Low,Medium
CAR_002064,4461000.0,15000.0,High,Low
CAR_002065,300000.0,60000.0,Low,Medium
CAR_002066,73000.0,57000.0,Low,Medium
CAR_002067,400000.0,87000.0,Mid,High
CAR_002068,300000.0,60000.0,Low,Medium
CAR_002069,300000.0,30000.0,Low,Low
CAR_002070,450000.0,80000.0,Mid,High
CAR_002071,200000.0,60000.0,Low,High
CAR_002072,580000.0,40000.0,Mid,Medium
CAR_002073,550000.0,3917.0,Mid,Low
CAR_002074,4461000.0,160000.0,Low,Medium
CAR_002075,450000.0,35000.0,Mid,Medium
CAR_002076,220000.0,70000.0,Low,Medium
CAR_002077,310000.0,69069.0,Mid,Medium
CAR_002078,650000.0,13500.0,Low,Medium
CAR_002079,300000.0,60000.0,Low,Medium
CAR_002080,200000.0,70000.0,Low,Medium
CAR_002081,285000.0,39039.0,Low,Medium
CAR_002082,335000.0,33033.0,Mid,Medium
CAR_002083,370000.0,55168.0,Mid,Medium
CAR_002084,375000.0,41041.0,Mid,Medium
CAR_002085,235000.0,67067.0,Low,Medium
CAR_002086,4461000.0,66066.0,Mid,Medium
CAR_002087,365000.0,82082.0,Mid,High
CAR_002088,400000.0,60000.0,Mid,Medium
CAR_002089,250000.0,30000.0,Low,Low
CAR_002090,465000.0,60000.0,Mid,Medium
CAR_002091,300000.0,10000.0,Low,Low
CAR_002092,4461000.0,25000.0,High,Medium
CAR_002093,350000.0,30000.0,Mid,Low
CAR_002094,500000.0,50000.0,Mid,Medium
CAR_002095,465000.0,63063.0,Mid,Medium
CAR_002096,4461000.0,70000.0,Low,Medium
CAR_002097,250000.0,90000.0,Low,High
CAR_002098,60000.0,90000.0,Low,High
CAR_002099,70000.0,90000.0,Low,High
CAR_002100,250000.0,30000.0,Low,Low
CAR_002101,229999.0,80000.0,Low,High
CAR_002102,195000.0,120000.0,Low,High
CAR_002103,270000.0,60000.0,Low,Low
CAR_002104,650000.0,140000.0,High,Medium
CAR_002105,370000.0,80000.0,Mid,High
CAR_002106,509999.0,40000.0,Mid,Medium
CAR_002107,280000.0,33000.0,Low,Medium
CAR_002108,180000.0,40000.0,Low,Medium
CAR_002109,300000.0,10500.0,Low,Low
CAR_002110,400000.0,107000.0,Mid,High
CAR_002111,210000.0,60000.0,Low,Medium
CAR_002112,90000.0,120000.0,Low,High
CAR_002113,222000.0,70000.0,Low,Medium
CAR_002114,240000.0,50000.0,Low,Medium
CAR_002115,450000.0,70000.0,Mid,Medium
CAR_002116,650000.0,6000.0,High,Low
CAR_002117,200000.0,78000.0,Low,High
CAR_002118,210000.0,72000.0,Low,High
CAR_002119,75000.0,9528.0,Low,Low
CAR_002120,450000.0,135200.0,Mid,High
CAR_002121,220000.0,58000.0,Low,Medium
CAR_002122,325000.0,78000.0,Mid,High
CAR_002123,450000.0,45000.0,Low,Medium
CAR_002124,825000.0,35000.0,High,Medium
CAR_002125,125000.0,60000.0,Low,High
CAR_002126,434999.0,100000.0,Mid,High
CAR_002127,484999.0,99000.0,Mid,High
CAR_002128,4461000.0,60000.0,Low,High
CAR_002129,220000.0,120000.0,Low,High
CAR_002130,1250000.0,60000.0,Low,Low
CAR_002131,215000.0,34000.0,Low,Medium
CAR_002132,625000.0,60000.0,High,Medium
CAR_002133,615000.0,60000.0,High,Low
CAR_002134,130000.0,58000.0,Low,Medium
CAR_002135,175000.0,50300.0,Low,Medium
CAR_002136,150000.0,70000.0,Low,Medium
CAR_002137,195000.0,60000.0,Low,Medium
CAR_002138,550000.0,90000.0,Mid,High
CAR_002139,1500000.0,40000.0,Premium,Medium
CAR_002140,400000.0,80000.0,Mid,High
CAR_002141,1350000.0,15000.0,Premium,Low
CAR_002142,217000.0,45000.0,Low,Medium
CAR_002143,290000.0,130000.0,Low,High
CAR_002144,700000.0,80000.0,High,High
CAR_002145,175000.0,40000.0,Low,Medium
CAR_002146,575000.0,80000.0,Mid,High
CAR_002147,380000.0,100000.0,Mid,High
CAR_002148,350000.0,151624.0,Mid,Very High
CAR_002149,450000.0,160000.0,Mid,Medium
CAR_002150,130000.0,110000.0,Low,Medium
CAR_002151,320000.0,74820.0,Mid,High
CAR_002152,550000.0,82000.0,Mid,High
CAR_002153,370000.0,50000.0,Low,Medium
CAR_002154,114999.0,70000.0,Low,Medium
CAR_002155,4461000.0,1000.0,Premium,Low
CAR_002156,170000.0,170000.0,Low,Very High
CAR_002157,80000.0,150000.0,Low,High
CAR_002158,950000.0,17000.0,High,Low
CAR_002159,425000.0,150000.0,Mid,High
CAR_002160,500000.0,80000.0,Mid,High
CAR_002161,70000.0,170000.0,Low,Very High
CAR_002162,349000.0,120000.0,Low,High
CAR_002163,330000.0,60000.0,Mid,High
CAR_002164,120000.0,90000.0,Low,Medium
CAR_002165,430000.0,100000.0,Mid,High
CAR_002166,390000.0,90000.0,Low,High
CAR_002167,225000.0,129000.0,Low,High
CAR_002168,350000.0,186000.0,Mid,Very High
CAR_002169,100000.0,66778.0,Low,High
CAR_002170,190000.0,50000.0,Low,Medium
CAR_002171,4461000.0,110000.0,Mid,High
CAR_002172,300000.0,60000.0,Low,Medium
CAR_002173,280000.0,40000.0,Low,Medium
CAR_002174,1650000.0,55000.0,Premium,Medium
CAR_002175,295000.0,60000.0,Low,High
CAR_002176,2050000.0,66363.0,Premium,Medium
CAR_002177,4461000.0,11700.0,Premium,Low
CAR_002178,1100000.0,10000.0,Premium,Low
CAR_002179,4400000.0,100000.0,Premium,High
CAR_002180,670000.0,7104.0,High,Low
CAR_002181,750000.0,45974.0,High,Medium
CAR_002182,760000.0,55340.0,High,Medium
CAR_002183,850000.0,20000.0,High,Low
CAR_002184,4461000.0,61585.0,Mid,Medium
CAR_002185,450000.0,39415.0,Low,Medium
CAR_002186,425000.0,29654.0,Mid,Low
CAR_002187,4461000.0,64672.0,Low,Medium
CAR_002188,1150000.0,54634.0,Low,Medium
CAR_002189,775000.0,60000.0,Low,Medium
CAR_002190,720000.0,3000.0,High,Low
CAR_002191,1725000.0,23974.0,Premium,Low
CAR_002192,4461000.0,10000.0,Mid,Low
CAR_002193,420000.0,50000.0,Mid,Medium
CAR_002194,85000.0,70000.0,Low,Medium
CAR_002195,142000.0,60000.0,Low,High
CAR_002196,180000.0,76000.0,Low,High
CAR_002197,4461000.0,120000.0,Mid,High
CAR_002198,360000.0,170000.0,Mid,Very High
CAR_002199,85000.0,110000.0,Low,High
CAR_002200,350000.0,63400.0,Mid,Medium
CAR_002201,380000.0,25000.0,Mid,Low
CAR_002202,140000.0,80000.0,Low,High
CAR_002203,200000.0,90000.0,Low,High
CAR_002204,150000.0,157000.0,Low,Very High
CAR_002205,150000.0,80000.0,Low,High
CAR_002206,90000.0,40000.0,Low,Medium
CAR_002207,300000.0,100000.0,Low,High
CAR_002208,280000.0,60000.0,Low,Medium
CAR_002209,4461000.0,40000.0,Low,Medium
CAR_002210,110000.0,38500.0,Low,Medium
CAR_002211,140000.0,103921.0,Low,High
CAR_002212,1050000.0,10000.0,Low,Low
CAR_002213,1150000.0,14825.0,Premium,Low
CAR_002214,910000.0,43377.0,High,Medium
CAR_002215,160000.0,60000.0,Low,High
CAR_002216,4461000.0,79000.0,Low,High
CAR_002217,1200000.0,135000.0,Premium,High
CAR_002218,300000.0,10500.0,Low,Low
CAR_002219,70000.0,90000.0,Low,High
CAR_002220,160000.0,110000.0,Low,High
CAR_002221,160000.0,50000.0,Low,Medium
CAR_002222,225000.0,80000.0,Low,High
CAR_002223,790000.0,19571.0,High,Low
CAR_002224,4461000.0,100000.0,Low,High
CAR_002225,1200000.0,29600.0,Premium,High
CAR_002226,930000.0,60000.0,High,High
CAR_002227,210000.0,30000.0,Low,High
CAR_002228,4461000.0,154000.0,Low,Very High
CAR_002229,175000.0,70000.0,Low,Medium
CAR_002230,950000.0,15000.0,High,Low
CAR_002231,650000.0,40000.0,High,Medium
CAR_002232,550000.0,51000.0,Mid,Medium
CAR_002233,85000.0,120000.0,Low,High
CAR_002234,340000.0,60000.0,Mid,Medium
CAR_002235,825000.0,13500.0,High,Low
CAR_002236,509999.0,35000.0,Mid,Medium
CAR_002237,450000.0,1000.0,Mid,Low
CAR_002238,3800000.0,10000.0,Premium,Low
CAR_002239,4461000.0,86000.0,Premium,High
CAR_002240,4950000.0,30000.0,Low,Low
CAR_002241,535000.0,52600.0,Low,Medium
CAR_002242,225000.0,110000.0,Low,High
CAR_002243,550000.0,19890.0,Mid,Low
CAR_002244,670000.0,7104.0,High,Low
CAR_002245,4461000.0,11918.0,Low,Low
CAR_002246,520000.0,10510.0,Mid,Low
CAR_002247,239000.0,60000.0,Low,Medium
CAR_002248,2600000.0,60000.0,Premium,Medium
CAR_002249,750000.0,45974.0,Low,Medium
CAR_002250,229999.0,49824.0,Low,Medium
CAR_002251,1300000.0,58500.0,Premium,Medium
CAR_002252,80000.0,56580.0,Low,Medium
CAR_002253,4461000.0,52000.0,Mid,Medium
CAR_002254,760000.0,55340.0,High,Medium
CAR_002255,600000.0,46507.0,Mid,Medium
CAR_002256,450000.0,1000.0,Mid,Low
CAR_002257,3800000.0,10000.0,Premium,Low
CAR_002258,1580000.0,86000.0,Premium,High
CAR_002259,4950000.0,30000.0,Premium,Low
CAR_002260,535000.0,52600.0,Mid,Medium
CAR_002261,225000.0,110000.0,Low,High
CAR_002262,550000.0,19890.0,Mid,High
CAR_002263,670000.0,7104.0,High,Low
CAR_002264,625000.0,11918.0,Low,Low
CAR_002265,520000.0,10510.0,Mid,High
CAR_002266,239000.0,41000.0,Low,Medium
CAR_002267,2600000.0,47162.0,Premium,Medium
CAR_002268,750000.0,60000.0,High,Medium
CAR_002269,229999.0,49824.0,Low,Medium
CAR_002270,1300000.0,58500.0,Low,Medium
CAR_002271,80000.0,56580.0,Low,Medium
CAR_002272,385000.0,52000.0,Mid,Medium
CAR_002273,760000.0,55340.0,High,Medium
CAR_002274,600000.0,46507.0,Mid,Medium
CAR_002275,650000.0,70000.0,High,Medium
CAR_002276,140000.0,60000.0,Low,Medium
CAR_002277,150000.0,70000.0,Low,Medium
CAR_002278,450000.0,10000.0,Mid,Low
CAR_002279,170000.0,245244.0,Low,Very High
CAR_002280,400000.0,60000.0,Mid,Medium
CAR_002281,300000.0,30000.0,Low,Low
CAR_002282,250000.0,8000.0,Low,Low
CAR_002283,500000.0,60000.0,Mid,Low
CAR_002284,85000.0,100000.0,Low,High
CAR_002285,300000.0,110000.0,Low,High
CAR_002286,80000.0,56580.0,Low,Medium
CAR_002287,740000.0,45000.0,High,Medium
CAR_002288,70000.0,68500.0,Low,Medium
CAR_002289,484999.0,60000.0,Mid,Low
CAR_002290,164000.0,30000.0,Low,Low
CAR_002291,4461000.0,70000.0,Low,High
CAR_002292,999000.0,49600.0,High,Medium
CAR_002293,56000.0,23000.0,Low,Low
CAR_002294,4461000.0,30000.0,Premium,Low
CAR_002295,190000.0,38000.0,Low,Medium
CAR_002296,3899000.0,60000.0,Premium,Low
CAR_002297,235000.0,60000.0,Low,Medium
CAR_002298,350000.0,10171.0,Mid,Low
CAR_002299,465000.0,41123.0,Mid,Medium
CAR_002300,1900000.0,20118.0,Premium,Low
CAR_002301,450000.0,40000.0,Mid,Medium
CAR_002302,790000.0,52517.0,High,Medium
CAR_002303,900000.0,20000.0,High,Low
CAR_002304,450000.0,99117.0,Mid,High
CAR_002305,135000.0,90000.0,Low,High
CAR_002306,425000.0,3700.0,Mid,High
CAR_002307,100000.0,80000.0,Low,High
CAR_002308,650000.0,100000.0,Low,High
CAR_002309,90000.0,54000.0,Low,Medium
CAR_002310,250000.0,19000.0,Low,Low
CAR_002311,300000.0,120000.0,Low,High
CAR_002312,275000.0,30000.0,Low,High
CAR_002313,600000.0,43500.0,Mid,Medium
CAR_002314,270000.0,60000.0,Low,High
CAR_002315,240000.0,70000.0,Low,Medium
CAR_002316,1200000.0,135000.0,Low,High
CAR_002317,160000.0,50000.0,Low,Medium
CAR_002318,790000.0,19571.0,High,Low
CAR_002319,1200000.0,29600.0,Premium,Low
CAR_002320,175000.0,70000.0,Low,Medium
CAR_002321,950000.0,15000.0,High,Low
CAR_002322,340000.0,50000.0,Mid,Medium
CAR_002323,825000.0,13500.0,Low,Low
CAR_002324,3100000.0,22000.0,Premium,Low
CAR_002325,780000.0,25000.0,High,Low
CAR_002326,350000.0,80000.0,Mid,High
CAR_002327,690000.0,39000.0,Low,High
CAR_002328,245000.0,60000.0,Low,Medium
CAR_002329,790000.0,49000.0,High,Medium
CAR_002330,680000.0,48600.0,High,Medium
CAR_002331,540000.0,20000.0,Mid,Low
CAR_002332,425000.0,60000.0,Mid,Low
CAR_002333,140000.0,60000.0,Low,High
CAR_002334,1100000.0,60000.0,Premium,Low
CAR_002335,715000.0,35000.0,High,Medium
CAR_002336,370000.0,60000.0,Mid,High
CAR_002337,175000.0,80000.0,Low,High
CAR_002338,1000000.0,35000.0,High,Medium
CAR_002339,4461000.0,25000.0,Low,Low
CAR_002340,291000.0,90000.0,Low,High
CAR_002341,92800.0,60000.0,Low,Low
CAR_002342,350000.0,20000.0,Mid,Low
CAR_002343,65000.0,60000.0,Low,Medium
CAR_002344,650000.0,58000.0,High,Medium
CAR_002345,350000.0,60000.0,Low,High
CAR_002346,4461000.0,70000.0,Low,Medium
CAR_002347,440000.0,70000.0,Low,Medium
CAR_002348,270000.0,60000.0,Low,Medium
CAR_002349,1150000.0,135000.0,Premium,High
CAR_002350,238000.0,70000.0,Low,High
CAR_002351,1100000.0,40000.0,Premium,High
CAR_002352,1200000.0,75000.0,Premium,High
CAR_002353,260000.0,150000.0,Low,High
CAR_002354,350000.0,60000.0,Mid,High
CAR_002355,480000.0,70000.0,Mid,Medium
CAR_002356,345000.0,137250.0,Mid,High
CAR_002357,500000.0,110000.0,Mid,High
CAR_002358,595000.0,27000.0,Mid,Low
CAR_002359,1295000.0,60000.0,Premium,Low
CAR_002360,1350000.0,5400.0,Premium,Low
CAR_002361,541000.0,1000.0,Mid,Low
CAR_002362,515000.0,16000.0,Mid,Low
CAR_002363,894999.0,13000.0,High,Low
CAR_002364,325000.0,47000.0,Low,High
CAR_002365,925000.0,22000.0,High,Low
CAR_002366,844999.0,60000.0,High,Low
CAR_002367,4461000.0,20000.0,High,Low
CAR_002368,300000.0,60000.0,Low,Medium
CAR_002369,650000.0,75000.0,High,High
CAR_002370,175000.0,60000.0,Low,Medium
CAR_002371,4461000.0,80000.0,Mid,High
CAR_002372,600000.0,60000.0,Mid,High
CAR_002373,4461000.0,30000.0,High,Low
CAR_002374,95000.0,120000.0,Low,High
CAR_002375,490000.0,20000.0,Mid,Low
CAR_002376,380000.0,100000.0,Mid,High
CAR_002377,550000.0,31000.0,Mid,Medium
CAR_002378,225000.0,47000.0,Low,Medium
CAR_002379,570000.0,11200.0,Low,Low
CAR_002380,305000.0,35000.0,Mid,High
CAR_002381,4461000.0,50000.0,Low,Medium
CAR_002382,700000.0,55000.0,High,Medium
CAR_002383,288000.0,20000.0,Low,Low
CAR_002384,800000.0,60000.0,High,High
CAR_002385,430000.0,93000.0,Mid,High
CAR_002386,195000.0,57000.0,Low,Medium
CAR_002387,325000.0,30000.0,Mid,Low
CAR_002388,4461000.0,73000.0,Mid,High
CAR_002389,630000.0,60000.0,Low,Medium
CAR_002390,250000.0,60000.0,Low,Medium
CAR_002391,135000.0,60000.0,Low,High
CAR_002392,110000.0,73000.0,Low,High
CAR_002393,350000.0,55000.0,Mid,Medium
CAR_002394,240000.0,5800.0,Low,Low
CAR_002395,350000.0,350000.0,Mid,Very High
CAR_002396,600000.0,30000.0,Mid,Low
CAR_002397,750000.0,20000.0,High,Low
CAR_002398,270000.0,20000.0,Low,High
CAR_002399,90000.0,100000.0,Low,High
CAR_002400,350000.0,65000.0,Mid,Medium
CAR_002401,285000.0,90000.0,Low,High
CAR_002402,4461000.0,267000.0,High,Very High
CAR_002403,175000.0,250000.0,Low,Very High
CAR_002404,350000.0,140000.0,Mid,High
CAR_002405,1225000.0,22000.0,Premium,Low
CAR_002406,285000.0,60000.0,Low,Medium
CAR_002407,1000000.0,28635.0,High,Low
CAR_002408,780000.0,32114.0,High,Medium
CAR_002409,300000.0,82000.0,Low,High
CAR_002410,160000.0,95149.0,Low,High
CAR_002411,625000.0,68458.0,High,Medium
CAR_002412,4461000.0,42000.0,Low,Medium
CAR_002413,515000.0,90000.0,Mid,High
CAR_002414,4461000.0,30000.0,Low,Low
CAR_002415,140000.0,80000.0,Low,High
CAR_002416,940000.0,128000.0,High,High
CAR_002417,750000.0,60000.0,High,High
CAR_002418,610000.0,100000.0,High,High
CAR_002419,450000.0,50000.0,Mid,Medium
CAR_002420,409999.0,56000.0,Mid,Medium
CAR_002421,100000.0,60000.0,Low,Low
CAR_002422,650000.0,100000.0,High,High
CAR_002423,650000.0,80000.0,High,High
CAR_002424,4461000.0,105546.0,Low,High
CAR_002425,500000.0,10000.0,Mid,Low
CAR_002426,1000000.0,80000.0,High,High
CAR_002427,340000.0,35000.0,Mid,Medium
CAR_002428,800000.0,11240.0,High,Low
CAR_002429,1010000.0,120000.0,Premium,High
CAR_002430,350000.0,120000.0,Mid,High
CAR_002431,595000.0,70000.0,Mid,Medium
CAR_002432,4461000.0,130000.0,High,High
CAR_002433,265000.0,40000.0,Low,Medium
CAR_002434,320000.0,60000.0,Mid,Medium
CAR_002435,310000.0,110000.0,Mid,High
CAR_002436,700000.0,130000.0,Low,High
CAR_002437,130000.0,80000.0,Low,High
CAR_002438,150000.0,120000.0,Low,High
CAR_002439,300000.0,104000.0,Low,High
CAR_002440,150000.0,100000.0,Low,High
CAR_002441,120000.0,132343.0,Low,High
CAR_002442,950000.0,90000.0,Low,High
CAR_002443,100000.0,60000.0,Low,Medium
CAR_002444,450000.0,76000.0,Mid,High
CAR_002445,30000.0,60000.0,Low,Medium
CAR_002446,200000.0,30000.0,Low,High
CAR_002447,4461000.0,96000.0,Low,High
CAR_002448,1300000.0,10000.0,Premium,Low
CAR_002449,425000.0,36000.0,Mid,Medium
CAR_002450,550000.0,12997.0,Mid,Low
CAR_002451,500000.0,40000.0,Mid,Medium
CAR_002452,4461000.0,26430.0,Premium,High
CAR_002453,475000.0,24600.0,Mid,Low
CAR_002454,260000.0,28481.0,Low,Low
CAR_002455,350000.0,100000.0,Mid,High
CAR_002456,750000.0,41988.0,High,Medium
CAR_002457,180000.0,30375.0,Low,Medium
CAR_002458,350000.0,7658.0,Mid,Low
CAR_002459,611000.0,34400.0,High,High
CAR_002460,4461000.0,18500.0,Mid,Low
CAR_002461,4461000.0,26134.0,Low,Low
CAR_002462,300000.0,28942.0,Low,Low
CAR_002463,711000.0,53600.0,High,Medium
CAR_002464,851000.0,53652.0,High,Medium
CAR_002465,4461000.0,52895.0,Low,Medium
CAR_002466,550000.0,42324.0,Low,Medium
CAR_002467,1044999.0,65000.0,Premium,Medium
CAR_002468,550000.0,60236.0,Mid,Medium
CAR_002469,4461000.0,70000.0,Low,Medium
CAR_002470,210000.0,70000.0,Low,Medium
CAR_002471,290000.0,100000.0,Low,High
CAR_002472,250999.0,110000.0,Low,High
CAR_002473,600000.0,10300.0,Mid,Low
CAR_002474,4461000.0,120000.0,Low,High
CAR_002475,4461000.0,142000.0,Mid,High
CAR_002476,800000.0,25000.0,High,Low
CAR_002477,4461000.0,5000.0,Mid,Low
CAR_002478,535000.0,52600.0,Mid,Medium
CAR_002479,396000.0,28643.0,Mid,Low
CAR_002480,600000.0,50000.0,Mid,Medium
CAR_002481,575000.0,30000.0,Mid,Low
CAR_002482,520000.0,5000.0,Mid,Low
CAR_002483,1400000.0,30000.0,Low,Low
CAR_002484,600000.0,7600.0,Mid,Low
CAR_002485,195000.0,60000.0,Low,Medium
CAR_002486,281000.0,60000.0,Low,Low
CAR_002487,75000.0,110000.0,Low,High
CAR_002488,4461000.0,25000.0,Mid,Low
CAR_002489,93000.0,70000.0,Low,Medium
CAR_002490,560000.0,60000.0,Mid,Medium
CAR_002491,400000.0,5000.0,Mid,Low
CAR_002492,459999.0,40000.0,Mid,Medium
CAR_002493,450000.0,43000.0,Mid,Medium
CAR_002494,4461000.0,80251.0,Low,High
CAR_002495,4461000.0,34500.0,Low,Medium
CAR_002496,22000.0,42743.0,Low,High
CAR_002497,130000.0,60000.0,Low,High
CAR_002498,79000.0,80000.0,Low,High
CAR_002499,120000.0,60000.0,Low,High
CAR_002500,1700000.0,100000.0,Premium,High
CAR_002501,300000.0,25000.0,Low,Low
CAR_002502,300000.0,25000.0,Low,Low
CAR_002503,145000.0,25000.0,Low,Low
CAR_002504,3200000.0,20000.0,Premium,Low
CAR_002505,240000.0,10000.0,Low,Low
CAR_002506,4461000.0,30000.0,High,Low
CAR_002507,145000.0,110000.0,Low,High
CAR_002508,535000.0,80000.0,Mid,High
CAR_002509,420000.0,21000.0,Mid,High
CAR_002510,350000.0,20000.0,Mid,Low
CAR_002511,550000.0,32000.0,Low,Medium
CAR_002512,750000.0,180000.0,High,Very High
CAR_002513,4461000.0,70000.0,Low,Medium
CAR_002514,420000.0,50000.0,Mid,Medium
CAR_002515,420000.0,50000.0,Mid,Medium
CAR_002516,195000.0,120000.0,Low,High
CAR_002517,150000.0,55766.0,Low,Medium
CAR_002518,275000.0,40000.0,Low,Medium
CAR_002519,65000.0,60000.0,Low,Medium
CAR_002520,200000.0,50000.0,Low,Medium
CAR_002521,250000.0,110000.0,Low,High
CAR_002522,450000.0,1000.0,Mid,Low
CAR_002523,590000.0,26350.0,Mid,Low
CAR_002524,225000.0,110000.0,Low,High
CAR_002525,225000.0,68745.0,Low,Medium
CAR_002526,165000.0,132000.0,Low,High
CAR_002527,860000.0,35000.0,High,Medium
CAR_002528,900000.0,47000.0,High,Medium
CAR_002529,182000.0,100000.0,Low,High
CAR_002530,100000.0,80000.0,Low,High
CAR_002531,100000.0,40000.0,Low,Medium
CAR_002532,375000.0,27289.0,Mid,Low
CAR_002533,525000.0,10980.0,Mid,Low
CAR_002534,320000.0,24662.0,Mid,Low
CAR_002535,525000.0,37000.0,Mid,Medium
CAR_002536,650000.0,28245.0,High,Low
CAR_002537,4461000.0,27005.0,Mid,Low
CAR_002538,355000.0,39227.0,Low,High
CAR_002539,470000.0,31367.0,Mid,Medium
CAR_002540,221000.0,35008.0,Low,High
CAR_002541,195000.0,27005.0,Low,Low
CAR_002542,85000.0,86000.0,Low,High
CAR_002543,400000.0,50000.0,Mid,High
CAR_002544,650000.0,20000.0,High,Low
CAR_002545,400000.0,50000.0,Mid,Medium
CAR_002546,295000.0,80000.0,Low,High
CAR_002547,60000.0,135000.0,Low,High
CAR_002548,4461000.0,120000.0,Low,High
CAR_002549,4461000.0,113600.0,Mid,High
CAR_002550,190000.0,60000.0,Low,Medium
CAR_002551,861999.0,20000.0,High,Low
CAR_002552,782000.0,14000.0,High,Low
CAR_002553,836000.0,26000.0,High,Low
CAR_002554,696000.0,138925.0,High,High
CAR_002555,4461000.0,121764.0,Mid,High
CAR_002556,612000.0,60000.0,High,High
CAR_002557,114999.0,35000.0,Low,Medium
CAR_002558,340000.0,60000.0,Mid,Medium
CAR_002559,550000.0,5000.0,Mid,Low
CAR_002560,114999.0,70000.0,Low,Medium
CAR_002561,105000.0,60000.0,Low,High
CAR_002562,890000.0,20000.0,High,Low
CAR_002563,715000.0,8000.0,High,Low
CAR_002564,525000.0,54000.0,Mid,Medium
CAR_002565,735000.0,55300.0,High,Medium
CAR_002566,495000.0,11958.0,Mid,Low
CAR_002567,1025000.0,9000.0,Premium,Low
CAR_002568,750000.0,60000.0,High,Medium
CAR_002569,600000.0,120000.0,Mid,High
CAR_002570,475000.0,23122.0,Mid,Low
CAR_002571,80000.0,58000.0,Low,Medium
CAR_002572,325000.0,62200.0,Mid,Medium
CAR_002573,4461000.0,34000.0,Premium,Medium
CAR_002574,350000.0,53000.0,Mid,Medium
CAR_002575,2800000.0,60000.0,Premium,Medium
CAR_002576,210000.0,15000.0,Low,Low
CAR_002577,349000.0,44500.0,Mid,Medium
CAR_002578,450000.0,50000.0,Mid,High
CAR_002579,1150000.0,53000.0,Premium,Medium
CAR_002580,210000.0,63500.0,Low,Medium
CAR_002581,4500000.0,9800.0,Premium,High
CAR_002582,825000.0,13599.0,High,Low
CAR_002583,2750000.0,13000.0,Premium,Low
CAR_002584,160000.0,110000.0,Low,High
CAR_002585,550000.0,100000.0,Mid,High
CAR_002586,95000.0,110000.0,Low,High
CAR_002587,725000.0,90000.0,High,High
CAR_002588,670000.0,17000.0,High,High
CAR_002589,65000.0,140000.0,Low,High
CAR_002590,4461000.0,50000.0,Mid,Medium
CAR_002591,600000.0,53000.0,Mid,Medium
CAR_002592,350000.0,70000.0,Mid,Medium
CAR_002593,200000.0,70000.0,Low,Medium
CAR_002594,110000.0,154000.0,Low,Very High
CAR_002595,150000.0,80000.0,Low,High
CAR_002596,75000.0,110000.0,Low,High
CAR_002597,4461000.0,90000.0,Mid,High
CAR_002598,1700000.0,60000.0,Premium,Low
CAR_002599,890000.0,86000.0,High,High
CAR_002600,500000.0,120000.0,Mid,High
CAR_002601,600000.0,5200.0,Mid,High
CAR_002602,99000.0,60000.0,Low,Medium
CAR_002603,235000.0,46000.0,Low,Medium
CAR_002604,75000.0,40000.0,Low,Medium
CAR_002605,600000.0,90000.0,Mid,High
CAR_002606,4461000.0,25000.0,High,Low
CAR_002607,390000.0,60000.0,Mid,High
CAR_002608,600000.0,70000.0,Mid,Medium
CAR_002609,600000.0,70000.0,Mid,Medium
CAR_002610,730000.0,35000.0,High,Medium
CAR_002611,450000.0,12700.0,Mid,Low
CAR_002612,250000.0,80000.0,Low,High
CAR_002613,1400000.0,20000.0,Premium,Low
CAR_002614,300000.0,20000.0,Low,Low
CAR_002615,800000.0,19000.0,High,Low
CAR_002616,125000.0,95000.0,Low,High
CAR_002617,2600000.0,9500.0,Premium,Low
CAR_002618,300000.0,50000.0,Low,Medium
CAR_002619,295000.0,90000.0,Low,High
CAR_002620,4461000.0,45839.0,High,Medium
CAR_002621,4461000.0,74510.0,Low,High
CAR_002622,130000.0,87293.0,Low,High
CAR_002623,250000.0,156040.0,Low,Very High
CAR_002624,400000.0,93415.0,Mid,High
CAR_002625,430000.0,101159.0,Mid,High
CAR_002626,170000.0,60000.0,Low,High
CAR_002627,450000.0,60000.0,Mid,Low
CAR_002628,350000.0,90000.0,Mid,High
CAR_002629,4461000.0,68519.0,Low,High
CAR_002630,180000.0,55130.0,Low,High
CAR_002631,475000.0,65239.0,Mid,Medium
CAR_002632,470000.0,58182.0,Mid,Medium
CAR_002633,200000.0,91245.0,Low,High
CAR_002634,650000.0,102989.0,High,High
CAR_002635,400000.0,50000.0,Mid,Medium
CAR_002636,100000.0,120000.0,Low,High
CAR_002637,409999.0,90000.0,Mid,High
CAR_002638,640000.0,25000.0,Low,Low
CAR_002639,4461000.0,80000.0,Low,High
CAR_002640,182000.0,100000.0,Low,High
CAR_002641,750000.0,70000.0,High,Medium
CAR_002642,150000.0,50000.0,Low,Medium
CAR_002643,80000.0,100000.0,Low,High
CAR_002644,240000.0,60000.0,Low,High
CAR_002645,60000.0,60000.0,Low,Medium
CAR_002646,70000.0,120000.0,Low,High
CAR_002647,285000.0,90000.0,Low,High
CAR_002648,350000.0,60000.0,Mid,Medium
CAR_002649,699000.0,30000.0,Low,High
CAR_002650,275000.0,108000.0,Low,High
CAR_002651,350000.0,60000.0,Mid,High
CAR_002652,135000.0,90000.0,Low,High
CAR_002653,325000.0,120000.0,Mid,High
CAR_002654,650000.0,102000.0,High,High
CAR_002655,300000.0,178000.0,Low,Very High
CAR_002656,1200000.0,200000.0,Premium,Very High
CAR_002657,450000.0,60000.0,Mid,Medium
CAR_002658,425000.0,3000.0,Low,Low
CAR_002659,150000.0,75118.0,Low,High
CAR_002660,4461000.0,140000.0,Low,High
CAR_002661,335000.0,60000.0,Mid,Medium
CAR_002662,120000.0,79000.0,Low,High
CAR_002663,4461000.0,25000.0,Low,Low
CAR_002664,4461000.0,70000.0,Low,Medium
CAR_002665,4461000.0,41723.0,Low,Medium
CAR_002666,250000.0,70000.0,Low,Medium
CAR_002667,220000.0,70000.0,Low,High
CAR_002668,61000.0,4637.0,Low,Low
CAR_002669,620000.0,70000.0,High,Medium
CAR_002670,425000.0,100000.0,Low,High
CAR_002671,85000.0,120000.0,Low,High
CAR_002672,270000.0,40000.0,Low,High
CAR_002673,180000.0,220000.0,Low,Very High
CAR_002674,300000.0,60000.0,Low,Low
CAR_002675,800000.0,19000.0,High,Low
CAR_002676,125000.0,95000.0,Low,High
CAR_002677,450000.0,60000.0,Mid,Low
CAR_002678,450000.0,42655.0,Mid,High
CAR_002679,250000.0,43000.0,Low,Medium
CAR_002680,725000.0,70000.0,High,Medium
CAR_002681,250000.0,55000.0,Low,Medium
CAR_002682,99000.0,80000.0,Low,High
CAR_002683,350000.0,55000.0,Mid,High
CAR_002684,511000.0,70000.0,Mid,Medium
CAR_002685,300000.0,80000.0,Low,High
CAR_002686,1100000.0,110000.0,Premium,High
CAR_002687,125000.0,60000.0,Low,Medium
CAR_002688,500000.0,30000.0,Mid,Low
CAR_002689,385000.0,80000.0,Mid,High
CAR_002690,4461000.0,90000.0,Mid,High
CAR_002691,60000.0,50000.0,Low,Medium
CAR_002692,300000.0,50000.0,Low,Medium
CAR_002693,400000.0,70000.0,Mid,Medium
CAR_002694,550000.0,110000.0,Mid,High
CAR_002695,300000.0,80000.0,Low,High
CAR_002696,250000.0,60000.0,Low,Very High
CAR_002697,800000.0,180000.0,High,Very High
CAR_002698,300000.0,25000.0,Low,Low
CAR_002699,80000.0,120000.0,Low,High
CAR_002700,1200000.0,11000.0,Premium,Low
CAR_002701,355000.0,40000.0,Mid,Medium
CAR_002702,520000.0,50000.0,Mid,Medium
CAR_002703,500000.0,26000.0,Mid,Low
CAR_002704,114999.0,30000.0,Low,Low
CAR_002705,4461000.0,50000.0,Premium,Medium
CAR_002706,800000.0,60000.0,High,Low
CAR_002707,105000.0,30000.0,Low,Low
CAR_002708,135000.0,78000.0,Low,High
CAR_002709,170000.0,40000.0,Low,Medium
CAR_002710,550000.0,100000.0,Mid,High
CAR_002711,250000.0,70000.0,Low,Medium
CAR_002712,650000.0,30000.0,High,Low
CAR_002713,210000.0,77000.0,Low,High
CAR_002714,260000.0,150000.0,Low,High
CAR_002715,750000.0,60000.0,High,Medium
CAR_002716,1350000.0,60000.0,Premium,High
CAR_002717,220000.0,120000.0,Low,High
CAR_002718,110000.0,110000.0,Low,High
CAR_002719,1230000.0,60000.0,Premium,Medium
CAR_002720,220000.0,60000.0,Low,High
CAR_002721,130000.0,50000.0,Low,Medium
CAR_002722,330000.0,44000.0,Mid,Medium
CAR_002723,254999.0,90000.0,Low,High
CAR_002724,600000.0,50000.0,Low,High
CAR_002725,210000.0,50000.0,Low,Medium
CAR_002726,300000.0,146000.0,Low,High
CAR_002727,426000.0,15000.0,Mid,Low
CAR_002728,265000.0,60000.0,Low,Medium
CAR_002729,450000.0,35000.0,Mid,Medium
CAR_002730,480000.0,80000.0,Mid,High
CAR_002731,40000.0,90000.0,Low,High
CAR_002732,395000.0,70000.0,Mid,Medium
CAR_002733,229999.0,62000.0,Low,Medium
CAR_002734,875000.0,10000.0,High,Low
CAR_002735,170000.0,80000.0,Low,High
CAR_002736,500000.0,35000.0,Mid,Medium
CAR_002737,450000.0,1000.0,Mid,High
CAR_002738,3800000.0,10000.0,Premium,Low
CAR_002739,1580000.0,86000.0,Premium,High
CAR_002740,4950000.0,60000.0,Premium,Low
CAR_002741,535000.0,60000.0,Mid,High
CAR_002742,225000.0,110000.0,Low,High
CAR_002743,4461000.0,19890.0,Mid,Low
CAR_002744,670000.0,7104.0,High,Low
CAR_002745,625000.0,11918.0,High,Low
CAR_002746,520000.0,10510.0,Mid,Low
CAR_002747,239000.0,41000.0,Low,Medium
CAR_002748,2600000.0,47162.0,Premium,Medium
CAR_002749,750000.0,45974.0,High,Medium
CAR_002750,229999.0,49824.0,Low,Medium
CAR_002751,1300000.0,58500.0,Premium,Medium
CAR_002752,80000.0,56580.0,Low,Medium
CAR_002753,385000.0,52000.0,Mid,Medium
CAR_002754,4461000.0,55340.0,Low,Medium
CAR_002755,4461000.0,46507.0,Mid,Medium
CAR_002756,450000.0,40000.0,Mid,Medium
CAR_002757,450000.0,40000.0,Mid,Medium
CAR_002758,550000.0,120000.0,Mid,High
CAR_002759,4461000.0,60000.0,Low,Medium
CAR_002760,80000.0,90000.0,Low,High
CAR_002761,300000.0,250000.0,Low,Very High
CAR_002762,675000.0,15000.0,High,Low
CAR_002763,260000.0,30000.0,Low,Low
CAR_002764,500000.0,15000.0,Mid,Low
CAR_002765,150000.0,55766.0,Low,Medium
CAR_002766,100000.0,80000.0,Low,High
CAR_002767,70000.0,117000.0,Low,High
CAR_002768,100000.0,60000.0,Low,Medium
CAR_002769,730000.0,110000.0,High,High
CAR_002770,525000.0,100000.0,Mid,High
CAR_002771,525000.0,105000.0,Mid,High
CAR_002772,550000.0,182000.0,Mid,Very High
CAR_002773,420000.0,60000.0,Mid,High
CAR_002774,500000.0,70000.0,Mid,Medium
CAR_002775,165000.0,76000.0,Low,High
CAR_002776,650000.0,70000.0,High,Medium
CAR_002777,195000.0,46000.0,Low,Medium
CAR_002778,75000.0,70000.0,Low,Medium
CAR_002779,4461000.0,120000.0,Low,High
CAR_002780,1770000.0,25000.0,Premium,Low
CAR_002781,4461000.0,90000.0,Low,High
CAR_002782,515000.0,50000.0,Mid,Medium
CAR_002783,700000.0,24585.0,High,Low
CAR_002784,62000.0,70000.0,Low,Medium
CAR_002785,220000.0,110000.0,Low,High
CAR_002786,520000.0,10000.0,Mid,Low
CAR_002787,170000.0,100000.0,Low,High
CAR_002788,190000.0,110000.0,Low,High
CAR_002789,150000.0,100000.0,Low,High
CAR_002790,125000.0,65000.0,Low,Medium
CAR_002791,290000.0,40000.0,Low,Medium
CAR_002792,490000.0,13900.0,Mid,Low
CAR_002793,434999.0,17563.0,Mid,Low
CAR_002794,4461000.0,60000.0,Mid,High
CAR_002795,4461000.0,60000.0,Low,High
CAR_002796,495000.0,40000.0,Mid,Medium
CAR_002797,894999.0,173000.0,High,Very High
CAR_002798,600000.0,151000.0,Mid,High
CAR_002799,4461000.0,50000.0,Low,Medium
CAR_002800,430000.0,15000.0,Low,High
CAR_002801,4461000.0,80000.0,Mid,High
CAR_002802,4461000.0,11000.0,High,Low
CAR_002803,300000.0,50000.0,Low,Medium
CAR_002804,700000.0,120000.0,High,High
CAR_002805,100000.0,70000.0,Low,Medium
CAR_002806,300000.0,90000.0,Low,High
CAR_002807,130000.0,185000.0,Low,Very High
CAR_002808,650000.0,40000.0,High,Medium
CAR_002809,509999.0,25000.0,Mid,Low
CAR_002810,1000000.0,117780.0,High,High
CAR_002811,280000.0,120000.0,Low,High
CAR_002812,600000.0,120000.0,Mid,High
CAR_002813,4461000.0,60000.0,Low,High
CAR_002814,1150000.0,110000.0,Premium,High
CAR_002815,229999.0,30000.0,Low,Low
CAR_002816,245000.0,30000.0,Low,Low
CAR_002817,600000.0,60000.0,Low,Medium
CAR_002818,375000.0,25000.0,Mid,Low
CAR_002819,150000.0,55000.0,Low,High
CAR_002820,1450000.0,20000.0,Premium,Low
CAR_002821,500000.0,100000.0,Mid,High
CAR_002822,4461000.0,40000.0,Low,Medium
CAR_002823,225000.0,60000.0,Low,High
CAR_002824,275000.0,80000.0,Low,High
CAR_002825,620000.0,35000.0,Low,Medium
CAR_002826,600000.0,110000.0,Mid,High
CAR_002827,275000.0,160000.0,Low,Very High
CAR_002828,125000.0,125000.0,Low,High
CAR_002829,80000.0,62000.0,Low,Medium
CAR_002830,199000.0,120000.0,Low,High
CAR_002831,440000.0,33000.0,Low,Medium
CAR_002832,250000.0,80000.0,Low,High
CAR_002833,700000.0,35000.0,Low,Medium
CAR_002834,450000.0,50000.0,Mid,Medium
CAR_002835,240000.0,60000.0,Low,High
CAR_002836,350000.0,12000.0,Mid,Low
CAR_002837,650000.0,81595.0,High,High
CAR_002838,71000.0,22000.0,Low,Low
CAR_002839,400000.0,60000.0,Mid,Medium
CAR_002840,130000.0,40000.0,Low,Medium
CAR_002841,4461000.0,70000.0,Low,Medium
CAR_002842,1100000.0,4000.0,Premium,Low
CAR_002843,2200000.0,24000.0,Premium,Low
CAR_002844,800000.0,13500.0,High,Low
CAR_002845,490000.0,40000.0,Mid,Medium
CAR_002846,836000.0,9700.0,High,Low
CAR_002847,375000.0,62000.0,Mid,Medium
CAR_002848,1249000.0,24000.0,Premium,Low
CAR_002849,1240000.0,13000.0,Premium,Low
CAR_002850,35000.0,50000.0,Low,Medium
CAR_002851,1068000.0,36000.0,Premium,Medium
CAR_002852,1189000.0,40000.0,Premium,High
CAR_002853,700000.0,27000.0,High,Low
CAR_002854,350000.0,40000.0,Mid,Medium
CAR_002855,254999.0,80000.0,Low,High
CAR_002856,229999.0,60000.0,Low,Very High
CAR_002857,750000.0,80000.0,High,High
CAR_002858,325000.0,119000.0,Mid,High
CAR_002859,760000.0,190000.0,High,Very High
CAR_002860,509999.0,25000.0,Mid,Low
CAR_002861,4461000.0,28740.0,Mid,Low
CAR_002862,229999.0,60000.0,Low,Medium
CAR_002863,290000.0,110000.0,Low,High
CAR_002864,550000.0,30000.0,Mid,Low
CAR_002865,125000.0,120000.0,Low,High
CAR_002866,2000000.0,130000.0,Premium,High
CAR_002867,350000.0,140000.0,Low,High
CAR_002868,4461000.0,60000.0,Low,High
CAR_002869,260000.0,50000.0,Low,Medium
CAR_002870,150000.0,50000.0,Low,Medium
CAR_002871,85000.0,60000.0,Low,Medium
CAR_002872,280000.0,15000.0,Low,Low
CAR_002873,220000.0,45000.0,Low,Medium
CAR_002874,140000.0,80000.0,Low,High
CAR_002875,370000.0,15000.0,Mid,Low
CAR_002876,650000.0,20000.0,High,Low
CAR_002877,280000.0,37000.0,Low,Medium
CAR_002878,540000.0,80000.0,Mid,High
CAR_002879,50000.0,120000.0,Low,High
CAR_002880,800000.0,20000.0,High,Low
CAR_002881,515000.0,25000.0,Mid,Low
CAR_002882,220000.0,96000.0,Low,High
CAR_002883,525000.0,54000.0,Mid,Medium
CAR_002884,165000.0,60000.0,Low,Medium
CAR_002885,221000.0,65000.0,Low,Medium
CAR_002886,245000.0,43000.0,Low,Medium
CAR_002887,4461000.0,42000.0,Low,Medium
CAR_002888,550000.0,73000.0,Mid,High
CAR_002889,434999.0,29000.0,Mid,Low
CAR_002890,450000.0,95000.0,Mid,High
CAR_002891,290000.0,25000.0,Low,High
CAR_002892,305000.0,53000.0,Mid,Medium
CAR_002893,265000.0,20000.0,Low,Low
CAR_002894,4461000.0,57000.0,Mid,Medium
CAR_002895,550000.0,52000.0,Mid,Medium
CAR_002896,105000.0,40000.0,Low,Medium
CAR_002897,275000.0,47000.0,Low,Medium
CAR_002898,434999.0,60000.0,Mid,Medium
CAR_002899,690000.0,73000.0,High,High
CAR_002900,249000.0,42000.0,Low,Medium
CAR_002901,204999.0,60000.0,Low,High
CAR_002902,200000.0,50000.0,Low,Medium
CAR_002903,190000.0,120000.0,Low,High
CAR_002904,150000.0,50000.0,Low,Medium
CAR_002905,70000.0,70000.0,Low,Medium
CAR_002906,900000.0,25000.0,High,Low
CAR_002907,950000.0,11000.0,High,Low
CAR_002908,475000.0,80000.0,Low,High
CAR_002909,55000.0,80000.0,Low,High
CAR_002910,450000.0,75000.0,Mid,High
CAR_002911,1200000.0,45000.0,Premium,Medium
CAR_002912,300000.0,100000.0,Low,High
CAR_002913,350000.0,60000.0,Mid,High
CAR_002914,229999.0,160000.0,Low,Very High
CAR_002915,821000.0,50000.0,High,Medium
CAR_002916,200000.0,80000.0,Low,High
CAR_002917,1000000.0,60000.0,High,Medium
CAR_002918,4461000.0,60000.0,Low,Medium
CAR_002919,459999.0,60000.0,Mid,High
CAR_002920,310000.0,70000.0,Mid,Medium
CAR_002921,815000.0,42000.0,High,Medium
CAR_002922,1200000.0,40000.0,Premium,Medium
CAR_002923,4461000.0,150000.0,Low,High
CAR_002924,1000000.0,30000.0,High,Low
CAR_002925,155000.0,90000.0,Low,High
CAR_002926,400000.0,120000.0,Mid,High
CAR_002927,400000.0,80000.0,Mid,High
CAR_002928,250000.0,80000.0,Low,High
CAR_002929,150000.0,50000.0,Low,High
CAR_002930,4461000.0,70000.0,Low,Medium
CAR_002931,130000.0,60000.0,Low,High
CAR_002932,325000.0,70000.0,Mid,Medium
CAR_002933,735000.0,55300.0,High,Medium
CAR_002934,285000.0,74300.0,Low,High
CAR_002935,350000.0,48781.0,Mid,Medium
CAR_002936,290000.0,87620.0,Low,High
CAR_002937,890000.0,40219.0,High,Medium
CAR_002938,385000.0,11473.0,Low,High
CAR_002939,425000.0,8352.0,Mid,Low
CAR_002940,525000.0,9745.0,Mid,Low
CAR_002941,550000.0,9748.0,Mid,Low
CAR_002942,271000.0,49000.0,Low,Medium
CAR_002943,1490000.0,20694.0,Premium,Low
CAR_002944,4461000.0,31080.0,Mid,Medium
CAR_002945,260000.0,37605.0,Low,Medium
CAR_002946,455000.0,60000.0,Mid,Medium
CAR_002947,75000.0,58850.0,Low,Medium
CAR_002948,421000.0,23839.0,Mid,Low
CAR_002949,550000.0,54000.0,Mid,Medium
CAR_002950,330000.0,38000.0,Mid,Medium
CAR_002951,390000.0,45454.0,Mid,Medium
CAR_002952,599000.0,46957.0,Mid,Medium
CAR_002953,738000.0,8000.0,High,Low
CAR_002954,300000.0,30000.0,Low,Low
CAR_002955,150000.0,110000.0,Low,High
CAR_002956,440000.0,223000.0,Mid,Very High
CAR_002957,280000.0,110000.0,Low,High
CAR_002958,100000.0,120000.0,Low,High
CAR_002959,150000.0,100000.0,Low,High
CAR_002960,380000.0,100000.0,Mid,High
CAR_002961,90000.0,60000.0,Low,Medium
CAR_002962,300000.0,270000.0,Low,Very High
CAR_002963,275000.0,60000.0,Low,Medium
CAR_002964,180000.0,41090.0,Low,Medium
CAR_002965,225000.0,296823.0,Low,Very High
CAR_002966,200000.0,40000.0,Low,Medium
CAR_002967,500000.0,40000.0,Mid,Medium
CAR_002968,300000.0,70000.0,Low,Medium
CAR_002969,765000.0,80000.0,High,High
CAR_002970,4461000.0,90000.0,High,High
CAR_002971,380000.0,19000.0,Mid,Low
CAR_002972,480000.0,110000.0,Mid,High
CAR_002973,200000.0,60000.0,Low,Medium
CAR_002974,380000.0,19000.0,Mid,Low
CAR_002975,145000.0,68000.0,Low,Medium
CAR_002976,280000.0,120000.0,Low,High
CAR_002977,254999.0,60000.0,Low,High
CAR_002978,300000.0,90000.0,Low,High
CAR_002979,480000.0,140000.0,Mid,High
CAR_002980,850000.0,44500.0,High,Medium
CAR_002981,350000.0,52000.0,Mid,Medium
CAR_002982,650000.0,26000.0,High,Low
CAR_002983,650000.0,26000.0,High,Low
CAR_002984,550000.0,80000.0,Mid,High
CAR_002985,300000.0,35000.0,Low,Medium
CAR_002986,150000.0,60000.0,Low,Medium
CAR_002987,4461000.0,120000.0,Low,High
CAR_002988,80000.0,58000.0,Low,Medium
CAR_002989,200000.0,100000.0,Low,High
CAR_002990,220000.0,43700.0,Low,Medium
CAR_002991,68000.0,120000.0,Low,High
CAR_002992,180000.0,80000.0,Low,High
CAR_002993,290000.0,60000.0,Low,Low
CAR_002994,300000.0,25000.0,Low,Low
CAR_002995,4461000.0,27483.0,Mid,Low
CAR_002996,470000.0,8000.0,Mid,Low
CAR_002997,150000.0,30000.0,Low,High
CAR_002998,400000.0,30000.0,Low,Low
CAR_002999,110000.0,100000.0,Low,High
CAR_003000,180000.0,56207.0,Low,Medium
CAR_003001,250000.0,60000.0,Low,Medium
CAR_003002,80000.0,70000.0,Low,Medium
CAR_003003,875000.0,1440.0,High,Low
CAR_003004,425000.0,12000.0,Mid,Low
CAR_003005,300000.0,50000.0,Low,Medium
CAR_003006,700000.0,35000.0,High,Medium
CAR_003007,130000.0,50000.0,Low,Medium
CAR_003008,1000000.0,60000.0,High,Medium
CAR_003009,650000.0,67000.0,High,Medium
CAR_003010,400000.0,100000.0,Mid,High
CAR_003011,800000.0,60000.0,High,Medium
CAR_003012,675000.0,70000.0,High,Medium
CAR_003013,210000.0,50000.0,Low,Medium
CAR_003014,150000.0,120000.0,Low,High
CAR_003015,45000.0,100000.0,Low,High
CAR_003016,516000.0,90000.0,Mid,High
CAR_003017,450000.0,80000.0,Mid,High
CAR_003018,134000.0,60000.0,Low,High
CAR_003019,509999.0,157000.0,Mid,Very High
CAR_003020,500000.0,20000.0,Low,Low
CAR_003021,130000.0,80000.0,Low,High
CAR_003022,575000.0,60000.0,Mid,Medium
CAR_003023,550000.0,49000.0,Mid,Medium
CAR_003024,145000.0,89255.0,Low,High
CAR_003025,347000.0,60000.0,Mid,Low
CAR_003026,275000.0,110000.0,Low,High
CAR_003027,630000.0,60000.0,High,Very High
CAR_003028,160000.0,90000.0,Low,High
CAR_003029,150000.0,63000.0,Low,Medium
CAR_003030,4461000.0,23000.0,Mid,Low
CAR_003031,349000.0,60000.0,Mid,High
CAR_003032,229999.0,168000.0,Low,Very High
CAR_003033,4461000.0,90000.0,Low,High
CAR_003034,4461000.0,70000.0,Low,Medium
CAR_003035,245000.0,5550.0,Low,Low
CAR_003036,180000.0,100000.0,Low,High
CAR_003037,290000.0,80000.0,Low,High
CAR_003038,250000.0,40000.0,Low,Medium
CAR_003039,150000.0,100000.0,Low,High
CAR_003040,55000.0,35000.0,Low,Medium
CAR_003041,500000.0,75000.0,Mid,High
CAR_003042,290000.0,150000.0,Low,High
CAR_003043,400000.0,16000.0,Mid,Low
CAR_003044,72000.0,60000.0,Low,Medium
CAR_003045,250000.0,115000.0,Low,High
CAR_003046,4461000.0,60000.0,Mid,Low
CAR_003047,1300000.0,10000.0,Premium,Low
CAR_003048,425000.0,15000.0,Mid,Low
CAR_003049,470000.0,10000.0,Mid,Low
CAR_003050,220000.0,80000.0,Low,High
CAR_003051,310000.0,60000.0,Mid,Low
CAR_003052,400000.0,45217.0,Mid,High
CAR_003053,215000.0,97000.0,Low,High
CAR_003054,310000.0,20000.0,Low,Low
CAR_003055,750000.0,50000.0,High,Medium
CAR_003056,204999.0,60000.0,Low,High
CAR_003057,260000.0,50000.0,Low,High
CAR_003058,4461000.0,40000.0,Low,Medium
CAR_003059,125000.0,110000.0,Low,High
CAR_003060,420000.0,155000.0,Mid,Very High
CAR_003061,220000.0,70000.0,Low,Medium
CAR_003062,200000.0,60000.0,Low,Medium
CAR_003063,130000.0,100000.0,Low,High
CAR_003064,335000.0,60000.0,Mid,Medium
CAR_003065,2650000.0,60000.0,Premium,Medium
CAR_003066,2675000.0,56000.0,Premium,Medium
CAR_003067,2675000.0,60000.0,Premium,Medium
CAR_003068,434999.0,97000.0,Mid,High
CAR_003069,500000.0,60000.0,Mid,Medium
CAR_003070,290000.0,60000.0,Low,Medium
CAR_003071,475000.0,48000.0,Mid,High
CAR_003072,270000.0,190000.0,Low,Very High
CAR_003073,600000.0,80000.0,Low,High
CAR_003074,300000.0,70000.0,Low,Medium
CAR_003075,415000.0,80000.0,Mid,High
CAR_003076,4461000.0,30000.0,High,Low
CAR_003077,4461000.0,44440.0,Mid,Medium
CAR_003078,1250000.0,30000.0,Premium,Low
CAR_003079,270000.0,60000.0,Low,High
CAR_003080,390000.0,80000.0,Low,High
CAR_003081,400000.0,110000.0,Mid,High
CAR_003082,100000.0,170000.0,Low,High
CAR_003083,850000.0,46000.0,High,Medium
CAR_003084,359000.0,120000.0,Mid,High
CAR_003085,470000.0,91365.0,Mid,High
CAR_003086,360000.0,90010.0,Mid,High
CAR_003087,250999.0,80000.0,Low,High
CAR_003088,45000.0,35000.0,Low,High
CAR_003089,75000.0,80000.0,Low,High
CAR_003090,495000.0,31800.0,Mid,Medium
CAR_003091,310000.0,59100.0,Mid,Medium
CAR_003092,540000.0,60000.0,Low,Medium
CAR_003093,665000.0,60000.0,High,Medium
CAR_003094,425000.0,22700.0,Mid,Low
CAR_003095,1295000.0,58000.0,Premium,Medium
CAR_003096,675000.0,50900.0,Low,High
CAR_003097,980000.0,10000.0,High,Low
CAR_003098,320000.0,60000.0,Mid,Medium
CAR_003099,250000.0,80000.0,Low,High
CAR_003100,600000.0,60000.0,Mid,High
CAR_003101,300000.0,60000.0,Low,High
CAR_003102,305000.0,66000.0,Mid,Medium
CAR_003103,270000.0,80000.0,Low,High
CAR_003104,300000.0,90000.0,Low,High
CAR_003105,106000.0,70000.0,Low,Medium
CAR_003106,90000.0,60000.0,Low,High
CAR_003107,539000.0,2417.0,Mid,Low
CAR_003108,110000.0,100000.0,Low,High
CAR_003109,250000.0,30000.0,Low,Low
CAR_003110,300000.0,50000.0,Low,Medium
CAR_003111,707000.0,60000.0,High,Medium
CAR_003112,4461000.0,120000.0,Low,High
CAR_003113,495000.0,7000.0,Mid,Low
CAR_003114,200000.0,35000.0,Low,Medium
CAR_003115,110000.0,110000.0,Low,High
CAR_003116,100000.0,130000.0,Low,High
CAR_003117,150000.0,25000.0,Low,Low
CAR_003118,509999.0,35000.0,Mid,Medium
CAR_003119,50000.0,80000.0,Low,High
CAR_003120,85000.0,70000.0,Low,High
CAR_003121,475000.0,23000.0,Mid,Low
CAR_003122,425000.0,40000.0,Mid,Medium
CAR_003123,480000.0,60000.0,Mid,High
CAR_003124,950000.0,10000.0,High,Low
CAR_003125,535000.0,80000.0,Mid,High
CAR_003126,325000.0,25000.0,Mid,Low
CAR_003127,270000.0,74000.0,Low,High
CAR_003128,300000.0,60000.0,Low,High
CAR_003129,325000.0,60000.0,Mid,Medium
CAR_003130,350000.0,100000.0,Mid,High
CAR_003131,4461000.0,146000.0,Low,High
CAR_003132,4461000.0,120000.0,Mid,High
CAR_003133,4461000.0,70000.0,Low,Medium
CAR_003134,190000.0,120000.0,Low,High
CAR_003135,345000.0,60000.0,Low,Medium
CAR_003136,1025000.0,70000.0,Premium,Medium
CAR_003137,120000.0,50000.0,Low,Medium
CAR_003138,114999.0,90000.0,Low,High
CAR_003139,300000.0,120000.0,Low,High
CAR_003140,340000.0,60000.0,Mid,Medium
CAR_003141,90000.0,70000.0,Low,Medium
CAR_003142,150000.0,140300.0,Low,High
CAR_003143,115999.0,70000.0,Low,Medium
CAR_003144,425000.0,36000.0,Mid,Medium
CAR_003145,550000.0,12997.0,Low,Low
CAR_003146,500000.0,40000.0,Low,Medium
CAR_003147,300000.0,60000.0,Low,Low
CAR_003148,1150000.0,26430.0,Low,Low
CAR_003149,475000.0,24600.0,Mid,Low
CAR_003150,260000.0,60000.0,Low,Low
CAR_003151,350000.0,100000.0,Mid,High
CAR_003152,750000.0,41988.0,High,Medium
CAR_003153,350000.0,60000.0,Mid,Low
CAR_003154,180000.0,30375.0,Low,Medium
CAR_003155,4461000.0,34400.0,High,Medium
CAR_003156,325000.0,18500.0,Mid,Low
CAR_003157,225000.0,48000.0,Low,Medium
CAR_003158,300000.0,28942.0,Low,Low
CAR_003159,400000.0,60000.0,Mid,High
CAR_003160,711000.0,53600.0,High,High
CAR_003161,851000.0,53652.0,High,Medium
CAR_003162,4461000.0,23000.0,Mid,Low
CAR_003163,275000.0,10211.0,Low,Low
CAR_003164,120000.0,120000.0,Low,High
CAR_003165,350000.0,120000.0,Mid,High
CAR_003166,409999.0,35000.0,Mid,Medium
CAR_003167,500000.0,130000.0,Mid,High
CAR_003168,220000.0,90000.0,Low,High
CAR_003169,120000.0,80000.0,Low,High
CAR_003170,70000.0,55000.0,Low,Medium
CAR_003171,800000.0,15000.0,High,High
CAR_003172,450000.0,260000.0,Mid,Very High
CAR_003173,525000.0,145000.0,Mid,High
CAR_003174,300000.0,35000.0,Low,Medium
CAR_003175,195000.0,56000.0,Low,Medium
CAR_003176,130000.0,98000.0,Low,High
CAR_003177,300000.0,135000.0,Low,High
CAR_003178,120000.0,60000.0,Low,Medium
CAR_003179,450000.0,120000.0,Mid,High
CAR_003180,160000.0,102000.0,Low,High
CAR_003181,800000.0,35000.0,High,Medium
CAR_003182,100000.0,80000.0,Low,High
CAR_003183,825000.0,13599.0,High,Low
CAR_003184,265000.0,32933.0,Low,Medium
CAR_003185,175000.0,54551.0,Low,Medium
CAR_003186,250999.0,60000.0,Low,Medium
CAR_003187,471000.0,41025.0,Mid,Medium
CAR_003188,650000.0,5000.0,High,Low
CAR_003189,4461000.0,5000.0,High,Low
CAR_003190,225000.0,53122.0,Low,Medium
CAR_003191,245000.0,64111.0,Low,High
CAR_003192,221000.0,78892.0,Low,High
CAR_003193,271000.0,74113.0,Low,High
CAR_003194,290000.0,80000.0,Low,High
CAR_003195,525000.0,39000.0,Mid,Medium
CAR_003196,4461000.0,84775.0,Mid,High
CAR_003197,95000.0,20778.0,Low,Low
CAR_003198,763000.0,64441.0,High,Medium
CAR_003199,450000.0,43192.0,Mid,Medium
CAR_003200,140000.0,44416.0,Low,Medium
CAR_003201,4461000.0,79991.0,Low,High
CAR_003202,277000.0,60000.0,Low,Medium
CAR_003203,520000.0,50000.0,Mid,Medium
CAR_003204,4461000.0,100000.0,Mid,High
CAR_003205,4461000.0,97000.0,Low,High
CAR_003206,420000.0,100000.0,Low,High
CAR_003207,35000.0,60000.0,Low,High
CAR_003208,4461000.0,20000.0,Premium,Low
CAR_003209,680000.0,46000.0,High,Medium
CAR_003210,425000.0,40000.0,Mid,High
CAR_003211,450000.0,70000.0,Mid,Medium
CAR_003212,590000.0,89600.0,Mid,High
CAR_003213,936999.0,60800.0,High,Medium
CAR_003214,420000.0,104000.0,Mid,High
CAR_003215,450000.0,80000.0,Mid,High
CAR_003216,40000.0,69111.0,Low,Medium
CAR_003217,520000.0,70000.0,Mid,Medium
CAR_003218,80000.0,120000.0,Low,High
CAR_003219,55000.0,40000.0,Low,Medium
CAR_003220,80000.0,100000.0,Low,High
CAR_003221,210000.0,20000.0,Low,Low
CAR_003222,300000.0,50000.0,Low,Medium
CAR_003223,260000.0,50000.0,Low,Medium
CAR_003224,4461000.0,70000.0,Low,Medium
CAR_003225,80000.0,90000.0,Low,High
CAR_003226,450000.0,150000.0,Mid,High
CAR_003227,310000.0,120000.0,Mid,High
CAR_003228,4461000.0,100000.0,Mid,High
CAR_003229,800000.0,60000.0,High,Medium
CAR_003230,840000.0,70000.0,High,Medium
CAR_003231,490000.0,50000.0,Mid,Medium
CAR_003232,125000.0,81000.0,Low,High
CAR_003233,400000.0,120000.0,Mid,High
CAR_003234,1000000.0,3600.0,High,Low
CAR_003235,530000.0,14272.0,Mid,Low
CAR_003236,840000.0,60000.0,High,Medium
CAR_003237,229999.0,40000.0,Low,Medium
CAR_003238,40000.0,40000.0,Low,Medium
CAR_003239,130000.0,80000.0,Low,High
CAR_003240,200000.0,70000.0,Low,Medium
CAR_003241,120000.0,70000.0,Low,Medium
CAR_003242,75000.0,57000.0,Low,Medium
CAR_003243,250000.0,120000.0,Low,High
CAR_003244,100000.0,30000.0,Low,Low
CAR_003245,280000.0,3240.0,Low,Low
CAR_003246,4461000.0,5000.0,Low,Low
CAR_003247,700000.0,10000.0,High,Low
CAR_003248,350000.0,90000.0,Mid,High
CAR_003249,320000.0,100000.0,Mid,High
CAR_003250,475000.0,90000.0,Mid,High
CAR_003251,220000.0,140000.0,Low,High
CAR_003252,210000.0,13770.0,Low,Low
CAR_003253,61000.0,60000.0,Low,Low
CAR_003254,355000.0,60000.0,Mid,High
CAR_003255,150000.0,60000.0,Low,Medium
CAR_003256,133000.0,80000.0,Low,High
CAR_003257,650000.0,50000.0,Low,Medium
CAR_003258,210000.0,40000.0,Low,Medium
CAR_003259,130000.0,93900.0,Low,High
CAR_003260,60000.0,70000.0,Low,Medium
CAR_003261,120000.0,120000.0,Low,High
CAR_003262,2900000.0,40000.0,Premium,Medium
CAR_003263,100000.0,120000.0,Low,High
CAR_003264,4461000.0,80000.0,Low,High
CAR_003265,120000.0,110000.0,Low,High
CAR_003266,125000.0,34000.0,Low,High
CAR_003267,425000.0,20000.0,Mid,High
CAR_003268,70000.0,117000.0,Low,High
CAR_003269,619000.0,1500.0,High,Low
CAR_003270,415000.0,48965.0,Mid,Medium
CAR_003271,265000.0,55000.0,Low,High
CAR_003272,70000.0,60000.0,Low,High
CAR_003273,281000.0,40000.0,Low,Medium
CAR_003274,211000.0,80000.0,Low,High
CAR_003275,550000.0,11000.0,Mid,Low
CAR_003276,350000.0,110000.0,Mid,High
CAR_003277,420000.0,19890.0,Mid,Low
CAR_003278,270000.0,20969.0,Low,Low
CAR_003279,399000.0,20194.0,Low,Low
CAR_003280,440000.0,34982.0,Mid,Medium
CAR_003281,250000.0,60000.0,Low,Medium
CAR_003282,650000.0,57904.0,High,Medium
CAR_003283,270000.0,59258.0,Low,Medium
CAR_003284,390000.0,60826.0,Mid,Medium
CAR_003285,1500000.0,50000.0,Premium,Medium
CAR_003286,225000.0,35000.0,Low,High
CAR_003287,900000.0,110000.0,Low,High
CAR_003288,1600000.0,40000.0,Premium,Medium
CAR_003289,800000.0,10000.0,High,Low
CAR_003290,320000.0,50000.0,Mid,Medium
CAR_003291,300000.0,25000.0,Low,Low
CAR_003292,740000.0,25000.0,High,Low
CAR_003293,350000.0,1300.0,Mid,Low
CAR_003294,280000.0,40000.0,Low,Medium
CAR_003295,675000.0,50000.0,High,Medium
CAR_003296,300000.0,20000.0,Low,Low
CAR_003297,400000.0,60000.0,Mid,High
CAR_003298,420000.0,100000.0,Mid,High
CAR_003299,300000.0,120000.0,Low,High
CAR_003300,4461000.0,70000.0,Low,Medium
CAR_003301,210000.0,70000.0,Low,Medium
CAR_003302,600000.0,60000.0,Mid,Medium
CAR_003303,260000.0,38000.0,Low,Medium
CAR_003304,82000.0,19000.0,Low,Low
CAR_003305,690000.0,60000.0,High,High
CAR_003306,300000.0,70000.0,Low,Medium
CAR_003307,4461000.0,30000.0,Premium,Low
CAR_003308,799000.0,31707.0,High,Medium
CAR_003309,1000000.0,180000.0,High,Very High
CAR_003310,190000.0,90000.0,Low,High
CAR_003311,250000.0,30000.0,Low,Low
CAR_003312,200000.0,60000.0,Low,Medium
CAR_003313,4461000.0,90000.0,Low,High
CAR_003314,250000.0,120000.0,Low,High
CAR_003315,90000.0,60000.0,Low,Medium
CAR_003316,68000.0,70000.0,Low,Medium
CAR_003317,500000.0,26500.0,Mid,Low
CAR_003318,900000.0,50000.0,High,Medium
CAR_003319,100000.0,52000.0,Low,Medium
CAR_003320,700000.0,160000.0,High,High
CAR_003321,1750000.0,115992.0,Premium,High
CAR_003322,290000.0,110000.0,Low,High
CAR_003323,1050000.0,60000.0,Premium,High
CAR_003324,70000.0,100000.0,Low,High
CAR_003325,520000.0,41000.0,Low,Medium
CAR_003326,150000.0,90000.0,Low,High
CAR_003327,120000.0,90000.0,Low,High
CAR_003328,600000.0,25000.0,Mid,Low
CAR_003329,4461000.0,70000.0,Low,High
CAR_003330,400000.0,60000.0,Mid,Medium
CAR_003331,310000.0,30000.0,Mid,Low
CAR_003332,550000.0,30000.0,Mid,Low
CAR_003333,550000.0,60000.0,Mid,Medium
CAR_003334,320000.0,60000.0,Mid,High
CAR_003335,50000.0,100000.0,Low,High
CAR_003336,500000.0,32000.0,Low,Medium
CAR_003337,4461000.0,26500.0,Mid,High
CAR_003338,700000.0,50000.0,High,Medium
CAR_003339,4461000.0,110000.0,High,High
CAR_003340,4461000.0,84000.0,High,High
CAR_003341,700000.0,50000.0,High,Medium
CAR_003342,200000.0,60000.0,Low,High
CAR_003343,375000.0,150000.0,Mid,High
CAR_003344,470000.0,109052.0,Low,High
CAR_003345,550000.0,90658.0,Mid,High
CAR_003346,500000.0,110000.0,Mid,High
CAR_003347,4461000.0,25000.0,Low,Low
CAR_003348,270000.0,20000.0,Low,Low
CAR_003349,300000.0,80000.0,Low,High
CAR_003350,80000.0,60000.0,Low,Medium
CAR_003351,1451000.0,81000.0,Premium,High
CAR_003352,1085000.0,15000.0,Premium,Low
CAR_003353,245000.0,75000.0,Low,High
CAR_003354,700000.0,25552.0,High,Low
CAR_003355,300000.0,20000.0,Low,Low
CAR_003356,350000.0,80000.0,Mid,High
CAR_003357,635000.0,25000.0,High,Low
CAR_003358,325000.0,40700.0,Mid,Medium
CAR_003359,4461000.0,65500.0,Premium,Medium
CAR_003360,110000.0,42000.0,Low,Medium
CAR_003361,890000.0,8000.0,High,Low
CAR_003362,73000.0,80000.0,Low,High
CAR_003363,170000.0,77000.0,Low,High
CAR_003364,750000.0,60000.0,High,Low
CAR_003365,280000.0,28838.0,Low,Low
CAR_003366,690000.0,11174.0,High,Low
CAR_003367,130000.0,120000.0,Low,High
CAR_003368,73000.0,80000.0,Low,High
CAR_003369,85000.0,60000.0,Low,High
CAR_003370,1575000.0,60000.0,Premium,High
CAR_003371,325000.0,105000.0,Mid,High
CAR_003372,85000.0,120000.0,Low,High
CAR_003373,860000.0,30000.0,High,High
CAR_003374,690000.0,41000.0,High,Medium
CAR_003375,650000.0,54000.0,Low,High
CAR_003376,375000.0,40000.0,Low,Medium
CAR_003377,525000.0,71000.0,Low,High
CAR_003378,330000.0,72500.0,Mid,High
CAR_003379,280000.0,76600.0,Low,High
CAR_003380,4461000.0,60000.0,Low,Medium
CAR_003381,350000.0,110000.0,Mid,High
CAR_003382,480000.0,63000.0,Low,Medium
CAR_003383,620000.0,60000.0,High,Medium
CAR_003384,250000.0,60000.0,Low,Medium
CAR_003385,78692.0,80000.0,Low,High
CAR_003386,350000.0,80000.0,Mid,High
CAR_003387,250000.0,70000.0,Low,Medium
CAR_003388,260000.0,97700.0,Low,High
CAR_003389,640000.0,36000.0,Low,Medium
CAR_003390,220000.0,90000.0,Low,High
CAR_003391,465000.0,130000.0,Mid,High
CAR_003392,229999.0,120000.0,Low,High
CAR_003393,425000.0,15000.0,Mid,Low
CAR_003394,95000.0,120000.0,Low,High
CAR_003395,170000.0,60000.0,Low,Very High
CAR_003396,229999.0,37500.0,Low,Medium
CAR_003397,45000.0,50000.0,Low,Medium
CAR_003398,479000.0,145000.0,Mid,High
CAR_003399,370000.0,60000.0,Mid,Medium
CAR_003400,340000.0,30000.0,Low,Low
CAR_003401,620000.0,35000.0,High,Medium
CAR_003402,270000.0,60000.0,Low,Medium
CAR_003403,400000.0,60000.0,Low,Medium
CAR_003404,260000.0,40000.0,Low,Medium
CAR_003405,48000.0,50000.0,Low,Medium
CAR_003406,100000.0,23800.0,Low,Low
CAR_003407,4461000.0,70000.0,Mid,Medium
CAR_003408,120000.0,90000.0,Low,High
CAR_003409,125000.0,102000.0,Low,High
CAR_003410,160000.0,80000.0,Low,High
CAR_003411,190000.0,5000.0,Low,Low
CAR_003412,1700000.0,10000.0,Premium,Low
CAR_003413,250000.0,50000.0,Low,Medium
CAR_003414,500000.0,15000.0,Mid,Low
CAR_003415,400000.0,35000.0,Low,Medium
CAR_003416,500000.0,20000.0,Mid,Low
CAR_003417,1800000.0,99000.0,Premium,High
CAR_003418,320000.0,90000.0,Low,High
CAR_003419,250000.0,47000.0,Low,Medium
CAR_003420,105000.0,90000.0,Low,High
CAR_003421,550000.0,20000.0,Mid,Low
CAR_003422,600000.0,1100.0,Mid,Low
CAR_003423,210000.0,40000.0,Low,Medium
CAR_003424,210000.0,15000.0,Low,Low
CAR_003425,150000.0,40000.0,Low,Medium
CAR_003426,125000.0,60000.0,Low,Medium
CAR_003427,380000.0,20000.0,Mid,Low
CAR_003428,600000.0,5000.0,Mid,Low
CAR_003429,490000.0,27000.0,Low,Low
CAR_003430,545000.0,38000.0,Mid,Medium
CAR_003431,250000.0,60000.0,Low,High
CAR_003432,1050000.0,1100.0,Premium,Low
CAR_003433,100000.0,100000.0,Low,High
CAR_003434,250000.0,100000.0,Low,High
CAR_003435,100000.0,110000.0,Low,High
CAR_003436,350000.0,60000.0,Mid,Medium
CAR_003437,370000.0,70000.0,Mid,High
CAR_003438,121000.0,110000.0,Low,High
CAR_003439,570000.0,44077.0,Mid,Medium
CAR_003440,785000.0,24000.0,High,Low
CAR_003441,850000.0,30000.0,High,Low
CAR_003442,375000.0,30000.0,Low,Low
CAR_003443,619000.0,40000.0,High,Medium
CAR_003444,335000.0,90000.0,Mid,High
CAR_003445,500000.0,50000.0,Mid,Medium
CAR_003446,60000.0,100000.0,Low,High
CAR_003447,130000.0,50000.0,Low,Medium
CAR_003448,210000.0,210000.0,Low,High
CAR_003449,1900000.0,20000.0,Premium,Low
CAR_003450,270000.0,70000.0,Low,Medium
CAR_003451,225000.0,60000.0,Low,High
CAR_003452,4461000.0,160000.0,Low,Very High
CAR_003453,173000.0,70000.0,Low,Medium
CAR_003454,4800000.0,9422.0,Premium,Low
CAR_003455,710000.0,110000.0,High,High
CAR_003456,1500000.0,20000.0,Low,Low
CAR_003457,550000.0,20000.0,Mid,Low
CAR_003458,58000.0,70000.0,Low,Medium
CAR_003459,1200000.0,60000.0,Premium,Medium
CAR_003460,500000.0,150000.0,Mid,High
CAR_003461,120000.0,83000.0,Low,High
CAR_003462,300000.0,250000.0,Low,Very High
CAR_003463,300000.0,30000.0,Low,High
CAR_003464,295000.0,60000.0,Low,Low
CAR_003465,587000.0,80000.0,Mid,High
CAR_003466,430000.0,50000.0,Mid,Medium
CAR_003467,123000.0,50000.0,Low,Medium
CAR_003468,450000.0,48500.0,Mid,Medium
CAR_003469,130000.0,60000.0,Low,Medium
CAR_003470,110000.0,90000.0,Low,High
CAR_003471,200000.0,240000.0,Low,Very High
CAR_003472,320000.0,70000.0,Mid,Medium
CAR_003473,300000.0,60000.0,Low,Medium
CAR_003474,350000.0,110000.0,Mid,High
CAR_003475,800000.0,50000.0,High,Medium
CAR_003476,270000.0,175000.0,Low,Very High
CAR_003477,540000.0,60000.0,Mid,Medium
CAR_003478,160000.0,60000.0,Low,Medium
CAR_003479,340000.0,100000.0,Mid,High
CAR_003480,350000.0,60000.0,Low,High
CAR_003481,300000.0,100000.0,Low,High
CAR_003482,330000.0,63000.0,Mid,Medium
CAR_003483,325000.0,80000.0,Mid,High
CAR_003484,250000.0,55000.0,Low,Medium
CAR_003485,250000.0,55000.0,Low,Medium
CAR_003486,240000.0,60000.0,Low,Medium
CAR_003487,545000.0,5000.0,Low,High
CAR_003488,300000.0,48000.0,Low,Medium
CAR_003489,130000.0,80000.0,Low,High
CAR_003490,4461000.0,50000.0,Low,Medium
CAR_003491,360000.0,15000.0,Mid,Low
CAR_003492,250000.0,70000.0,Low,High
CAR_003493,475000.0,105000.0,Mid,High
CAR_003494,600000.0,50000.0,Mid,Medium
CAR_003495,4461000.0,80000.0,Low,High
CAR_003496,700000.0,50000.0,High,Medium
CAR_003497,1290000.0,5000.0,Premium,Low
CAR_003498,80000.0,58000.0,Low,Medium
CAR_003499,425000.0,12000.0,Mid,Low
CAR_003500,500000.0,10000.0,Mid,Low
CAR_003501,193000.0,45000.0,Low,Medium
CAR_003502,800000.0,10000.0,High,Low
CAR_003503,150000.0,50000.0,Low,Medium
CAR_003504,80000.0,60000.0,Low,Medium
CAR_003505,130000.0,100000.0,Low,High
CAR_003506,280000.0,80000.0,Low,High
CAR_003507,229999.0,110000.0,Low,High
CAR_003508,80000.0,120000.0,Low,High
CAR_003509,70000.0,10000.0,Low,Low
CAR_003510,240000.0,60000.0,Low,Medium
CAR_003511,380000.0,72000.0,Low,High
CAR_003512,240000.0,60000.0,Low,Medium
CAR_003513,80000.0,110000.0,Low,High
CAR_003514,265000.0,50000.0,Low,Medium
CAR_003515,320000.0,25000.0,Mid,Low
CAR_003516,500000.0,120000.0,Mid,High
CAR_003517,1300000.0,55000.0,Premium,Medium
CAR_003518,1500000.0,35000.0,Premium,Medium
CAR_003519,1800000.0,110000.0,Premium,High
CAR_003520,600000.0,80000.0,Mid,High
CAR_003521,420000.0,80000.0,Mid,High
CAR_003522,140000.0,120000.0,Low,High
CAR_003523,300000.0,100000.0,Low,High
CAR_003524,100000.0,60000.0,Low,Medium
CAR_003525,350000.0,25000.0,Mid,Low
CAR_003526,850000.0,19000.0,High,Low
CAR_003527,140000.0,54000.0,Low,Medium
CAR_003528,550000.0,17100.0,Mid,Low
CAR_003529,525000.0,19000.0,Mid,Low
CAR_003530,470000.0,146000.0,Mid,High
CAR_003531,900000.0,98000.0,High,High
CAR_003532,500000.0,224642.0,Mid,Very High
CAR_003533,80000.0,120000.0,Low,High
CAR_003534,175000.0,175000.0,Low,Very High
CAR_003535,1350000.0,15000.0,Premium,Low
CAR_003536,800000.0,50000.0,High,Medium
CAR_003537,250000.0,60000.0,Low,Low
CAR_003538,700000.0,60000.0,High,Low
CAR_003539,800000.0,25000.0,High,Low
CAR_003540,4461000.0,69000.0,High,Medium
CAR_003541,4461000.0,60000.0,Mid,Medium
CAR_003542,180000.0,222435.0,Low,Very High
CAR_003543,600000.0,66000.0,Mid,Medium
CAR_003544,150000.0,110000.0,Low,High
CAR_003545,450000.0,78000.0,Mid,High
CAR_003546,721000.0,10000.0,Low,Low
CAR_003547,300000.0,35000.0,Low,Medium
CAR_003548,1000000.0,10000.0,Low,High
CAR_003549,4461000.0,40000.0,Low,Medium
CAR_003550,450000.0,120000.0,Mid,High
CAR_003551,4461000.0,70000.0,Low,Medium
CAR_003552,545000.0,40000.0,Mid,Medium
CAR_003553,844999.0,20000.0,High,Low
CAR_003554,700000.0,93000.0,High,High
CAR_003555,650000.0,159000.0,High,Very High
CAR_003556,525000.0,75000.0,Mid,High
CAR_003557,110000.0,101100.0,Low,High
CAR_003558,180000.0,66000.0,Low,Medium
CAR_003559,280000.0,60000.0,Low,Low
CAR_003560,400000.0,10000.0,Mid,High
CAR_003561,625000.0,126000.0,High,High
CAR_003562,535000.0,70000.0,Mid,Medium
CAR_003563,459999.0,50000.0,Mid,Medium
CAR_003564,300000.0,60000.0,Low,High
CAR_003565,280000.0,60000.0,Low,Medium
CAR_003566,500000.0,70000.0,Low,Medium
CAR_003567,1200000.0,1200.0,Premium,Low
CAR_003568,300000.0,40000.0,Low,Medium
CAR_003569,4461000.0,80000.0,Low,High
CAR_003570,4461000.0,134444.0,Low,High
CAR_003571,4461000.0,120000.0,Low,High
CAR_003572,160000.0,120000.0,Low,High
CAR_003573,600000.0,60000.0,Mid,Very High
CAR_003574,110000.0,100000.0,Low,High
CAR_003575,450000.0,110000.0,Mid,High
CAR_003576,1350000.0,35000.0,Premium,Medium
CAR_003577,120000.0,165000.0,Low,Very High
CAR_003578,1040000.0,42000.0,Premium,High
CAR_003579,390000.0,60000.0,Mid,Medium
CAR_003580,65000.0,60000.0,Low,Medium
CAR_003581,320000.0,115000.0,Mid,High
CAR_003582,720000.0,60000.0,High,Medium
CAR_003583,220000.0,80000.0,Low,High
CAR_003584,4461000.0,60000.0,Low,Medium
CAR_003585,200000.0,150000.0,Low,High
CAR_003586,4461000.0,75000.0,Mid,High
CAR_003587,300000.0,63700.0,Low,High
CAR_003588,700000.0,74800.0,High,High
CAR_003589,500000.0,105000.0,Mid,High
CAR_003590,500000.0,40000.0,Mid,Medium
CAR_003591,400000.0,90000.0,Mid,High
CAR_003592,825000.0,75000.0,Low,High
CAR_003593,4461000.0,15000.0,High,Low
CAR_003594,110000.0,30000.0,Low,High
CAR_003595,600000.0,60000.0,Low,High
CAR_003596,275000.0,155000.0,Low,Very High
CAR_003597,2349000.0,149000.0,Premium,High
CAR_003598,740000.0,60000.0,High,Medium
CAR_003599,800000.0,90000.0,High,High
CAR_003600,1100000.0,100000.0,Premium,High
CAR_003601,4461000.0,100000.0,High,High
CAR_003602,200000.0,60000.0,Low,High
CAR_003603,210000.0,75000.0,Low,High
CAR_003604,270000.0,120000.0,Low,High
CAR_003605,630000.0,60000.0,High,High
CAR_003606,4461000.0,55000.0,Mid,Medium
CAR_003607,300000.0,70000.0,Low,Medium
CAR_003608,580000.0,95000.0,Mid,High
CAR_003609,550000.0,60000.0,Mid,Medium
CAR_003610,4461000.0,50000.0,High,Medium
CAR_003611,4461000.0,60516.0,Low,Medium
CAR_003612,434999.0,235000.0,Mid,Very High
CAR_003613,4461000.0,76731.0,High,High
CAR_003614,685000.0,64000.0,High,Medium
CAR_003615,540000.0,65000.0,Mid,Medium
CAR_003616,1165000.0,13000.0,Premium,Low
CAR_003617,610000.0,77000.0,High,High
CAR_003618,254999.0,24000.0,Low,Low
CAR_003619,280000.0,63840.0,Low,Medium
CAR_003620,370000.0,25000.0,Mid,Low
CAR_003621,459999.0,76400.0,Mid,High
CAR_003622,42000.0,70000.0,Low,Medium
CAR_003623,42000.0,70000.0,Low,Medium
CAR_003624,4461000.0,80000.0,Low,High
CAR_003625,4461000.0,100000.0,Low,High
CAR_003626,710000.0,40000.0,High,Medium
CAR_003627,1200000.0,15000.0,Premium,Low
CAR_003628,229999.0,70000.0,Low,Medium
CAR_003629,310000.0,15000.0,Mid,Low
CAR_003630,320000.0,40000.0,Mid,Medium
CAR_003631,100000.0,54000.0,Low,Medium
CAR_003632,160000.0,90000.0,Low,High
CAR_003633,60000.0,60000.0,Low,Medium
CAR_003634,100000.0,200000.0,Low,Very High
CAR_003635,350000.0,35000.0,Mid,Medium
CAR_003636,700000.0,60000.0,High,High
CAR_003637,300000.0,31489.0,Low,Medium
CAR_003638,830000.0,40000.0,High,Medium
CAR_003639,220000.0,110000.0,Low,High
CAR_003640,130000.0,50000.0,Low,Medium
CAR_003641,330000.0,44000.0,Mid,Medium
CAR_003642,254999.0,90000.0,Low,High
CAR_003643,600000.0,50000.0,Mid,Medium
CAR_003644,210000.0,50000.0,Low,Medium
CAR_003645,4461000.0,81366.0,Low,High
CAR_003646,95000.0,110000.0,Low,High
CAR_003647,229999.0,300000.0,Low,Very High
CAR_003648,229999.0,70000.0,Low,Medium
CAR_003649,400000.0,100000.0,Mid,High
CAR_003650,300000.0,70000.0,Low,Medium
CAR_003651,300000.0,50000.0,Low,Medium
CAR_003652,80000.0,180000.0,Low,Very High
CAR_003653,80000.0,60000.0,Low,High
CAR_003654,100000.0,60000.0,Low,High
CAR_003655,300000.0,110000.0,Low,High
CAR_003656,700000.0,26000.0,High,Low
CAR_003657,975000.0,65000.0,Low,Medium
CAR_003658,500000.0,130000.0,Low,High
CAR_003659,550000.0,75000.0,Mid,High
CAR_003660,550000.0,110000.0,Mid,High
CAR_003661,240000.0,50000.0,Low,Medium
CAR_003662,50000.0,80000.0,Low,High
CAR_003663,120000.0,80000.0,Low,High
CAR_003664,900000.0,60000.0,High,Medium
CAR_003665,4461000.0,90000.0,Low,High
CAR_003666,280000.0,36000.0,Low,Medium
CAR_003667,85000.0,87000.0,Low,High
CAR_003668,90000.0,80000.0,Low,High
CAR_003669,500000.0,50000.0,Mid,Medium
CAR_003670,200000.0,60000.0,Low,Medium
CAR_003671,250000.0,50000.0,Low,Medium
CAR_003672,185000.0,40000.0,Low,Medium
CAR_003673,100000.0,60000.0,Low,Medium
CAR_003674,610000.0,55000.0,High,High
CAR_003675,290000.0,80000.0,Low,High
CAR_003676,300000.0,60000.0,Low,Very High
CAR_003677,225000.0,80000.0,Low,High
CAR_003678,4461000.0,50000.0,Mid,Medium
CAR_003679,135000.0,158000.0,Low,Very High
CAR_003680,400000.0,400000.0,Mid,Very High
CAR_003681,400000.0,25000.0,Mid,Low
CAR_003682,570000.0,35000.0,Mid,Medium
CAR_003683,500000.0,12000.0,Mid,Low
CAR_003684,130000.0,70000.0,Low,Medium
CAR_003685,360000.0,4000.0,Mid,Low
CAR_003686,530000.0,10832.0,Mid,Low
CAR_003687,250000.0,50000.0,Low,Medium
CAR_003688,600000.0,19495.0,Mid,Low
CAR_003689,570000.0,62668.0,Low,Medium
CAR_003690,850000.0,85710.0,High,High
CAR_003691,250000.0,55130.0,Low,Medium
CAR_003692,580000.0,63356.0,Mid,Medium
CAR_003693,1680000.0,129627.0,Premium,High
CAR_003694,180000.0,15000.0,Low,Low
CAR_003695,300000.0,50000.0,Low,Medium
CAR_003696,269000.0,70000.0,Low,Medium
CAR_003697,231999.0,20000.0,Low,Low
CAR_003698,150000.0,60000.0,Low,High
CAR_003699,495000.0,5000.0,Mid,Low
CAR_003700,700000.0,15000.0,High,Low
CAR_003701,400000.0,4400.0,Mid,Low
CAR_003702,599000.0,15000.0,Low,Low
CAR_003703,421000.0,45000.0,Mid,Medium
CAR_003704,841000.0,1000.0,High,Low
CAR_003705,295000.0,38500.0,Low,Medium
CAR_003706,220000.0,25000.0,Low,Low
CAR_003707,250000.0,35000.0,Low,Medium
CAR_003708,1100000.0,110000.0,Premium,High
CAR_003709,300000.0,40000.0,Low,High
CAR_003710,80000.0,110000.0,Low,High
CAR_003711,215000.0,20000.0,Low,Low
CAR_003712,245000.0,14987.0,Low,Low
CAR_003713,650000.0,25061.0,Low,Low
CAR_003714,760000.0,42494.0,High,Medium
CAR_003715,395000.0,44875.0,Mid,Medium
CAR_003716,280000.0,89741.0,Low,High
CAR_003717,495000.0,65000.0,Mid,Medium
CAR_003718,525000.0,60000.0,Mid,Medium
CAR_003719,420000.0,347089.0,Mid,Very High
CAR_003720,210000.0,34500.0,Low,Medium
CAR_003721,650000.0,30000.0,High,Low
CAR_003722,2300000.0,39000.0,Premium,Medium
CAR_003723,525000.0,60000.0,Low,Low
CAR_003724,195000.0,80000.0,Low,High
CAR_003725,650000.0,60000.0,High,Medium
CAR_003726,540000.0,110000.0,Mid,High
CAR_003727,180000.0,61000.0,Low,Medium
CAR_003728,4461000.0,29000.0,High,High
CAR_003729,980000.0,50000.0,High,Medium
CAR_003730,250000.0,90000.0,Low,High
CAR_003731,550000.0,35000.0,Mid,Medium
CAR_003732,509999.0,43000.0,Mid,Medium
CAR_003733,320000.0,50000.0,Mid,Medium
CAR_003734,4461000.0,25000.0,Low,Low
CAR_003735,550000.0,222252.0,Mid,Very High
CAR_003736,145000.0,50000.0,Low,Medium
CAR_003737,250000.0,80000.0,Low,High
CAR_003738,520000.0,35000.0,Mid,Medium
CAR_003739,4461000.0,85000.0,Low,High
CAR_003740,725000.0,110000.0,High,High
CAR_003741,55000.0,70000.0,Low,Medium
CAR_003742,600000.0,100000.0,Mid,High
CAR_003743,330000.0,120000.0,Mid,High
CAR_003744,470000.0,89000.0,Mid,High
CAR_003745,365000.0,120000.0,Mid,High
CAR_003746,250000.0,60000.0,Low,Medium
CAR_003747,430000.0,17000.0,Mid,High
CAR_003748,400000.0,125000.0,Mid,High
CAR_003749,615000.0,110000.0,High,High
CAR_003750,150000.0,120000.0,Low,High
CAR_003751,240000.0,90000.0,Low,High
CAR_003752,800000.0,90000.0,High,High
CAR_003753,240000.0,110000.0,Low,High
CAR_003754,600000.0,87000.0,Mid,High
CAR_003755,800000.0,60000.0,High,Low
CAR_003756,160000.0,70000.0,Low,Medium
CAR_003757,350000.0,38000.0,Mid,Medium
CAR_003758,300000.0,64000.0,Low,Medium
CAR_003759,4461000.0,55250.0,Mid,Medium
CAR_003760,300000.0,110000.0,Low,High
CAR_003761,150000.0,70000.0,Low,Medium
CAR_003762,320000.0,60000.0,Mid,Medium
CAR_003763,1280000.0,17000.0,Premium,Low
CAR_003764,300000.0,13000.0,Low,Low
CAR_003765,1000000.0,60000.0,High,High
CAR_003766,1090000.0,120000.0,Premium,High
CAR_003767,450000.0,97000.0,Mid,High
CAR_003768,60000.0,60000.0,Low,High
CAR_003769,500000.0,50000.0,Mid,Medium
CAR_003770,200000.0,120000.0,Low,High
CAR_003771,650000.0,68000.0,High,Medium
CAR_003772,60000.0,60000.0,Low,High
CAR_003773,250999.0,80000.0,Low,High
CAR_003774,185000.0,67000.0,Low,Medium
CAR_003775,155000.0,60000.0,Low,Medium
CAR_003776,600000.0,5000.0,Mid,Low
CAR_003777,300000.0,20000.0,Low,Low
CAR_003778,850000.0,12500.0,High,Low
CAR_003779,470000.0,4000.0,Mid,Low
CAR_003780,600000.0,25000.0,Mid,Low
CAR_003781,4461000.0,70000.0,High,High
CAR_003782,70000.0,162000.0,Low,Very High
CAR_003783,1250000.0,205000.0,Premium,Very High
CAR_003784,650000.0,70000.0,High,Medium
CAR_003785,450000.0,60000.0,Mid,Medium
CAR_003786,750000.0,100000.0,High,High
CAR_003787,775000.0,70000.0,High,Medium
CAR_003788,4461000.0,220000.0,Low,Very High
CAR_003789,4461000.0,80000.0,Mid,High
CAR_003790,250000.0,120000.0,Low,High
CAR_003791,1490000.0,22038.0,Premium,Low
CAR_003792,600000.0,80000.0,Mid,High
CAR_003793,120000.0,90000.0,Low,High
CAR_003794,320000.0,140000.0,Mid,High
CAR_003795,400000.0,120000.0,Mid,High
CAR_003796,302000.0,60000.0,Mid,Medium
CAR_003797,130000.0,60000.0,Low,High
CAR_003798,150000.0,60000.0,Low,Medium
CAR_003799,200000.0,90000.0,Low,High
CAR_003800,950000.0,80000.0,High,High
CAR_003801,120000.0,175000.0,Low,High
CAR_003802,1400000.0,10000.0,Premium,High
CAR_003803,620000.0,65000.0,High,Medium
CAR_003804,449000.0,90000.0,Mid,High
CAR_003805,100000.0,70000.0,Low,Medium
CAR_003806,600000.0,2500.0,Mid,Low
CAR_003807,700000.0,35000.0,High,High
CAR_003808,250000.0,40000.0,Low,Medium
CAR_003809,550000.0,63000.0,Low,Medium
CAR_003810,4461000.0,88000.0,Low,High
CAR_003811,4461000.0,55000.0,Low,Medium
CAR_003812,325000.0,71014.0,Mid,High
CAR_003813,370000.0,60000.0,Low,Medium
CAR_003814,360000.0,70000.0,Mid,Medium
CAR_003815,650000.0,60000.0,High,High
CAR_003816,199000.0,92000.0,Low,High
CAR_003817,285000.0,89126.0,Low,High
CAR_003818,260000.0,134000.0,Low,High
CAR_003819,4461000.0,15000.0,High,Low
CAR_003820,425000.0,60000.0,Mid,Medium
CAR_003821,490000.0,42000.0,Mid,High
CAR_003822,4461000.0,70000.0,High,High
CAR_003823,125000.0,110000.0,Low,High
CAR_003824,221000.0,131365.0,Low,High
CAR_003825,724000.0,48980.0,High,Medium
CAR_003826,440000.0,46000.0,Mid,Medium
CAR_003827,70000.0,60000.0,Low,Medium
CAR_003828,4461000.0,60000.0,Mid,Medium
CAR_003829,790000.0,22000.0,High,Low
CAR_003830,4461000.0,37000.0,High,Medium
CAR_003831,120000.0,70000.0,Low,Medium
CAR_003832,126000.0,98900.0,Low,High
CAR_003833,120000.0,125000.0,Low,High
CAR_003834,650000.0,60000.0,High,Medium
CAR_003835,450000.0,80000.0,Mid,High
CAR_003836,110000.0,80000.0,Low,High
CAR_003837,4461000.0,40000.0,Mid,Medium
CAR_003838,620000.0,60000.0,High,High
CAR_003839,600000.0,30000.0,Mid,Low
CAR_003840,795000.0,35000.0,High,Medium
CAR_003841,300000.0,180000.0,Low,Very High
CAR_003842,495000.0,60000.0,Mid,Medium
CAR_003843,1580000.0,86000.0,Premium,High
CAR_003844,1750000.0,127643.0,Low,High
CAR_003845,1350000.0,60000.0,Low,Medium
CAR_003846,4461000.0,145000.0,Mid,High
CAR_003847,4461000.0,25000.0,Low,Low
CAR_003848,400000.0,54000.0,Mid,Medium
CAR_003849,1750000.0,102354.0,Premium,High
CAR_003850,70000.0,70000.0,Low,Medium
CAR_003851,500000.0,70000.0,Mid,Medium
CAR_003852,2575000.0,36000.0,Premium,Medium
CAR_003853,345000.0,58000.0,Mid,Medium
CAR_003854,220000.0,100000.0,Low,High
CAR_003855,1850000.0,62237.0,Premium,Medium
CAR_003856,114999.0,90000.0,Low,High
CAR_003857,50000.0,100000.0,Low,High
CAR_003858,585000.0,14000.0,Mid,Low
CAR_003859,950000.0,21394.0,Low,Low
CAR_003860,625000.0,13800.0,High,Low
CAR_003861,1035000.0,23000.0,Premium,Low
CAR_003862,310000.0,32686.0,Mid,High
CAR_003863,600000.0,99700.0,Mid,High
CAR_003864,3100000.0,5000.0,Premium,Low
CAR_003865,650000.0,49654.0,High,Medium
CAR_003866,550000.0,60000.0,Mid,High
CAR_003867,1260000.0,39221.0,Premium,Medium
CAR_003868,660000.0,60000.0,High,Medium
CAR_003869,700000.0,11114.0,High,Low
CAR_003870,4461000.0,60000.0,Low,Medium
CAR_003871,475000.0,80000.0,Low,High
CAR_003872,795000.0,98600.0,High,High
CAR_003873,8900000.0,13000.0,Low,Low
CAR_003874,3200000.0,30000.0,Premium,Low
CAR_003875,1860000.0,18000.0,Premium,High
CAR_003876,4200000.0,100000.0,Premium,High
CAR_003877,850000.0,58000.0,High,High
CAR_003878,585000.0,85441.0,Mid,High
CAR_003879,380000.0,64541.0,Mid,Medium
CAR_003880,650000.0,35000.0,High,High
CAR_003881,600000.0,30000.0,Mid,Low
CAR_003882,4461000.0,16267.0,Mid,Low
CAR_003883,525000.0,71500.0,Mid,High
CAR_003884,4461000.0,60000.0,Premium,Low
CAR_003885,160000.0,80000.0,Low,High
CAR_003886,160000.0,90000.0,Low,High
CAR_003887,125000.0,28000.0,Low,Low
CAR_003888,430000.0,200000.0,Low,Very High
CAR_003889,900000.0,14700.0,High,Low
CAR_003890,61000.0,90000.0,Low,High
CAR_003891,400000.0,50000.0,Low,Medium
CAR_003892,150000.0,100000.0,Low,High
CAR_003893,950000.0,24000.0,Low,Low
CAR_003894,220000.0,100000.0,Low,High
CAR_003895,110000.0,90000.0,Low,High
CAR_003896,375000.0,60000.0,Mid,Low
CAR_003897,350000.0,80000.0,Mid,High
CAR_003898,310000.0,92686.0,Mid,High
CAR_003899,90000.0,300000.0,Low,High
CAR_003900,350000.0,90000.0,Mid,High
CAR_003901,100000.0,60000.0,Low,Medium
CAR_003902,1300000.0,40000.0,Premium,Medium
CAR_003903,70000.0,90000.0,Low,High
CAR_003904,225000.0,60000.0,Low,High
CAR_003905,145000.0,100000.0,Low,High
CAR_003906,930000.0,60000.0,High,Low
CAR_003907,550000.0,51000.0,Mid,Medium
CAR_003908,85000.0,120000.0,Low,High
CAR_003909,280000.0,55000.0,Low,Medium
CAR_003910,360000.0,6000.0,Mid,Low
CAR_003911,150000.0,40000.0,Low,Medium
CAR_003912,900000.0,15000.0,High,Low
CAR_003913,120000.0,50000.0,Low,Medium
CAR_003914,215000.0,90000.0,Low,High
CAR_003915,550000.0,38500.0,Mid,Medium
CAR_003916,775000.0,35000.0,High,High
CAR_003917,409999.0,49359.0,Mid,Medium
CAR_003918,4461000.0,70000.0,Low,Medium
CAR_003919,200000.0,90000.0,Low,High
CAR_003920,240000.0,50000.0,Low,High
CAR_003921,800000.0,108731.0,High,High
CAR_003922,400000.0,120000.0,Mid,High
CAR_003923,4461000.0,60000.0,Mid,Medium
CAR_003924,150000.0,90000.0,Low,High
CAR_003925,500000.0,140000.0,Mid,High
CAR_003926,4461000.0,80000.0,Mid,High
CAR_003927,300000.0,90000.0,Low,High
CAR_003928,650000.0,40000.0,High,Medium
CAR_003929,285000.0,14000.0,Low,High
CAR_003930,360000.0,70000.0,Mid,Medium
CAR_003931,450000.0,55000.0,Low,Medium
CAR_003932,4461000.0,60000.0,Low,Medium
CAR_003933,350000.0,74000.0,Mid,High
CAR_003934,530000.0,45000.0,Mid,Medium
CAR_003935,1025000.0,38000.0,Premium,Medium
CAR_003936,950000.0,24000.0,High,Low
CAR_003937,725000.0,29976.0,High,Low
CAR_003938,919999.0,60000.0,High,Medium
CAR_003939,700000.0,15000.0,High,Low
CAR_003940,725000.0,36000.0,High,Medium
CAR_003941,840000.0,30646.0,High,Medium
CAR_003942,365000.0,60000.0,Mid,Low
CAR_003943,665000.0,71318.0,Low,High
CAR_003944,50000.0,60000.0,Low,High
CAR_003945,225000.0,60000.0,Low,High
CAR_003946,4461000.0,45000.0,Low,High
CAR_003947,145000.0,67000.0,Low,Medium
CAR_003948,4461000.0,14681.0,High,Low
CAR_003949,500000.0,25000.0,Mid,Low
CAR_003950,750000.0,18054.0,High,Low
CAR_003951,785000.0,40000.0,High,Medium
CAR_003952,225000.0,30000.0,Low,High
CAR_003953,300000.0,80000.0,Low,High
CAR_003954,680000.0,20000.0,High,Low
CAR_003955,4461000.0,40000.0,High,Medium
CAR_003956,180000.0,120000.0,Low,High
CAR_003957,270000.0,120000.0,Low,High
CAR_003958,370000.0,60000.0,Mid,High
CAR_003959,1100000.0,60000.0,Premium,Medium
CAR_003960,120000.0,120000.0,Low,High
CAR_003961,430000.0,60000.0,Mid,High
CAR_003962,550000.0,38406.0,Mid,Medium
CAR_003963,4461000.0,54350.0,Mid,Medium
CAR_003964,390000.0,32260.0,Mid,High
CAR_003965,550000.0,58231.0,Mid,Medium
CAR_003966,370000.0,59858.0,Mid,Medium
CAR_003967,4461000.0,73350.0,Low,High
CAR_003968,4461000.0,88473.0,Mid,High
CAR_003969,450000.0,96987.0,Mid,High
CAR_003970,5500000.0,77350.0,Premium,High
CAR_003971,550000.0,61187.0,Mid,Medium
CAR_003972,400000.0,68350.0,Mid,Medium
CAR_003973,585000.0,81150.0,Mid,High
CAR_003974,4461000.0,30000.0,Mid,Low
CAR_003975,800000.0,30000.0,High,Low
CAR_003976,265000.0,120000.0,Low,High
CAR_003977,175000.0,60000.0,Low,High
CAR_003978,125000.0,60000.0,Low,Medium
CAR_003979,4461000.0,80000.0,Low,High
CAR_003980,150000.0,280000.0,Low,High
CAR_003981,1025000.0,90000.0,Premium,High
CAR_003982,1030000.0,250000.0,Premium,Very High
CAR_003983,380000.0,90000.0,Mid,High
CAR_003984,250000.0,110000.0,Low,High
CAR_003985,85000.0,80000.0,Low,High
CAR_003986,500000.0,35000.0,Mid,Medium
CAR_003987,350000.0,15000.0,Mid,High
CAR_003988,190000.0,52000.0,Low,Medium
CAR_003989,940000.0,140000.0,High,High
CAR_003990,475000.0,60000.0,Mid,Medium
CAR_003991,300000.0,17000.0,Low,Low
CAR_003992,250000.0,70000.0,Low,Medium
CAR_003993,93000.0,97000.0,Low,High
CAR_003994,290000.0,125000.0,Low,High
CAR_003995,75000.0,300000.0,Low,Very High
CAR_003996,4461000.0,120000.0,Low,High
CAR_003997,550000.0,87000.0,Mid,High
CAR_003998,285000.0,75000.0,Low,High
CAR_003999,240000.0,60000.0,Low,Medium
CAR_004000,850000.0,25000.0,High,High
CAR_004001,650000.0,26000.0,High,Low
CAR_004002,365000.0,78000.0,Low,High
CAR_004003,4461000.0,26000.0,High,Low
CAR_004004,4461000.0,35000.0,Low,Medium
CAR_004005,250000.0,100000.0,Low,High
CAR_004006,4461000.0,60000.0,Mid,High
CAR_004007,70000.0,90000.0,Low,High
CAR_004008,225000.0,80000.0,Low,High
CAR_004009,145000.0,100000.0,Low,High
CAR_004010,930000.0,20000.0,High,Low
CAR_004011,4461000.0,51000.0,Mid,High
CAR_004012,85000.0,120000.0,Low,High
CAR_004013,280000.0,55000.0,Low,Medium
CAR_004014,4461000.0,6000.0,Mid,Low
CAR_004015,150000.0,40000.0,Low,Medium
CAR_004016,900000.0,15000.0,High,Low
CAR_004017,120000.0,50000.0,Low,Medium
CAR_004018,4461000.0,90000.0,Low,High
CAR_004019,550000.0,38500.0,Mid,Medium
CAR_004020,775000.0,35000.0,High,Medium
CAR_004021,409999.0,60000.0,Low,Medium
CAR_004022,65000.0,70000.0,Low,Medium
CAR_004023,200000.0,90000.0,Low,High
CAR_004024,240000.0,50000.0,Low,Medium
CAR_004025,800000.0,108731.0,High,High
CAR_004026,400000.0,120000.0,Mid,High
CAR_004027,229999.0,40000.0,Low,Medium
CAR_004028,580000.0,120000.0,Mid,High
CAR_004029,175000.0,100000.0,Low,High
CAR_004030,250000.0,110000.0,Low,High
CAR_004031,4461000.0,80000.0,Low,High
CAR_004032,300000.0,90000.0,Low,High
CAR_004033,800000.0,60000.0,High,Medium
CAR_004034,4461000.0,75000.0,Low,High
CAR_004035,300000.0,20000.0,Low,Low
CAR_004036,350000.0,60000.0,Mid,High
CAR_004037,70000.0,105700.0,Low,High
CAR_004038,430999.0,14000.0,Mid,Low
CAR_004039,80000.0,70000.0,Low,High
CAR_004040,335000.0,28000.0,Low,High
CAR_004041,350000.0,51000.0,Mid,Medium
CAR_004042,315000.0,56000.0,Mid,Medium
CAR_004043,1100000.0,35000.0,Premium,Medium
CAR_004044,80000.0,24000.0,Low,Low
CAR_004045,285000.0,64000.0,Low,Medium
CAR_004046,100000.0,120000.0,Low,High
CAR_004047,225000.0,37091.0,Low,Medium
CAR_004048,4500000.0,80000.0,Premium,High
CAR_004049,320000.0,38900.0,Mid,Medium
CAR_004050,1249000.0,60000.0,Low,Medium
CAR_004051,120000.0,110000.0,Low,High
CAR_004052,200000.0,100000.0,Low,High
CAR_004053,1151000.0,85000.0,Premium,High
CAR_004054,120000.0,140000.0,Low,High
CAR_004055,220000.0,20000.0,Low,Low
CAR_004056,750000.0,15000.0,High,Low
CAR_004057,784000.0,60000.0,High,Medium
CAR_004058,500000.0,50000.0,Mid,Medium
CAR_004059,350000.0,60000.0,Mid,Low
CAR_004060,1400000.0,50000.0,Premium,Medium
CAR_004061,600000.0,100000.0,Mid,High
CAR_004062,525000.0,9400.0,Mid,Low
CAR_004063,930000.0,12000.0,High,Low
CAR_004064,440000.0,14100.0,Mid,Low
CAR_004065,434999.0,21000.0,Mid,High
CAR_004066,250000.0,28000.0,Low,Low
CAR_004067,940000.0,35000.0,Low,Medium
CAR_004068,1050000.0,31000.0,Premium,High
CAR_004069,4461000.0,58000.0,High,High
CAR_004070,229999.0,25000.0,Low,Low
CAR_004071,375000.0,72000.0,Mid,High
CAR_004072,640000.0,89000.0,High,High
CAR_004073,4461000.0,160000.0,High,Very High
CAR_004074,130000.0,30000.0,Low,Low
CAR_004075,300000.0,37555.0,Low,Medium
CAR_004076,440000.0,14000.0,Mid,Low
CAR_004077,595000.0,56600.0,Mid,Medium
CAR_004078,450000.0,110000.0,Mid,High
CAR_004079,690000.0,50000.0,High,Medium
CAR_004080,4461000.0,5000.0,Low,Low
CAR_004081,170000.0,100000.0,Low,High
CAR_004082,280000.0,120000.0,Low,High
CAR_004083,220000.0,67580.0,Low,High
CAR_004084,140000.0,100000.0,Low,High
CAR_004085,45000.0,60000.0,Low,Medium
CAR_004086,200000.0,125000.0,Low,High
CAR_004087,325000.0,120000.0,Mid,High
CAR_004088,300000.0,60000.0,Low,High
CAR_004089,120000.0,250000.0,Low,Very High
CAR_004090,535000.0,52600.0,Mid,Medium
CAR_004091,520000.0,82000.0,Low,High
CAR_004092,550000.0,19890.0,Low,Low
CAR_004093,280000.0,40000.0,Low,Medium
CAR_004094,225000.0,78000.0,Low,High
CAR_004095,750000.0,48238.0,High,Medium
CAR_004096,4461000.0,38365.0,Mid,Medium
CAR_004097,1250000.0,23670.0,Premium,Low
CAR_004098,650000.0,49834.0,High,Medium
CAR_004099,295000.0,57353.0,Low,High
CAR_004100,480000.0,68308.0,Mid,Medium
CAR_004101,575000.0,63240.0,Mid,High
CAR_004102,509999.0,60000.0,Mid,Medium
CAR_004103,69000.0,100000.0,Low,High
CAR_004104,200000.0,60000.0,Low,Medium
CAR_004105,449000.0,90000.0,Mid,High
CAR_004106,426000.0,1000.0,Mid,Low
CAR_004107,650000.0,60000.0,High,Low
CAR_004108,260000.0,50000.0,Low,Medium
CAR_004109,295000.0,90000.0,Low,High
CAR_004110,260000.0,30000.0,Low,Low
CAR_004111,120000.0,140000.0,Low,High
CAR_004112,155000.0,65000.0,Low,Medium
CAR_004113,450000.0,60000.0,Mid,Medium
CAR_004114,320000.0,80000.0,Mid,High
CAR_004115,123000.0,50000.0,Low,Medium
CAR_004116,4461000.0,110000.0,Low,High
CAR_004117,220000.0,90000.0,Low,High
CAR_004118,650000.0,37000.0,High,Medium
CAR_004119,285000.0,30000.0,Low,High
CAR_004120,725000.0,26000.0,High,Low
CAR_004121,97000.0,128000.0,Low,High
CAR_004122,625000.0,30000.0,High,Low
CAR_004123,550000.0,23000.0,Mid,Low
CAR_004124,130000.0,120000.0,Low,High
CAR_004125,240000.0,40000.0,Low,Medium
CAR_004126,600000.0,60000.0,Mid,Low
CAR_004127,350000.0,65000.0,Mid,Medium
CAR_004128,245000.0,32000.0,Low,Medium
CAR_004129,199000.0,52536.0,Low,Medium
CAR_004130,330000.0,100000.0,Mid,High
CAR_004131,150000.0,80000.0,Low,High
CAR_004132,927999.0,90000.0,High,High
CAR_004133,70000.0,60000.0,Low,Medium
CAR_004134,399000.0,55000.0,Mid,Medium
CAR_004135,4461000.0,90000.0,Mid,High
CAR_004136,125000.0,50000.0,Low,Medium
CAR_004137,4461000.0,90000.0,Low,High
CAR_004138,250000.0,25000.0,Low,Low
CAR_004139,675000.0,61000.0,High,Medium
CAR_004140,950000.0,60000.0,High,Low
CAR_004141,409999.0,45000.0,Mid,Medium
CAR_004142,4461000.0,60000.0,Low,Medium
CAR_004143,350000.0,75000.0,Mid,High
CAR_004144,51111.0,140000.0,Low,High
CAR_004145,290000.0,56000.0,Low,Medium
CAR_004146,310000.0,62000.0,Mid,Medium
CAR_004147,212000.0,58000.0,Low,Medium
CAR_004148,900000.0,49000.0,High,Medium
CAR_004149,221000.0,56000.0,Low,High
CAR_004150,675000.0,60000.0,High,High
CAR_004151,4461000.0,60000.0,Low,Medium
CAR_004152,350000.0,10000.0,Mid,Low
CAR_004153,140000.0,110000.0,Low,High
CAR_004154,4461000.0,116000.0,Low,High
CAR_004155,830000.0,40000.0,High,Medium
CAR_004156,180000.0,30000.0,Low,Low
CAR_004157,210000.0,109000.0,Low,High
CAR_004158,700000.0,90000.0,High,High
CAR_004159,45000.0,7000.0,Low,High
CAR_004160,125000.0,60000.0,Low,High
CAR_004161,530000.0,64916.0,Mid,Medium
CAR_004162,800000.0,37161.0,High,Medium
CAR_004163,580000.0,15000.0,Mid,Low
CAR_004164,4461000.0,118000.0,Premium,High
CAR_004165,300000.0,50852.0,Low,Medium
CAR_004166,300000.0,30000.0,Low,Low
CAR_004167,700000.0,77000.0,High,High
CAR_004168,4461000.0,60000.0,Low,Medium
CAR_004169,500000.0,120000.0,Mid,High
CAR_004170,428000.0,60000.0,Mid,Medium
CAR_004171,1400000.0,33000.0,Low,Medium
CAR_004172,219000.0,53500.0,Low,Medium
CAR_004173,500000.0,40000.0,Mid,Medium
CAR_004174,520000.0,60000.0,Mid,High
CAR_004175,509999.0,60000.0,Mid,Medium
CAR_004176,556000.0,24000.0,Mid,Low
CAR_004177,225000.0,120000.0,Low,High
CAR_004178,325000.0,65000.0,Mid,Medium
CAR_004179,365000.0,65000.0,Mid,Medium
CAR_004180,850000.0,60000.0,Low,High
CAR_004181,350000.0,75000.0,Mid,High
CAR_004182,4461000.0,60000.0,Low,Medium
CAR_004183,4461000.0,50000.0,Low,Medium
CAR_004184,140000.0,49000.0,Low,Medium
CAR_004185,665000.0,560000.0,High,Very High
CAR_004186,275000.0,14365.0,Low,High
CAR_004187,2750000.0,41000.0,Premium,Medium
CAR_004188,484999.0,65000.0,Mid,Medium
CAR_004189,565000.0,60000.0,Mid,Medium
CAR_004190,425000.0,60000.0,Mid,Medium
CAR_004191,925000.0,75000.0,High,High
CAR_004192,565000.0,72000.0,Mid,High
CAR_004193,525000.0,65000.0,Mid,Medium
CAR_004194,409999.0,60000.0,Mid,Medium
CAR_004195,570000.0,5000.0,Mid,Low
CAR_004196,160000.0,80000.0,Low,High
CAR_004197,749000.0,51500.0,Low,Medium
CAR_004198,300000.0,120000.0,Low,High
CAR_004199,550000.0,79800.0,Mid,High
CAR_004200,550000.0,97000.0,Mid,High
CAR_004201,1250000.0,6590.0,Premium,Low
CAR_004202,700000.0,49957.0,High,Medium
CAR_004203,600000.0,43235.0,Mid,Medium
CAR_004204,925000.0,50699.0,High,Medium
CAR_004205,1800000.0,126000.0,Premium,High
CAR_004206,459999.0,140730.0,Mid,High
CAR_004207,565000.0,46000.0,Mid,High
CAR_004208,170000.0,80000.0,Low,High
CAR_004209,4461000.0,256000.0,Low,Very High
CAR_004210,4461000.0,120000.0,Low,High
CAR_004211,819999.0,40000.0,High,Medium
CAR_004212,819999.0,40000.0,High,Medium
CAR_004213,320000.0,40000.0,Mid,Medium
CAR_004214,550000.0,135000.0,Mid,High
CAR_004215,550000.0,50000.0,Mid,Medium
CAR_004216,4461000.0,98000.0,Low,High
CAR_004217,1050000.0,70000.0,Premium,Medium
CAR_004218,950000.0,50000.0,High,Medium
CAR_004219,4461000.0,30000.0,High,Low
CAR_004220,500000.0,120000.0,Mid,High
CAR_004221,450000.0,70000.0,Mid,Medium
CAR_004222,720000.0,35000.0,High,Medium
CAR_004223,390000.0,60000.0,Mid,Medium
CAR_004224,500000.0,35000.0,Mid,Medium
CAR_004225,2500000.0,70000.0,Premium,Medium
CAR_004226,780000.0,50000.0,High,Medium
CAR_004227,484999.0,90000.0,Mid,High
CAR_004228,420000.0,90000.0,Mid,High
CAR_004229,1225000.0,60000.0,Premium,Medium
CAR_004230,350000.0,50000.0,Mid,Medium
CAR_004231,350000.0,120000.0,Mid,High
CAR_004232,4461000.0,60000.0,High,Very High
CAR_004233,125000.0,70000.0,Low,Medium
CAR_004234,4461000.0,100000.0,Low,High
CAR_004235,509999.0,15000.0,Mid,Low
CAR_004236,215000.0,60000.0,Low,High
CAR_004237,465000.0,25000.0,Mid,High
CAR_004238,625000.0,60000.0,High,High
CAR_004239,490000.0,66000.0,Mid,Medium
CAR_004240,880000.0,64000.0,High,Medium
CAR_004241,290000.0,49000.0,Low,Medium
CAR_004242,115999.0,100000.0,Low,High
CAR_004243,685000.0,72000.0,High,High
CAR_004244,300000.0,50000.0,Low,Medium
CAR_004245,4461000.0,44000.0,High,Medium
CAR_004246,480000.0,101000.0,Mid,High
CAR_004247,630000.0,55000.0,High,Medium
CAR_004248,190000.0,115000.0,Low,High
CAR_004249,4461000.0,100000.0,Mid,High
CAR_004250,850000.0,52000.0,High,Medium
CAR_004251,350000.0,105000.0,Mid,High
CAR_004252,425000.0,170000.0,Mid,Very High
CAR_004253,495000.0,105000.0,Mid,High
CAR_004254,890000.0,60000.0,High,Medium
CAR_004255,1100000.0,25000.0,Premium,High
CAR_004256,650000.0,218000.0,High,Very High
CAR_004257,465000.0,60000.0,Low,Low
CAR_004258,625000.0,60000.0,High,Medium
CAR_004259,490000.0,66000.0,Mid,Medium
CAR_004260,880000.0,60000.0,High,Medium
CAR_004261,290000.0,49000.0,Low,Medium
CAR_004262,115999.0,100000.0,Low,High
CAR_004263,685000.0,72000.0,High,High
CAR_004264,300000.0,50000.0,Low,Medium
CAR_004265,680000.0,60000.0,Low,Medium
CAR_004266,480000.0,101000.0,Mid,High
CAR_004267,630000.0,60000.0,High,Medium
CAR_004268,190000.0,115000.0,Low,High
CAR_004269,500000.0,100000.0,Mid,High
CAR_004270,850000.0,52000.0,Low,Medium
CAR_004271,350000.0,105000.0,Mid,High
CAR_004272,4461000.0,170000.0,Mid,Very High
CAR_004273,495000.0,105000.0,Mid,High
CAR_004274,890000.0,60000.0,High,Medium
CAR_004275,1100000.0,60000.0,Premium,Low
CAR_004276,650000.0,218000.0,High,Very High
CAR_004277,4461000.0,58000.0,Low,Medium
CAR_004278,300000.0,110000.0,Low,High
CAR_004279,614000.0,1000.0,High,Low
CAR_004280,250000.0,100000.0,Low,High
CAR_004281,250000.0,110000.0,Low,High
CAR_004282,200000.0,40000.0,Low,Medium
CAR_004283,290000.0,52000.0,Low,High
CAR_004284,320000.0,80000.0,Mid,High
CAR_004285,145000.0,52000.0,Low,Medium
CAR_004286,100000.0,124000.0,Low,High
CAR_004287,130000.0,210000.0,Low,Very High
CAR_004288,145000.0,66000.0,Low,Medium
CAR_004289,4461000.0,120000.0,Low,High
CAR_004290,680000.0,40000.0,High,Medium
CAR_004291,37500.0,90000.0,Low,High
CAR_004292,200000.0,60000.0,Low,High
CAR_004293,300000.0,110000.0,Low,High
CAR_004294,80000.0,56580.0,Low,High
CAR_004295,740000.0,45000.0,High,Medium
CAR_004296,630000.0,50000.0,High,High
CAR_004297,70000.0,68500.0,Low,Medium
CAR_004298,484999.0,5007.0,Mid,Low
CAR_004299,164000.0,30000.0,Low,Low
CAR_004300,140000.0,70000.0,Low,Medium
CAR_004301,999000.0,49600.0,High,Medium
CAR_004302,56000.0,23000.0,Low,Low
CAR_004303,1050000.0,30000.0,Premium,High
CAR_004304,190000.0,38000.0,Low,Medium
CAR_004305,3899000.0,22000.0,Low,Low
CAR_004306,4461000.0,40000.0,Low,Medium
CAR_004307,235000.0,43100.0,Low,Medium
CAR_004308,599000.0,15000.0,Mid,Low
CAR_004309,4461000.0,35000.0,Low,Medium
CAR_004310,350000.0,10171.0,Mid,Low
CAR_004311,465000.0,41123.0,Mid,Medium
CAR_004312,1900000.0,60000.0,Premium,High
CAR_004313,1000000.0,15000.0,High,Low
CAR_004314,4461000.0,10000.0,Premium,Low
CAR_004315,470000.0,170000.0,Mid,Very High
CAR_004316,415000.0,20000.0,Mid,Low
CAR_004317,500000.0,82000.0,Mid,High
CAR_004318,150000.0,60000.0,Low,Medium
CAR_004319,4461000.0,50000.0,Low,Medium
CAR_004320,400000.0,70000.0,Mid,Medium
CAR_004321,114999.0,66782.0,Low,Medium
CAR_004322,75000.0,130000.0,Low,High
CAR_004323,500000.0,120000.0,Mid,High
CAR_004324,195000.0,60000.0,Low,High
CAR_004325,155000.0,40000.0,Low,Medium
CAR_004326,65000.0,90000.0,Low,High
CAR_004327,65000.0,150000.0,Low,High
CAR_004328,190000.0,60000.0,Low,Medium
CAR_004329,200000.0,112198.0,Low,High
CAR_004330,160000.0,60000.0,Low,High
CAR_004331,150000.0,130000.0,Low,High
CAR_004332,530000.0,175000.0,Mid,High
CAR_004333,750000.0,120000.0,High,High
CAR_004334,225000.0,90000.0,Low,High
CAR_004335,600000.0,170000.0,Mid,Very High
CAR_004336,409999.0,60000.0,Mid,High
CAR_004337,409999.0,80000.0,Mid,High
CAR_004338,110000.0,83000.0,Low,High
CAR_004339,865000.0,60000.0,High,High
CAR_004340,4461000.0,40000.0,Low,Medium
