vehicle_uid,name,year,fuel,seller_type,transmission,owner,brand,car_age
CAR_000001,Maruti 800 AC,2007,Petrol,Individual,Manual,First Owner,Maruti,18
CAR_000002,Maruti Wagon R LXI Minor,2007,Petrol,Individual,Manual,First Owner,Maruti,18
CAR_000003,Hyundai Verna 1.6 SX,2012,Diesel,Individual,Manual,First Owner,Hyundai,13
CAR_000004,Datsun RediGO T Option,2017,Petrol,Individual,Manual,First Owner,Datsun,8
CAR_000005,Honda Amaze VX i-DTEC,2014,Diesel,Individual,Manual,Second Owner,Honda,11
CAR_000006,Maruti Alto LX BSIII,2007,Petrol,Individual,Manual,First Owner,Maruti,18
CAR_000007,Hyundai Xcent 1.2 Kappa S,2016,Petrol,Individual,Unknown,First Owner,Hyundai,9
CAR_000008,Tata Indigo Grand Petrol,2014,Petrol,Individual,Manual,Second Owner,Tata,11
CAR_000009,Hyundai Creta 1.6 VTVT S,2015,Petrol,Individual,Manual,First Owner,Hyundai,10
CAR_000010,Maruti Celerio Green VXI,2017,CNG,Individual,Manual,First Owner,Maruti,8
CAR_000011,Chevrolet Sail 1.2 Base,2015,Petrol,Individual,Manual,First Owner,Chevrolet,10
CAR_000012,Tata Indigo Grand Petrol,2014,Petrol,Individual,Manual,First Owner,Tata,11
CAR_000013,Toyota Corolla Altis 1.8 VL CVT,2018,Petrol,Dealer,Automatic,First Owner,Toyota,7
CAR_000014,Maruti 800 AC,2007,Petrol,Individual,Manual,First Owner,Maruti,18
CAR_000015,Maruti Wagon R LXI Minor,2007,Petrol,Individual,Manual,First Owner,Maruti,18
CAR_000016,Hyundai Verna 1.6 SX,2012,Petrol,Individual,Manual,First Owner,Hyundai,13
CAR_000017,Datsun RediGO T Option,2017,Petrol,Individual,Manual,First Owner,Datsun,8
CAR_000018,Honda Amaze VX i-DTEC,2014,Diesel,Individual,Manual,Second Owner,Honda,11
CAR_000019,Maruti Alto LX BSIII,2007,Petrol,Individual,Manual,First Owner,Maruti,18
CAR_000020,Hyundai Xcent 1.2 Kappa S,2016,Petrol,Individual,Unknown,First Owner,Hyundai,9
CAR_000021,Tata Indigo Grand Petrol,2014,Petrol,Individual,Manual,Second Owner,Tata,11
CAR_000022,Hyundai Creta 1.6 VTVT S,2015,Petrol,Individual,Manual,First Owner,Hyundai,10
CAR_000023,Maruti Celerio Green VXI,2017,CNG,Individual,Manual,First Owner,Maruti,8
CAR_000024,Chevrolet Sail 1.2 Base,2015,Petrol,Individual,Manual,First Owner,Chevrolet,10
CAR_000025,Tata Indigo Grand Petrol,2014,Petrol,Individual,Manual,First Owner,Tata,11
CAR_000026,Toyota Corolla Altis 1.8 VL CVT,2018,Petrol,Dealer,Automatic,First Owner,Toyota,7
CAR_000027,Maruti Ciaz VXi Plus,2015,Petrol,Dealer,Manual,First Owner,Maruti,10
CAR_000028,Hyundai Venue SX Opt Diesel,2019,Diesel,Dealer,Manual,First Owner,Hyundai,6
CAR_000029,Chevrolet Enjoy TCDi LTZ 7 Seater,2013,Diesel,Individual,Manual,Second Owner,Chevrolet,12
CAR_000030,Jaguar XF 2.2 Litre Luxury,2014,Diesel,Dealer,Automatic,First Owner,Jaguar,11
CAR_000031,Mercedes-Benz New C-Class 220 CDI AT,2013,Diesel,Dealer,Automatic,First Owner,Mercedes-Benz,12
CAR_000032,Maruti Vitara Brezza ZDi Plus AMT,2018,Diesel,Dealer,Automatic,First Owner,Maruti,7
CAR_000033,Audi Q5 2.0 TDI,2011,Diesel,Dealer,Unknown,First Owner,Audi,14
CAR_000034,Honda City V MT,2018,Petrol,Dealer,Manual,First Owner,Honda,7
CAR_000035,Tata Tigor 1.2 Revotron XT,2018,Petrol,Individual,Manual,First Owner,Tata,7
CAR_000036,Audi A6 2.0 TDI  Design Edition,2013,Diesel,Dealer,Automatic,First Owner,Audi,12
CAR_000037,Mercedes-Benz New C-Class C 220 CDI Avantgarde,2012,Diesel,Dealer,Automatic,Second Owner,Mercedes-Benz,13
CAR_000038,Skoda Superb Ambition 2.0 TDI CR AT,2011,Diesel,Dealer,Automatic,Second Owner,Skoda,14
CAR_000039,Toyota Corolla Altis G AT,2016,Petrol,Individual,Automatic,First Owner,Toyota,9
CAR_000040,Toyota Innova 2.5 G (Diesel) 7 Seater,2015,Diesel,Individual,Manual,First Owner,Toyota,10
CAR_000041,Jeep Compass 1.4 Sport Plus BSIV,2019,Petrol,Individual,Unknown,First Owner,Jeep,6
CAR_000042,Mercedes-Benz E-Class E 200 CGI Elegance,2010,Petrol,Dealer,Automatic,First Owner,Mercedes-Benz,15
CAR_000043,Hyundai i10 Magna 1.1L,2014,Petrol,Individual,Manual,Fourth & Above Owner,Hyundai,11
CAR_000044,BMW 3 Series 320d Sport Line,2013,Diesel,Dealer,Automatic,Second Owner,BMW,12
CAR_000045,Audi Q7 35 TDI Quattro Premium,2009,Diesel,Dealer,Unknown,Third Owner,Audi,16
CAR_000046,Hyundai Elantra CRDi S,2012,Diesel,Individual,Manual,First Owner,Hyundai,13
CAR_000047,Mahindra Scorpio 1.99 S10,2014,Diesel,Individual,Manual,First Owner,Mahindra,11
CAR_000048,Honda City i DTEC V,2014,Petrol,Individual,Manual,Second Owner,Honda,11
CAR_000049,Maruti Wagon R VXI BS IV with ABS,2014,Petrol,Individual,Manual,Second Owner,Maruti,11
CAR_000050,Maruti Wagon R VXI BS IV,2012,Petrol,Individual,Manual,Second Owner,Maruti,13
CAR_000051,Mahindra Scorpio LX,2009,Petrol,Individual,Manual,Second Owner,Mahindra,16
CAR_000052,Hyundai Santro Xing GLS,2009,Petrol,Individual,Manual,Third Owner,Hyundai,16
CAR_000053,Hyundai Grand i10 1.2 Kappa Asta,2019,Petrol,Individual,Manual,First Owner,Hyundai,6
CAR_000054,Maruti Alto LXi,2006,Petrol,Individual,Unknown,First Owner,Maruti,19
CAR_000055,Maruti Swift Dzire VDI Optional,2017,Diesel,Dealer,Manual,First Owner,Maruti,8
CAR_000056,Maruti Eeco 5 Seater AC BSIV,2018,Petrol,Dealer,Manual,First Owner,Maruti,7
CAR_000057,Hyundai i20 Sportz 1.4 CRDi,2018,Diesel,Dealer,Manual,First Owner,Hyundai,7
CAR_000058,Maruti Omni Maruti Omni MPI STD BSIII 5-STR W/ IMMOBILISER,2018,Petrol,Dealer,Manual,First Owner,Maruti,7
CAR_000059,Maruti Swift ZDi BSIV,2016,Diesel,Dealer,Manual,First Owner,Maruti,9
CAR_000060,Hyundai i20 2015-2017 Sportz Option 1.4 CRDi,2014,Diesel,Dealer,Unknown,First Owner,Hyundai,11
CAR_000061,Maruti Alto LXi,2012,Petrol,Individual,Unknown,Second Owner,Maruti,13
CAR_000062,Mahindra Jeep CL 500 MDI,1996,Diesel,Individual,Manual,Second Owner,Mahindra,29
CAR_000063,Honda City i DTEC VX,2014,Diesel,Dealer,Manual,First Owner,Honda,11
CAR_000064,Maruti Wagon R VXI BS IV,2013,Petrol,Dealer,Manual,First Owner,Maruti,12
CAR_000065,Tata Indica DLS,2005,Diesel,Individual,Manual,First Owner,Tata,20
CAR_000066,Hyundai EON Magna Plus,2014,Petrol,Dealer,Manual,Second Owner,Hyundai,11
CAR_000067,Toyota Etios GD,2014,Diesel,Dealer,Manual,First Owner,Toyota,11
CAR_000068,Maruti Alto LXi,2009,Petrol,Dealer,Manual,Second Owner,Maruti,16
CAR_000069,Maruti Alto LXi,2009,Petrol,Individual,Manual,First Owner,Maruti,16
CAR_000070,Chevrolet Tavera Neo LS B3 - 7(C) seats BSIII,2010,Diesel,Individual,Manual,Second Owner,Chevrolet,15
CAR_000071,Toyota Corolla Altis Diesel D4DG,2011,Diesel,Individual,Manual,First Owner,Toyota,14
CAR_000072,Mahindra Scorpio 1.99 S6 Plus,2017,Diesel,Individual,Manual,First Owner,Mahindra,8
CAR_000073,Hyundai EON Magna Plus,2018,Petrol,Individual,Manual,First Owner,Hyundai,7
CAR_000074,Tata Indigo Classic Dicor,2007,Diesel,Individual,Manual,First Owner,Tata,18
CAR_000075,Toyota Innova 2.5 V Diesel 8-seater,2009,Diesel,Individual,Manual,Third Owner,Toyota,16
CAR_000076,Tata Indica Vista Quadrajet LS,2014,Diesel,Individual,Manual,Fourth & Above Owner,Tata,11
CAR_000077,Maruti Swift 1.3 VXi,2006,Petrol,Individual,Manual,Third Owner,Maruti,19
CAR_000078,Ford EcoSport 1.5 Diesel Titanium BSIV,2017,Diesel,Individual,Manual,First Owner,Ford,8
CAR_000079,Maruti Ciaz 1.3 Delta,2018,Petrol,Individual,Manual,First Owner,Maruti,7
CAR_000080,Honda Civic 1.8 V AT,2007,Petrol,Individual,Automatic,Second Owner,Honda,18
CAR_000081,Hyundai i10 Sportz 1.2,2010,Petrol,Individual,Manual,Second Owner,Hyundai,15
CAR_000082,Skoda Rapid 1.5 TDI Elegance,2014,Diesel,Individual,Manual,Second Owner,Skoda,11
CAR_000083,Hyundai Getz GLS,2005,Petrol,Individual,Manual,Third Owner,Hyundai,20
CAR_000084,Nissan Terrano XL,2014,Petrol,Individual,Manual,Second Owner,Nissan,11
CAR_000085,Hyundai Grand i10 CRDi Sportz,2015,Diesel,Individual,Manual,First Owner,Hyundai,10
CAR_000086,Hyundai Elite i20 Diesel Era,2019,Diesel,Individual,Manual,First Owner,Hyundai,6
CAR_000087,Honda Amaze S i-VTEC,2016,Petrol,Dealer,Manual,First Owner,Honda,9
CAR_000088,Honda Brio S MT,2015,Petrol,Dealer,Manual,First Owner,Honda,10
CAR_000089,Hyundai Creta 1.6 SX Option,2017,Petrol,Dealer,Manual,First Owner,Hyundai,8
CAR_000090,Mercedes-Benz S-Class S 350d Connoisseurs Edition,2017,Diesel,Dealer,Automatic,First Owner,Mercedes-Benz,8
CAR_000091,Mahindra XUV500 W8 2WD,2015,Diesel,Individual,Manual,First Owner,Mahindra,10
CAR_000092,Renault Duster 85PS Diesel RxL Optional,2013,Diesel,Individual,Manual,First Owner,Renault,12
CAR_000093,Hyundai Santro Xing XO,2007,Petrol,Dealer,Manual,Second Owner,Hyundai,18
CAR_000094,Mahindra Bolero 2011-2019 SLE,2013,Diesel,Dealer,Unknown,First Owner,Mahindra,12
CAR_000095,Audi A6 2.0 TDI Premium Plus,2014,Diesel,Dealer,Automatic,Second Owner,Audi,11
CAR_000096,Fiat Avventura MULTIJET Emotion,2015,Diesel,Individual,Manual,Second Owner,Fiat,10
CAR_000097,Audi A8 4.2 TDI,2013,Diesel,Dealer,Automatic,First Owner,Audi,12
CAR_000098,Datsun RediGO 1.0 S,2017,Petrol,Dealer,Manual,Second Owner,Datsun,8
CAR_000099,Volkswagen Jetta 1.4 TSI Comfortline,2013,Petrol,Individual,Manual,First Owner,Volkswagen,12
CAR_000100,Audi A4 2.0 TDI 177 Bhp Premium Plus,2013,Diesel,Dealer,Automatic,First Owner,Audi,12
CAR_000101,Honda Civic 1.8 V AT,2009,Petrol,Dealer,Automatic,First Owner,Honda,16
CAR_000102,Mercedes-Benz E-Class Exclusive E 200 BSIV,2018,Petrol,Dealer,Unknown,First Owner,Mercedes-Benz,7
CAR_000103,BMW X1 sDrive 20d xLine,2017,Diesel,Individual,Automatic,First Owner,BMW,8
CAR_000104,Volvo V40 D3 R Design,2018,Diesel,Dealer,Automatic,First Owner,Volvo,7
CAR_000105,Maruti SX4 Zxi BSIII,2008,Petrol,Dealer,Manual,First Owner,Maruti,17
CAR_000106,BMW 7 Series 730Ld,2012,Diesel,Dealer,Automatic,First Owner,BMW,13
CAR_000107,Mahindra Bolero Power Plus SLX,2017,Diesel,Individual,Manual,First Owner,Mahindra,8
CAR_000108,Hyundai Sonata CRDi M/T,2010,Diesel,Individual,Manual,First Owner,Hyundai,15
CAR_000109,Nissan Micra Active XV Petrol,2017,Petrol,Individual,Manual,First Owner,Nissan,8
CAR_000110,Mahindra Xylo D4,2018,Diesel,Individual,Manual,First Owner,Mahindra,7
CAR_000111,Hyundai Elite i20 Sportz Plus Dual Tone BSIV,2019,Petrol,Individual,Manual,First Owner,Hyundai,6
CAR_000112,Renault KWID RXT,2017,Petrol,Individual,Manual,First Owner,Renault,8
CAR_000113,Mahindra Xylo E4 BS III,2012,Petrol,Individual,Manual,First Owner,Mahindra,13
CAR_000114,Maruti Wagon R LXI Minor,2010,Petrol,Individual,Manual,Fourth & Above Owner,Maruti,15
CAR_000115,Maruti SX4 ZXI MT BSIV,2011,Petrol,Individual,Unknown,Third Owner,Maruti,14
CAR_000116,Renault KWID RXT,2017,Petrol,Individual,Manual,First Owner,Renault,8
CAR_000117,Hyundai Creta 1.4 CRDi S,2016,Diesel,Individual,Manual,First Owner,Hyundai,9
CAR_000118,Maruti Swift Dzire VDI,2014,Diesel,Individual,Manual,Second Owner,Maruti,11
CAR_000119,Hyundai Verna 1.6 VTVT AT S Option,2016,Petrol,Individual,Unknown,First Owner,Hyundai,9
CAR_000120,Mahindra Scorpio LX BSIV,2014,Diesel,Individual,Manual,Second Owner,Mahindra,11
CAR_000121,Maruti SX4 Vxi BSIII,2007,Petrol,Individual,Manual,Second Owner,Maruti,18
CAR_000122,Maruti Ertiga VDI,2014,Diesel,Individual,Manual,Second Owner,Maruti,11
CAR_000123,Chevrolet Beat Diesel,2013,Diesel,Individual,Unknown,Second Owner,Chevrolet,12
CAR_000124,Maruti Zen LX,2004,Petrol,Individual,Unknown,First Owner,Maruti,21
CAR_000125,Maruti Baleno Delta 1.2,2018,Petrol,Individual,Manual,First Owner,Maruti,7
CAR_000126,Maruti Swift Vdi BSIII,2007,Diesel,Individual,Manual,Fourth & Above Owner,Maruti,18
CAR_000127,Tata Nano Lx BSIV,2012,Petrol,Individual,Manual,Second Owner,Tata,13
CAR_000128,Toyota Innova 2.5 GX (Diesel) 8 Seater,2012,Diesel,Individual,Manual,First Owner,Toyota,13
CAR_000129,Maruti Ertiga SHVS VDI,2016,Petrol,Individual,Unknown,Second Owner,Maruti,9
CAR_000130,Hyundai Creta 1.6 CRDi SX,2016,Diesel,Individual,Unknown,Second Owner,Hyundai,9
CAR_000131,Honda Amaze S i-Vtech,2016,Petrol,Individual,Manual,First Owner,Honda,9
CAR_000132,Tata Indica Vista Aqua 1.4 TDI,2010,Diesel,Individual,Manual,Second Owner,Tata,15
CAR_000133,Chevrolet Tavera Neo 2 LS B4 7 Str BSIII,2012,Diesel,Individual,Manual,Third Owner,Chevrolet,13
CAR_000134,Chevrolet Cruze LTZ,2015,Diesel,Dealer,Manual,First Owner,Chevrolet,10
CAR_000135,Ford Figo Aspire 1.2 Ti-VCT Titanium Plus,2015,Petrol,Dealer,Manual,First Owner,Ford,10
CAR_000136,Ford EcoSport 1.5 Diesel Titanium Plus BSIV,2017,Petrol,Dealer,Manual,First Owner,Ford,8
CAR_000137,Hyundai i10 Sportz 1.1L,2015,Petrol,Individual,Manual,First Owner,Hyundai,10
CAR_000138,Maruti 800 Std,1998,Petrol,Individual,Manual,Fourth & Above Owner,Maruti,27
CAR_000139,Chevrolet Spark 1.0 LS,2012,Petrol,Individual,Unknown,First Owner,Chevrolet,13
CAR_000140,Hyundai EON Era Plus,2015,Petrol,Individual,Manual,First Owner,Hyundai,10
CAR_000141,Tata Indica Vista Aqua TDI BSIII,2011,Diesel,Individual,Manual,First Owner,Tata,14
CAR_000142,Hyundai Santro LP zipPlus,2003,Petrol,Individual,Manual,First Owner,Hyundai,22
CAR_000143,Tata Bolt Quadrajet XE,2016,Diesel,Individual,Manual,First Owner,Tata,9
CAR_000144,Maruti 800 AC BSIII,2005,Petrol,Individual,Manual,First Owner,Maruti,20
CAR_000145,Hyundai EON Era Plus,2013,Petrol,Individual,Manual,Second Owner,Hyundai,12
CAR_000146,Hyundai i20 Magna 1.2,2015,Petrol,Individual,Unknown,First Owner,Hyundai,10
CAR_000147,Hyundai i20 1.2 Asta,2018,Petrol,Individual,Manual,First Owner,Hyundai,7
CAR_000148,Maruti Ciaz VDi Plus,2015,Diesel,Individual,Manual,First Owner,Maruti,10
CAR_000149,Hyundai i20 Asta 1.4 CRDi,2016,Diesel,Individual,Manual,First Owner,Hyundai,9
CAR_000150,Hyundai Santro LE,2002,Petrol,Individual,Manual,First Owner,Hyundai,23
CAR_000151,Maruti Vitara Brezza VDi,2018,Diesel,Individual,Manual,First Owner,Maruti,7
CAR_000152,Hyundai Santro Xing XL eRLX Euro III,2007,Petrol,Individual,Manual,Second Owner,Hyundai,18
CAR_000153,Hyundai Getz 1.3 GLS,2008,Petrol,Individual,Manual,First Owner,Hyundai,17
CAR_000154,Mahindra Quanto C8,2012,Diesel,Individual,Manual,Second Owner,Mahindra,13
CAR_000155,Chevrolet Tavera Neo 3 LS 7 C BSIII,2015,Diesel,Individual,Manual,First Owner,Chevrolet,10
CAR_000156,Hyundai EON Magna Plus,2012,Petrol,Individual,Manual,First Owner,Hyundai,13
CAR_000157,Renault KWID RXT,2016,Petrol,Individual,Unknown,First Owner,Renault,9
CAR_000158,Maruti Wagon R DUO LPG,2014,LPG,Individual,Manual,First Owner,Maruti,11
CAR_000159,Maruti Wagon R LXI,2020,Petrol,Individual,Manual,First Owner,Maruti,5
CAR_000160,Chevrolet Enjoy 1.3 TCDi LS 8,2015,Diesel,Individual,Manual,First Owner,Chevrolet,10
CAR_000161,Chevrolet Spark 1.0 LS,2011,Petrol,Individual,Manual,Third Owner,Chevrolet,14
CAR_000162,Honda City i VTEC SV,2014,Petrol,Individual,Manual,First Owner,Honda,11
CAR_000163,Honda Amaze VX i-DTEC,2013,Diesel,Individual,Manual,First Owner,Honda,12
CAR_000164,Jaguar XJ 5.0 L V8 Supercharged,2010,Petrol,Individual,Unknown,Second Owner,Jaguar,15
CAR_000165,Honda Brio E MT,2013,Petrol,Individual,Manual,Second Owner,Honda,12
CAR_000166,Maruti Swift VVT ZXI,2017,Petrol,Individual,Manual,First Owner,Maruti,8
CAR_000167,Tata Indigo CR4,2011,Diesel,Individual,Manual,First Owner,Tata,14
CAR_000168,Hyundai i10 Asta AT,2011,Petrol,Individual,Automatic,Second Owner,Hyundai,14
CAR_000169,Chevrolet Beat LT,2016,Petrol,Individual,Manual,First Owner,Chevrolet,9
CAR_000170,Maruti Swift VDI BSIV,2015,Diesel,Individual,Unknown,Third Owner,Maruti,10
CAR_000171,Maruti Alto LXi,2012,Petrol,Individual,Manual,Third Owner,Maruti,13
CAR_000172,Chevrolet Beat LT,2011,Petrol,Individual,Manual,Second Owner,Chevrolet,14
CAR_000173,Renault Duster 110PS Diesel RxZ,2013,Diesel,Individual,Manual,Second Owner,Renault,12
CAR_000174,Hyundai Santro Xing XG,2006,Petrol,Individual,Manual,Third Owner,Hyundai,19
CAR_000175,Maruti Swift Dzire ZXI Plus,2019,Petrol,Individual,Manual,First Owner,Maruti,6
CAR_000176,Maruti 800 AC,2007,Petrol,Individual,Manual,Second Owner,Maruti,18
CAR_000177,Maruti Alto K10 LXI CNG,2020,CNG,Individual,Manual,First Owner,Maruti,5
CAR_000178,Maruti 800 Std BSII,2004,Petrol,Individual,Manual,Second Owner,Maruti,21
CAR_000179,Tata Nano LX SE,2013,Petrol,Individual,Unknown,First Owner,Tata,12
CAR_000180,Hyundai i20 Magna 1.2,2016,Petrol,Individual,Manual,First Owner,Hyundai,9
CAR_000181,Skoda Rapid 1.6 MPI Ambition With Alloy Wheel,2015,Petrol,Individual,Manual,First Owner,Skoda,10
CAR_000182,Maruti Alto K10 VXI,2018,Petrol,Individual,Manual,First Owner,Maruti,7
CAR_000183,Maruti Ciaz 1.4 Delta,2018,Petrol,Individual,Manual,First Owner,Maruti,7
CAR_000184,Maruti Alto LX,2009,Petrol,Individual,Manual,Second Owner,Maruti,16
CAR_000185,Hyundai i20 Asta,2009,Petrol,Individual,Manual,Second Owner,Hyundai,16
CAR_000186,Tata Nexon 1.2 Revotron XM,2018,Petrol,Individual,Manual,First Owner,Tata,7
CAR_000187,Mahindra Bolero Power Plus SLX,2019,Diesel,Individual,Manual,First Owner,Mahindra,6
CAR_000188,Maruti Zen D,2003,Diesel,Individual,Manual,Second Owner,Maruti,22
CAR_000189,Volkswagen Vento Celeste 1.5 TDI Highline AT,2016,Diesel,Individual,Automatic,First Owner,Volkswagen,9
CAR_000190,Maruti Eeco 7 Seater Standard BSIV,2017,Petrol,Individual,Unknown,First Owner,Maruti,8
CAR_000191,Honda City 1.5 EXI,2005,Petrol,Individual,Manual,Second Owner,Honda,20
CAR_000192,Mercedes-Benz New C-Class 220 CDI AT,2013,Diesel,Individual,Automatic,First Owner,Mercedes-Benz,12
CAR_000193,Maruti SX4 Zxi with Leather BSIII,2007,Petrol,Individual,Manual,First Owner,Maruti,18
CAR_000194,Renault Duster 110PS Diesel RxZ,2012,Diesel,Individual,Manual,Second Owner,Renault,13
CAR_000195,Ford Figo Diesel Titanium,2010,Diesel,Individual,Manual,Third Owner,Ford,15
CAR_000196,Ford Figo Diesel Titanium,2011,Petrol,Individual,Manual,Third Owner,Ford,14
CAR_000197,Maruti Swift Dzire VDi,2009,Diesel,Individual,Manual,Third Owner,Maruti,16
CAR_000198,Mahindra Xylo E4,2009,Diesel,Individual,Manual,Third Owner,Mahindra,16
CAR_000199,Maruti Esteem Vxi - BSIII,2006,Petrol,Individual,Manual,Third Owner,Maruti,19
CAR_000200,Maruti Swift VDI BSIV,2017,Diesel,Individual,Manual,First Owner,Maruti,8
CAR_000201,Hyundai i20 1.2 Sportz,2012,Petrol,Individual,Manual,Third Owner,Hyundai,13
CAR_000202,Chevrolet Beat Diesel LT,2012,Diesel,Individual,Manual,First Owner,Chevrolet,13
CAR_000203,Chevrolet Cruze LTZ AT,2015,Diesel,Individual,Automatic,First Owner,Chevrolet,10
CAR_000204,Nissan Micra XL,2014,Petrol,Individual,Manual,Second Owner,Nissan,11
CAR_000205,BMW 5 Series 520d Luxury Line,2017,Diesel,Individual,Automatic,First Owner,BMW,8
CAR_000206,Chevrolet Enjoy 1.3 TCDi LS 8,2013,Petrol,Dealer,Unknown,First Owner,Chevrolet,12
CAR_000207,Hyundai EON Era Plus Option,2014,Petrol,Dealer,Manual,First Owner,Hyundai,11
CAR_000208,Fiat Linea T Jet Emotion,2018,Petrol,Dealer,Manual,First Owner,Fiat,7
CAR_000209,Renault Scala RxL,2013,Petrol,Dealer,Manual,First Owner,Renault,12
CAR_000210,Ford Figo Petrol Titanium,2014,Petrol,Dealer,Manual,First Owner,Ford,11
CAR_000211,Maruti Ciaz ZDi SHVS,2016,Diesel,Individual,Manual,First Owner,Maruti,9
CAR_000212,Skoda Rapid 1.5 TDI Ambition BSIV,2018,Diesel,Dealer,Manual,First Owner,Skoda,7
CAR_000213,Mahindra XUV500 W6 2WD,2017,Diesel,Individual,Manual,First Owner,Mahindra,8
CAR_000214,Mahindra XUV300 W8 Option,2019,Petrol,Dealer,Manual,First Owner,Mahindra,6
CAR_000215,Maruti Ertiga SHVS ZDI,2016,Diesel,Individual,Manual,Second Owner,Maruti,9
CAR_000216,Nissan Terrano XE D,2015,Diesel,Dealer,Manual,First Owner,Nissan,10
CAR_000217,Maruti S-Cross Facelift,2017,Diesel,Individual,Manual,First Owner,Maruti,8
CAR_000218,Hyundai i20 Magna 1.4 CRDi (Diesel),2012,Diesel,Dealer,Unknown,First Owner,Hyundai,13
CAR_000219,Mercedes-Benz New C-Class C 220 CDI BE Avantgare,2013,Petrol,Individual,Automatic,First Owner,Mercedes-Benz,12
CAR_000220,Hyundai EON Era Plus,2012,Petrol,Dealer,Manual,First Owner,Hyundai,13
CAR_000221,Volkswagen Ameo 1.5 TDI Highline,2017,Diesel,Dealer,Manual,First Owner,Volkswagen,8
CAR_000222,Maruti Alto LX,2006,Petrol,Individual,Manual,Third Owner,Maruti,19
CAR_000223,Maruti Omni LPG CARGO BSIII W IMMOBILISER,2009,LPG,Individual,Manual,Second Owner,Maruti,16
CAR_000224,Maruti Alto LX,2012,Petrol,Individual,Unknown,Second Owner,Maruti,13
CAR_000225,Hyundai Verna i (Petrol),2008,Petrol,Individual,Unknown,Second Owner,Hyundai,17
CAR_000226,Mahindra Renault Logan 1.5 DLS,2008,Diesel,Individual,Unknown,First Owner,Mahindra,17
CAR_000227,Chevrolet Optra Magnum 2.0 LS BSIII,2012,Diesel,Individual,Manual,First Owner,Chevrolet,13
CAR_000228,Mahindra Scorpio S11 BSIV,2017,Diesel,Individual,Manual,First Owner,Mahindra,8
CAR_000229,Hyundai i20 Active 1.2 SX,2017,Petrol,Individual,Manual,First Owner,Hyundai,8
CAR_000230,Maruti SX4 Celebration Diesel,2012,Diesel,Individual,Manual,Second Owner,Maruti,13
CAR_000231,Hyundai Grand i10 Magna,2015,Petrol,Individual,Manual,First Owner,Hyundai,10
CAR_000232,Maruti Alto LXi BSIII,2008,Petrol,Individual,Unknown,First Owner,Maruti,17
CAR_000233,Maruti SX4 Zxi with Leather BSIII,2008,Petrol,Individual,Manual,Second Owner,Maruti,17
CAR_000234,Hyundai i10 Era,2011,Petrol,Individual,Manual,Second Owner,Hyundai,14
CAR_000235,Toyota Innova 2.5 V Diesel 7-seater,2011,Diesel,Individual,Unknown,Second Owner,Toyota,14
CAR_000236,Honda Mobilio V i DTEC,2014,Diesel,Individual,Manual,First Owner,Honda,11
CAR_000237,Toyota Innova 2.5 G (Diesel) 7 Seater BS IV,2010,Diesel,Individual,Manual,Fourth & Above Owner,Toyota,15
CAR_000238,Tata Indica V2 2001-2011 DLS BSIII,2009,Diesel,Dealer,Manual,First Owner,Tata,16
CAR_000239,Tata Indica Vista TDI LS,2011,Diesel,Individual,Manual,Second Owner,Tata,14
CAR_000240,Chevrolet Beat Diesel LS,2012,Diesel,Individual,Manual,Second Owner,Chevrolet,13
CAR_000241,Tata Zest Quadrajet 1.3 75PS XE,2015,Petrol,Dealer,Manual,First Owner,Tata,10
CAR_000242,Skoda Fabia 1.2L Diesel Ambiente,2010,Diesel,Dealer,Manual,Second Owner,Skoda,15
CAR_000243,Maruti 800 Std,2013,Petrol,Individual,Manual,First Owner,Maruti,12
CAR_000244,Ford Figo Petrol Titanium,2015,Petrol,Individual,Manual,Second Owner,Ford,10
CAR_000245,Toyota Innova 2.5 VX (Diesel) 8 Seater,2014,Diesel,Individual,Manual,First Owner,Toyota,11
CAR_000246,Honda Mobilio V i DTEC,2014,Diesel,Individual,Manual,First Owner,Honda,11
CAR_000247,Hyundai Grand i10 1.2 CRDi Asta,2018,Diesel,Individual,Manual,First Owner,Hyundai,7
CAR_000248,Chevrolet Beat Diesel LT,2011,Petrol,Individual,Manual,Second Owner,Chevrolet,14
CAR_000249,Datsun GO Plus T Option Petrol,2018,Petrol,Individual,Manual,First Owner,Datsun,7
CAR_000250,Hyundai Grand i10 1.2 Kappa Asta,2018,Petrol,Individual,Manual,First Owner,Hyundai,7
CAR_000251,Maruti Omni MPI STD BSIV,2018,Petrol,Individual,Unknown,First Owner,Maruti,7
CAR_000252,Maruti Baleno Alpha 1.2,2017,Petrol,Dealer,Manual,First Owner,Maruti,8
CAR_000253,Ford Fiesta Classic 1.4 SXI Duratorq,2006,Diesel,Individual,Manual,Third Owner,Ford,19
CAR_000254,Hyundai Elite i20 Asta Option BSIV,2019,Petrol,Individual,Manual,First Owner,Hyundai,6
CAR_000255,Hyundai Grand i10 CRDi Magna,2017,Diesel,Dealer,Manual,First Owner,Hyundai,8
CAR_000256,Maruti Ertiga SHVS ZDI,2017,Diesel,Dealer,Unknown,First Owner,Maruti,8
CAR_000257,Hyundai Santro Xing GL Plus,2013,Petrol,Individual,Manual,First Owner,Hyundai,12
CAR_000258,Tata Sumo GX TC 7 Str BSIII,2006,Diesel,Individual,Manual,Second Owner,Tata,19
CAR_000259,Renault KWID RXT,2018,Petrol,Individual,Manual,First Owner,Renault,7
CAR_000260,Maruti 800 AC,2002,Petrol,Individual,Manual,Second Owner,Maruti,23
CAR_000261,Maruti Vitara Brezza LDi Option,2017,Diesel,Dealer,Manual,First Owner,Maruti,8
CAR_000262,Honda Jazz S,2009,Petrol,Individual,Manual,First Owner,Honda,16
CAR_000263,Hyundai i20 1.4 Sportz,2017,Petrol,Dealer,Manual,First Owner,Hyundai,8
CAR_000264,Maruti Ertiga SHVS ZDI Plus,2017,Diesel,Individual,Manual,Second Owner,Maruti,8
CAR_000265,Tata Sumo SE Plus BSIII,2002,Diesel,Individual,Unknown,First Owner,Tata,23
CAR_000266,Mahindra Xylo E4,2010,Diesel,Individual,Manual,First Owner,Mahindra,15
CAR_000267,Maruti Swift ZDi BSIV,2017,Diesel,Individual,Manual,First Owner,Maruti,8
CAR_000268,Maruti Ertiga VXI,2014,Petrol,Individual,Manual,First Owner,Maruti,11
CAR_000269,Hyundai i20 1.4 Magna ABS,2009,Diesel,Individual,Manual,Second Owner,Hyundai,16
CAR_000270,Maruti Alto LXi,2007,Petrol,Individual,Manual,First Owner,Maruti,18
CAR_000271,Maruti Alto LXi,2010,Petrol,Individual,Manual,Second Owner,Maruti,15
CAR_000272,Hyundai Getz GL,2006,Petrol,Individual,Manual,Third Owner,Hyundai,19
CAR_000273,Maruti Wagon R LX BS IV,2011,Petrol,Individual,Manual,First Owner,Maruti,14
CAR_000274,Mahindra Bolero Power Plus SLX,2019,Diesel,Individual,Manual,First Owner,Mahindra,6
CAR_000275,Hyundai i20 1.2 Spotz,2018,Petrol,Individual,Manual,Second Owner,Hyundai,7
CAR_000276,Maruti Wagon R LXI Minor,2010,Petrol,Individual,Manual,Second Owner,Maruti,15
CAR_000277,Maruti Alto 800 VXI,2017,Petrol,Individual,Manual,First Owner,Maruti,8
CAR_000278,Hyundai i20 Asta (o),2009,Petrol,Individual,Manual,First Owner,Hyundai,16
CAR_000279,Hyundai i20 Asta,2010,Petrol,Individual,Manual,Second Owner,Hyundai,15
CAR_000280,Hyundai Verna 1.6 SX CRDi (O),2013,Diesel,Individual,Manual,First Owner,Hyundai,12
CAR_000281,Mahindra Xylo D2 BSIV,2013,Diesel,Individual,Manual,First Owner,Mahindra,12
CAR_000282,Mahindra Bolero SLX 2WD BSIII,2011,Diesel,Individual,Manual,Second Owner,Mahindra,14
CAR_000283,Maruti Ertiga VXI ABS,2013,Petrol,Individual,Manual,First Owner,Maruti,12
CAR_000284,Honda Brio 1.2 E MT,2017,Petrol,Individual,Manual,First Owner,Honda,8
CAR_000285,Toyota Etios Liva G,2013,Petrol,Individual,Manual,Second Owner,Toyota,12
CAR_000286,Maruti Alto 800 LXI,2013,Petrol,Individual,Manual,First Owner,Maruti,12
CAR_000287,Maruti Swift Dzire 1.2 Vxi BSIV,2012,Petrol,Individual,Manual,Second Owner,Maruti,13
CAR_000288,Mahindra Scorpio VLS AT 2.2 mHAWK,2011,Diesel,Individual,Automatic,Second Owner,Mahindra,14
CAR_000289,Mahindra Bolero SLX,2011,Diesel,Individual,Manual,Second Owner,Mahindra,14
CAR_000290,Mahindra XUV500 W11 Option AWD,2020,Diesel,Dealer,Manual,First Owner,Mahindra,5
CAR_000291,Tata Tiago 1.2 Revotron XZ,2018,Petrol,Individual,Unknown,First Owner,Tata,7
CAR_000292,Mahindra Marazzo M8 8Str,2018,Diesel,Individual,Manual,First Owner,Mahindra,7
CAR_000293,Renault Duster 110PS Diesel RxL,2015,Diesel,Individual,Manual,First Owner,Renault,10
CAR_000294,Hyundai EON Magna Plus,2018,Petrol,Individual,Manual,First Owner,Hyundai,7
CAR_000295,Maruti Wagon R VXI,2014,Petrol,Dealer,Manual,First Owner,Maruti,11
CAR_000296,Chevrolet Spark 1.0 LT,2012,Petrol,Individual,Manual,First Owner,Chevrolet,13
CAR_000297,Maruti Baleno Alpha,2019,Petrol,Individual,Manual,First Owner,Maruti,6
CAR_000298,Hyundai EON 1.0 Kappa Magna Plus,2015,Petrol,Individual,Manual,First Owner,Hyundai,10
CAR_000299,Ford Figo Aspire 1.2 Ti-VCT Trend,2017,Petrol,Dealer,Manual,First Owner,Ford,8
CAR_000300,Ford Figo Aspire Facelift,2018,Diesel,Dealer,Manual,First Owner,Ford,7
CAR_000301,Hyundai i10 Era,2009,Petrol,Individual,Manual,First Owner,Hyundai,16
CAR_000302,Mahindra Bolero SLX,2016,Diesel,Dealer,Manual,First Owner,Mahindra,9
CAR_000303,Hyundai Verna 1.4 VTVT,2015,Petrol,Individual,Manual,First Owner,Hyundai,10
CAR_000304,Chevrolet Sail 1.2 LT ABS,2014,Petrol,Individual,Manual,First Owner,Chevrolet,11
CAR_000305,Honda City i-DTEC SV,2014,Diesel,Dealer,Manual,First Owner,Honda,11
CAR_000306,Hyundai Grand i10 1.2 Kappa Asta,2017,Petrol,Individual,Manual,First Owner,Hyundai,8
CAR_000307,Mahindra Bolero Power Plus Plus AC BSIV PS,2015,Diesel,Individual,Manual,First Owner,Mahindra,10
CAR_000308,Hyundai Grand i10 1.2 Kappa Sportz Option,2013,Petrol,Dealer,Manual,First Owner,Hyundai,12
CAR_000309,Maruti Baleno Sigma 1.2,2015,Petrol,Individual,Unknown,First Owner,Maruti,10
CAR_000310,Tata Tiago 1.2 Revotron XZ,2019,Petrol,Individual,Manual,First Owner,Tata,6
CAR_000311,Maruti Wagon R LXI,2005,Petrol,Individual,Manual,Second Owner,Maruti,20
CAR_000312,Chevrolet Beat Diesel LS,2011,Petrol,Individual,Manual,First Owner,Chevrolet,14
CAR_000313,Maruti A-Star Vxi,2009,Petrol,Individual,Manual,First Owner,Maruti,16
CAR_000314,Datsun GO A,2015,Petrol,Individual,Manual,Second Owner,Datsun,10
CAR_000315,Skoda Yeti Ambition 4WD,2011,Petrol,Individual,Manual,First Owner,Skoda,14
CAR_000316,Maruti Zen LXi BSII,2002,Petrol,Individual,Manual,Second Owner,Maruti,23
CAR_000317,Hyundai Verna CRDi 1.6 EX,2018,Diesel,Individual,Manual,First Owner,Hyundai,7
CAR_000318,Ford Aspire Titanium Diesel BSIV,2017,Diesel,Dealer,Manual,First Owner,Ford,8
CAR_000319,BMW 3 Series 320d Sport,2013,Diesel,Dealer,Automatic,First Owner,BMW,12
CAR_000320,Maruti Ertiga SHVS ZDI Plus,2017,Diesel,Individual,Manual,First Owner,Maruti,8
CAR_000321,BMW X1 sDrive 20d Exclusive,2011,Diesel,Individual,Automatic,First Owner,BMW,14
CAR_000322,Toyota Innova Crysta 2.4 VX MT,2016,Diesel,Dealer,Unknown,First Owner,Toyota,9
CAR_000323,Chevrolet Tavera Neo 3 10 Seats BSIV,2007,Diesel,Individual,Manual,Third Owner,Chevrolet,18
CAR_000324,Mitsubishi Outlander 2.4,2012,Petrol,Individual,Automatic,First Owner,Mitsubishi,13
CAR_000325,Mahindra XUV500 W8 2WD,2012,Diesel,Dealer,Manual,First Owner,Mahindra,13
CAR_000326,Maruti Baleno Alpha 1.3,2019,Diesel,Individual,Manual,First Owner,Maruti,6
CAR_000327,Ford Figo Aspire 1.5 TDCi Titanium,2017,Diesel,Dealer,Manual,First Owner,Ford,8
CAR_000328,Maruti Swift Dzire VDI,2018,Diesel,Individual,Manual,First Owner,Maruti,7
CAR_000329,Hyundai i20 1.2 Spotz,2017,Petrol,Individual,Manual,Second Owner,Hyundai,8
CAR_000330,Renault Duster 110PS Diesel RxZ,2012,Diesel,Individual,Manual,Second Owner,Renault,13
CAR_000331,Maruti Swift Vdi BSIII,2008,Diesel,Individual,Manual,Third Owner,Maruti,17
CAR_000332,Ford Endeavour Titanium 4X2,2011,Diesel,Dealer,Manual,Second Owner,Ford,14
CAR_000333,Mahindra Scorpio 2.6 Turbo 9 Str,2007,Diesel,Individual,Manual,Third Owner,Mahindra,18
CAR_000334,Maruti Baleno Vxi,2006,Petrol,Individual,Manual,Third Owner,Maruti,19
CAR_000335,Tata Indica DLX,2003,Diesel,Individual,Manual,Second Owner,Tata,22
CAR_000336,Hyundai Verna CRDi 1.6 EX,2018,Diesel,Individual,Manual,First Owner,Hyundai,7
CAR_000337,Maruti Wagon R VXI BS IV,2014,Petrol,Individual,Manual,Second Owner,Maruti,11
CAR_000338,Tata Indica LSI,2002,Petrol,Individual,Manual,First Owner,Tata,23
CAR_000339,Maruti Swift Dzire VDI,2015,Diesel,Individual,Manual,Second Owner,Maruti,10
CAR_000340,Toyota Etios Liva GD,2012,Diesel,Individual,Manual,Second Owner,Toyota,13
CAR_000341,Tata Nano STD,2013,Petrol,Individual,Manual,Fourth & Above Owner,Tata,12
CAR_000342,Hyundai Grand i10 Sportz,2016,Petrol,Individual,Unknown,First Owner,Hyundai,9
CAR_000343,Hyundai Grand i10 1.2 CRDi Asta,2019,Diesel,Individual,Manual,First Owner,Hyundai,6
CAR_000344,Maruti Ertiga SHVS VDI,2017,Diesel,Individual,Manual,First Owner,Maruti,8
CAR_000345,Mahindra Bolero SLX,2006,Diesel,Individual,Manual,Third Owner,Mahindra,19
CAR_000346,Mahindra Scorpio S7 140 BSIV,2018,Petrol,Individual,Manual,First Owner,Mahindra,7
CAR_000347,Volkswagen Polo Petrol Comfortline 1.2L,2013,Petrol,Individual,Unknown,First Owner,Volkswagen,12
CAR_000348,Hyundai Xcent 1.1 CRDi Base,2015,Diesel,Individual,Manual,Second Owner,Hyundai,10
CAR_000349,Chevrolet Beat Diesel PS,2012,Diesel,Dealer,Manual,First Owner,Chevrolet,13
CAR_000350,Maruti Swift ZXi BSIV,2017,Petrol,Dealer,Manual,First Owner,Maruti,8
CAR_000351,Maruti Ritz VDi,2013,Diesel,Dealer,Manual,First Owner,Maruti,12
CAR_000352,Tata Indigo CS Emax CNG GLX,2014,Petrol,Dealer,Manual,First Owner,Tata,11
CAR_000353,Maruti Eeco 5 STR With AC Plus HTR CNG,2012,CNG,Dealer,Unknown,First Owner,Maruti,13
CAR_000354,Maruti Estilo LXI,2014,Petrol,Dealer,Manual,First Owner,Maruti,11
CAR_000355,Maruti Swift VXI with ABS,2007,Petrol,Individual,Manual,Second Owner,Maruti,18
CAR_000356,Tata Zest Quadrajet 1.3 XM,2015,Diesel,Individual,Manual,First Owner,Tata,10
CAR_000357,Maruti Swift VDI BSIV,2014,Diesel,Individual,Manual,First Owner,Maruti,11
CAR_000358,Maruti Alto K10 VXI AGS Optional,2018,Petrol,Individual,Automatic,First Owner,Maruti,7
CAR_000359,Maruti Alto LX,2011,Petrol,Individual,Manual,First Owner,Maruti,14
CAR_000360,Maruti SX4 Vxi BSIII,2007,Petrol,Individual,Manual,Second Owner,Maruti,18
CAR_000361,Mahindra Scorpio SLE BSIV,2014,Petrol,Individual,Manual,Second Owner,Mahindra,11
CAR_000362,Hyundai Santro Xing GLS CNG,2010,CNG,Individual,Unknown,Second Owner,Hyundai,15
CAR_000363,Chevrolet Cruze LTZ,2010,Diesel,Individual,Manual,First Owner,Chevrolet,15
CAR_000364,Ford Figo Diesel Celebration Edition,2013,Diesel,Individual,Manual,Second Owner,Ford,12
CAR_000365,Renault KWID RXT Optional,2017,Petrol,Individual,Manual,First Owner,Renault,8
CAR_000366,Maruti Swift Dzire VDI,2014,Petrol,Individual,Manual,First Owner,Maruti,11
CAR_000367,Hyundai EON Era Plus,2012,Petrol,Individual,Manual,First Owner,Hyundai,13
CAR_000368,Mahindra XUV500 W6 2WD,2012,Diesel,Individual,Manual,First Owner,Mahindra,13
CAR_000369,Renault KWID 1.0 RXT Optional,2018,Petrol,Individual,Manual,First Owner,Renault,7
CAR_000370,Skoda Rapid 1.5 TDI AT Style BSIV,2017,Petrol,Individual,Automatic,First Owner,Skoda,8
CAR_000371,Mahindra XUV500 W8 2WD,2012,Diesel,Individual,Manual,First Owner,Mahindra,13
CAR_000372,Chevrolet Spark 1.0,2009,Petrol,Individual,Manual,First Owner,Chevrolet,16
CAR_000373,Maruti 800 AC,2000,Petrol,Individual,Manual,Third Owner,Maruti,25
CAR_000374,Chevrolet Tavera Neo 3 10 Seats BSIV,2010,Diesel,Individual,Manual,Third Owner,Chevrolet,15
CAR_000375,Ford Fiesta 1.6 ZXi Duratec,2007,Petrol,Individual,Manual,Third Owner,Ford,18
CAR_000376,Maruti Ertiga VDI,2013,Diesel,Individual,Manual,First Owner,Maruti,12
CAR_000377,Tata Manza Aura Quadrajet BS IV,2011,Diesel,Individual,Manual,Second Owner,Tata,14
CAR_000378,Maruti Swift VVT VXI,2017,Petrol,Individual,Manual,First Owner,Maruti,8
CAR_000379,Hyundai i20 Sportz Petrol,2010,Petrol,Individual,Manual,First Owner,Hyundai,15
CAR_000380,Hyundai Grand i10 1.2 Kappa Asta,2019,Petrol,Individual,Manual,First Owner,Hyundai,6
CAR_000381,Maruti Zen Estilo VXI BSIV,2010,Petrol,Individual,Manual,First Owner,Maruti,15
CAR_000382,Toyota Innova 2.5 G (Diesel) 8 Seater BS IV,2011,Diesel,Individual,Manual,Third Owner,Toyota,14
CAR_000383,Tata Tiago 1.2 Revotron XZA,2019,Petrol,Individual,Automatic,Second Owner,Tata,6
CAR_000384,Maruti Vitara Brezza ZDi,2018,Diesel,Individual,Unknown,First Owner,Maruti,7
CAR_000385,Maruti Swift VXI BSIII,2011,Petrol,Individual,Unknown,Second Owner,Maruti,14
CAR_000386,Maruti Swift VXI BSIV,2019,Petrol,Individual,Manual,First Owner,Maruti,6
CAR_000387,Maruti Swift VDI BSIV,2017,Diesel,Individual,Manual,First Owner,Maruti,8
CAR_000388,Maruti Alto 800 LXI,2016,Petrol,Individual,Manual,First Owner,Maruti,9
CAR_000389,Maruti Wagon R LXI,2006,Petrol,Individual,Manual,Second Owner,Maruti,19
CAR_000390,Hyundai i20 Active 1.2 S,2017,Petrol,Individual,Manual,Second Owner,Hyundai,8
CAR_000391,Hyundai EON Era Plus,2014,Petrol,Individual,Manual,Second Owner,Hyundai,11
CAR_000392,Hyundai Santro GLS I - Euro I,1999,Petrol,Individual,Manual,Second Owner,Hyundai,26
CAR_000393,Maruti Wagon R LXI Minor,2007,Petrol,Individual,Manual,First Owner,Maruti,18
CAR_000394,Tata Safari Storme VX,2016,Diesel,Individual,Manual,First Owner,Tata,9
CAR_000395,Mahindra Scorpio REV 116,2006,Petrol,Individual,Manual,Second Owner,Mahindra,19
CAR_000396,Mahindra Bolero SLX,2010,Diesel,Individual,Manual,First Owner,Mahindra,15
CAR_000397,Datsun GO Plus A,2015,Petrol,Individual,Manual,Second Owner,Datsun,10
CAR_000398,Toyota Fortuner 4x4 MT,2014,Diesel,Individual,Manual,First Owner,Toyota,11
CAR_000399,Ford Ecosport 1.5 DV5 MT Titanium,2014,Diesel,Individual,Manual,First Owner,Ford,11
CAR_000400,Mahindra XUV500 W11 AT BSIV,2018,Diesel,Individual,Automatic,First Owner,Mahindra,7
CAR_000401,Mahindra Supro VX 8 Str,2017,Diesel,Individual,Manual,First Owner,Mahindra,8
CAR_000402,Maruti Alto LX,2007,Petrol,Individual,Manual,Third Owner,Maruti,18
CAR_000403,Maruti 800 AC,2007,Petrol,Individual,Manual,Second Owner,Maruti,18
CAR_000404,Ford Endeavour 2.5L 4X2 MT,2008,Diesel,Individual,Manual,Third Owner,Ford,17
CAR_000405,Maruti Wagon R LXI,2004,Petrol,Individual,Manual,Third Owner,Maruti,21
CAR_000406,Maruti Alto 800 VXI,2016,Petrol,Individual,Manual,First Owner,Maruti,9
CAR_000407,Mahindra KUV 100 D75 K2,2017,Diesel,Individual,Manual,First Owner,Mahindra,8
CAR_000408,Maruti Swift Glam,2009,Petrol,Individual,Manual,First Owner,Maruti,16
CAR_000409,Tata New Safari DICOR 2.2 EX 4x2,2010,Diesel,Individual,Manual,Second Owner,Tata,15
CAR_000410,Maruti Swift Dzire VDI,2012,Diesel,Individual,Manual,Third Owner,Maruti,13
CAR_000411,Toyota Fortuner 4x4 MT,2015,Diesel,Individual,Manual,First Owner,Toyota,10
CAR_000412,Honda Brio 1.2 VX MT,2018,Petrol,Individual,Manual,First Owner,Honda,7
CAR_000413,Honda Brio 1.2 VX MT,2018,Petrol,Individual,Manual,First Owner,Honda,7
CAR_000414,Chevrolet Spark 1.0 LS,2008,Petrol,Individual,Manual,Second Owner,Chevrolet,17
CAR_000415,Chevrolet Sail Hatchback LS ABS,2013,Diesel,Individual,Manual,Second Owner,Chevrolet,12
CAR_000416,Tata Tiago NRG Petrol,2019,Petrol,Individual,Manual,First Owner,Tata,6
CAR_000417,Maruti Ritz VDi,2011,Diesel,Individual,Unknown,Second Owner,Maruti,14
CAR_000418,Maruti Vitara Brezza ZDi Plus,2018,Diesel,Individual,Manual,First Owner,Maruti,7
CAR_000419,Hyundai Santro Era,2019,Petrol,Individual,Manual,First Owner,Hyundai,6
CAR_000420,Ford Endeavour 2.5L 4X2 MT,2011,Diesel,Individual,Manual,Second Owner,Ford,14
CAR_000421,Hyundai Verna 1.4 VTVT,2017,Petrol,Individual,Manual,First Owner,Hyundai,8
CAR_000422,Honda City i-DTEC V,2017,Diesel,Individual,Unknown,First Owner,Honda,8
CAR_000423,Hyundai Verna 1.6 CRDI,2011,Diesel,Individual,Manual,Second Owner,Hyundai,14
CAR_000424,Hyundai EON D Lite Plus,2015,Petrol,Dealer,Manual,First Owner,Hyundai,10
CAR_000425,Ford Figo Petrol Titanium,2011,Petrol,Individual,Unknown,Third Owner,Ford,14
CAR_000426,Maruti Wagon R VXI,2004,Petrol,Individual,Manual,First Owner,Maruti,21
CAR_000427,Ford Endeavour 4x4 XLT,2004,Diesel,Dealer,Manual,Second Owner,Ford,21
CAR_000428,Volkswagen Jetta 2.0 TDI Trendline,2011,Diesel,Individual,Manual,Second Owner,Volkswagen,14
CAR_000429,Volkswagen Polo 1.5 TDI Highline,2015,Diesel,Individual,Manual,Second Owner,Volkswagen,10
CAR_000430,Hyundai Grand i10 Sportz,2015,Petrol,Dealer,Manual,First Owner,Hyundai,10
CAR_000431,Hyundai i20 Asta 1.2,2015,Petrol,Dealer,Manual,First Owner,Hyundai,10
CAR_000432,Audi Q5 2.0 TDI,2012,Diesel,Individual,Unknown,Second Owner,Audi,13
CAR_000433,Renault Duster 85PS Diesel RxE,2013,Diesel,Dealer,Unknown,Second Owner,Renault,12
CAR_000434,Ford Figo Diesel Titanium,2011,Diesel,Individual,Manual,Second Owner,Ford,14
CAR_000435,Honda Brio E MT,2012,Petrol,Dealer,Manual,Second Owner,Honda,13
CAR_000436,Maruti Omni E MPI STD BS IV,2018,Petrol,Individual,Manual,First Owner,Maruti,7
CAR_000437,Honda Mobilio V i DTEC,2015,Petrol,Individual,Manual,First Owner,Honda,10
CAR_000438,Honda Brio S Option AT,2012,Petrol,Individual,Automatic,Second Owner,Honda,13
CAR_000439,Honda Accord 2.4 MT,2009,Petrol,Dealer,Manual,First Owner,Honda,16
CAR_000440,Mahindra Bolero SLX,2011,Diesel,Individual,Manual,Third Owner,Mahindra,14
CAR_000441,Ford Figo 1.2P Ambiente MT,2015,Petrol,Individual,Manual,First Owner,Ford,10
CAR_000442,Mahindra XUV500 W6 2WD,2013,Diesel,Dealer,Manual,Second Owner,Mahindra,12
CAR_000443,Tata Nano Lx,2011,Petrol,Individual,Manual,First Owner,Tata,14
CAR_000444,Hyundai i20 Active 1.2 SX,2016,Petrol,Individual,Manual,First Owner,Hyundai,9
CAR_000445,Tata Indigo LS Dicor,2011,Diesel,Individual,Manual,First Owner,Tata,14
CAR_000446,Tata Indica Vista Terra 1.4 TDI,2009,Diesel,Individual,Manual,Second Owner,Tata,16
CAR_000447,Maruti Alto LX,2006,Petrol,Individual,Manual,Second Owner,Maruti,19
CAR_000448,Maruti Zen VXI,2006,Petrol,Individual,Manual,Second Owner,Maruti,19
CAR_000449,Maruti Swift Dzire VDI,2014,Diesel,Individual,Manual,First Owner,Maruti,11
CAR_000450,Renault KWID 1.0 RXT Optional,2017,Petrol,Individual,Manual,First Owner,Renault,8
CAR_000451,Chevrolet Beat LS,2012,Petrol,Individual,Unknown,First Owner,Chevrolet,13
CAR_000452,Maruti Swift VDI,2012,Diesel,Individual,Manual,Second Owner,Maruti,13
CAR_000453,Maruti Alto 800 LXI,2018,Petrol,Individual,Manual,First Owner,Maruti,7
CAR_000454,Maruti Wagon R AMT VXI,2018,Petrol,Individual,Automatic,First Owner,Maruti,7
CAR_000455,Tata Tiago NRG Petrol,2019,Petrol,Individual,Manual,First Owner,Tata,6
CAR_000456,Maruti Ertiga SHVS VDI,2016,Diesel,Individual,Manual,Third Owner,Maruti,9
CAR_000457,Mahindra TUV 300 T4 Plus,2018,Diesel,Individual,Unknown,First Owner,Mahindra,7
CAR_000458,Maruti 800 AC BSII,2001,Petrol,Individual,Manual,Second Owner,Maruti,24
CAR_000459,Maruti Omni MPI STD BSIV,2018,Petrol,Individual,Manual,First Owner,Maruti,7
CAR_000460,Hyundai Santro Magna BSIV,2019,Petrol,Individual,Manual,First Owner,Hyundai,6
CAR_000461,Tata Zest Revotron 1.2 XT,2015,Petrol,Individual,Unknown,First Owner,Tata,10
CAR_000462,Mahindra XUV500 W11 Option AT AWD,2019,Diesel,Individual,Automatic,First Owner,Mahindra,6
CAR_000463,Volkswagen Polo Diesel Trendline 1.2L,2012,Diesel,Individual,Manual,First Owner,Volkswagen,13
CAR_000464,Hyundai Verna CRDi,2008,Diesel,Individual,Manual,Second Owner,Hyundai,17
CAR_000465,Chevrolet Beat LS,2011,Petrol,Individual,Manual,Second Owner,Chevrolet,14
CAR_000466,Toyota Innova 2.5 G (Diesel) 7 Seater,2015,Diesel,Individual,Manual,First Owner,Toyota,10
CAR_000467,Tata Indica Vista Quadrajet LX,2011,Diesel,Individual,Manual,First Owner,Tata,14
CAR_000468,Hyundai EON Era Plus,2013,Petrol,Individual,Manual,First Owner,Hyundai,12
CAR_000469,Maruti Vitara Brezza ZDi Plus,2018,Diesel,Individual,Manual,First Owner,Maruti,7
CAR_000470,Renault Duster 85PS Diesel RxL,2014,Diesel,Individual,Manual,First Owner,Renault,11
CAR_000471,Hyundai i10 Era 1.1,2009,Petrol,Individual,Manual,Second Owner,Hyundai,16
CAR_000472,Maruti Swift Dzire ZDI,2015,Diesel,Individual,Unknown,First Owner,Maruti,10
CAR_000473,Maruti Swift 1.3 VXi,2005,Petrol,Individual,Manual,First Owner,Maruti,20
CAR_000474,Renault Duster 110PS Diesel RxZ,2012,Diesel,Individual,Manual,First Owner,Renault,13
CAR_000475,Maruti Alto LX,2009,Petrol,Individual,Manual,Second Owner,Maruti,16
CAR_000476,Ford Figo Diesel ZXI,2011,Diesel,Individual,Manual,Second Owner,Ford,14
CAR_000477,Maruti Wagon R LXI BSIII,2005,Petrol,Individual,Unknown,Second Owner,Maruti,20
CAR_000478,Maruti Swift Ldi BSIV,2009,Diesel,Individual,Manual,Second Owner,Maruti,16
CAR_000479,Volkswagen Vento Diesel Highline,2011,Diesel,Individual,Manual,Second Owner,Volkswagen,14
CAR_000480,Datsun GO Plus T Option BSIV,2018,Petrol,Individual,Manual,Second Owner,Datsun,7
CAR_000481,Chevrolet Beat LT,2010,Petrol,Individual,Unknown,Second Owner,Chevrolet,15
CAR_000482,Maruti Alto K10 VXI Airbag,2015,Petrol,Individual,Manual,First Owner,Maruti,10
CAR_000483,Maruti Swift VDI,2012,Diesel,Individual,Manual,First Owner,Maruti,13
CAR_000484,Hyundai EON LPG Magna Plus,2012,LPG,Individual,Manual,First Owner,Hyundai,13
CAR_000485,Maruti Alto LX,2012,Petrol,Individual,Unknown,First Owner,Maruti,13
CAR_000486,Volkswagen Vento Diesel Highline,2011,Diesel,Individual,Unknown,Second Owner,Volkswagen,14
CAR_000487,Maruti Swift Vdi BSIII,2010,Diesel,Individual,Manual,Second Owner,Maruti,15
CAR_000488,Mahindra Bolero DI DX 7 Seater,2007,Diesel,Individual,Manual,First Owner,Mahindra,18
CAR_000489,Honda Mobilio V i DTEC,2014,Diesel,Individual,Unknown,First Owner,Honda,11
CAR_000490,Maruti Ertiga BSIV ZXI,2015,Petrol,Individual,Manual,First Owner,Maruti,10
CAR_000491,Honda BR-V i-VTEC S MT,2018,Petrol,Individual,Manual,First Owner,Honda,7
CAR_000492,Hyundai i20 Magna 1.2,2016,Petrol,Individual,Manual,First Owner,Hyundai,9
CAR_000493,Toyota Etios VD,2011,Diesel,Individual,Manual,Second Owner,Toyota,14
CAR_000494,Hyundai i10 Era 1.1,2009,Petrol,Individual,Manual,First Owner,Hyundai,16
CAR_000495,Maruti Swift Vdi BSIII,2010,Diesel,Individual,Manual,Third Owner,Maruti,15
CAR_000496,Hyundai Santro Xing GLS Audio LPG,2012,LPG,Individual,Manual,First Owner,Hyundai,13
CAR_000497,Ford Figo 1.2P Titanium MT,2019,Petrol,Dealer,Manual,First Owner,Ford,6
CAR_000498,Fiat Avventura Urban Cross 1.3 Multijet Emotion,2018,Diesel,Dealer,Manual,First Owner,Fiat,7
CAR_000499,Ford Figo Diesel ZXI,2012,Diesel,Dealer,Manual,First Owner,Ford,13
CAR_000500,Ford Figo Diesel Titanium,2012,Diesel,Dealer,Manual,First Owner,Ford,13
CAR_000501,Ford Aspire Titanium Diesel BSIV,2016,Diesel,Dealer,Manual,First Owner,Ford,9
CAR_000502,Ford EcoSport 1.5 TDCi Titanium BSIV,2013,Diesel,Dealer,Manual,First Owner,Ford,12
CAR_000503,Maruti Swift Ldi BSIII,2009,Diesel,Dealer,Manual,First Owner,Maruti,16
CAR_000504,Ford Fiesta Classic 1.4 Duratorq CLXI,2012,Diesel,Dealer,Manual,First Owner,Ford,13
CAR_000505,Ford Ecosport 1.5 DV5 MT Titanium,2014,Diesel,Dealer,Manual,First Owner,Ford,11
CAR_000506,Ford Figo Titanium Diesel BSIV,2010,Petrol,Dealer,Manual,Second Owner,Ford,15
CAR_000507,Mahindra XUV500 W8 2WD,2013,Petrol,Dealer,Manual,Second Owner,Mahindra,12
CAR_000508,Ford Ikon 1.3L Rocam Flair,2006,Petrol,Dealer,Manual,Second Owner,Ford,19
CAR_000509,Fiat Punto 1.3 Emotion,2013,Diesel,Dealer,Manual,Second Owner,Fiat,12
CAR_000510,Ford EcoSport 1.5 TDCi Titanium BSIV,2013,Diesel,Dealer,Manual,Second Owner,Ford,12
CAR_000511,Honda WR-V i-DTEC V,2019,Diesel,Individual,Manual,First Owner,Honda,6
CAR_000512,Skoda Laura L n K 1.9 PD,2006,Diesel,Individual,Manual,First Owner,Skoda,19
CAR_000513,Maruti Ritz LDi,2013,Diesel,Individual,Unknown,Third Owner,Maruti,12
CAR_000514,Mahindra Xylo D2,2009,Diesel,Individual,Unknown,Second Owner,Mahindra,16
CAR_000515,Honda City i DTEC S,2014,Petrol,Individual,Manual,First Owner,Honda,11
CAR_000516,Mahindra Scorpio 1.99 S4,2016,Diesel,Individual,Manual,First Owner,Mahindra,9
CAR_000517,Maruti Baleno Alpha 1.2,2019,Petrol,Individual,Manual,First Owner,Maruti,6
CAR_000518,Tata Indigo Grand Dicor,2014,Diesel,Individual,Manual,First Owner,Tata,11
CAR_000519,Honda Amaze EX i-Dtech,2013,Petrol,Dealer,Manual,First Owner,Honda,12
CAR_000520,Maruti Swift VDI,2013,Diesel,Dealer,Manual,First Owner,Maruti,12
CAR_000521,Hyundai Creta 1.6 CRDi SX Plus,2015,Diesel,Dealer,Manual,First Owner,Hyundai,10
CAR_000522,Toyota Etios GD SP,2013,Diesel,Dealer,Manual,First Owner,Toyota,12
CAR_000523,Maruti Swift VDI,2007,Petrol,Dealer,Manual,First Owner,Maruti,18
CAR_000524,Maruti Alto LX,2011,Petrol,Individual,Unknown,First Owner,Maruti,14
CAR_000525,Maruti Wagon R LXI Minor,2007,Petrol,Dealer,Manual,First Owner,Maruti,18
CAR_000526,Maruti SX4 S Cross DDiS 320 Delta,2016,Petrol,Dealer,Manual,First Owner,Maruti,9
CAR_000527,Renault KWID RXT,2015,Petrol,Dealer,Manual,First Owner,Renault,10
CAR_000528,Toyota Fortuner 2.8 4WD AT BSIV,2017,Diesel,Individual,Automatic,First Owner,Toyota,8
CAR_000529,Hyundai Verna 1.6 SX,2013,Diesel,Dealer,Manual,First Owner,Hyundai,12
CAR_000530,Maruti Ciaz VDi Option SHVS,2015,Diesel,Dealer,Manual,First Owner,Maruti,10
CAR_000531,Maruti Swift Dzire VDI,2013,Diesel,Dealer,Manual,First Owner,Maruti,12
CAR_000532,Toyota Innova 2.5 VX (Diesel) 8 Seater,2013,Petrol,Individual,Manual,First Owner,Toyota,12
CAR_000533,Mahindra Scorpio VLX 2WD AIRBAG SE BSIV,2012,Diesel,Dealer,Manual,First Owner,Mahindra,13
CAR_000534,Renault Duster 110PS Diesel RxL,2014,Diesel,Dealer,Manual,First Owner,Renault,11
CAR_000535,Hyundai Tucson 2.0 e-VGT 2WD MT,2017,Diesel,Dealer,Manual,First Owner,Hyundai,8
CAR_000536,Hyundai EON Era Plus,2015,Petrol,Dealer,Manual,Second Owner,Hyundai,10
CAR_000537,Jaguar XF 5.0 Litre V8 Petrol,2012,Petrol,Dealer,Automatic,Second Owner,Jaguar,13
CAR_000538,Hyundai Creta 1.6 VTVT AT SX Plus,2018,Petrol,Dealer,Unknown,First Owner,Hyundai,7
CAR_000539,Hyundai Verna VTVT 1.6 AT SX Option,2017,Petrol,Individual,Automatic,First Owner,Hyundai,8
CAR_000540,Mercedes-Benz GL-Class 350 CDI Blue Efficiency,2014,Diesel,Individual,Automatic,Second Owner,Mercedes-Benz,11
CAR_000541,Maruti Swift ZXI BSIV,2016,Petrol,Trustmark Dealer,Manual,First Owner,Maruti,9
CAR_000542,Maruti S-Cross Zeta DDiS 200 SH,2015,Diesel,Trustmark Dealer,Manual,First Owner,Maruti,10
CAR_000543,Hyundai Verna 1.6 VTVT SX,2015,Petrol,Trustmark Dealer,Manual,First Owner,Hyundai,10
CAR_000544,Volkswagen Polo GTI,2017,Petrol,Dealer,Automatic,Second Owner,Volkswagen,8
CAR_000545,Renault Pulse RxL,2015,Diesel,Trustmark Dealer,Manual,First Owner,Renault,10
CAR_000546,Maruti Celerio VXI AMT BSIV,2016,Petrol,Trustmark Dealer,Automatic,Second Owner,Maruti,9
CAR_000547,Honda Brio V MT,2014,Petrol,Trustmark Dealer,Manual,First Owner,Honda,11
CAR_000548,Maruti Baleno Alpha 1.3,2016,Petrol,Trustmark Dealer,Manual,First Owner,Maruti,9
CAR_000549,Hyundai Creta 1.6 SX Automatic Diesel,2015,Diesel,Trustmark Dealer,Automatic,Second Owner,Hyundai,10
CAR_000550,Honda City i VTEC V,2015,Petrol,Trustmark Dealer,Manual,First Owner,Honda,10
CAR_000551,Toyota Innova Crysta 2.4 GX AT,2018,Diesel,Dealer,Automatic,Second Owner,Toyota,7
CAR_000552,BMW 3 Series 320d Luxury Line,2016,Diesel,Dealer,Automatic,First Owner,BMW,9
CAR_000553,Renault Duster 85PS Diesel RxL,2013,Diesel,Dealer,Manual,Second Owner,Renault,12
CAR_000554,Mercedes-Benz C-Class Progressive C 220d,2018,Diesel,Dealer,Automatic,First Owner,Mercedes-Benz,7
CAR_000555,Audi A4 3.0 TDI Quattro,2013,Diesel,Dealer,Automatic,First Owner,Audi,12
CAR_000556,BMW X5 xDrive 30d xLine,2019,Diesel,Dealer,Automatic,First Owner,BMW,6
CAR_000557,Hyundai Creta 1.6 CRDi SX,2016,Diesel,Individual,Manual,First Owner,Hyundai,9
CAR_000558,Maruti SX4 Vxi BSIV,2012,Petrol,Individual,Manual,Second Owner,Maruti,13
CAR_000559,Hyundai Grand i10 1.2 Kappa Magna AT,2017,Petrol,Dealer,Automatic,First Owner,Hyundai,8
CAR_000560,Maruti Swift ZXI BSIV,2016,Petrol,Trustmark Dealer,Manual,First Owner,Maruti,9
CAR_000561,Maruti Ertiga VXI,2015,Petrol,Trustmark Dealer,Unknown,First Owner,Maruti,10
CAR_000562,Hyundai Grand i10 Magna AT,2017,Petrol,Dealer,Automatic,First Owner,Hyundai,8
CAR_000563,Chevrolet Beat LT Option,2016,Petrol,Dealer,Manual,First Owner,Chevrolet,9
CAR_000564,Toyota Fortuner 4x2 AT,2017,Diesel,Trustmark Dealer,Automatic,First Owner,Toyota,8
CAR_000565,Maruti S-Cross Zeta DDiS 200 SH,2015,Diesel,Trustmark Dealer,Manual,First Owner,Maruti,10
CAR_000566,Hyundai i10 Magna,2012,Petrol,Dealer,Manual,First Owner,Hyundai,13
CAR_000567,Audi A6 2.0 TDI Premium Plus,2013,Diesel,Dealer,Automatic,First Owner,Audi,12
CAR_000568,Hyundai Santro GS,2005,Petrol,Dealer,Manual,First Owner,Hyundai,20
CAR_000569,Skoda Laura Ambiente 2.0 TDI CR MT,2012,Diesel,Dealer,Manual,First Owner,Skoda,13
CAR_000570,Hyundai Verna 1.6 VTVT SX,2015,Petrol,Trustmark Dealer,Manual,First Owner,Hyundai,10
CAR_000571,Maruti Swift Dzire VDI,2017,Diesel,Trustmark Dealer,Manual,First Owner,Maruti,8
CAR_000572,Renault Duster 85PS Diesel RxL,2013,Diesel,Dealer,Unknown,Second Owner,Renault,12
CAR_000573,Mercedes-Benz C-Class Progressive C 220d,2018,Diesel,Dealer,Automatic,First Owner,Mercedes-Benz,7
CAR_000574,Audi A4 3.0 TDI Quattro,2013,Diesel,Dealer,Automatic,First Owner,Audi,12
CAR_000575,BMW X5 xDrive 30d xLine,2019,Diesel,Dealer,Automatic,First Owner,BMW,6
CAR_000576,Hyundai Creta 1.6 CRDi SX,2016,Petrol,Individual,Manual,First Owner,Hyundai,9
CAR_000577,Maruti SX4 Vxi BSIV,2012,Petrol,Individual,Manual,Second Owner,Maruti,13
CAR_000578,Hyundai Grand i10 1.2 Kappa Magna AT,2017,Petrol,Dealer,Automatic,First Owner,Hyundai,8
CAR_000579,Maruti Swift ZXI BSIV,2016,Petrol,Trustmark Dealer,Manual,First Owner,Maruti,9
CAR_000580,Maruti Ertiga VXI,2015,Petrol,Trustmark Dealer,Manual,First Owner,Maruti,10
CAR_000581,Hyundai Grand i10 Magna AT,2017,Petrol,Dealer,Automatic,First Owner,Hyundai,8
CAR_000582,Chevrolet Beat LT Option,2016,Petrol,Dealer,Manual,First Owner,Chevrolet,9
CAR_000583,Toyota Fortuner 4x2 AT,2017,Diesel,Trustmark Dealer,Automatic,First Owner,Toyota,8
CAR_000584,Maruti S-Cross Zeta DDiS 200 SH,2015,Diesel,Trustmark Dealer,Manual,First Owner,Maruti,10
CAR_000585,Hyundai i10 Magna,2012,Petrol,Dealer,Manual,First Owner,Hyundai,13
CAR_000586,Audi A6 2.0 TDI Premium Plus,2013,Diesel,Dealer,Automatic,First Owner,Audi,12
CAR_000587,Hyundai Santro GS,2005,Petrol,Dealer,Manual,First Owner,Hyundai,20
CAR_000588,Skoda Laura Ambiente 2.0 TDI CR MT,2012,Diesel,Dealer,Manual,First Owner,Skoda,13
CAR_000589,Hyundai Verna 1.6 VTVT SX,2015,Petrol,Trustmark Dealer,Unknown,First Owner,Hyundai,10
CAR_000590,Maruti Swift Dzire VDI,2017,Diesel,Trustmark Dealer,Manual,First Owner,Maruti,8
CAR_000591,Renault Duster 85PS Diesel RxL,2013,Diesel,Dealer,Manual,Second Owner,Renault,12
CAR_000592,Mercedes-Benz C-Class Progressive C 220d,2018,Diesel,Dealer,Automatic,First Owner,Mercedes-Benz,7
CAR_000593,Audi A4 3.0 TDI Quattro,2013,Diesel,Dealer,Automatic,First Owner,Audi,12
CAR_000594,BMW X5 xDrive 30d xLine,2019,Diesel,Dealer,Automatic,First Owner,BMW,6
CAR_000595,Hyundai Creta 1.6 CRDi SX,2016,Diesel,Individual,Manual,First Owner,Hyundai,9
CAR_000596,Maruti SX4 Vxi BSIV,2012,Petrol,Individual,Manual,Second Owner,Maruti,13
CAR_000597,Hyundai Grand i10 1.2 Kappa Magna AT,2017,Petrol,Dealer,Automatic,First Owner,Hyundai,8
CAR_000598,Maruti Swift ZXI BSIV,2016,Petrol,Trustmark Dealer,Manual,First Owner,Maruti,9
CAR_000599,Maruti Ertiga VXI,2015,Petrol,Trustmark Dealer,Manual,First Owner,Maruti,10
CAR_000600,Hyundai Grand i10 Magna AT,2017,Petrol,Dealer,Unknown,First Owner,Hyundai,8
CAR_000601,Chevrolet Beat LT Option,2016,Petrol,Dealer,Manual,First Owner,Chevrolet,9
CAR_000602,Toyota Fortuner 4x2 AT,2017,Diesel,Trustmark Dealer,Automatic,First Owner,Toyota,8
CAR_000603,Maruti S-Cross Zeta DDiS 200 SH,2015,Diesel,Trustmark Dealer,Manual,First Owner,Maruti,10
CAR_000604,Hyundai i10 Magna,2012,Petrol,Dealer,Manual,First Owner,Hyundai,13
CAR_000605,Audi A6 2.0 TDI Premium Plus,2013,Diesel,Dealer,Automatic,First Owner,Audi,12
CAR_000606,Hyundai Santro GS,2005,Petrol,Dealer,Manual,First Owner,Hyundai,20
CAR_000607,Skoda Laura Ambiente 2.0 TDI CR MT,2012,Diesel,Dealer,Unknown,First Owner,Skoda,13
CAR_000608,Hyundai Verna 1.6 VTVT SX,2015,Petrol,Trustmark Dealer,Manual,First Owner,Hyundai,10
CAR_000609,Maruti Swift Dzire VDI,2017,Diesel,Trustmark Dealer,Manual,First Owner,Maruti,8
CAR_000610,Renault Duster 85PS Diesel RxL,2013,Diesel,Dealer,Manual,Second Owner,Renault,12
CAR_000611,Mercedes-Benz C-Class Progressive C 220d,2018,Diesel,Dealer,Automatic,First Owner,Mercedes-Benz,7
CAR_000612,Audi A4 3.0 TDI Quattro,2013,Diesel,Dealer,Automatic,First Owner,Audi,12
CAR_000613,BMW X5 xDrive 30d xLine,2019,Petrol,Dealer,Automatic,First Owner,BMW,6
CAR_000614,Hyundai Creta 1.6 CRDi SX,2016,Diesel,Individual,Manual,First Owner,Hyundai,9
CAR_000615,Maruti SX4 Vxi BSIV,2012,Petrol,Individual,Manual,Second Owner,Maruti,13
CAR_000616,Hyundai Grand i10 1.2 Kappa Magna AT,2017,Petrol,Dealer,Automatic,First Owner,Hyundai,8
CAR_000617,Maruti Swift ZXI BSIV,2016,Petrol,Trustmark Dealer,Manual,First Owner,Maruti,9
CAR_000618,Maruti Ertiga VXI,2015,Petrol,Trustmark Dealer,Manual,First Owner,Maruti,10
CAR_000619,Hyundai Grand i10 Magna AT,2017,Petrol,Dealer,Automatic,First Owner,Hyundai,8
CAR_000620,Chevrolet Beat LT Option,2016,Petrol,Dealer,Manual,First Owner,Chevrolet,9
CAR_000621,Toyota Fortuner 4x2 AT,2017,Diesel,Trustmark Dealer,Automatic,First Owner,Toyota,8
CAR_000622,Maruti S-Cross Zeta DDiS 200 SH,2015,Diesel,Trustmark Dealer,Manual,First Owner,Maruti,10
CAR_000623,Hyundai i10 Magna,2012,Petrol,Dealer,Manual,First Owner,Hyundai,13
CAR_000624,Audi A6 2.0 TDI Premium Plus,2013,Diesel,Dealer,Automatic,First Owner,Audi,12
CAR_000625,Hyundai Santro GS,2005,Petrol,Dealer,Manual,First Owner,Hyundai,20
CAR_000626,Skoda Laura Ambiente 2.0 TDI CR MT,2012,Diesel,Dealer,Manual,First Owner,Skoda,13
CAR_000627,Hyundai Verna 1.6 VTVT SX,2015,Petrol,Trustmark Dealer,Manual,First Owner,Hyundai,10
CAR_000628,Maruti Swift Dzire VDI,2017,Diesel,Trustmark Dealer,Manual,First Owner,Maruti,8
CAR_000629,Hyundai i20 Sportz 1.2,2013,Petrol,Individual,Manual,Second Owner,Hyundai,12
CAR_000630,Maruti Alto 800 LXI,2014,Petrol,Individual,Unknown,First Owner,Maruti,11
CAR_000631,Hyundai i20 Sportz 1.2,2013,Petrol,Individual,Manual,Second Owner,Hyundai,12
CAR_000632,Maruti Gypsy E MG410W ST,1995,Petrol,Individual,Manual,Second Owner,Maruti,30
CAR_000633,Mahindra Scorpio 1.99 S6 Plus,2016,Diesel,Individual,Manual,First Owner,Mahindra,9
CAR_000634,Chevrolet Beat LT,2012,Petrol,Individual,Manual,Second Owner,Chevrolet,13
CAR_000635,Maruti Omni E MPI STD BS IV,2014,Petrol,Individual,Manual,First Owner,Maruti,11
CAR_000636,Tata Nexon 1.5 Revotorq XZ,2019,Diesel,Individual,Unknown,First Owner,Tata,6
CAR_000637,Mahindra Verito 1.5 D4 BSIV,2012,Diesel,Individual,Manual,Second Owner,Mahindra,13
CAR_000638,Maruti Swift VDI,2018,Diesel,Individual,Manual,First Owner,Maruti,7
CAR_000639,Chevrolet Tavera LS B3 7 Seats BSII,2005,Diesel,Individual,Manual,First Owner,Chevrolet,20
CAR_000640,Chevrolet Optra Magnum 2.0 LS,2009,Diesel,Individual,Manual,First Owner,Chevrolet,16
CAR_000641,Maruti Eeco 5 Seater Standard BSIV,2019,Petrol,Individual,Manual,First Owner,Maruti,6
CAR_000642,Maruti Swift 1.3 VXi,2006,Petrol,Individual,Manual,Second Owner,Maruti,19
CAR_000643,Honda Civic 1.8 MT Sport,2007,Petrol,Individual,Manual,Second Owner,Honda,18
CAR_000644,Tata Nano Lx BSIV,2012,Petrol,Individual,Manual,First Owner,Tata,13
CAR_000645,Tata Hexa XT 4X4,2017,Diesel,Individual,Manual,First Owner,Tata,8
CAR_000646,Tata Indica Vista Quadrajet VX,2012,Diesel,Individual,Manual,First Owner,Tata,13
CAR_000647,Mahindra Scorpio 2.6 CRDe SLE,2011,Diesel,Individual,Unknown,First Owner,Mahindra,14
CAR_000648,Tata Indica Vista Aqua 1.4 TDI,2010,Diesel,Individual,Unknown,Second Owner,Tata,15
CAR_000649,Maruti Zen Estilo LXI BSIII,2008,Petrol,Individual,Manual,Third Owner,Maruti,17
CAR_000650,Maruti Swift Dzire AMT ZXI Plus BS IV,2017,Petrol,Individual,Automatic,First Owner,Maruti,8
CAR_000651,Honda Amaze S AT i-Vtech,2015,Petrol,Individual,Automatic,First Owner,Honda,10
CAR_000652,Datsun RediGO T Option,2017,Petrol,Individual,Manual,First Owner,Datsun,8
CAR_000653,Maruti Alto K10 VXI,2016,Petrol,Individual,Manual,First Owner,Maruti,9
CAR_000654,Maruti Alto LXi,2009,Petrol,Individual,Manual,First Owner,Maruti,16
CAR_000655,Maruti Swift VXI,2018,Petrol,Individual,Manual,First Owner,Maruti,7
CAR_000656,Mahindra Renault Logan 1.4 GLX Petrol,2008,Petrol,Individual,Unknown,First Owner,Mahindra,17
CAR_000657,Tata Safari Storme VX,2013,Diesel,Individual,Manual,First Owner,Tata,12
CAR_000658,Hyundai i10 Magna LPG,2013,LPG,Individual,Manual,First Owner,Hyundai,12
CAR_000659,Tata Venture EX,2012,Diesel,Individual,Manual,First Owner,Tata,13
CAR_000660,Chevrolet Captiva LT,2008,Diesel,Individual,Manual,Fourth & Above Owner,Chevrolet,17
CAR_000661,Ford Fiesta Classic 1.4 Duratorq CLXI,2011,Diesel,Individual,Manual,Second Owner,Ford,14
CAR_000662,Chevrolet Aveo U-VA 1.2 LS,2010,Petrol,Individual,Manual,First Owner,Chevrolet,15
CAR_000663,Maruti Ciaz Zeta BSIV,2019,Petrol,Individual,Manual,First Owner,Maruti,6
CAR_000664,Tata Hexa XM,2017,Diesel,Individual,Manual,First Owner,Tata,8
CAR_000665,Hyundai Santro Xing GL PLUS CNG,2007,CNG,Individual,Unknown,Third Owner,Hyundai,18
CAR_000666,Hyundai Santro GLS I - Euro I,2001,Petrol,Individual,Manual,Third Owner,Hyundai,24
CAR_000667,Hyundai Verna CRDi,2007,Petrol,Individual,Manual,Fourth & Above Owner,Hyundai,18
CAR_000668,Mahindra Thar CRDe ABS,2019,Diesel,Individual,Manual,First Owner,Mahindra,6
CAR_000669,Maruti Alto K10 2010-2014 VXI,2011,Petrol,Individual,Manual,First Owner,Maruti,14
CAR_000670,Maruti 800 AC,2012,Petrol,Individual,Manual,First Owner,Maruti,13
CAR_000671,Hyundai Verna 1.6 SX,2013,Diesel,Individual,Manual,Second Owner,Hyundai,12
CAR_000672,Toyota Innova 2.5 V Diesel 8-seater,2009,Diesel,Individual,Manual,Third Owner,Toyota,16
CAR_000673,Hyundai Verna CRDi,2008,Diesel,Individual,Manual,Second Owner,Hyundai,17
CAR_000674,Maruti Alto K10 LXI,2015,Petrol,Individual,Manual,Fourth & Above Owner,Maruti,10
CAR_000675,Honda City 1.5 V AT,2011,Petrol,Individual,Automatic,Second Owner,Honda,14
CAR_000676,Maruti Alto 800 VXI,2015,Petrol,Individual,Manual,First Owner,Maruti,10
CAR_000677,Mahindra Bolero SLX,2011,Diesel,Individual,Manual,First Owner,Mahindra,14
CAR_000678,Maruti Ritz LXI,2009,Petrol,Individual,Manual,First Owner,Maruti,16
CAR_000679,Honda Jazz VX,2018,Petrol,Individual,Manual,First Owner,Honda,7
CAR_000680,Mahindra Scorpio SLE BSIII,2009,Diesel,Individual,Manual,First Owner,Mahindra,16
CAR_000681,Skoda Rapid 1.6 MPI AT Elegance Plus,2015,Petrol,Individual,Automatic,First Owner,Skoda,10
CAR_000682,Maruti Alto 800 VXI,2018,Petrol,Individual,Unknown,First Owner,Maruti,7
CAR_000683,Tata Nano LX,2013,Petrol,Individual,Manual,First Owner,Tata,12
CAR_000684,Maruti Alto 800 VXI,2018,Petrol,Individual,Manual,First Owner,Maruti,7
CAR_000685,Maruti Zen Estilo 1.1 VXI BSIII,2007,Petrol,Individual,Unknown,First Owner,Maruti,18
CAR_000686,Maruti Wagon R LX Minor,2013,Petrol,Individual,Manual,First Owner,Maruti,12
CAR_000687,Maruti Wagon R LX Minor,2013,Petrol,Individual,Manual,First Owner,Maruti,12
CAR_000688,Tata Zest Revotron 1.2 XT,2014,Petrol,Individual,Unknown,First Owner,Tata,11
CAR_000689,Hyundai Verna 1.6 SX CRDi (O),2012,Diesel,Individual,Manual,Second Owner,Hyundai,13
CAR_000690,Skoda Octavia Classic 1.9 TDI MT,2004,Diesel,Individual,Manual,Second Owner,Skoda,21
CAR_000691,Maruti Swift AMT VXI,2018,Petrol,Individual,Automatic,First Owner,Maruti,7
CAR_000692,Honda Amaze SX i-VTEC,2016,Petrol,Individual,Manual,First Owner,Honda,9
CAR_000693,Mahindra XUV500 W6 2WD,2015,Diesel,Individual,Manual,Third Owner,Mahindra,10
CAR_000694,Toyota Etios GD,2016,Diesel,Individual,Manual,Second Owner,Toyota,9
CAR_000695,Hyundai Grand i10 Nios Magna CRDi,2020,Diesel,Individual,Manual,First Owner,Hyundai,5
CAR_000696,Chevrolet Beat LS,2011,Petrol,Individual,Manual,First Owner,Chevrolet,14
CAR_000697,Maruti Alto LX,2011,Petrol,Individual,Manual,Third Owner,Maruti,14
CAR_000698,Maruti Wagon R LXI Minor,2009,Petrol,Individual,Manual,First Owner,Maruti,16
CAR_000699,Volkswagen Jetta 1.9 L TDI,2010,Diesel,Dealer,Manual,First Owner,Volkswagen,15
CAR_000700,Hyundai Verna 1.6 SX,2012,Diesel,Dealer,Unknown,Second Owner,Hyundai,13
CAR_000701,Renault Duster 85PS Diesel RxL,2015,Diesel,Individual,Manual,First Owner,Renault,10
CAR_000702,Hyundai Xcent 1.1 CRDi SX Option,2016,Diesel,Individual,Manual,First Owner,Hyundai,9
CAR_000703,Hyundai i20 1.2 Sportz,2011,Petrol,Individual,Manual,First Owner,Hyundai,14
CAR_000704,Hyundai Santro Xing GL Plus LPG,2011,LPG,Individual,Manual,Second Owner,Hyundai,14
CAR_000705,Maruti Ritz LDi,2016,Diesel,Individual,Manual,Second Owner,Maruti,9
CAR_000706,Chevrolet Cruze LTZ,2010,Diesel,Individual,Manual,Second Owner,Chevrolet,15
CAR_000707,Hyundai Accent Executive,2012,Petrol,Individual,Manual,Third Owner,Hyundai,13
CAR_000708,Hyundai Grand i10 1.2 Kappa Asta,2017,Petrol,Individual,Manual,First Owner,Hyundai,8
CAR_000709,Hyundai Grand i10 CRDi Sportz,2015,Diesel,Individual,Manual,First Owner,Hyundai,10
CAR_000710,Honda City i VTEC V,2016,Petrol,Dealer,Manual,First Owner,Honda,9
CAR_000711,Maruti Celerio VXI AT,2017,Petrol,Dealer,Automatic,First Owner,Maruti,8
CAR_000712,Hyundai Creta 1.6 CRDi AT SX Plus,2016,Diesel,Dealer,Automatic,First Owner,Hyundai,9
CAR_000713,Maruti Ertiga VXI CNG,2013,CNG,Dealer,Manual,First Owner,Maruti,12
CAR_000714,Hyundai Verna 1.6 SX VTVT,2013,Petrol,Dealer,Unknown,First Owner,Hyundai,12
CAR_000715,Maruti Vitara Brezza VDi,2016,Diesel,Dealer,Manual,First Owner,Maruti,9
CAR_000716,Hyundai Grand i10 1.2 Kappa Sportz Dual Tone,2013,Petrol,Dealer,Manual,First Owner,Hyundai,12
CAR_000717,Toyota Etios V,2011,Petrol,Dealer,Manual,First Owner,Toyota,14
CAR_000718,Volkswagen Vento Petrol Highline AT,2011,Petrol,Dealer,Automatic,First Owner,Volkswagen,14
CAR_000719,Volkswagen Polo Diesel Highline 1.2L,2013,Diesel,Dealer,Manual,First Owner,Volkswagen,12
CAR_000720,Mahindra KUV 100 mFALCON D75 K8,2017,Diesel,Dealer,Manual,First Owner,Mahindra,8
CAR_000721,Toyota Etios V,2011,Petrol,Dealer,Manual,First Owner,Toyota,14
CAR_000722,Audi A4 New  2.0 TDI Multitronic,2014,Diesel,Dealer,Automatic,First Owner,Audi,11
CAR_000723,Volkswagen Polo Petrol Highline 1.2L,2011,Petrol,Dealer,Manual,First Owner,Volkswagen,14
CAR_000724,Skoda Rapid 1.6 MPI Active,2012,Petrol,Dealer,Manual,First Owner,Skoda,13
CAR_000725,Maruti Ertiga ZDI,2014,Petrol,Dealer,Manual,First Owner,Maruti,11
CAR_000726,Maruti Wagon R Stingray LXI,2014,Petrol,Dealer,Manual,First Owner,Maruti,11
CAR_000727,Hyundai i20 Asta,2010,Petrol,Dealer,Manual,Second Owner,Hyundai,15
CAR_000728,Volkswagen Polo Petrol Highline 1.2L,2010,Petrol,Dealer,Manual,Second Owner,Volkswagen,15
CAR_000729,Skoda Superb 1.8 TSI,2013,Petrol,Dealer,Automatic,Second Owner,Skoda,12
CAR_000730,Tata Indigo LS,2007,Diesel,Individual,Manual,Third Owner,Tata,18
CAR_000731,Hyundai Verna 1.6 SX CRDi (O),2014,Diesel,Individual,Manual,First Owner,Hyundai,11
CAR_000732,Land Rover Discovery Sport TD4 HSE 7S,2018,Diesel,Individual,Automatic,First Owner,Land,7
CAR_000733,Tata Sumo GX TC 8 Str,2010,Diesel,Individual,Manual,Second Owner,Tata,15
CAR_000734,Maruti Swift VXI,2019,Petrol,Individual,Manual,First Owner,Maruti,6
CAR_000735,Maruti Alto LXi,2010,Petrol,Individual,Manual,First Owner,Maruti,15
CAR_000736,Maruti Swift VDI,2013,Diesel,Individual,Manual,First Owner,Maruti,12
CAR_000737,Hyundai i20 Magna,2010,Petrol,Individual,Unknown,Third Owner,Hyundai,15
CAR_000738,Maruti Alto LXi,2008,Petrol,Individual,Manual,Second Owner,Maruti,17
CAR_000739,Hyundai Verna CRDi 1.6 SX Option,2019,Diesel,Individual,Manual,First Owner,Hyundai,6
CAR_000740,Maruti Alto 800 VXI,2017,Petrol,Individual,Manual,First Owner,Maruti,8
CAR_000741,Maruti SX4 Vxi BSIV,2012,Petrol,Individual,Unknown,Second Owner,Maruti,13
CAR_000742,Maruti Alto 800 LXI,2006,Petrol,Individual,Unknown,First Owner,Maruti,19
CAR_000743,Tata Tiago XZA AMT,2018,Petrol,Dealer,Automatic,First Owner,Tata,7
CAR_000744,Hyundai EON Era Plus,2018,Petrol,Dealer,Manual,First Owner,Hyundai,7
CAR_000745,Toyota Innova Crysta 2.4 VX MT BSIV,2018,Petrol,Individual,Manual,First Owner,Toyota,7
CAR_000746,Hyundai Grand i10 AT Asta,2015,Petrol,Individual,Automatic,First Owner,Hyundai,10
CAR_000747,Maruti Ciaz VXi,2015,Petrol,Dealer,Manual,First Owner,Maruti,10
CAR_000748,Maruti 800 Std,2003,Petrol,Individual,Manual,First Owner,Maruti,22
CAR_000749,Mahindra XUV500 W8 4WD,2013,Diesel,Dealer,Manual,First Owner,Mahindra,12
CAR_000750,Renault Lodgy 85PS RxL,2017,Diesel,Individual,Manual,First Owner,Renault,8
CAR_000751,Mahindra Scorpio S6 Plus 7 Seater,2015,Diesel,Dealer,Manual,First Owner,Mahindra,10
CAR_000752,Maruti Swift LDI BSIV,2015,Diesel,Dealer,Manual,First Owner,Maruti,10
CAR_000753,Hyundai i20 2015-2017 Magna 1.2,2015,Petrol,Dealer,Unknown,First Owner,Hyundai,10
CAR_000754,Maruti Wagon R LXI BS IV,2013,Petrol,Dealer,Manual,First Owner,Maruti,12
CAR_000755,Mahindra Bolero 2011-2019 SLX 2WD BSIII,2013,Diesel,Dealer,Manual,Second Owner,Mahindra,12
CAR_000756,Mahindra Bolero Power Plus SLX,2018,Diesel,Dealer,Manual,First Owner,Mahindra,7
CAR_000757,Honda Brio S MT,2015,Petrol,Dealer,Manual,Second Owner,Honda,10
CAR_000758,Toyota Innova Crysta 2.8 ZX AT BSIV,2017,Diesel,Individual,Automatic,First Owner,Toyota,8
CAR_000759,Maruti Ciaz VDI SHVS,2017,Diesel,Dealer,Manual,First Owner,Maruti,8
CAR_000760,Honda Amaze EX i-Dtech,2014,Petrol,Dealer,Manual,First Owner,Honda,11
CAR_000761,Hyundai EON Magna Plus,2016,Petrol,Individual,Manual,First Owner,Hyundai,9
CAR_000762,Tata Indica GLS BS IV,2009,Petrol,Individual,Manual,Second Owner,Tata,16
CAR_000763,Hyundai EON Era Plus,2017,Petrol,Individual,Manual,First Owner,Hyundai,8
CAR_000764,Honda City i DTec SV,2014,Petrol,Dealer,Manual,First Owner,Honda,11
CAR_000765,Maruti Swift LXI,2019,Petrol,Individual,Manual,First Owner,Maruti,6
CAR_000766,Hyundai i10 Sportz 1.2,2008,Petrol,Individual,Manual,First Owner,Hyundai,17
CAR_000767,Maruti Alto 800 LXI,2014,Petrol,Dealer,Manual,Second Owner,Maruti,11
CAR_000768,Maruti Zen LXI,2006,Petrol,Individual,Manual,First Owner,Maruti,19
CAR_000769,Honda WR-V i-VTEC VX,2018,Petrol,Individual,Manual,First Owner,Honda,7
CAR_000770,Maruti Alto 800 LXI,2019,Petrol,Individual,Manual,First Owner,Maruti,6
CAR_000771,Toyota Fortuner 2.8 2WD AT BSIV,2017,Diesel,Individual,Automatic,First Owner,Toyota,8
CAR_000772,Toyota Innova Crysta 2.4 ZX MT,2017,Diesel,Dealer,Manual,First Owner,Toyota,8
CAR_000773,Volkswagen Polo 1.5 TDI Trendline,2011,Diesel,Dealer,Manual,First Owner,Volkswagen,14
CAR_000774,Mahindra Verito Vibe 1.5 dCi D4,2013,Diesel,Individual,Manual,First Owner,Mahindra,12
CAR_000775,Toyota Innova 2.5 G (Diesel) 7 Seater,2016,Diesel,Dealer,Manual,First Owner,Toyota,9
CAR_000776,Volkswagen Vento Magnific 1.6 Highline,2013,Petrol,Dealer,Manual,First Owner,Volkswagen,12
CAR_000777,Maruti Swift VDI,2012,Petrol,Individual,Manual,First Owner,Maruti,13
CAR_000778,Hyundai Verna 1.6 VTVT AT S Option,2016,Petrol,Individual,Automatic,First Owner,Hyundai,9
CAR_000779,Maruti Swift Dzire LDI,2018,Diesel,Individual,Manual,First Owner,Maruti,7
CAR_000780,Tata New Safari DICOR 2.2 GX 4x2,2011,Diesel,Individual,Manual,Second Owner,Tata,14
CAR_000781,Maruti SX4 Vxi BSIV,2013,Petrol,Individual,Manual,First Owner,Maruti,12
CAR_000782,Maruti Celerio VXI AT,2017,Petrol,Individual,Automatic,First Owner,Maruti,8
CAR_000783,Maruti SX4 ZDI,2011,Diesel,Individual,Manual,Third Owner,Maruti,14
CAR_000784,Mahindra XUV500 W8 2WD,2012,Diesel,Individual,Unknown,Second Owner,Mahindra,13
CAR_000785,Hyundai Verna 1.6 SX VTVT (O),2013,Petrol,Individual,Manual,Second Owner,Hyundai,12
CAR_000786,Maruti Swift Dzire VDI,2014,Diesel,Individual,Manual,Second Owner,Maruti,11
CAR_000787,Fiat Grande Punto 1.3 Dynamic (Diesel),2012,Diesel,Individual,Manual,Second Owner,Fiat,13
CAR_000788,Maruti SX4 Vxi BSIV,2012,Petrol,Individual,Manual,Second Owner,Maruti,13
CAR_000789,Maruti Swift VDI BSIV,2014,Diesel,Individual,Manual,Second Owner,Maruti,11
CAR_000790,Maruti Wagon R Stingray VXI,2014,Petrol,Individual,Manual,First Owner,Maruti,11
CAR_000791,Toyota Etios Liva 1.4 VD,2017,Diesel,Dealer,Manual,First Owner,Toyota,8
CAR_000792,Hyundai Xcent 1.2 Kappa SX,2016,Petrol,Individual,Manual,First Owner,Hyundai,9
CAR_000793,Honda Amaze VX O iDTEC,2017,Diesel,Dealer,Manual,First Owner,Honda,8
CAR_000794,Maruti Ciaz 1.4 AT Zeta,2017,Petrol,Individual,Automatic,First Owner,Maruti,8
CAR_000795,Mahindra Scorpio S4 4WD,2015,Diesel,Individual,Manual,First Owner,Mahindra,10
CAR_000796,Mahindra Quanto C8,2013,Diesel,Individual,Unknown,Second Owner,Mahindra,12
CAR_000797,Hyundai Verna CRDi 1.6 SX Option,2018,Diesel,Dealer,Manual,First Owner,Hyundai,7
CAR_000798,Maruti Swift 1.3 VXI ABS,2015,Petrol,Dealer,Manual,First Owner,Maruti,10
CAR_000799,Maruti Wagon R LXI,2011,Petrol,Dealer,Manual,First Owner,Maruti,14
CAR_000800,Ford Ecosport 1.0 Ecoboost Titanium Optional,2013,Petrol,Individual,Manual,First Owner,Ford,12
CAR_000801,Mahindra XUV500 W8 2WD,2013,Diesel,Dealer,Manual,First Owner,Mahindra,12
CAR_000802,Maruti Wagon R LXI,2009,Petrol,Dealer,Unknown,First Owner,Maruti,16
CAR_000803,Renault KWID Climber 1.0 AMT BSIV,2017,Petrol,Dealer,Automatic,First Owner,Renault,8
CAR_000804,Maruti Swift Dzire VDI,2017,Diesel,Dealer,Manual,First Owner,Maruti,8
CAR_000805,Renault KWID RXL BSIV,2017,Petrol,Dealer,Manual,First Owner,Renault,8
CAR_000806,Hyundai EON 1.0 Era Plus,2012,Petrol,Dealer,Manual,First Owner,Hyundai,13
CAR_000807,Maruti Wagon R AMT VXI,2014,Petrol,Dealer,Automatic,First Owner,Maruti,11
CAR_000808,Mahindra Bolero Power Plus SLX,2017,Diesel,Individual,Unknown,Second Owner,Mahindra,8
CAR_000809,Mahindra XUV500 W8 2WD,2012,Diesel,Dealer,Manual,First Owner,Mahindra,13
CAR_000810,Toyota Innova 2.5 G (Diesel) 8 Seater,2015,Diesel,Dealer,Manual,First Owner,Toyota,10
CAR_000811,Maruti Ertiga VXI,2014,Petrol,Individual,Manual,First Owner,Maruti,11
CAR_000812,Toyota Innova 2.5 G4 Diesel 8-seater,2007,Petrol,Individual,Manual,Second Owner,Toyota,18
CAR_000813,Maruti Alto 800 VXI,2017,Petrol,Individual,Manual,First Owner,Maruti,8
CAR_000814,Mahindra Scorpio 1.99 S10,2016,Diesel,Individual,Manual,Second Owner,Mahindra,9
CAR_000815,Mahindra KUV 100 G80 K2,2018,Petrol,Individual,Manual,First Owner,Mahindra,7
CAR_000816,Hyundai i20 1.4 Asta Option,2017,Diesel,Individual,Manual,First Owner,Hyundai,8
CAR_000817,Chevrolet Spark 1.0,2008,Petrol,Individual,Manual,Third Owner,Chevrolet,17
CAR_000818,Renault KWID RXL,2016,Petrol,Individual,Manual,Third Owner,Renault,9
CAR_000819,Maruti Ertiga ZDI,2012,Diesel,Individual,Manual,Fourth & Above Owner,Maruti,13
CAR_000820,Maruti Celerio ZXI Optional AMT BSIV,2017,Petrol,Individual,Automatic,First Owner,Maruti,8
CAR_000821,Fiat Palio D 1.9 EL PS,2003,Diesel,Individual,Manual,Second Owner,Fiat,22
CAR_000822,Hyundai EON Magna Plus,2013,Petrol,Individual,Manual,First Owner,Hyundai,12
CAR_000823,Hyundai Verna 1.6 CRDI,2011,Diesel,Individual,Manual,Third Owner,Hyundai,14
CAR_000824,Fiat Linea Classic 1.3 Multijet,2015,Diesel,Individual,Manual,First Owner,Fiat,10
CAR_000825,Maruti Alto 800 CNG LXI,2012,CNG,Individual,Manual,Second Owner,Maruti,13
CAR_000826,Hyundai Grand i10 Sportz,2015,Petrol,Individual,Manual,Second Owner,Hyundai,10
CAR_000827,Maruti Swift Dzire VXi,2009,Petrol,Individual,Manual,Third Owner,Maruti,16
CAR_000828,Tata Indigo CR4,2013,Diesel,Individual,Manual,First Owner,Tata,12
CAR_000829,Mahindra Scorpio S11 BSIV,2018,Petrol,Individual,Manual,First Owner,Mahindra,7
CAR_000830,Hyundai Grand i10 1.2 Kappa Sportz BSIV,2019,Petrol,Individual,Manual,First Owner,Hyundai,6
CAR_000831,Honda Brio 1.2 S MT,2017,Petrol,Individual,Manual,First Owner,Honda,8
CAR_000832,Tata Nano Lx,2011,Petrol,Individual,Manual,First Owner,Tata,14
CAR_000833,Tata Nano Lx,2011,Petrol,Individual,Unknown,First Owner,Tata,14
CAR_000834,Ford Figo Petrol Titanium,2010,Petrol,Individual,Manual,First Owner,Ford,15
CAR_000835,Tata Zest Revotron 1.2T XE,2016,Petrol,Individual,Manual,First Owner,Tata,9
CAR_000836,Hyundai Creta 1.4 CRDi Base,2016,Diesel,Individual,Manual,First Owner,Hyundai,9
CAR_000837,Mercedes-Benz M-Class ML 350 CDI,2014,Diesel,Individual,Automatic,Second Owner,Mercedes-Benz,11
CAR_000838,Hyundai Verna 1.6 SX CRDi (O),2013,Diesel,Individual,Manual,Second Owner,Hyundai,12
CAR_000839,Toyota Innova Crysta 2.4 GX MT 8S BSIV,2018,Diesel,Individual,Manual,First Owner,Toyota,7
CAR_000840,Ford Figo Aspire 1.2 Ti-VCT Titanium Plus,2018,Petrol,Individual,Manual,First Owner,Ford,7
CAR_000841,Maruti Ertiga VXI,2014,Petrol,Individual,Manual,First Owner,Maruti,11
CAR_000842,Tata New Safari DICOR 2.2 EX 4x4,2009,Petrol,Individual,Manual,Second Owner,Tata,16
CAR_000843,Mahindra Marazzo M4,2018,Diesel,Individual,Manual,Second Owner,Mahindra,7
CAR_000844,Toyota Etios Cross 1.2L G,2015,Petrol,Individual,Manual,First Owner,Toyota,10
CAR_000845,Renault Duster 110PS Diesel RxZ,2013,Diesel,Individual,Manual,First Owner,Renault,12
CAR_000846,Mahindra KUV 100 mFALCON D75 K8 AW,2016,Diesel,Individual,Manual,First Owner,Mahindra,9
CAR_000847,Maruti Swift Dzire VXI,2015,Petrol,Individual,Manual,First Owner,Maruti,10
CAR_000848,Maruti Omni MPI STD BSIV,2018,Petrol,Individual,Unknown,First Owner,Maruti,7
CAR_000849,Hyundai i20 Asta 1.4 CRDi (Diesel),2009,Diesel,Individual,Manual,Second Owner,Hyundai,16
CAR_000850,Toyota Innova 2.0 GX 8 STR BSIV,2011,Petrol,Individual,Manual,Second Owner,Toyota,14
CAR_000851,Maruti Zen LXI,1999,Petrol,Individual,Manual,Second Owner,Maruti,26
CAR_000852,Hyundai Santro LP zipPlus,2001,Petrol,Individual,Manual,Third Owner,Hyundai,24
CAR_000853,Tata Hexa XTA,2017,Diesel,Individual,Automatic,First Owner,Tata,8
CAR_000854,Hyundai Verna 1.6 SX VTVT AT,2011,Petrol,Individual,Automatic,Third Owner,Hyundai,14
CAR_000855,Maruti Swift Dzire VXI 1.2 BS IV,2018,Petrol,Individual,Manual,First Owner,Maruti,7
CAR_000856,Maruti SX4 ZDI Leather,2012,Diesel,Individual,Manual,Second Owner,Maruti,13
CAR_000857,Tata Nano LX,2013,Petrol,Individual,Unknown,First Owner,Tata,12
CAR_000858,Maruti Ignis 1.2 Alpha BSIV,2017,Petrol,Individual,Manual,First Owner,Maruti,8
CAR_000859,Honda Mobilio V i VTEC,2015,Petrol,Individual,Manual,First Owner,Honda,10
CAR_000860,Hyundai Getz 1.3 GVS,2010,Petrol,Individual,Manual,First Owner,Hyundai,15
CAR_000861,Hyundai Santro Xing GL Plus,2013,Petrol,Individual,Manual,First Owner,Hyundai,12
CAR_000862,Ford Fiesta Titanium 1.5 TDCi,2011,Petrol,Individual,Unknown,Second Owner,Ford,14
CAR_000863,Maruti Swift Dzire LDI,2017,Diesel,Individual,Manual,First Owner,Maruti,8
CAR_000864,Hyundai Accent GLE CNG,2009,CNG,Individual,Manual,Third Owner,Hyundai,16
CAR_000865,Maruti Zen Estilo LXI BSIII,2007,Petrol,Individual,Manual,Third Owner,Maruti,18
CAR_000866,Maruti Swift Dzire LDI,2014,Diesel,Individual,Unknown,Second Owner,Maruti,11
CAR_000867,Hyundai i20 1.2 Spotz,2017,Petrol,Individual,Manual,First Owner,Hyundai,8
CAR_000868,Tata Tigor 1.2 Revotron XM,2018,Petrol,Individual,Manual,First Owner,Tata,7
CAR_000869,Hyundai i10 Magna 1.1,2008,Petrol,Individual,Manual,Third Owner,Hyundai,17
CAR_000870,Hyundai Santro Xing GLS,2009,Petrol,Individual,Manual,First Owner,Hyundai,16
CAR_000871,Nissan Sunny Diesel XV,2013,Diesel,Individual,Manual,First Owner,Nissan,12
CAR_000872,Hyundai i20 1.2 Spotz,2017,Petrol,Individual,Manual,Second Owner,Hyundai,8
CAR_000873,Hyundai Santro Xing GLS,2009,Petrol,Individual,Manual,First Owner,Hyundai,16
CAR_000874,Tata Indigo CR4,2011,Diesel,Individual,Unknown,First Owner,Tata,14
CAR_000875,Maruti Alto 800 LXI,2017,Petrol,Individual,Manual,First Owner,Maruti,8
CAR_000876,Maruti Alto 800 LXI,2016,Petrol,Individual,Manual,First Owner,Maruti,9
CAR_000877,Mahindra XUV500 W8 2WD,2013,Diesel,Individual,Manual,Second Owner,Mahindra,12
CAR_000878,Tata Nano Std,2011,Petrol,Individual,Manual,First Owner,Tata,14
CAR_000879,Chevrolet Tavera LT L1 7 Seats BSIII,2006,Diesel,Individual,Unknown,Third Owner,Chevrolet,19
CAR_000880,Mahindra Verito 1.5 D2 BSIV,2015,Diesel,Individual,Manual,Second Owner,Mahindra,10
CAR_000881,Maruti Swift VDI,2011,Diesel,Individual,Manual,Second Owner,Maruti,14
CAR_000882,Maruti Alto LX,2012,Petrol,Individual,Manual,Second Owner,Maruti,13
CAR_000883,Hyundai EON D Lite,2016,Petrol,Individual,Manual,First Owner,Hyundai,9
CAR_000884,Maruti Alto LXi,2009,Petrol,Individual,Manual,Second Owner,Maruti,16
CAR_000885,Toyota Innova 2.5 GX (Diesel) 7 Seater,2015,Diesel,Individual,Unknown,First Owner,Toyota,10
CAR_000886,Nissan Terrano XV Premium 110 PS,2013,Diesel,Individual,Manual,First Owner,Nissan,12
CAR_000887,Maruti Baleno Alpha 1.3,2016,Diesel,Individual,Manual,First Owner,Maruti,9
CAR_000888,Nissan Sunny XV D Premium Leather,2015,Diesel,Individual,Unknown,First Owner,Nissan,10
CAR_000889,Toyota Etios Liva GD,2012,Diesel,Individual,Manual,First Owner,Toyota,13
CAR_000890,Hyundai EON 1.0 Era Plus,2018,Petrol,Individual,Manual,First Owner,Hyundai,7
CAR_000891,Renault KWID 1.0 RXT Optional,2018,Petrol,Individual,Manual,First Owner,Renault,7
CAR_000892,Mahindra Bolero 2011-2019 SLX,2013,Diesel,Individual,Manual,First Owner,Mahindra,12
CAR_000893,Hyundai i10 Sportz 1.2,2010,Petrol,Individual,Manual,Second Owner,Hyundai,15
CAR_000894,Hyundai Santro Xing XG eRLX Euro III,2006,Petrol,Individual,Unknown,Second Owner,Hyundai,19
CAR_000895,Maruti Wagon R LXI BS IV,2010,Petrol,Individual,Manual,First Owner,Maruti,15
CAR_000896,Maruti Alto 800 LXI,2015,Petrol,Individual,Manual,Second Owner,Maruti,10
CAR_000897,Toyota Etios Liva GD,2013,Diesel,Individual,Manual,Second Owner,Toyota,12
CAR_000898,Renault Duster 85PS Diesel RxL,2013,Diesel,Dealer,Manual,Second Owner,Renault,12
CAR_000899,Mercedes-Benz C-Class Progressive C 220d,2018,Diesel,Dealer,Automatic,First Owner,Mercedes-Benz,7
CAR_000900,Audi A4 3.0 TDI Quattro,2013,Diesel,Dealer,Automatic,First Owner,Audi,12
CAR_000901,BMW X5 xDrive 30d xLine,2019,Diesel,Dealer,Automatic,First Owner,BMW,6
CAR_000902,Hyundai Creta 1.6 CRDi SX,2016,Diesel,Individual,Manual,First Owner,Hyundai,9
CAR_000903,Maruti SX4 Vxi BSIV,2012,Petrol,Individual,Manual,Second Owner,Maruti,13
CAR_000904,Hyundai Grand i10 1.2 Kappa Magna AT,2017,Petrol,Dealer,Automatic,First Owner,Hyundai,8
CAR_000905,Maruti Swift ZXI BSIV,2016,Petrol,Trustmark Dealer,Manual,First Owner,Maruti,9
CAR_000906,Maruti Ertiga VXI,2015,Petrol,Trustmark Dealer,Manual,First Owner,Maruti,10
CAR_000907,Hyundai Grand i10 Magna AT,2017,Petrol,Dealer,Unknown,First Owner,Hyundai,8
CAR_000908,Chevrolet Beat LT Option,2016,Petrol,Dealer,Manual,First Owner,Chevrolet,9
CAR_000909,Toyota Fortuner 4x2 AT,2017,Diesel,Trustmark Dealer,Automatic,First Owner,Toyota,8
CAR_000910,Maruti S-Cross Zeta DDiS 200 SH,2015,Diesel,Trustmark Dealer,Manual,First Owner,Maruti,10
CAR_000911,Hyundai i10 Magna,2012,Petrol,Dealer,Manual,First Owner,Hyundai,13
CAR_000912,Audi A6 2.0 TDI Premium Plus,2013,Diesel,Dealer,Automatic,First Owner,Audi,12
CAR_000913,Hyundai Santro GS,2005,Petrol,Dealer,Manual,First Owner,Hyundai,20
CAR_000914,Skoda Laura Ambiente 2.0 TDI CR MT,2012,Diesel,Dealer,Unknown,First Owner,Skoda,13
CAR_000915,Hyundai Verna 1.6 VTVT SX,2015,Petrol,Trustmark Dealer,Manual,First Owner,Hyundai,10
CAR_000916,Maruti Swift Dzire VDI,2017,Diesel,Trustmark Dealer,Manual,First Owner,Maruti,8
CAR_000917,Renault Duster 85PS Diesel RxL,2013,Diesel,Dealer,Manual,Second Owner,Renault,12
CAR_000918,Mercedes-Benz C-Class Progressive C 220d,2018,Diesel,Dealer,Unknown,First Owner,Mercedes-Benz,7
CAR_000919,Audi A4 3.0 TDI Quattro,2013,Diesel,Dealer,Automatic,First Owner,Audi,12
CAR_000920,BMW X5 xDrive 30d xLine,2019,Diesel,Dealer,Automatic,First Owner,BMW,6
CAR_000921,Hyundai Creta 1.6 CRDi SX,2016,Diesel,Individual,Manual,First Owner,Hyundai,9
CAR_000922,Maruti SX4 Vxi BSIV,2012,Petrol,Individual,Manual,Second Owner,Maruti,13
CAR_000923,Hyundai Grand i10 1.2 Kappa Magna AT,2017,Petrol,Dealer,Automatic,First Owner,Hyundai,8
CAR_000924,Maruti Swift ZXI BSIV,2016,Petrol,Trustmark Dealer,Manual,First Owner,Maruti,9
CAR_000925,Maruti Ertiga VXI,2015,Petrol,Trustmark Dealer,Manual,First Owner,Maruti,10
CAR_000926,Hyundai Grand i10 Magna AT,2017,Petrol,Dealer,Automatic,First Owner,Hyundai,8
CAR_000927,Chevrolet Beat LT Option,2016,Petrol,Dealer,Manual,First Owner,Chevrolet,9
CAR_000928,Toyota Fortuner 4x2 AT,2017,Diesel,Trustmark Dealer,Automatic,First Owner,Toyota,8
CAR_000929,Maruti S-Cross Zeta DDiS 200 SH,2015,Diesel,Trustmark Dealer,Manual,First Owner,Maruti,10
CAR_000930,Hyundai i10 Magna,2012,Petrol,Dealer,Manual,First Owner,Hyundai,13
CAR_000931,Audi A6 2.0 TDI Premium Plus,2013,Diesel,Dealer,Unknown,First Owner,Audi,12
CAR_000932,Hyundai Santro GS,2005,Petrol,Dealer,Manual,First Owner,Hyundai,20
CAR_000933,Skoda Laura Ambiente 2.0 TDI CR MT,2012,Diesel,Dealer,Manual,First Owner,Skoda,13
CAR_000934,Hyundai Verna 1.6 VTVT SX,2015,Petrol,Trustmark Dealer,Manual,First Owner,Hyundai,10
CAR_000935,Maruti Swift Dzire VDI,2017,Diesel,Trustmark Dealer,Manual,First Owner,Maruti,8
CAR_000936,Volkswagen Jetta 2.0L TDI Highline AT,2012,Diesel,Dealer,Automatic,First Owner,Volkswagen,13
CAR_000937,Tata Indica Vista Quadrajet 90 VX,2012,Diesel,Dealer,Manual,First Owner,Tata,13
CAR_000938,Honda City VX MT,2010,Petrol,Dealer,Manual,First Owner,Honda,15
CAR_000939,Volkswagen Jetta 1.9 Highline TDI,2010,Diesel,Dealer,Automatic,First Owner,Volkswagen,15
CAR_000940,Volkswagen Vento 1.5 TDI Highline Plus AT,2017,Diesel,Dealer,Automatic,First Owner,Volkswagen,8
CAR_000941,Honda Jazz VX,2011,Petrol,Dealer,Manual,First Owner,Honda,14
CAR_000942,Maruti Eeco 5 Seater AC BSIV,2017,Petrol,Dealer,Manual,First Owner,Maruti,8
CAR_000943,Maruti Wagon R VXI AMT1.2BSIV,2017,Petrol,Dealer,Automatic,First Owner,Maruti,8
CAR_000944,Hyundai Grand i10 Asta,2017,Petrol,Dealer,Manual,First Owner,Hyundai,8
CAR_000945,Volkswagen Polo 1.0 MPI Trendline,2012,Petrol,Dealer,Manual,First Owner,Volkswagen,13
CAR_000946,Hyundai Creta 1.6 CRDi SX Option,2018,Diesel,Dealer,Manual,First Owner,Hyundai,7
CAR_000947,Hyundai Grand i10 Asta Option,2015,Petrol,Dealer,Manual,First Owner,Hyundai,10
CAR_000948,Hyundai EON Era Plus,2014,Petrol,Dealer,Manual,First Owner,Hyundai,11
CAR_000949,Hyundai Xcent 1.1 CRDi SX Option,2014,Diesel,Dealer,Manual,First Owner,Hyundai,11
CAR_000950,Tata Nano Lx BSIV,2010,Petrol,Dealer,Manual,First Owner,Tata,15
CAR_000951,Toyota Etios Cross 1.2L G,2015,Petrol,Dealer,Manual,First Owner,Toyota,10
CAR_000952,Maruti Swift DDiS LDI,2016,Diesel,Dealer,Manual,First Owner,Maruti,9
CAR_000953,Hyundai i10 Sportz 1.2 AT,2013,Petrol,Dealer,Automatic,First Owner,Hyundai,12
CAR_000954,Volkswagen Vento 1.5 TDI Comfortline,2012,Diesel,Dealer,Manual,First Owner,Volkswagen,13
CAR_000955,Skoda Rapid 1.5 TDI AT Ambition,2015,Diesel,Dealer,Automatic,First Owner,Skoda,10
CAR_000956,Hyundai Getz GLE,2007,Petrol,Individual,Manual,Fourth & Above Owner,Hyundai,18
CAR_000957,Renault KWID RXT Optional,2016,Petrol,Individual,Manual,First Owner,Renault,9
CAR_000958,Mahindra Scorpio M2DI,2012,Diesel,Individual,Manual,Fourth & Above Owner,Mahindra,13
CAR_000959,Ford Endeavour XLT TDCi 4X2,2008,Diesel,Individual,Manual,Second Owner,Ford,17
CAR_000960,Audi Q3 35 TDI Quattro Technology,2018,Diesel,Individual,Automatic,First Owner,Audi,7
CAR_000961,Mahindra Renault Logan 1.4 GLX Petrol,2008,Petrol,Individual,Manual,First Owner,Mahindra,17
CAR_000962,Maruti Alto K10 VXI,2019,Petrol,Individual,Manual,First Owner,Maruti,6
CAR_000963,Maruti Swift VDI BSIV,2015,Diesel,Individual,Manual,First Owner,Maruti,10
CAR_000964,Audi A5 Sportback,2020,Diesel,Individual,Unknown,First Owner,Audi,5
CAR_000965,Maruti Swift Dzire VDI,2018,Diesel,Individual,Manual,First Owner,Maruti,7
CAR_000966,Chevrolet Sail Hatchback 1.3 TCDi LT ABS,2014,Diesel,Individual,Manual,First Owner,Chevrolet,11
CAR_000967,Hyundai Accent CRDi,2005,Diesel,Individual,Manual,Second Owner,Hyundai,20
CAR_000968,Maruti Alto K10 VXI Airbag,2019,Petrol,Individual,Manual,First Owner,Maruti,6
CAR_000969,BMW 7 Series Signature 730Ld,2014,Diesel,Individual,Automatic,First Owner,BMW,11
CAR_000970,Toyota Camry 2.5 Hybrid,2017,Petrol,Individual,Automatic,First Owner,Toyota,8
CAR_000971,Hyundai Santro Xing XG,2005,Petrol,Individual,Manual,Second Owner,Hyundai,20
CAR_000972,Hyundai Grand i10 CRDi Sportz,2015,Diesel,Individual,Manual,First Owner,Hyundai,10
CAR_000973,Mahindra XUV500 W5 BSIV,2018,Diesel,Individual,Manual,First Owner,Mahindra,7
CAR_000974,Maruti Alto K10 VXI,2017,Petrol,Individual,Manual,First Owner,Maruti,8
CAR_000975,Mahindra XUV300 W8 Option Diesel BSIV,2019,Diesel,Individual,Manual,First Owner,Mahindra,6
CAR_000976,Toyota Innova Crysta 2.4 VX MT BSIV,2017,Diesel,Individual,Manual,First Owner,Toyota,8
CAR_000977,Mahindra Thar CRDe,2018,Diesel,Individual,Manual,First Owner,Mahindra,7
CAR_000978,Maruti Swift Dzire ZDI,2018,Diesel,Individual,Manual,First Owner,Maruti,7
CAR_000979,Hyundai EON Magna Plus,2014,Petrol,Individual,Manual,First Owner,Hyundai,11
CAR_000980,Tata Hexa XM,2017,Diesel,Individual,Manual,First Owner,Tata,8
CAR_000981,Honda Mobilio E i DTEC,2017,Diesel,Individual,Manual,First Owner,Honda,8
CAR_000982,Maruti Ertiga ZDI,2015,Diesel,Individual,Manual,First Owner,Maruti,10
CAR_000983,Maruti Ciaz ZXi Plus,2015,Petrol,Individual,Manual,First Owner,Maruti,10
CAR_000984,Mahindra Scorpio LX,2010,Diesel,Individual,Manual,Third Owner,Mahindra,15
CAR_000985,Fiat Grande Punto EVO 1.3 Dynamic,2014,Diesel,Individual,Manual,First Owner,Fiat,11
CAR_000986,Hyundai Creta 1.6 CRDi SX Option,2015,Diesel,Individual,Manual,First Owner,Hyundai,10
CAR_000987,Ford Endeavour Hurricane Limited Edition,2007,Diesel,Individual,Automatic,Fourth & Above Owner,Ford,18
CAR_000988,Tata Indica Vista TDI LS,2014,Diesel,Individual,Manual,First Owner,Tata,11
CAR_000989,Land Rover Discovery S 2.0 SD4,2018,Petrol,Individual,Automatic,First Owner,Land,7
CAR_000990,Maruti Alto 800 LXI,2014,Petrol,Individual,Manual,First Owner,Maruti,11
CAR_000991,Hyundai i10 Era 1.1 iTech SE,2011,Petrol,Individual,Manual,Second Owner,Hyundai,14
CAR_000992,Maruti Vitara Brezza VDi Option,2018,Diesel,Individual,Manual,First Owner,Maruti,7
CAR_000993,Mahindra Scorpio SLE BSIV,2012,Diesel,Individual,Manual,First Owner,Mahindra,13
CAR_000994,Hyundai i20 Sportz Option 1.2,2016,Diesel,Individual,Manual,First Owner,Hyundai,9
CAR_000995,Hyundai Santro Xing GLS,2014,Petrol,Individual,Manual,Second Owner,Hyundai,11
CAR_000996,Tata Indica LSI,2006,Petrol,Individual,Manual,Second Owner,Tata,19
CAR_000997,Hyundai EON Era Plus,2012,Petrol,Individual,Manual,Third Owner,Hyundai,13
CAR_000998,Ford Endeavour 3.0L 4X4 AT,2011,Diesel,Individual,Automatic,Second Owner,Ford,14
CAR_000999,Hyundai Santro LE zipPlus,2001,Petrol,Individual,Manual,First Owner,Hyundai,24
CAR_001000,Hyundai Grand i10 1.2 Kappa Asta,2017,Diesel,Individual,Manual,First Owner,Hyundai,8
CAR_001001,Tata Indigo CR4,2013,Diesel,Individual,Manual,First Owner,Tata,12
CAR_001002,Mahindra Scorpio S11 BSIV,2018,Diesel,Individual,Unknown,First Owner,Mahindra,7
CAR_001003,Hyundai Creta 1.4 EX Diesel,2020,Diesel,Individual,Manual,First Owner,Hyundai,5
CAR_001004,Maruti Ritz LXI,2009,Petrol,Individual,Manual,First Owner,Maruti,16
CAR_001005,Hyundai i20 Magna 1.2,2016,Petrol,Individual,Manual,First Owner,Hyundai,9
CAR_001006,Hyundai Verna CRDi 1.6 SX,2017,Diesel,Individual,Manual,First Owner,Hyundai,8
CAR_001007,Hyundai Grand i10 1.2 Kappa Sportz BSIV,2019,Petrol,Individual,Manual,First Owner,Hyundai,6
CAR_001008,Maruti Alto LX,2007,Petrol,Individual,Manual,Second Owner,Maruti,18
CAR_001009,Honda Brio 1.2 S MT,2017,Petrol,Individual,Manual,First Owner,Honda,8
CAR_001010,Tata Nano Lx,2011,Petrol,Individual,Manual,First Owner,Tata,14
CAR_001011,Hyundai i20 Asta 1.4 CRDi,2013,Diesel,Individual,Manual,First Owner,Hyundai,12
CAR_001012,Tata Indigo LX,2011,Diesel,Individual,Manual,Second Owner,Tata,14
CAR_001013,Skoda Rapid 1.6 MPI Ambition With Alloy Wheel,2015,Petrol,Individual,Manual,First Owner,Skoda,10
CAR_001014,Maruti Alto K10 VXI,2018,Petrol,Individual,Manual,First Owner,Maruti,7
CAR_001015,Tata Nano Lx,2011,Petrol,Individual,Manual,First Owner,Tata,14
CAR_001016,Maruti Ciaz 1.4 Delta,2018,Diesel,Individual,Unknown,First Owner,Maruti,7
CAR_001017,Maruti Alto LX,2009,Petrol,Individual,Manual,Second Owner,Maruti,16
CAR_001018,Ford Figo Aspire 1.2 Ti-VCT Trend,2018,Petrol,Individual,Manual,First Owner,Ford,7
CAR_001019,Mahindra XUV500 W8 4WD,2012,Diesel,Dealer,Manual,First Owner,Mahindra,13
CAR_001020,Mitsubishi Pajero Sport 4X4,2012,Diesel,Dealer,Manual,Second Owner,Mitsubishi,13
CAR_001021,Ford Fiesta 1.5 TDCi Titanium,2011,Diesel,Dealer,Unknown,First Owner,Ford,14
CAR_001022,Mercedes-Benz C-Class Progressive C 220d,2018,Diesel,Dealer,Automatic,First Owner,Mercedes-Benz,7
CAR_001023,BMW 3 Series 320d Sport,2013,Diesel,Dealer,Automatic,First Owner,BMW,12
CAR_001024,BMW X5 xDrive 30d xLine,2019,Diesel,Dealer,Automatic,First Owner,BMW,6
CAR_001025,Honda City i-VTEC CVT ZX,2018,Petrol,Trustmark Dealer,Automatic,First Owner,Honda,7
CAR_001026,Chevrolet Beat Diesel LS,2011,Diesel,Individual,Manual,First Owner,Chevrolet,14
CAR_001027,BMW 3 Series GT Luxury Line,2017,Diesel,Individual,Automatic,First Owner,BMW,8
CAR_001028,Hyundai Grand i10 1.2 Kappa Magna AT,2017,Petrol,Dealer,Unknown,First Owner,Hyundai,8
CAR_001029,Maruti Ertiga VXI,2015,Petrol,Trustmark Dealer,Manual,First Owner,Maruti,10
CAR_001030,Hyundai Grand i10 Magna AT,2017,Petrol,Dealer,Automatic,First Owner,Hyundai,8
CAR_001031,Chevrolet Beat LT Option,2016,Petrol,Dealer,Unknown,First Owner,Chevrolet,9
CAR_001032,Toyota Fortuner 4x2 AT,2017,Diesel,Trustmark Dealer,Automatic,First Owner,Toyota,8
CAR_001033,Hyundai i10 Magna,2012,Petrol,Dealer,Manual,First Owner,Hyundai,13
CAR_001034,Audi A6 2.0 TDI Premium Plus,2013,Diesel,Dealer,Automatic,First Owner,Audi,12
CAR_001035,Maruti Baleno Delta 1.2,2017,Petrol,Trustmark Dealer,Manual,First Owner,Maruti,8
CAR_001036,Maruti Baleno Alpha CVT,2018,Petrol,Trustmark Dealer,Automatic,First Owner,Maruti,7
CAR_001037,Hyundai i20 1.4 Magna Executive,2013,Diesel,Dealer,Manual,First Owner,Hyundai,12
CAR_001038,Maruti Baleno Zeta,2016,Petrol,Trustmark Dealer,Manual,First Owner,Maruti,9
CAR_001039,Mahindra Verito 1.5 D4 BSIV,2015,Diesel,Individual,Manual,First Owner,Mahindra,10
CAR_001040,Hyundai Xcent 1.2 Kappa S,2015,Petrol,Individual,Manual,First Owner,Hyundai,10
CAR_001041,Honda City VTEC,2003,Petrol,Individual,Manual,Fourth & Above Owner,Honda,22
CAR_001042,Maruti Swift Dzire VDi,2011,Diesel,Individual,Manual,Third Owner,Maruti,14
CAR_001043,Ford Endeavour 3.2 Titanium AT 4X4,2016,Diesel,Individual,Unknown,First Owner,Ford,9
CAR_001044,Tata Xenon XT EX 4X2,2012,Diesel,Individual,Manual,Second Owner,Tata,13
CAR_001045,Nissan Terrano XL Plus 85 PS,2014,Diesel,Individual,Manual,Second Owner,Nissan,11
CAR_001046,Maruti Eeco 7 Seater Standard BSIV,2018,Petrol,Individual,Unknown,First Owner,Maruti,7
CAR_001047,Maruti Ertiga ZDI,2012,Diesel,Individual,Manual,Second Owner,Maruti,13
CAR_001048,Ford Ecosport 1.5 DV5 MT Ambiente,2013,Diesel,Individual,Manual,Second Owner,Ford,12
CAR_001049,Skoda Laura Elegance 1.9 TDI  AT,2010,Diesel,Individual,Automatic,Second Owner,Skoda,15
CAR_001050,Hyundai EON 1.0 Era Plus,2017,Petrol,Individual,Manual,First Owner,Hyundai,8
CAR_001051,Tata Indica GLS BS IV,2008,Petrol,Individual,Manual,First Owner,Tata,17
CAR_001052,Tata Indica DLS,2006,Diesel,Individual,Manual,First Owner,Tata,19
CAR_001053,Maruti Alto 800 LXI Airbag,2014,Petrol,Individual,Unknown,First Owner,Maruti,11
CAR_001054,Mahindra Bolero SLX 2WD,2010,Diesel,Individual,Manual,Fourth & Above Owner,Mahindra,15
CAR_001055,Mahindra Jeep MM 540,2007,Diesel,Individual,Manual,Second Owner,Mahindra,18
CAR_001056,Mahindra Scorpio 1.99 S10,2014,Diesel,Individual,Manual,Second Owner,Mahindra,11
CAR_001057,Mahindra Bolero Power Plus Plus AC BSIV PS,2015,Diesel,Individual,Manual,Third Owner,Mahindra,10
CAR_001058,Skoda Octavia Elegance 2.0 TDI AT,2014,Diesel,Individual,Automatic,Third Owner,Skoda,11
CAR_001059,Chevrolet Beat Diesel LS,2012,Diesel,Individual,Manual,First Owner,Chevrolet,13
CAR_001060,Honda Jazz 1.5 VX i DTEC,2018,Diesel,Dealer,Manual,First Owner,Honda,7
CAR_001061,Honda City i-VTEC ZX,2018,Petrol,Dealer,Manual,First Owner,Honda,7
CAR_001062,Maruti Swift LXI,2011,Petrol,Individual,Manual,First Owner,Maruti,14
CAR_001063,Maruti Vitara Brezza ZDi Plus AMT Dual Tone,2018,Diesel,Individual,Automatic,First Owner,Maruti,7
CAR_001064,Maruti Celerio LXI MT BSIV,2019,Petrol,Individual,Manual,First Owner,Maruti,6
CAR_001065,Renault Captur 1.5 Diesel RXT,2017,Diesel,Individual,Manual,First Owner,Renault,8
CAR_001066,Audi A4 30 TFSI Technology,2018,Petrol,Individual,Automatic,First Owner,Audi,7
CAR_001067,Honda Amaze VX Diesel BSIV,2018,Diesel,Dealer,Manual,First Owner,Honda,7
CAR_001068,Toyota Corolla Altis 1.8 VL AT,2010,Petrol,Individual,Automatic,Third Owner,Toyota,15
CAR_001069,Honda Amaze VX Petrol BSIV,2018,Petrol,Dealer,Manual,First Owner,Honda,7
CAR_001070,Maruti Alto 800 VXI,2016,Petrol,Individual,Manual,First Owner,Maruti,9
CAR_001071,Honda Amaze VX Diesel BSIV,2018,Diesel,Dealer,Manual,First Owner,Honda,7
CAR_001072,Honda Amaze VX i-VTEC,2018,Petrol,Dealer,Manual,First Owner,Honda,7
CAR_001073,Hyundai Grand i10 Asta Option,2017,Diesel,Individual,Unknown,Second Owner,Hyundai,8
CAR_001074,Mahindra KUV 100 mFALCON G80 K2,2016,Petrol,Individual,Manual,First Owner,Mahindra,9
CAR_001075,Maruti Zen Estilo Sports,2008,Petrol,Individual,Manual,First Owner,Maruti,17
CAR_001076,Maruti Ertiga ZDI Plus,2019,Diesel,Individual,Manual,First Owner,Maruti,6
CAR_001077,Renault Lodgy 85PS RxL,2015,Diesel,Individual,Manual,First Owner,Renault,10
CAR_001078,Audi A4 3.0 TDI Quattro,2013,Diesel,Dealer,Automatic,First Owner,Audi,12
CAR_001079,Audi Q3 2.0 TDI Quattro Premium Plus,2015,Diesel,Dealer,Automatic,First Owner,Audi,10
CAR_001080,Tata Zest Revotron 1.2T XMS,2018,Petrol,Dealer,Manual,Second Owner,Tata,7
CAR_001081,Audi A6 2.0 TDI  Design Edition,2014,Diesel,Dealer,Automatic,First Owner,Audi,11
CAR_001082,Audi Q5 2.0 TFSI Quattro Premium Plus,2014,Diesel,Dealer,Automatic,First Owner,Audi,11
CAR_001083,Hyundai Santro Xing XL eRLX Euro III,2005,Petrol,Dealer,Manual,Second Owner,Hyundai,20
CAR_001084,Ford EcoSport 1.5 TDCi Titanium BSIV,2018,Diesel,Dealer,Manual,First Owner,Ford,7
CAR_001085,Datsun GO T Petrol,2015,Petrol,Dealer,Manual,First Owner,Datsun,10
CAR_001086,Mahindra Jeep CJ 500 DI,2006,Diesel,Dealer,Manual,First Owner,Mahindra,19
CAR_001087,Renault Pulse RxZ,2017,Diesel,Dealer,Manual,First Owner,Renault,8
CAR_001088,Hyundai Grand i10 Magna,2017,Petrol,Dealer,Manual,First Owner,Hyundai,8
CAR_001089,Land Rover Discovery Sport SD4 HSE Luxury,2016,Diesel,Dealer,Automatic,First Owner,Land,9
CAR_001090,Renault KWID 1.0 RXT Optional,2018,Petrol,Dealer,Manual,First Owner,Renault,7
CAR_001091,Maruti Baleno Alpha 1.3,2017,Diesel,Dealer,Manual,First Owner,Maruti,8
CAR_001092,Volkswagen Polo 2015-2019 1.2 MPI Highline,2017,Petrol,Dealer,Manual,First Owner,Volkswagen,8
CAR_001093,Toyota Etios VD,2014,Diesel,Dealer,Manual,First Owner,Toyota,11
CAR_001094,Chevrolet Cruze LTZ AT,2017,Diesel,Dealer,Automatic,First Owner,Chevrolet,8
CAR_001095,Honda City i-VTEC SV,2014,Petrol,Dealer,Manual,First Owner,Honda,11
CAR_001096,Volkswagen Polo 2015-2019 1.2 MPI Highline,2017,Petrol,Dealer,Manual,First Owner,Volkswagen,8
CAR_001097,Tata Nexon 1.5 Revotorq XZ,2017,Diesel,Dealer,Manual,First Owner,Tata,8
CAR_001098,Hyundai EON Magna Plus,2015,Petrol,Individual,Manual,First Owner,Hyundai,10
CAR_001099,Tata Sumo Gold EX,2016,Diesel,Individual,Manual,First Owner,Tata,9
CAR_001100,Honda City i DTEC VX,2014,Diesel,Individual,Manual,First Owner,Honda,11
CAR_001101,Tata Indica DLE,2005,Diesel,Individual,Manual,First Owner,Tata,20
CAR_001102,Tata Indica DLS,2006,Diesel,Individual,Manual,Second Owner,Tata,19
CAR_001103,Tata Indigo LX,2009,Diesel,Individual,Manual,Third Owner,Tata,16
CAR_001104,Ford EcoSport 1.5 TDCi Titanium BSIV,2018,Diesel,Dealer,Manual,First Owner,Ford,7
CAR_001105,Ford Figo Aspire 1.2 Ti-VCT Titanium Plus,2015,Petrol,Individual,Manual,First Owner,Ford,10
CAR_001106,Honda City S,2012,Petrol,Individual,Manual,Second Owner,Honda,13
CAR_001107,Maruti Swift Dzire VDI,2015,Diesel,Individual,Manual,First Owner,Maruti,10
CAR_001108,Mercedes-Benz New C-Class C 220 CDI Grand Edition,2014,Diesel,Individual,Automatic,First Owner,Mercedes-Benz,11
CAR_001109,Toyota Innova 2.5 VX 8 STR,2012,Diesel,Individual,Unknown,First Owner,Toyota,13
CAR_001110,Maruti Omni MPI STD BSIV,2016,Petrol,Individual,Manual,First Owner,Maruti,9
CAR_001111,Maruti Alto LXi,2006,Petrol,Individual,Manual,Third Owner,Maruti,19
CAR_001112,Tata Indica GLS BS IV,2010,Petrol,Individual,Manual,First Owner,Tata,15
CAR_001113,Maruti S-Cross Zeta DDiS 200 SH,2018,Diesel,Individual,Manual,First Owner,Maruti,7
CAR_001114,Mahindra Xylo D4 BSIV,2013,Diesel,Individual,Manual,Second Owner,Mahindra,12
CAR_001115,Toyota Innova Crysta 2.5 VX BS IV,2011,Diesel,Individual,Manual,First Owner,Toyota,14
CAR_001116,Hyundai Verna CRDi 1.6 AT SX Option,2018,Diesel,Individual,Automatic,First Owner,Hyundai,7
CAR_001117,Toyota Innova 2.5 V Diesel 7-seater,2005,Diesel,Individual,Manual,First Owner,Toyota,20
CAR_001118,Maruti Swift Dzire VDI,2016,Diesel,Individual,Manual,First Owner,Maruti,9
CAR_001119,Hyundai i20 Asta 1.2,2016,Petrol,Individual,Manual,First Owner,Hyundai,9
CAR_001120,Mahindra Scorpio S2 7 Seater,2016,Diesel,Individual,Manual,First Owner,Mahindra,9
CAR_001121,Hyundai i10 Magna 1.2 iTech SE,2009,Petrol,Individual,Manual,Third Owner,Hyundai,16
CAR_001122,Mahindra Bolero DI,2007,Diesel,Individual,Unknown,First Owner,Mahindra,18
CAR_001123,Hyundai Grand i10 1.2 Kappa Sportz BSIV,2018,Petrol,Individual,Manual,First Owner,Hyundai,7
CAR_001124,Hyundai Santro Xing XS,2009,Petrol,Individual,Manual,Second Owner,Hyundai,16
CAR_001125,Chevrolet Beat Diesel LS,2012,Diesel,Individual,Manual,First Owner,Chevrolet,13
CAR_001126,Mahindra Scorpio VLS AT 2.2 mHAWK,2011,Diesel,Individual,Automatic,First Owner,Mahindra,14
CAR_001127,Maruti Esteem VX,1999,Petrol,Individual,Manual,Second Owner,Maruti,26
CAR_001128,Maruti Swift Vdi BSIII,2010,Diesel,Individual,Manual,Second Owner,Maruti,15
CAR_001129,Honda Amaze S i-Dtech,2015,Diesel,Individual,Manual,First Owner,Honda,10
CAR_001130,Mahindra Scorpio VLS AT 2.2 mHAWK,2010,Diesel,Individual,Automatic,Second Owner,Mahindra,15
CAR_001131,Maruti Alto 800 LXI,2015,Petrol,Individual,Manual,Second Owner,Maruti,10
CAR_001132,Maruti Alto LXi BSIII,2008,Diesel,Individual,Manual,Second Owner,Maruti,17
CAR_001133,Datsun RediGO T Option,2017,Petrol,Individual,Manual,First Owner,Datsun,8
CAR_001134,Hyundai Grand i10 CRDi Sportz,2015,Diesel,Individual,Manual,First Owner,Hyundai,10
CAR_001135,Hyundai Santro Xing XG AT,2006,Petrol,Individual,Automatic,Second Owner,Hyundai,19
CAR_001136,Skoda Yeti Ambition 4X2,2012,Diesel,Individual,Manual,Second Owner,Skoda,13
CAR_001137,Hyundai Verna 1.6 SX,2012,Diesel,Individual,Manual,Third Owner,Hyundai,13
CAR_001138,Ford Ecosport 1.5 DV5 MT Titanium,2013,Diesel,Individual,Manual,First Owner,Ford,12
CAR_001139,Maruti Wagon R LXI CNG,2013,CNG,Individual,Manual,Second Owner,Maruti,12
CAR_001140,Maruti Swift Dzire VXi,2009,Petrol,Individual,Manual,Fourth & Above Owner,Maruti,16
CAR_001141,Maruti Wagon R LXI CNG,2013,CNG,Individual,Manual,Second Owner,Maruti,12
CAR_001142,Volkswagen Polo Diesel Trendline 1.2L,2010,Diesel,Individual,Manual,Fourth & Above Owner,Volkswagen,15
CAR_001143,Maruti Eeco 5 Seater AC BSIV,2017,Diesel,Dealer,Manual,First Owner,Maruti,8
CAR_001144,Hyundai Verna SX,2007,Petrol,Dealer,Manual,First Owner,Hyundai,18
CAR_001145,Honda Jazz 1.5 VX i DTEC,2015,Diesel,Individual,Unknown,First Owner,Honda,10
CAR_001146,Maruti SX4 Celebration Petrol,2012,Petrol,Individual,Manual,Second Owner,Maruti,13
CAR_001147,Hyundai i20 Active S Diesel,2018,Diesel,Dealer,Unknown,First Owner,Hyundai,7
CAR_001148,Maruti Alto 800 LXI,2018,Petrol,Dealer,Manual,First Owner,Maruti,7
CAR_001149,Honda Amaze V CVT Petrol BSIV,2018,Petrol,Dealer,Unknown,First Owner,Honda,7
CAR_001150,Maruti Ciaz ZXi,2016,Petrol,Dealer,Manual,First Owner,Maruti,9
CAR_001151,Hyundai i20 Active SX Petrol,2016,Petrol,Dealer,Manual,First Owner,Hyundai,9
CAR_001152,Hyundai i10 Magna,2012,Petrol,Dealer,Manual,First Owner,Hyundai,13
CAR_001153,Nissan Terrano XL 85 PS,2014,Diesel,Dealer,Manual,First Owner,Nissan,11
CAR_001154,Tata New Safari DICOR 2.2 EX 4x2,2012,Diesel,Dealer,Manual,First Owner,Tata,13
CAR_001155,Hyundai EON Magna Plus,2015,Petrol,Dealer,Manual,First Owner,Hyundai,10
CAR_001156,Mahindra Bolero B6,2016,Diesel,Dealer,Manual,First Owner,Mahindra,9
CAR_001157,BMW X1 sDrive 20d xLine,2017,Diesel,Individual,Unknown,First Owner,BMW,8
CAR_001158,Mahindra Scorpio SLE BS IV,2014,Diesel,Dealer,Manual,First Owner,Mahindra,11
CAR_001159,Maruti Swift Dzire 1.2 Vxi BSIV,2014,Petrol,Dealer,Manual,Second Owner,Maruti,11
CAR_001160,Maruti Ertiga ZXI,2014,Petrol,Dealer,Manual,First Owner,Maruti,11
CAR_001161,Maruti Alto LX,2011,Petrol,Dealer,Manual,First Owner,Maruti,14
CAR_001162,Maruti Swift ZDI Plus,2015,Diesel,Dealer,Manual,Second Owner,Maruti,10
CAR_001163,Maruti Alto LX,2004,Petrol,Individual,Unknown,First Owner,Maruti,21
CAR_001164,Maruti Wagon R VXI BSIII,2006,Petrol,Individual,Manual,Second Owner,Maruti,19
CAR_001165,Chevrolet Tavera Neo 2 LT L 9 Str,2012,Diesel,Individual,Unknown,First Owner,Chevrolet,13
CAR_001166,Tata Indica Vista Aura Plus 1.3 Quadrajet,2012,Diesel,Individual,Manual,Second Owner,Tata,13
CAR_001167,Renault Duster 85PS Diesel RxL Plus,2013,Diesel,Individual,Manual,Second Owner,Renault,12
CAR_001168,Maruti Swift Dzire Vdi BSIV,2011,Diesel,Individual,Manual,Fourth & Above Owner,Maruti,14
CAR_001169,Maruti Wagon R VXI BSIII,2004,Petrol,Individual,Manual,Second Owner,Maruti,21
CAR_001170,Toyota Innova 2.5 G (Diesel) 8 Seater,2014,Diesel,Individual,Manual,Second Owner,Toyota,11
CAR_001171,Mahindra Bolero Power Plus SLX,2018,Diesel,Individual,Manual,First Owner,Mahindra,7
CAR_001172,Maruti Swift 1.3 VXi,2006,Diesel,Individual,Manual,First Owner,Maruti,19
CAR_001173,Mahindra Scorpio S2 7 Seater,2017,Diesel,Individual,Manual,First Owner,Mahindra,8
CAR_001174,Maruti Zen LXI,2005,Diesel,Individual,Manual,Second Owner,Maruti,20
CAR_001175,Maruti Wagon R LXI Minor,2007,Petrol,Individual,Manual,Second Owner,Maruti,18
CAR_001176,Hyundai EON D Lite Plus,2013,Diesel,Individual,Manual,First Owner,Hyundai,12
CAR_001177,Renault KWID 1.0 RXT Optional,2017,Petrol,Individual,Manual,First Owner,Renault,8
CAR_001178,Hyundai Grand i10 Magna,2015,Petrol,Individual,Manual,Third Owner,Hyundai,10
CAR_001179,Tata Tigor 1.2 Revotron XT,2018,Petrol,Individual,Manual,First Owner,Tata,7
CAR_001180,Maruti SX4 Celebration Diesel,2012,Diesel,Individual,Manual,First Owner,Maruti,13
CAR_001181,Volkswagen Polo Diesel Comfortline 1.2L,2012,Diesel,Individual,Manual,First Owner,Volkswagen,13
CAR_001182,Maruti Alto LXi,2009,Petrol,Individual,Manual,Third Owner,Maruti,16
CAR_001183,Maruti Alto LX BSIII,2008,Diesel,Individual,Manual,Second Owner,Maruti,17
CAR_001184,Maruti Alto LXi BSIII,2010,Petrol,Individual,Manual,Second Owner,Maruti,15
CAR_001185,Maruti Gypsy King Hard Top,2000,Petrol,Individual,Manual,Fourth & Above Owner,Maruti,25
CAR_001186,Renault Duster 85PS Diesel RxL,2017,Diesel,Individual,Manual,Second Owner,Renault,8
CAR_001187,Tata Manza Club Class Quadrajet90 VX,2013,Diesel,Individual,Manual,First Owner,Tata,12
CAR_001188,Hyundai Verna CRDi,2008,Diesel,Individual,Manual,Second Owner,Hyundai,17
CAR_001189,Hyundai i20 Asta 1.4 CRDi,2013,Diesel,Individual,Manual,First Owner,Hyundai,12
CAR_001190,Hyundai Xcent 1.1 CRDi Base,2015,Diesel,Individual,Manual,First Owner,Hyundai,10
CAR_001191,Maruti Swift VDI,2013,Diesel,Individual,Manual,First Owner,Maruti,12
CAR_001192,Hyundai i20 Active 1.2 S,2017,Diesel,Individual,Manual,First Owner,Hyundai,8
CAR_001193,Maruti Alto 800 LXI,2014,Petrol,Individual,Manual,Second Owner,Maruti,11
CAR_001194,Hyundai Verna CRDi,2009,Diesel,Individual,Manual,Second Owner,Hyundai,16
CAR_001195,Hyundai Grand i10 Sportz,2017,Petrol,Individual,Manual,First Owner,Hyundai,8
CAR_001196,Maruti Baleno Zeta,2020,Petrol,Individual,Manual,First Owner,Maruti,5
CAR_001197,Maruti Swift VXI Deca,2017,Petrol,Individual,Manual,First Owner,Maruti,8
CAR_001198,Hyundai i10 Sportz 1.1L,2017,Diesel,Individual,Manual,First Owner,Hyundai,8
CAR_001199,Hyundai Grand i10 Asta,2014,Petrol,Individual,Manual,First Owner,Hyundai,11
CAR_001200,Maruti Swift Dzire VDI,2014,Diesel,Individual,Manual,Second Owner,Maruti,11
CAR_001201,Maruti Ignis 1.2 AMT Delta BSIV,2017,Diesel,Individual,Automatic,First Owner,Maruti,8
CAR_001202,Hyundai Santro Xing GL Plus,2012,Petrol,Individual,Manual,Second Owner,Hyundai,13
CAR_001203,Toyota Innova Crysta 2.4 VX MT 8S BSIV,2017,Diesel,Individual,Manual,First Owner,Toyota,8
CAR_001204,Mahindra Bolero Power Plus LX,2016,Diesel,Individual,Manual,First Owner,Mahindra,9
CAR_001205,Maruti Vitara Brezza ZDi Plus,2016,Diesel,Individual,Manual,First Owner,Maruti,9
CAR_001206,Maruti Swift 1.2 DLX,2014,Petrol,Individual,Manual,Second Owner,Maruti,11
CAR_001207,Hyundai i10 Magna 1.2 iTech SE,2011,Petrol,Individual,Manual,Second Owner,Hyundai,14
CAR_001208,Maruti Swift Dzire VDi,2008,Diesel,Individual,Manual,Second Owner,Maruti,17
CAR_001209,Maruti Zen Estilo 1.1 VXI BSIII,2008,Petrol,Individual,Unknown,Second Owner,Maruti,17
CAR_001210,Maruti A-Star Vxi,2009,Petrol,Individual,Manual,Third Owner,Maruti,16
CAR_001211,Mahindra KUV 100 mFALCON D75 K6,2016,Diesel,Individual,Manual,First Owner,Mahindra,9
CAR_001212,Tata Nano Cx BSIV,2012,Petrol,Individual,Manual,Second Owner,Tata,13
CAR_001213,Mahindra Xylo D4,2017,Diesel,Individual,Manual,First Owner,Mahindra,8
CAR_001214,Tata Nano Lx,2011,Diesel,Individual,Manual,First Owner,Tata,14
CAR_001215,Toyota Innova 2.5 VX (Diesel) 8 Seater,2015,Diesel,Individual,Manual,First Owner,Toyota,10
CAR_001216,Mahindra Bolero SLX 2WD BSIII,2011,Diesel,Individual,Manual,Fourth & Above Owner,Mahindra,14
CAR_001217,Mahindra TUV 300 T4,2016,Diesel,Individual,Manual,First Owner,Mahindra,9
CAR_001218,Tata Safari Storme VX Varicor 400,2018,Diesel,Individual,Manual,First Owner,Tata,7
CAR_001219,Hyundai i10 Magna 1.2 iTech SE,2012,Petrol,Individual,Manual,Second Owner,Hyundai,13
CAR_001220,Maruti Baleno Delta Automatic,2018,Petrol,Individual,Automatic,First Owner,Maruti,7
CAR_001221,Maruti Alto 800 LXI,2012,Petrol,Individual,Manual,Third Owner,Maruti,13
CAR_001222,Chevrolet Spark 1.0 LT,2011,Petrol,Individual,Manual,First Owner,Chevrolet,14
CAR_001223,Ford Figo Diesel Celebration Edition,2013,Diesel,Individual,Manual,First Owner,Ford,12
CAR_001224,Maruti Alto LX,2011,Petrol,Individual,Manual,First Owner,Maruti,14
CAR_001225,Maruti Vitara Brezza VDi,2018,Diesel,Individual,Manual,First Owner,Maruti,7
CAR_001226,Tata Indica Vista Quadrajet LX,2012,Diesel,Individual,Manual,Third Owner,Tata,13
CAR_001227,Tata Indica Vista TDI LS,2010,Diesel,Dealer,Manual,First Owner,Tata,15
CAR_001228,Tata Indica Vista TDI LS,2013,Diesel,Dealer,Manual,Second Owner,Tata,12
CAR_001229,Maruti Alto LXi,2007,Petrol,Dealer,Manual,Second Owner,Maruti,18
CAR_001230,Hyundai i20 Active S Petrol,2016,Diesel,Dealer,Manual,First Owner,Hyundai,9
CAR_001231,Maruti Swift VDI BSIV,2007,Diesel,Dealer,Manual,First Owner,Maruti,18
CAR_001232,Tata Indica Vista Terra Quadrajet 1.3L,2011,Diesel,Individual,Manual,Third Owner,Tata,14
CAR_001233,Nissan Sunny XL,2012,Petrol,Individual,Manual,First Owner,Nissan,13
CAR_001234,Hyundai Verna 1.6 SX VTVT (O),2013,Petrol,Individual,Manual,First Owner,Hyundai,12
CAR_001235,Renault KWID 1.0 RXT Optional,2017,Petrol,Individual,Manual,First Owner,Renault,8
CAR_001236,Volkswagen Vento Diesel Style Limited Edition,2013,Diesel,Individual,Manual,Second Owner,Volkswagen,12
CAR_001237,Maruti Swift Dzire VXi,2009,Petrol,Dealer,Manual,First Owner,Maruti,16
CAR_001238,Chevrolet Aveo 1.4 LS,2008,Petrol,Dealer,Manual,First Owner,Chevrolet,17
CAR_001239,Honda Amaze S i-Dtech,2013,Diesel,Dealer,Manual,First Owner,Honda,12
CAR_001240,Chevrolet Beat PS,2015,Petrol,Individual,Unknown,First Owner,Chevrolet,10
CAR_001241,Chevrolet Beat PS,2016,Petrol,Individual,Manual,First Owner,Chevrolet,9
CAR_001242,Honda Amaze S i-Dtech,2015,Diesel,Dealer,Manual,First Owner,Honda,10
CAR_001243,Honda City E,2013,Petrol,Dealer,Manual,First Owner,Honda,12
CAR_001244,Maruti Swift VXI BSIII,2009,Diesel,Dealer,Manual,First Owner,Maruti,16
CAR_001245,Honda Amaze S i-Dtech,2013,Diesel,Dealer,Manual,First Owner,Honda,12
CAR_001246,Maruti Wagon R VXI Minor ABS,2010,Petrol,Individual,Manual,First Owner,Maruti,15
CAR_001247,Maruti Omni BSIII 8-STR W/ IMMOBILISER,2008,Petrol,Individual,Manual,Second Owner,Maruti,17
CAR_001248,Maruti Esteem Vxi - BSIII,2006,Petrol,Individual,Manual,Second Owner,Maruti,19
CAR_001249,Maruti Alto 800 LXI,2015,Petrol,Individual,Manual,Second Owner,Maruti,10
CAR_001250,Mahindra Xylo H4 ABS,2016,Diesel,Individual,Manual,First Owner,Mahindra,9
CAR_001251,Datsun GO Plus T Option BSIV,2017,Petrol,Individual,Manual,Second Owner,Datsun,8
CAR_001252,Hyundai Elantra CRDi (Leather Option),2006,Diesel,Individual,Manual,Third Owner,Hyundai,19
CAR_001253,Chevrolet Beat Diesel LT,2012,Diesel,Individual,Manual,First Owner,Chevrolet,13
CAR_001254,Toyota Corolla Altis D-4D J,2014,Diesel,Individual,Manual,First Owner,Toyota,11
CAR_001255,Hyundai i20 1.4 CRDi Era,2011,Diesel,Individual,Manual,First Owner,Hyundai,14
CAR_001256,Tata Indica Vista Aqua 1.3 Quadrajet,2010,Diesel,Individual,Manual,Second Owner,Tata,15
CAR_001257,Hyundai Verna XXi (Petrol),2007,Petrol,Individual,Unknown,Second Owner,Hyundai,18
CAR_001258,Nissan Sunny Diesel XV,2012,Diesel,Individual,Manual,First Owner,Nissan,13
CAR_001259,Datsun RediGO T Option,2017,Petrol,Individual,Manual,First Owner,Datsun,8
CAR_001260,Maruti Wagon R LX,2006,Petrol,Individual,Manual,Second Owner,Maruti,19
CAR_001261,Tata Indigo LS,2009,Diesel,Individual,Manual,First Owner,Tata,16
CAR_001262,Ford Figo Aspire 1.2 Ti-VCT Trend,2016,Diesel,Individual,Unknown,First Owner,Ford,9
CAR_001263,Hyundai Santro Xing XK (Non-AC),2007,Petrol,Individual,Manual,First Owner,Hyundai,18
CAR_001264,Volkswagen Passat 1.8 TSI MT,2010,Petrol,Individual,Manual,Second Owner,Volkswagen,15
CAR_001265,Toyota Etios GD,2012,Diesel,Individual,Manual,First Owner,Toyota,13
CAR_001266,Chevrolet Beat Diesel LS,2013,Diesel,Individual,Manual,First Owner,Chevrolet,12
CAR_001267,Ford Figo Diesel LXI,2012,Diesel,Individual,Manual,Second Owner,Ford,13
CAR_001268,Ford EcoSport 1.5 Ti VCT MT Trend BSIV,2017,Petrol,Dealer,Unknown,First Owner,Ford,8
CAR_001269,Toyota Corolla Executive (HE),2009,Petrol,Dealer,Manual,First Owner,Toyota,16
CAR_001270,Ford Freestyle Titanium Diesel BSIV,2016,Diesel,Dealer,Manual,First Owner,Ford,9
CAR_001271,Hyundai i10 Sportz 1.1L,2015,Diesel,Dealer,Manual,First Owner,Hyundai,10
CAR_001272,Maruti Ignis 1.2 Zeta BSIV,2018,Diesel,Individual,Manual,First Owner,Maruti,7
CAR_001273,Toyota Etios V,2013,Petrol,Dealer,Manual,First Owner,Toyota,12
CAR_001274,Maruti Celerio VXI AT,2015,Petrol,Dealer,Automatic,Second Owner,Maruti,10
CAR_001275,Toyota Etios Liva 1.2 G,2014,Petrol,Dealer,Manual,Second Owner,Toyota,11
CAR_001276,Toyota Corolla H6,2007,Petrol,Dealer,Unknown,Second Owner,Toyota,18
CAR_001277,Renault Duster RXL AWD,2014,Diesel,Dealer,Manual,First Owner,Renault,11
CAR_001278,Volkswagen Polo 1.5 TDI Trendline,2014,Diesel,Dealer,Manual,First Owner,Volkswagen,11
CAR_001279,Volkswagen Polo 1.5 TDI Comfortline,2015,Diesel,Dealer,Manual,First Owner,Volkswagen,10
CAR_001280,Ford Figo Diesel EXI,2014,Diesel,Dealer,Manual,Second Owner,Ford,11
CAR_001281,Honda Jazz VX CVT,2016,Petrol,Dealer,Automatic,First Owner,Honda,9
CAR_001282,Maruti Swift Dzire Tour LDI,2014,Diesel,Dealer,Manual,First Owner,Maruti,11
CAR_001283,Hyundai Verna CRDi 1.6 SX Option,2018,Diesel,Individual,Manual,First Owner,Hyundai,7
CAR_001284,Maruti 800 Std MPFi,2006,Petrol,Individual,Manual,First Owner,Maruti,19
CAR_001285,Maruti 800 AC,2002,Petrol,Individual,Manual,Second Owner,Maruti,23
CAR_001286,Tata Zest Quadrajet 1.3 75PS XE,2016,Diesel,Individual,Manual,First Owner,Tata,9
CAR_001287,Hyundai Verna 1.6 CRDI SX Option,2016,Diesel,Individual,Manual,First Owner,Hyundai,9
CAR_001288,Volkswagen Vento Diesel Highline,2013,Diesel,Individual,Manual,Second Owner,Volkswagen,12
CAR_001289,Mercedes-Benz E-Class E250 CDI Blue Efficiency,2012,Diesel,Individual,Automatic,First Owner,Mercedes-Benz,13
CAR_001290,Toyota Etios 1.4 VXD,2017,Diesel,Individual,Manual,First Owner,Toyota,8
CAR_001291,Toyota Fortuner 2.8 2WD AT BSIV,2017,Diesel,Individual,Automatic,First Owner,Toyota,8
CAR_001292,Maruti Alto 800 VXI,2020,Petrol,Individual,Unknown,First Owner,Maruti,5
CAR_001293,Mahindra Quanto C6,2013,Diesel,Individual,Manual,Second Owner,Mahindra,12
CAR_001294,Volkswagen Vento 1.5 TDI Highline,2015,Diesel,Dealer,Manual,First Owner,Volkswagen,10
CAR_001295,Maruti Ciaz ZDi,2014,Diesel,Dealer,Manual,Second Owner,Maruti,11
CAR_001296,Volkswagen Ameo 1.5 TDI Comfortline,2018,Diesel,Individual,Manual,First Owner,Volkswagen,7
CAR_001297,Tata Nano CX SE,2013,Petrol,Individual,Manual,Third Owner,Tata,12
CAR_001298,Tata Manza Aura Quadrajet,2009,Diesel,Individual,Manual,Third Owner,Tata,16
CAR_001299,Maruti Omni E 8 Str STD,2007,Petrol,Individual,Manual,Fourth & Above Owner,Maruti,18
CAR_001300,Honda City 1.5 EXI,2004,Petrol,Individual,Manual,Second Owner,Honda,21
CAR_001301,Volkswagen Polo Diesel Comfortline 1.2L,2010,Diesel,Individual,Manual,Second Owner,Volkswagen,15
CAR_001302,Chevrolet Optra 1.6 LS,2005,Petrol,Individual,Manual,Second Owner,Chevrolet,20
CAR_001303,Mahindra TUV 300 T10,2018,Diesel,Individual,Manual,First Owner,Mahindra,7
CAR_001304,Mahindra Alturas G4 4X2 AT BSIV,2019,Diesel,Individual,Automatic,First Owner,Mahindra,6
CAR_001305,Maruti Zen Estilo LX BSIII,2007,Petrol,Individual,Manual,Second Owner,Maruti,18
CAR_001306,Mahindra Bolero Power Plus Plus AC BSIV PS,2015,Diesel,Individual,Manual,Second Owner,Mahindra,10
CAR_001307,Maruti Alto 800 VXI,2014,Petrol,Individual,Manual,First Owner,Maruti,11
CAR_001308,Tata Indica LXI,2004,Petrol,Individual,Unknown,Second Owner,Tata,21
CAR_001309,Maruti Swift Dzire VDI,2013,Diesel,Individual,Manual,Second Owner,Maruti,12
CAR_001310,Maruti Ritz VDi,2012,Diesel,Individual,Manual,Second Owner,Maruti,13
CAR_001311,Tata Sumo Gold EX,2013,Diesel,Individual,Manual,Second Owner,Tata,12
CAR_001312,Toyota Innova Crysta 2.4 VX MT BSIV,2017,Diesel,Individual,Manual,First Owner,Toyota,8
CAR_001313,Mahindra Quanto C6,2014,Diesel,Individual,Manual,Second Owner,Mahindra,11
CAR_001314,Toyota Innova 2.5 G (Diesel) 8 Seater BS IV,2009,Diesel,Individual,Manual,First Owner,Toyota,16
CAR_001315,Maruti Wagon R LX Minor,2013,Diesel,Individual,Manual,Fourth & Above Owner,Maruti,12
CAR_001316,Mahindra Bolero DI DX 7 Seater,2007,Diesel,Individual,Unknown,Second Owner,Mahindra,18
CAR_001317,Maruti Wagon R VXI Optional,2015,Petrol,Individual,Manual,Second Owner,Maruti,10
CAR_001318,Tata Sumo Victa CX 7/9 Str BSII,2012,Diesel,Individual,Manual,Second Owner,Tata,13
CAR_001319,Maruti Alto LX BSIII,2008,Petrol,Individual,Manual,First Owner,Maruti,17
CAR_001320,Tata Indica GLS BS IV,2007,Petrol,Individual,Manual,Second Owner,Tata,18
CAR_001321,Tata Indica Vista Aqua TDI BSIII,2009,Diesel,Individual,Manual,First Owner,Tata,16
CAR_001322,Maruti Wagon R LXI Minor,2007,Petrol,Individual,Manual,Second Owner,Maruti,18
CAR_001323,Mahindra Scorpio M2DI,2008,Diesel,Individual,Manual,Second Owner,Mahindra,17
CAR_001324,Skoda Superb Elegance 2.0 TDI CR AT,2009,Diesel,Individual,Automatic,Second Owner,Skoda,16
CAR_001325,Maruti Swift VXI,2020,Diesel,Individual,Manual,First Owner,Maruti,5
CAR_001326,Jeep Compass 2.0 Longitude Option BSIV,2018,Diesel,Individual,Manual,First Owner,Jeep,7
CAR_001327,Tata Indica DL,2006,Diesel,Individual,Manual,Second Owner,Tata,19
CAR_001328,Ford Fiesta 1.6 ZXi Leather,2006,Petrol,Individual,Manual,First Owner,Ford,19
CAR_001329,Volkswagen Vento Diesel Highline,2011,Diesel,Individual,Unknown,Second Owner,Volkswagen,14
CAR_001330,Ford Fiesta 1.6 ZXi Leather,2006,Petrol,Individual,Manual,First Owner,Ford,19
CAR_001331,Skoda Superb Elegance 2.0 TDI CR AT,2015,Diesel,Individual,Automatic,Second Owner,Skoda,10
CAR_001332,Maruti Ertiga VDI,2019,Diesel,Individual,Manual,First Owner,Maruti,6
CAR_001333,Mahindra Bolero Power Plus Plus AC BSIV PS,2015,Diesel,Individual,Manual,First Owner,Mahindra,10
CAR_001334,Mahindra Scorpio EX,2014,Diesel,Individual,Manual,First Owner,Mahindra,11
CAR_001335,Hyundai Santro Xing XL AT eRLX Euro III,2006,Petrol,Individual,Automatic,Third Owner,Hyundai,19
CAR_001336,Mahindra Thar DI 4X4 PS,2016,Diesel,Individual,Manual,First Owner,Mahindra,9
CAR_001337,Hyundai Grand i10 1.2 Kappa Magna BSIV,2017,Petrol,Individual,Manual,First Owner,Hyundai,8
CAR_001338,Maruti Swift VDI,2013,Diesel,Individual,Manual,First Owner,Maruti,12
CAR_001339,Ford Fiesta 1.4 Duratec ZXI,2008,Petrol,Individual,Manual,Third Owner,Ford,17
CAR_001340,Maruti Alto 800 LXI,2018,Petrol,Individual,Manual,First Owner,Maruti,7
CAR_001341,Hyundai i20 Asta Option 1.4 CRDi,2016,Diesel,Individual,Manual,First Owner,Hyundai,9
CAR_001342,Maruti Swift Dzire LXI,2015,Petrol,Individual,Manual,First Owner,Maruti,10
CAR_001343,Maruti Wagon R VXI BS IV with ABS,2015,Petrol,Individual,Unknown,Third Owner,Maruti,10
CAR_001344,Maruti Alto LX,2010,Petrol,Individual,Manual,Second Owner,Maruti,15
CAR_001345,Maruti Swift Dzire VDI,2017,Diesel,Individual,Manual,First Owner,Maruti,8
CAR_001346,Maruti A-Star Vxi,2009,Petrol,Individual,Manual,Second Owner,Maruti,16
CAR_001347,Ford Figo Diesel Titanium,2010,Diesel,Individual,Unknown,Second Owner,Ford,15
CAR_001348,Hyundai Verna 1.6 SX CRDi (O),2012,Diesel,Individual,Manual,Second Owner,Hyundai,13
CAR_001349,Hyundai Verna 1.6 SX CRDi (O),2012,Diesel,Individual,Unknown,Second Owner,Hyundai,13
CAR_001350,Maruti Alto LX,2012,Petrol,Individual,Manual,Second Owner,Maruti,13
CAR_001351,Maruti 800 EX,2001,Petrol,Individual,Manual,First Owner,Maruti,24
CAR_001352,Renault KWID Climber 1.0 AMT,2017,Diesel,Individual,Automatic,First Owner,Renault,8
CAR_001353,Mahindra Bolero Power Plus SLE,2018,Diesel,Individual,Manual,First Owner,Mahindra,7
CAR_001354,Maruti Swift Dzire VDI,2017,Diesel,Individual,Manual,Second Owner,Maruti,8
CAR_001355,Hyundai Xcent 1.2 VTVT S,2019,Petrol,Individual,Manual,Second Owner,Hyundai,6
CAR_001356,Maruti Wagon R LXI LPG BSIV,2012,Diesel,Individual,Unknown,Second Owner,Maruti,13
CAR_001357,Nissan Micra Diesel XV Premium,2011,Diesel,Individual,Manual,Second Owner,Nissan,14
CAR_001358,Nissan Micra Diesel XV Premium,2013,Diesel,Individual,Manual,First Owner,Nissan,12
CAR_001359,Maruti Zen LXi - BS III,2005,Petrol,Dealer,Manual,First Owner,Maruti,20
CAR_001360,Maruti Alto LXi BSIII,2008,Petrol,Dealer,Manual,First Owner,Maruti,17
CAR_001361,Honda City i DTEC SV,2014,Diesel,Individual,Manual,First Owner,Honda,11
CAR_001362,Maruti Alto K10 2010-2014 VXI,2011,Petrol,Individual,Manual,Second Owner,Maruti,14
CAR_001363,Toyota Innova 2.5 VX (Diesel) 7 Seater,2015,Diesel,Individual,Manual,Third Owner,Toyota,10
CAR_001364,Maruti Wagon R VXI BSIII,2003,Petrol,Individual,Manual,Second Owner,Maruti,22
CAR_001365,Maruti Alto LXi,2007,Petrol,Individual,Manual,Second Owner,Maruti,18
CAR_001366,Honda Civic 1.8 (E) MT,2006,Petrol,Individual,Manual,Second Owner,Honda,19
CAR_001367,Maruti Swift VDI,2013,Diesel,Individual,Manual,Second Owner,Maruti,12
CAR_001368,Maruti Swift Dzire VDI,2015,Diesel,Individual,Manual,First Owner,Maruti,10
CAR_001369,Maruti Zen Estilo 1.1 LXI BSIII,2007,Petrol,Individual,Manual,Third Owner,Maruti,18
CAR_001370,Honda City 1.5 V MT,2010,Petrol,Individual,Manual,Second Owner,Honda,15
CAR_001371,Tata Manza ELAN Quadrajet BS IV,2011,Diesel,Individual,Manual,Second Owner,Tata,14
CAR_001372,Maruti Swift Dzire ZDI,2019,Diesel,Individual,Manual,Second Owner,Maruti,6
CAR_001373,Mahindra Xylo E4 ABS BS IV,2013,Diesel,Individual,Manual,First Owner,Mahindra,12
CAR_001374,Renault KWID RXL,2016,Diesel,Individual,Manual,First Owner,Renault,9
CAR_001375,Honda WR-V i-DTEC VX,2018,Diesel,Individual,Manual,First Owner,Honda,7
CAR_001376,Maruti Swift Dzire ZDI,2014,Diesel,Individual,Manual,Second Owner,Maruti,11
CAR_001377,Nissan Terrano XL 110 PS,2014,Diesel,Individual,Manual,First Owner,Nissan,11
CAR_001378,Maruti Ciaz VDi Plus,2015,Diesel,Individual,Manual,Second Owner,Maruti,10
CAR_001379,Honda Amaze S CVT Petrol,2019,Petrol,Individual,Automatic,First Owner,Honda,6
CAR_001380,Honda Brio S MT,2013,Petrol,Individual,Manual,Third Owner,Honda,12
CAR_001381,Maruti Esteem Lxi,2005,Diesel,Individual,Manual,Second Owner,Maruti,20
CAR_001382,Toyota Corolla Altis Diesel D4DGL,2011,Diesel,Individual,Manual,First Owner,Toyota,14
CAR_001383,Tata Indica Vista Aura 1.2 Safire,2010,Petrol,Individual,Unknown,Second Owner,Tata,15
CAR_001384,Mahindra Bolero SLE,2010,Diesel,Individual,Manual,Second Owner,Mahindra,15
CAR_001385,Hyundai EON Era Plus,2013,Petrol,Individual,Manual,First Owner,Hyundai,12
CAR_001386,Hyundai Elite i20 Asta Option CVT BSIV,2019,Petrol,Individual,Automatic,First Owner,Hyundai,6
CAR_001387,Maruti Ritz VDi,2014,Diesel,Individual,Manual,First Owner,Maruti,11
CAR_001388,Maruti Wagon R VXI BS IV,2016,Petrol,Individual,Manual,First Owner,Maruti,9
CAR_001389,Hyundai i20 Active 1.2 S,2017,Petrol,Individual,Manual,First Owner,Hyundai,8
CAR_001390,Maruti Omni MPI STD BSIV,2015,Petrol,Individual,Unknown,First Owner,Maruti,10
CAR_001391,Maruti Alto 800 LXI,2016,Diesel,Individual,Manual,First Owner,Maruti,9
CAR_001392,Hyundai Creta 1.4 E Plus,2018,Diesel,Individual,Manual,First Owner,Hyundai,7
CAR_001393,Honda Jazz 1.5 E i DTEC,2017,Diesel,Individual,Manual,First Owner,Honda,8
CAR_001394,Tata Indica Vista Quadrajet VX,2011,Diesel,Individual,Manual,First Owner,Tata,14
CAR_001395,Tata Aria Pure LX 4x2,2014,Diesel,Individual,Manual,Second Owner,Tata,11
CAR_001396,Ford Fiesta Classic 1.4 Duratorq CLXI,2014,Diesel,Dealer,Manual,First Owner,Ford,11
CAR_001397,Ford Freestyle Trend Petrol BSIV,2019,Petrol,Individual,Manual,First Owner,Ford,6
CAR_001398,Mahindra Jeep MM 775 XDB,2000,Diesel,Individual,Manual,Second Owner,Mahindra,25
CAR_001399,Maruti 800 AC BSIII,2007,Petrol,Individual,Manual,Second Owner,Maruti,18
CAR_001400,Hyundai Grand i10 1.2 CRDi Magna,2015,Diesel,Dealer,Manual,First Owner,Hyundai,10
CAR_001401,Maruti Zen Estilo LX BSIV,2010,Petrol,Individual,Manual,Third Owner,Maruti,15
CAR_001402,Maruti Ertiga SHVS VDI,2016,Diesel,Individual,Manual,First Owner,Maruti,9
CAR_001403,Mahindra Scorpio SLE BSIII,2010,Diesel,Individual,Manual,First Owner,Mahindra,15
CAR_001404,Maruti Swift VDI BSIV,2014,Diesel,Individual,Manual,Second Owner,Maruti,11
CAR_001405,Maruti 800 DX,2000,Petrol,Individual,Manual,First Owner,Maruti,25
CAR_001406,Honda City 1.5 GXI,2004,Petrol,Individual,Manual,Second Owner,Honda,21
CAR_001407,Honda CR-V Diesel 4WD,2018,Diesel,Individual,Automatic,First Owner,Honda,7
CAR_001408,Hyundai Grand i10 1.2 Kappa Magna AT,2019,Petrol,Individual,Automatic,First Owner,Hyundai,6
CAR_001409,Maruti Ertiga BSIV VXI AT,2017,Petrol,Individual,Automatic,First Owner,Maruti,8
CAR_001410,Volkswagen Polo 1.0 TSI Highline Plus,2020,Petrol,Individual,Manual,First Owner,Volkswagen,5
CAR_001411,Audi A4 35 TDI Premium,2015,Diesel,Individual,Automatic,Third Owner,Audi,10
CAR_001412,Hyundai Xcent 1.1 CRDi SX,2016,Diesel,Individual,Manual,First Owner,Hyundai,9
CAR_001413,Hyundai Verna 1.6 SX VTVT,2017,Petrol,Individual,Manual,First Owner,Hyundai,8
CAR_001414,Mahindra Scorpio 2.6 SLX Turbo 7 Seater,2004,Diesel,Individual,Unknown,First Owner,Mahindra,21
CAR_001415,Skoda Superb Elegance 2.0 TDI CR AT,2011,Diesel,Individual,Automatic,First Owner,Skoda,14
CAR_001416,Maruti Alto 800 LXI,2013,Petrol,Individual,Manual,First Owner,Maruti,12
CAR_001417,Ford Ecosport 1.0 Ecoboost Titanium,2014,Petrol,Individual,Manual,Second Owner,Ford,11
CAR_001418,Jaguar XF 3.0 Litre S Premium Luxury,2013,Diesel,Individual,Automatic,Second Owner,Jaguar,12
CAR_001419,Maruti Zen Estilo VXI BSIII,2007,Petrol,Individual,Manual,Second Owner,Maruti,18
CAR_001420,Chevrolet Beat LT,2012,Petrol,Individual,Manual,First Owner,Chevrolet,13
CAR_001421,Hyundai Accent Executive,2010,Petrol,Individual,Manual,Third Owner,Hyundai,15
CAR_001422,Toyota Innova 2.5 E 8 STR,2012,Diesel,Individual,Manual,First Owner,Toyota,13
CAR_001423,Maruti Baleno Alpha 1.3,2016,Diesel,Individual,Unknown,First Owner,Maruti,9
CAR_001424,Hyundai i10 Magna 1.2 iTech SE,2011,Petrol,Individual,Manual,Second Owner,Hyundai,14
CAR_001425,Hyundai i20 1.4 CRDi Asta,2011,Diesel,Individual,Manual,Second Owner,Hyundai,14
CAR_001426,Nissan Micra XL CVT,2015,Petrol,Individual,Automatic,Second Owner,Nissan,10
CAR_001427,Mahindra Scorpio VLX AT 2WD BSIII,2004,Diesel,Individual,Automatic,Third Owner,Mahindra,21
CAR_001428,Toyota Corolla AE,2006,Petrol,Individual,Manual,Second Owner,Toyota,19
CAR_001429,Hyundai Grand i10 Nios Sportz,2020,Petrol,Individual,Manual,First Owner,Hyundai,5
CAR_001430,Chevrolet Tavera Neo 3 LT 9 Seats BSIII,2016,Diesel,Individual,Unknown,Second Owner,Chevrolet,9
CAR_001431,Maruti Swift Dzire VXi,2011,Petrol,Individual,Manual,Second Owner,Maruti,14
CAR_001432,Maruti Baleno Delta 1.2,2018,Diesel,Individual,Manual,First Owner,Maruti,7
CAR_001433,Hyundai Grand i10 Nios AMT Magna,2020,Petrol,Individual,Automatic,First Owner,Hyundai,5
CAR_001434,Tata Indica DLS,2006,Diesel,Individual,Manual,Fourth & Above Owner,Tata,19
CAR_001435,Hyundai Verna 1.6 VTVT S,2015,Diesel,Individual,Unknown,First Owner,Hyundai,10
CAR_001436,Hyundai i10 Magna LPG,2014,LPG,Individual,Manual,First Owner,Hyundai,11
CAR_001437,Hyundai Verna 1.6 VTVT S,2015,Petrol,Individual,Manual,First Owner,Hyundai,10
CAR_001438,Tata Manza Aqua Quadrajet BS IV,2012,Diesel,Individual,Manual,First Owner,Tata,13
CAR_001439,Hyundai i10 Era 1.1,2008,Petrol,Individual,Manual,Third Owner,Hyundai,17
CAR_001440,Maruti Alto K10 VXI,2017,Petrol,Individual,Manual,First Owner,Maruti,8
CAR_001441,Mahindra Bolero DI,2006,Diesel,Individual,Manual,First Owner,Mahindra,19
CAR_001442,Toyota Fortuner 2.8 2WD AT BSIV,2018,Diesel,Individual,Automatic,First Owner,Toyota,7
CAR_001443,Chevrolet Spark 1.0 LS,2011,Petrol,Individual,Manual,Third Owner,Chevrolet,14
CAR_001444,Hyundai i10 Magna 1.1,2008,Petrol,Individual,Manual,Fourth & Above Owner,Hyundai,17
CAR_001445,Hyundai i20 Asta 1.4 CRDi,2015,Diesel,Individual,Manual,First Owner,Hyundai,10
CAR_001446,Maruti Wagon R LX BSIII,2009,Petrol,Individual,Manual,Fourth & Above Owner,Maruti,16
CAR_001447,Maruti 800 AC,2002,Petrol,Individual,Manual,Second Owner,Maruti,23
CAR_001448,Toyota Etios Cross 1.4L GD,2015,Diesel,Individual,Manual,Second Owner,Toyota,10
CAR_001449,Renault KWID RXT BSIV,2019,Petrol,Individual,Manual,First Owner,Renault,6
CAR_001450,Mahindra XUV500 W8 2WD,2012,Diesel,Individual,Manual,First Owner,Mahindra,13
CAR_001451,Daewoo Matiz SD,2002,Petrol,Individual,Manual,First Owner,Daewoo,23
CAR_001452,Toyota Etios GD,2012,Diesel,Individual,Manual,First Owner,Toyota,13
CAR_001453,Ford Figo Diesel Titanium,2014,Diesel,Individual,Manual,Second Owner,Ford,11
CAR_001454,Tata Hexa XT,2017,Diesel,Individual,Unknown,First Owner,Tata,8
CAR_001455,Toyota Etios Cross 1.4L GD,2015,Diesel,Individual,Manual,Second Owner,Toyota,10
CAR_001456,Mahindra XUV500 W8 4WD,2012,Diesel,Individual,Manual,Second Owner,Mahindra,13
CAR_001457,Honda Jazz V,2019,Petrol,Individual,Manual,First Owner,Honda,6
CAR_001458,Maruti A-Star Lxi,2008,Petrol,Individual,Manual,First Owner,Maruti,17
CAR_001459,Tata New Safari DICOR 2.2 EX 4x2,2010,Diesel,Individual,Manual,Second Owner,Tata,15
CAR_001460,Hyundai Verna VTVT 1.6 AT SX Option,2018,Petrol,Individual,Automatic,First Owner,Hyundai,7
CAR_001461,Tata Manza Aura Quadrajet BS IV,2012,Diesel,Individual,Manual,Second Owner,Tata,13
CAR_001462,Skoda Laura Ambiente 2.0 TDI CR MT,2012,Diesel,Dealer,Manual,First Owner,Skoda,13
CAR_001463,Audi A8 L 3.0 TDI quattro,2009,Diesel,Dealer,Automatic,Second Owner,Audi,16
CAR_001464,Chevrolet Beat LT,2013,Petrol,Individual,Unknown,First Owner,Chevrolet,12
CAR_001465,Hyundai Elantra SX,2015,Petrol,Dealer,Unknown,First Owner,Hyundai,10
CAR_001466,Mahindra XUV500 W8 4WD,2015,Diesel,Dealer,Manual,First Owner,Mahindra,10
CAR_001467,Mahindra Renault Logan 1.5 DLS,2008,Diesel,Individual,Manual,First Owner,Mahindra,17
CAR_001468,Datsun redi-GO AMT 1.0 T Option,2018,Petrol,Dealer,Automatic,First Owner,Datsun,7
CAR_001469,Tata Nano Cx BSIII,2014,Petrol,Individual,Manual,Second Owner,Tata,11
CAR_001470,Skoda Superb Ambition 2.0 TDI CR AT,2013,Diesel,Dealer,Automatic,First Owner,Skoda,12
CAR_001471,Nissan Terrano XL Plus 85 PS,2015,Diesel,Dealer,Manual,First Owner,Nissan,10
CAR_001472,BMW X1 sDrive20d M Sport,2014,Diesel,Dealer,Automatic,First Owner,BMW,11
CAR_001473,Chevrolet Enjoy TCDi LT 7 Seater,2014,Diesel,Dealer,Manual,First Owner,Chevrolet,11
CAR_001474,Honda Amaze S Diesel,2015,Diesel,Dealer,Manual,First Owner,Honda,10
CAR_001475,Mahindra KUV 100 D75 K6 Plus,2017,Diesel,Dealer,Manual,First Owner,Mahindra,8
CAR_001476,Honda City i-VTEC CVT VX,2016,Petrol,Dealer,Automatic,First Owner,Honda,9
CAR_001477,Honda Brio VX,2017,Petrol,Dealer,Manual,First Owner,Honda,8
CAR_001478,Maruti Alto LXi,2009,Petrol,Individual,Manual,First Owner,Maruti,16
CAR_001479,MG Hector Sharp Diesel MT BSIV,2019,Diesel,Dealer,Manual,First Owner,MG,6
CAR_001480,Audi A4 35 TDI Premium Plus,2019,Diesel,Dealer,Automatic,First Owner,Audi,6
CAR_001481,Renault Scala Diesel RxL,2015,Diesel,Dealer,Manual,First Owner,Renault,10
CAR_001482,Chevrolet Beat Diesel LT,2013,Diesel,Individual,Manual,Second Owner,Chevrolet,12
CAR_001483,Skoda Laura Ambiente 1.9 PD,2007,Diesel,Individual,Manual,Fourth & Above Owner,Skoda,18
CAR_001484,Hyundai Verna 1.6 SX CRDi (O),2012,Diesel,Individual,Manual,Second Owner,Hyundai,13
CAR_001485,Mahindra Xylo D4,2010,Diesel,Individual,Manual,Third Owner,Mahindra,15
CAR_001486,Maruti Swift Ldi BSIV,2010,Diesel,Individual,Manual,Third Owner,Maruti,15
CAR_001487,Renault Duster 85PS Diesel RxL Optional,2013,Diesel,Individual,Manual,Second Owner,Renault,12
CAR_001488,Ford Fiesta Diesel Style,2013,Diesel,Dealer,Manual,First Owner,Ford,12
CAR_001489,Maruti 800 AC BSIII,2005,Petrol,Individual,Manual,Second Owner,Maruti,20
CAR_001490,Maruti Eeco 5 Seater AC BSIV,2018,Petrol,Individual,Manual,First Owner,Maruti,7
CAR_001491,Skoda Laura 1.9 TDI MT Ambiente,2010,Diesel,Individual,Manual,First Owner,Skoda,15
CAR_001492,Nissan Terrano XL Plus 85 PS,2015,Diesel,Individual,Manual,First Owner,Nissan,10
CAR_001493,Chevrolet Spark 1.0 LS,2010,Petrol,Individual,Unknown,Second Owner,Chevrolet,15
CAR_001494,Chevrolet Spark 1.0 LS,2009,Petrol,Individual,Unknown,Second Owner,Chevrolet,16
CAR_001495,Hyundai Santro Xing XL eRLX Euro III,2006,Petrol,Individual,Manual,Second Owner,Hyundai,19
CAR_001496,Maruti Omni MPI STD BSIV,2014,Petrol,Individual,Manual,Third Owner,Maruti,11
CAR_001497,Tata Indica Vista Quadrajet LX,2011,Diesel,Individual,Manual,Second Owner,Tata,14
CAR_001498,Tata Indica Vista Aqua 1.3 Quadrajet,2011,Diesel,Individual,Manual,Second Owner,Tata,14
CAR_001499,Datsun GO Plus T Option Petrol,2018,Diesel,Individual,Unknown,First Owner,Datsun,7
CAR_001500,Mahindra XUV500 W8 4WD,2014,Diesel,Individual,Manual,First Owner,Mahindra,11
CAR_001501,Toyota Innova 2.5 VX (Diesel) 7 Seater BS IV,2010,Diesel,Individual,Manual,Second Owner,Toyota,15
CAR_001502,Maruti Baleno Vxi,2007,Petrol,Individual,Manual,Second Owner,Maruti,18
CAR_001503,Mercedes-Benz E-Class 220 CDI,2001,Diesel,Individual,Manual,Second Owner,Mercedes-Benz,24
CAR_001504,Tata Indica GLS BS IV,2006,Petrol,Individual,Manual,Second Owner,Tata,19
CAR_001505,Maruti Alto LXi,2012,Petrol,Individual,Manual,Second Owner,Maruti,13
CAR_001506,Ford Figo Aspire 1.5 TDCi Trend,2017,Diesel,Individual,Manual,First Owner,Ford,8
CAR_001507,Maruti Swift VDI,2013,Diesel,Individual,Manual,First Owner,Maruti,12
CAR_001508,Volkswagen Polo Diesel Highline 1.2L,2013,Diesel,Individual,Manual,Second Owner,Volkswagen,12
CAR_001509,Tata Indigo GLX,2006,Petrol,Individual,Manual,Second Owner,Tata,19
CAR_001510,Maruti Swift Dzire LDI Optional,2015,Diesel,Individual,Manual,Second Owner,Maruti,10
CAR_001511,Tata Indica GLS BS IV,2009,Petrol,Individual,Manual,First Owner,Tata,16
CAR_001512,Renault Scala Diesel RxL,2014,Diesel,Individual,Manual,First Owner,Renault,11
CAR_001513,Ford EcoSport 1.5 Diesel Ambiente BSIV,2018,Diesel,Individual,Manual,Second Owner,Ford,7
CAR_001514,Renault Duster 85PS Diesel RxL Plus,2015,Diesel,Individual,Manual,Second Owner,Renault,10
CAR_001515,Skoda Rapid 1.6 TDI Elegance,2012,Diesel,Individual,Manual,Second Owner,Skoda,13
CAR_001516,Hyundai i20 1.4 CRDi Sportz,2012,Diesel,Individual,Manual,Second Owner,Hyundai,13
CAR_001517,Mahindra XUV500 W11 Option AWD,2020,Diesel,Dealer,Manual,First Owner,Mahindra,5
CAR_001518,Renault Duster 110PS Diesel RxL,2015,Diesel,Individual,Manual,First Owner,Renault,10
CAR_001519,Maruti Wagon R VXI,2014,Petrol,Dealer,Manual,First Owner,Maruti,11
CAR_001520,Maruti Baleno Alpha,2019,Petrol,Individual,Manual,First Owner,Maruti,6
CAR_001521,Mahindra Bolero SLX,2016,Diesel,Dealer,Manual,First Owner,Mahindra,9
CAR_001522,Chevrolet Sail 1.2 LT ABS,2014,Diesel,Individual,Manual,First Owner,Chevrolet,11
CAR_001523,Honda City i-DTEC SV,2014,Diesel,Dealer,Manual,First Owner,Honda,11
CAR_001524,Hyundai Grand i10 1.2 Kappa Asta,2017,Petrol,Individual,Manual,First Owner,Hyundai,8
CAR_001525,Hyundai Grand i10 1.2 Kappa Sportz Option,2013,Petrol,Dealer,Manual,First Owner,Hyundai,12
CAR_001526,Maruti Baleno Sigma 1.2,2015,Petrol,Individual,Manual,First Owner,Maruti,10
CAR_001527,Maruti Wagon R VXI,2016,Petrol,Dealer,Manual,First Owner,Maruti,9
CAR_001528,Maruti Alto LXi BSIII,2010,Petrol,Individual,Manual,First Owner,Maruti,15
CAR_001529,Maruti Alto K10 LXI,2014,Diesel,Dealer,Manual,First Owner,Maruti,11
CAR_001530,Chevrolet Aveo 1.4 LT BSIV,2009,Petrol,Individual,Manual,First Owner,Chevrolet,16
CAR_001531,Toyota Innova 2.5 G (Diesel) 8 Seater,2016,Diesel,Dealer,Manual,First Owner,Toyota,9
CAR_001532,Mahindra Quanto C4,2013,Diesel,Individual,Manual,Fourth & Above Owner,Mahindra,12
CAR_001533,Jaguar XF 3.0 Litre S Premium Luxury,2012,Diesel,Individual,Automatic,Second Owner,Jaguar,13
CAR_001534,Honda City i VTEC V,2014,Petrol,Individual,Manual,First Owner,Honda,11
CAR_001535,Maruti Baleno Alpha 1.3,2016,Diesel,Individual,Manual,First Owner,Maruti,9
CAR_001536,Mahindra Xylo E4,2012,Diesel,Dealer,Manual,First Owner,Mahindra,13
CAR_001537,Honda Mobilio S i DTEC,2016,Diesel,Individual,Manual,First Owner,Honda,9
CAR_001538,Hyundai Santa Fe 4WD AT,2014,Diesel,Individual,Automatic,First Owner,Hyundai,11
CAR_001539,Maruti Alto 800 LXI,2016,Petrol,Individual,Unknown,Second Owner,Maruti,9
CAR_001540,Tata Manza Aura (ABS) Safire BS IV,2010,Petrol,Individual,Manual,Second Owner,Tata,15
CAR_001541,Maruti Alto LXi BSIII,2008,Petrol,Individual,Unknown,Third Owner,Maruti,17
CAR_001542,Force One EX,2014,Diesel,Individual,Manual,First Owner,Force,11
CAR_001543,Mahindra Xylo D2 BS IV,2015,Diesel,Individual,Manual,First Owner,Mahindra,10
CAR_001544,Hyundai Grand i10 1.2 Kappa Sportz BSIV,2019,Petrol,Individual,Manual,First Owner,Hyundai,6
CAR_001545,Hyundai Grand i10 1.2 CRDi Asta,2019,Diesel,Individual,Manual,First Owner,Hyundai,6
CAR_001546,Maruti Alto 800 LXI,2019,Petrol,Individual,Manual,First Owner,Maruti,6
CAR_001547,Hyundai Santro Magna AMT BSIV,2019,Petrol,Individual,Automatic,First Owner,Hyundai,6
CAR_001548,Maruti Swift Dzire VDi,2009,Diesel,Individual,Manual,First Owner,Maruti,16
CAR_001549,Maruti Alto K10 LXI,2014,Petrol,Individual,Manual,First Owner,Maruti,11
CAR_001550,Skoda Laura 1.9 TDI MT Ambiente,2009,Diesel,Individual,Manual,Third Owner,Skoda,16
CAR_001551,Chevrolet Aveo U-VA 1.2 LS,2009,Petrol,Individual,Manual,Second Owner,Chevrolet,16
CAR_001552,Tata Indigo LS BSII,2012,Diesel,Individual,Manual,First Owner,Tata,13
CAR_001553,Hyundai Verna CRDi SX ABS,2009,Diesel,Individual,Manual,Second Owner,Hyundai,16
CAR_001554,Tata New Safari DICOR 2.2 GX 4x2 BS IV,2012,Diesel,Individual,Manual,First Owner,Tata,13
CAR_001555,Maruti Alto LXi,2009,Diesel,Individual,Manual,Second Owner,Maruti,16
CAR_001556,Maruti Wagon R LXI Minor,2008,Petrol,Individual,Manual,First Owner,Maruti,17
CAR_001557,Honda City V MT,2012,Petrol,Individual,Manual,First Owner,Honda,13
CAR_001558,Tata Indica Vista Aura 1.3 Quadrajet,2009,Diesel,Individual,Manual,Fourth & Above Owner,Tata,16
CAR_001559,Mahindra Bolero Power Plus Plus Non AC BSIV PS,2015,Diesel,Individual,Manual,First Owner,Mahindra,10
CAR_001560,Mahindra Scorpio VLX 2WD AIRBAG BSIV,2012,Diesel,Individual,Manual,Second Owner,Mahindra,13
CAR_001561,Toyota Innova 2.5 Z Diesel 7 Seater BS IV,2014,Diesel,Individual,Manual,Third Owner,Toyota,11
CAR_001562,Honda City i VTEC V,2016,Petrol,Individual,Manual,First Owner,Honda,9
CAR_001563,Maruti Ritz VDi,2011,Diesel,Individual,Manual,Second Owner,Maruti,14
CAR_001564,Hyundai Santro Xing GLS,2010,Diesel,Individual,Manual,Second Owner,Hyundai,15
CAR_001565,Honda Brio 1.2 S Option MT,2019,Petrol,Individual,Manual,First Owner,Honda,6
CAR_001566,Maruti A-Star Vxi,2011,Petrol,Individual,Manual,Second Owner,Maruti,14
CAR_001567,Maruti Alto K10 VXI Airbag,2018,Petrol,Individual,Manual,First Owner,Maruti,7
CAR_001568,Hyundai Santro Sportz BSIV,2019,Petrol,Individual,Manual,First Owner,Hyundai,6
CAR_001569,Tata Indica Vista Aura 1.3 Quadrajet,2009,Diesel,Individual,Manual,Fourth & Above Owner,Tata,16
CAR_001570,Volkswagen Polo Diesel Highline 1.2L,2011,Diesel,Individual,Manual,Second Owner,Volkswagen,14
CAR_001571,Fiat Linea Dynamic,2013,Petrol,Individual,Manual,First Owner,Fiat,12
CAR_001572,Maruti Alto 800 LXI,2014,Petrol,Individual,Manual,First Owner,Maruti,11
CAR_001573,Hyundai Santro LE zipPlus,2003,Petrol,Individual,Manual,Third Owner,Hyundai,22
CAR_001574,Volkswagen Vento Petrol Highline AT,2011,Petrol,Individual,Automatic,Third Owner,Volkswagen,14
CAR_001575,Maruti Alto 800 LX,2017,Petrol,Individual,Manual,First Owner,Maruti,8
CAR_001576,Renault KWID RXL,2020,Petrol,Individual,Manual,First Owner,Renault,5
CAR_001577,Maruti Baleno Delta 1.2,2017,Petrol,Individual,Manual,First Owner,Maruti,8
CAR_001578,Maruti SX4 S Cross DDiS 320 Zeta,2016,Diesel,Individual,Manual,First Owner,Maruti,9
CAR_001579,Maruti Swift VDI BSIV,2015,Diesel,Individual,Manual,Third Owner,Maruti,10
CAR_001580,Mahindra Jeep Classic,1999,Diesel,Individual,Manual,Second Owner,Mahindra,26
CAR_001581,Mahindra Scorpio 2.6 Turbo 7 Str,2007,Diesel,Individual,Manual,Second Owner,Mahindra,18
CAR_001582,Hyundai i20 Asta 1.4 CRDi,2013,Diesel,Individual,Manual,Second Owner,Hyundai,12
CAR_001583,Toyota Innova 2.5 GX (Diesel) 7 Seater BS IV,2011,Diesel,Individual,Manual,Second Owner,Toyota,14
CAR_001584,Maruti Alto LX,2006,Petrol,Individual,Manual,Third Owner,Maruti,19
CAR_001585,Hyundai i20 Magna,2010,Petrol,Individual,Manual,Third Owner,Hyundai,15
CAR_001586,Ford Figo Petrol LXI,2010,Petrol,Individual,Manual,First Owner,Ford,15
CAR_001587,Honda City i DTEC S,2014,Diesel,Individual,Manual,Second Owner,Honda,11
CAR_001588,Chevrolet Cruze LTZ,2012,Diesel,Individual,Manual,First Owner,Chevrolet,13
CAR_001589,Maruti Swift ZXI ABS,2009,Petrol,Individual,Manual,Second Owner,Maruti,16
CAR_001590,Honda Amaze VX i-DTEC,2013,Diesel,Individual,Manual,Second Owner,Honda,12
CAR_001591,Maruti Alto LXi,2008,Petrol,Individual,Manual,First Owner,Maruti,17
CAR_001592,Mahindra Scorpio S11 BSIV,2018,Diesel,Individual,Manual,First Owner,Mahindra,7
CAR_001593,Maruti Zen Estilo VXI BSIII,2007,Petrol,Individual,Manual,First Owner,Maruti,18
CAR_001594,Mahindra XUV500 W6 1.99 mHawk,2016,Diesel,Individual,Manual,First Owner,Mahindra,9
CAR_001595,Hyundai Accent GLE CNG,2010,CNG,Individual,Manual,Second Owner,Hyundai,15
CAR_001596,Maruti Alto K10 LX,2020,Petrol,Individual,Manual,Fourth & Above Owner,Maruti,5
CAR_001597,Maruti Swift VDI,2011,Diesel,Individual,Manual,Third Owner,Maruti,14
CAR_001598,Tata Indica DLS,2005,Diesel,Individual,Manual,First Owner,Tata,20
CAR_001599,Maruti Wagon R VX,2000,Petrol,Individual,Manual,Fourth & Above Owner,Maruti,25
CAR_001600,Renault KWID RXT,2016,Petrol,Individual,Manual,Second Owner,Renault,9
CAR_001601,Tata Indica Vista Aqua 1.2 Safire BSIV,2010,Diesel,Individual,Manual,First Owner,Tata,15
CAR_001602,Tata Indigo CR4,2012,Diesel,Individual,Unknown,First Owner,Tata,13
CAR_001603,Maruti Swift 1.3 VXi,2009,Petrol,Individual,Manual,First Owner,Maruti,16
CAR_001604,Honda Civic 1.8 S AT,2006,Petrol,Individual,Automatic,First Owner,Honda,19
CAR_001605,Hyundai Xcent 1.1 CRDi Base,2015,Diesel,Individual,Manual,First Owner,Hyundai,10
CAR_001606,Mahindra NuvoSport N8,2016,Diesel,Individual,Manual,First Owner,Mahindra,9
CAR_001607,Hyundai Santro Xing GLS,2008,Petrol,Individual,Unknown,First Owner,Hyundai,17
CAR_001608,Hyundai Verna Transform CRDi VGT SX ABS,2010,Diesel,Individual,Manual,First Owner,Hyundai,15
CAR_001609,Volkswagen Vento New Diesel Highline,2012,Diesel,Individual,Manual,Fourth & Above Owner,Volkswagen,13
CAR_001610,Maruti Wagon R LXI BS IV,2010,Petrol,Individual,Manual,First Owner,Maruti,15
CAR_001611,Maruti S-Presso VXI Plus,2019,Petrol,Individual,Manual,First Owner,Maruti,6
CAR_001612,Maruti Swift 1.3 VXi,2005,Petrol,Individual,Manual,First Owner,Maruti,20
CAR_001613,Honda Civic 1.8 S MT,2007,Petrol,Individual,Manual,Second Owner,Honda,18
CAR_001614,Hyundai i10 Magna,2012,Petrol,Individual,Manual,Second Owner,Hyundai,13
CAR_001615,Ford Ecosport 1.5 DV5 MT Titanium,2015,Diesel,Individual,Manual,First Owner,Ford,10
CAR_001616,Maruti Swift Dzire VDI,2017,Diesel,Trustmark Dealer,Manual,First Owner,Maruti,8
CAR_001617,Toyota Etios Liva 1.2 VX,2017,Petrol,Trustmark Dealer,Manual,First Owner,Toyota,8
CAR_001618,Maruti Vitara Brezza VDi,2017,Diesel,Trustmark Dealer,Manual,First Owner,Maruti,8
CAR_001619,Toyota Yaris G,2018,Petrol,Trustmark Dealer,Manual,First Owner,Toyota,7
CAR_001620,Hyundai EON Era Plus Option,2017,Petrol,Trustmark Dealer,Manual,First Owner,Hyundai,8
CAR_001621,Maruti Swift LXI Option,2015,Petrol,Trustmark Dealer,Manual,First Owner,Maruti,10
CAR_001622,Maruti Ciaz ZDi Plus,2016,Diesel,Trustmark Dealer,Manual,First Owner,Maruti,9
CAR_001623,Maruti Ciaz 1.4 Alpha,2017,Petrol,Trustmark Dealer,Manual,First Owner,Maruti,8
CAR_001624,Toyota Fortuner 4x2 AT,2017,Diesel,Trustmark Dealer,Automatic,First Owner,Toyota,8
CAR_001625,Hyundai Creta 1.6 CRDi SX,2015,Diesel,Trustmark Dealer,Manual,First Owner,Hyundai,10
CAR_001626,Hyundai Creta 1.6 CRDi SX,2015,Diesel,Trustmark Dealer,Manual,First Owner,Hyundai,10
CAR_001627,Toyota Corolla Altis GL MT,2016,Petrol,Trustmark Dealer,Manual,First Owner,Toyota,9
CAR_001628,Maruti Esteem Lxi - BSIII,2007,Petrol,Individual,Manual,First Owner,Maruti,18
CAR_001629,Volkswagen Vento Diesel Comfortline,2012,Diesel,Individual,Manual,First Owner,Volkswagen,13
CAR_001630,Maruti SX4 ZXI AT,2009,Petrol,Individual,Automatic,Second Owner,Maruti,16
CAR_001631,Hyundai Santro Magna AMT BSIV,2019,Petrol,Individual,Automatic,First Owner,Hyundai,6
CAR_001632,Maruti Swift Dzire AMT ZXI,2019,Petrol,Individual,Automatic,First Owner,Maruti,6
CAR_001633,Chevrolet Beat LT,2016,Diesel,Dealer,Manual,First Owner,Chevrolet,9
CAR_001634,Maruti Swift VDI BSIV,2010,Diesel,Individual,Manual,Fourth & Above Owner,Maruti,15
CAR_001635,Mahindra TUV 300 T8 AMT,2016,Diesel,Individual,Automatic,Second Owner,Mahindra,9
CAR_001636,Ford Fusion 1.6 Duratec Petrol,2005,Petrol,Individual,Manual,Third Owner,Ford,20
CAR_001637,Honda City i-VTEC VX,2017,Petrol,Individual,Manual,First Owner,Honda,8
CAR_001638,Maruti Wagon R VXI BS IV,2017,Petrol,Individual,Manual,Third Owner,Maruti,8
CAR_001639,Maruti Esteem Vxi,2005,Diesel,Individual,Manual,Second Owner,Maruti,20
CAR_001640,Maruti Wagon R VXI BS IV,2017,Petrol,Individual,Unknown,First Owner,Maruti,8
CAR_001641,Maruti Wagon R VXI BSIII,2005,Petrol,Individual,Manual,Second Owner,Maruti,20
CAR_001642,Hyundai Verna 1.6 VTVT,2013,Petrol,Individual,Manual,First Owner,Hyundai,12
CAR_001643,Hyundai EON D Lite Plus,2012,Petrol,Individual,Manual,Second Owner,Hyundai,13
CAR_001644,Tata Sumo Victa EX 7/9 Str BSII,2009,Diesel,Individual,Manual,First Owner,Tata,16
CAR_001645,Chevrolet Sail Hatchback 1.2 LS,2016,Petrol,Individual,Unknown,First Owner,Chevrolet,9
CAR_001646,Tata New Safari DICOR 2.2 GX 4x2 BS IV,2012,Diesel,Individual,Manual,Second Owner,Tata,13
CAR_001647,BMW X1 sDrive 20d xLine,2019,Diesel,Individual,Automatic,First Owner,BMW,6
CAR_001648,Hyundai EON Era Plus,2013,Diesel,Individual,Manual,First Owner,Hyundai,12
CAR_001649,Hyundai EON Magna Plus,2016,Petrol,Individual,Manual,First Owner,Hyundai,9
CAR_001650,Mahindra Bolero Power Plus ZLX,2017,Diesel,Individual,Unknown,First Owner,Mahindra,8
CAR_001651,Chevrolet Optra Magnum 2.0 LS,2011,Diesel,Individual,Manual,First Owner,Chevrolet,14
CAR_001652,Toyota Etios Cross 1.2L G,2015,Petrol,Individual,Manual,First Owner,Toyota,10
CAR_001653,Mahindra Scorpio S7 140 BSIV,2018,Diesel,Individual,Manual,First Owner,Mahindra,7
CAR_001654,Datsun RediGO S,2016,Petrol,Individual,Manual,First Owner,Datsun,9
CAR_001655,Skoda Fabia 1.2 MPI Ambition Plus,2012,Petrol,Individual,Manual,First Owner,Skoda,13
CAR_001656,Chevrolet Beat Diesel LT,2012,Diesel,Individual,Manual,First Owner,Chevrolet,13
CAR_001657,Maruti Zen Estilo 1.1 LXI BSIII,2007,Petrol,Individual,Manual,First Owner,Maruti,18
CAR_001658,Maruti Esteem Vxi - BSIII,2006,Petrol,Individual,Manual,First Owner,Maruti,19
CAR_001659,Volkswagen Polo Petrol Comfortline 1.2L,2013,Petrol,Individual,Manual,First Owner,Volkswagen,12
CAR_001660,Toyota Innova 2.5 G (Diesel) 8 Seater BS IV,2006,Diesel,Individual,Manual,First Owner,Toyota,19
CAR_001661,Mahindra KUV 100 mFALCON D75 K6,2016,Diesel,Individual,Manual,First Owner,Mahindra,9
CAR_001662,Renault Fluence 1.5,2012,Diesel,Individual,Manual,First Owner,Renault,13
CAR_001663,Fiat Linea Dynamic,2013,Petrol,Individual,Manual,First Owner,Fiat,12
CAR_001664,Renault Duster 110PS Diesel RxZ,2013,Diesel,Individual,Manual,First Owner,Renault,12
CAR_001665,Renault KWID RXT,2016,Petrol,Individual,Manual,Second Owner,Renault,9
CAR_001666,Maruti Alto 800 LXI,2017,Petrol,Individual,Manual,First Owner,Maruti,8
CAR_001667,Maruti Swift Dzire 1.2 Vxi BSIV,2012,Petrol,Individual,Manual,Second Owner,Maruti,13
CAR_001668,Maruti Swift Dzire 1.2 Vxi BSIV,2012,Petrol,Individual,Manual,Second Owner,Maruti,13
CAR_001669,Toyota Innova 2.5 GX (Diesel) 7 Seater,2014,Diesel,Individual,Manual,First Owner,Toyota,11
CAR_001670,Mahindra Jeep CL 500 MDI,1997,Diesel,Individual,Manual,Third Owner,Mahindra,28
CAR_001671,Maruti Wagon R LXI DUO BS IV,2012,LPG,Individual,Manual,First Owner,Maruti,13
CAR_001672,Hyundai Grand i10 1.2 Kappa Sportz Option,2017,Petrol,Individual,Manual,First Owner,Hyundai,8
CAR_001673,Ford Endeavour 4x4 XLT,2005,Diesel,Individual,Manual,Second Owner,Ford,20
CAR_001674,Mahindra TUV 300 Plus P4,2018,Diesel,Individual,Unknown,Second Owner,Mahindra,7
CAR_001675,Volkswagen Jetta 2.0 TDI Comfortline,2011,Diesel,Individual,Manual,Third Owner,Volkswagen,14
CAR_001676,Maruti Esteem Lxi - BSIII,2007,Petrol,Individual,Manual,First Owner,Maruti,18
CAR_001677,Maruti Swift 1.3 VXi,2005,Petrol,Individual,Manual,First Owner,Maruti,20
CAR_001678,Maruti Swift LDI Optional,2017,Diesel,Individual,Manual,First Owner,Maruti,8
CAR_001679,Hyundai Santro Xing GLS,2008,Petrol,Individual,Manual,First Owner,Hyundai,17
CAR_001680,Tata Zest Quadrajet 1.3 75PS XE,2015,Diesel,Individual,Manual,Second Owner,Tata,10
CAR_001681,Maruti Wagon R LXI,2005,Diesel,Individual,Manual,First Owner,Maruti,20
CAR_001682,Toyota Innova 2.5 G (Diesel) 7 Seater,2014,Diesel,Individual,Manual,Second Owner,Toyota,11
CAR_001683,Honda Amaze VX i-DTEC,2013,Diesel,Individual,Manual,First Owner,Honda,12
CAR_001684,Maruti Swift Dzire LDI,2015,Diesel,Individual,Manual,Third Owner,Maruti,10
CAR_001685,Maruti SX4 VDI,2011,Diesel,Individual,Manual,Third Owner,Maruti,14
CAR_001686,Maruti Swift VDI,2013,Diesel,Individual,Manual,Third Owner,Maruti,12
CAR_001687,Chevrolet Aveo 1.4 CNG,2011,CNG,Individual,Manual,First Owner,Chevrolet,14
CAR_001688,Ford Figo Diesel EXI,2011,Diesel,Individual,Unknown,Third Owner,Ford,14
CAR_001689,Toyota Innova 2.5 G (Diesel) 7 Seater,2013,Diesel,Individual,Manual,First Owner,Toyota,12
CAR_001690,Hyundai Elite i20 Magna Plus BSIV,2020,Petrol,Individual,Manual,First Owner,Hyundai,5
CAR_001691,Datsun RediGO T Option,2017,Petrol,Individual,Manual,First Owner,Datsun,8
CAR_001692,Tata Safari Storme VX,2015,Diesel,Individual,Unknown,First Owner,Tata,10
CAR_001693,Maruti Alto LXi,2008,Petrol,Individual,Manual,Second Owner,Maruti,17
CAR_001694,Mahindra Thar 4X4,2013,Diesel,Individual,Manual,Third Owner,Mahindra,12
CAR_001695,Maruti Eeco 5 STR With AC Plus HTR CNG,2012,CNG,Individual,Unknown,Second Owner,Maruti,13
CAR_001696,Hyundai Grand i10 1.2 Kappa Sportz BSIV,2018,Petrol,Individual,Manual,First Owner,Hyundai,7
CAR_001697,Maruti Alto LXi,2010,Petrol,Individual,Manual,First Owner,Maruti,15
CAR_001698,Maruti Ertiga SHVS ZDI Plus,2016,Diesel,Individual,Manual,First Owner,Maruti,9
CAR_001699,Hyundai EON Magna Optional,2015,Petrol,Individual,Manual,First Owner,Hyundai,10
CAR_001700,Maruti Omni 5 Str STD LPG,1998,LPG,Individual,Manual,Second Owner,Maruti,27
CAR_001701,Mahindra Bolero 2011-2019 SLX,2019,Diesel,Individual,Manual,First Owner,Mahindra,6
CAR_001702,Maruti Swift Dzire VDI,2018,Diesel,Individual,Manual,First Owner,Maruti,7
CAR_001703,Maruti 800 DUO AC LPG,2009,LPG,Individual,Manual,Second Owner,Maruti,16
CAR_001704,Toyota Innova Crysta 2.4 G MT BSIV,2016,Diesel,Individual,Manual,First Owner,Toyota,9
CAR_001705,Maruti Swift VXI BSIV,2016,Petrol,Individual,Unknown,First Owner,Maruti,9
CAR_001706,Audi Q5 2.0 TDI,2015,Diesel,Individual,Automatic,First Owner,Audi,10
CAR_001707,Hyundai Accent GLX,2008,Petrol,Individual,Manual,First Owner,Hyundai,17
CAR_001708,Mahindra Quanto C6,2013,Diesel,Individual,Manual,First Owner,Mahindra,12
CAR_001709,Maruti Swift VDI Optional,2017,Diesel,Individual,Manual,Second Owner,Maruti,8
CAR_001710,Maruti Swift Dzire VXI,2015,Petrol,Individual,Manual,Second Owner,Maruti,10
CAR_001711,Hyundai Santro Xing XK eRLX EuroIII,2007,Petrol,Individual,Manual,Second Owner,Hyundai,18
CAR_001712,Maruti 800 AC BSII,2001,Petrol,Individual,Manual,Second Owner,Maruti,24
CAR_001713,Maruti Baleno Zeta 1.2,2017,Petrol,Individual,Manual,First Owner,Maruti,8
CAR_001714,Maruti Swift Dzire VDI,2015,Diesel,Individual,Manual,First Owner,Maruti,10
CAR_001715,Ford Freestyle Titanium Diesel,2020,Diesel,Dealer,Manual,Test Drive Car,Ford,5
CAR_001716,Ford Figo Titanium,2020,Petrol,Dealer,Unknown,Test Drive Car,Ford,5
CAR_001717,Ford Ecosport 1.5 Diesel Titanium,2020,Diesel,Dealer,Manual,Test Drive Car,Ford,5
CAR_001718,Ford Figo 1.5D Titanium Opt MT,2015,Diesel,Dealer,Manual,First Owner,Ford,10
CAR_001719,Hyundai Santro Xing GLS,2013,Petrol,Individual,Manual,First Owner,Hyundai,12
CAR_001720,Ford Endeavour 3.2 Titanium AT 4X4,2016,Diesel,Dealer,Automatic,First Owner,Ford,9
CAR_001721,Maruti Alto 800 LXI,2018,Petrol,Individual,Manual,First Owner,Maruti,7
CAR_001722,Maruti Swift Dzire VDI,2015,Diesel,Individual,Manual,First Owner,Maruti,10
CAR_001723,Hyundai EON Magna Optional,2015,Diesel,Individual,Manual,First Owner,Hyundai,10
CAR_001724,Tata Indica Vista Quadrajet LX,2013,Diesel,Individual,Manual,First Owner,Tata,12
CAR_001725,Toyota Innova 2.5 V Diesel 8-seater,2008,Diesel,Individual,Unknown,Third Owner,Toyota,17
CAR_001726,Toyota Etios VX,2011,Petrol,Individual,Manual,Second Owner,Toyota,14
CAR_001727,Maruti 800 AC,2009,Petrol,Individual,Manual,Fourth & Above Owner,Maruti,16
CAR_001728,Maruti Swift Dzire ZDI,2015,Diesel,Individual,Manual,First Owner,Maruti,10
CAR_001729,Mahindra Scorpio SLE BSIV,2009,Diesel,Individual,Manual,First Owner,Mahindra,16
CAR_001730,Maruti Vitara Brezza ZDi Plus,2017,Diesel,Individual,Manual,First Owner,Maruti,8
CAR_001731,Maruti Swift Dzire ZDI,2014,Diesel,Individual,Manual,First Owner,Maruti,11
CAR_001732,Maruti Swift Ldi BSIV,2011,Diesel,Individual,Manual,Second Owner,Maruti,14
CAR_001733,Hyundai Accent GLS,2004,Petrol,Individual,Manual,Second Owner,Hyundai,21
CAR_001734,Tata Indica Vista TDI LS,2013,Diesel,Individual,Manual,Third Owner,Tata,12
CAR_001735,Renault Duster 110PS Diesel RxZ,2013,Diesel,Individual,Manual,First Owner,Renault,12
CAR_001736,Maruti Alto K10 2010-2014 VXI,2010,Petrol,Individual,Manual,Second Owner,Maruti,15
CAR_001737,Honda Amaze S AT i-Vtech,2014,Petrol,Individual,Automatic,First Owner,Honda,11
CAR_001738,Hyundai Getz GLS,2005,Petrol,Individual,Manual,First Owner,Hyundai,20
CAR_001739,Hyundai Santro Xing GL Plus,2008,Petrol,Individual,Manual,Second Owner,Hyundai,17
CAR_001740,Maruti SX4 Vxi BSIV,2010,Petrol,Individual,Unknown,First Owner,Maruti,15
CAR_001741,Maruti Alto K10 LXI,2012,Diesel,Individual,Manual,Second Owner,Maruti,13
CAR_001742,Renault Duster 85PS Diesel RxL,2013,Diesel,Dealer,Unknown,Second Owner,Renault,12
CAR_001743,Maruti Ignis 1.3 Delta,2018,Diesel,Dealer,Manual,First Owner,Maruti,7
CAR_001744,Tata Indigo CS LX (TDI) BS-III,2015,Diesel,Dealer,Manual,First Owner,Tata,10
CAR_001745,Mahindra XUV500 W6 2WD,2016,Diesel,Individual,Manual,First Owner,Mahindra,9
CAR_001746,Maruti Alto K10 VXI AGS,2017,Petrol,Dealer,Automatic,First Owner,Maruti,8
CAR_001747,Hyundai EON Era Plus,2016,Petrol,Dealer,Manual,First Owner,Hyundai,9
CAR_001748,Maruti Swift Dzire VDI,2013,Diesel,Dealer,Manual,First Owner,Maruti,12
CAR_001749,Nissan Evalia XV,2014,Diesel,Dealer,Manual,First Owner,Nissan,11
CAR_001750,Hyundai Grand i10 1.2 CRDi Sportz Option,2017,Diesel,Dealer,Manual,First Owner,Hyundai,8
CAR_001751,Hyundai i10 Magna,2014,Petrol,Dealer,Manual,First Owner,Hyundai,11
CAR_001752,Mahindra KUV 100 D75 K4 Plus 5Str,2016,Diesel,Dealer,Manual,First Owner,Mahindra,9
CAR_001753,Maruti Wagon R LXI,2008,Petrol,Dealer,Manual,First Owner,Maruti,17
CAR_001754,Hyundai Santro Xing GLS,2009,Petrol,Dealer,Manual,First Owner,Hyundai,16
CAR_001755,Hyundai Santro Xing XG,2004,Petrol,Dealer,Manual,Second Owner,Hyundai,21
CAR_001756,Hyundai Verna SX Diesel,2013,Diesel,Dealer,Manual,First Owner,Hyundai,12
CAR_001757,Maruti Eeco 7 Seater Standard BSIV,2014,Petrol,Dealer,Manual,First Owner,Maruti,11
CAR_001758,Honda City Corporate Edition,2013,Petrol,Dealer,Manual,First Owner,Honda,12
CAR_001759,Hyundai EON Era,2014,Petrol,Dealer,Manual,First Owner,Hyundai,11
CAR_001760,Datsun RediGO 1.0 T Option,2018,Petrol,Dealer,Manual,First Owner,Datsun,7
CAR_001761,Tata Indica Vista TDI LS,2011,Diesel,Dealer,Manual,First Owner,Tata,14
CAR_001762,Hyundai i20 Asta,2010,Diesel,Individual,Manual,Second Owner,Hyundai,15
CAR_001763,Maruti Alto LXI,2004,Petrol,Individual,Manual,Second Owner,Maruti,21
CAR_001764,Hyundai i10 Magna 1.2,2010,Petrol,Individual,Manual,Second Owner,Hyundai,15
CAR_001765,Mahindra Scorpio LX,2014,Diesel,Individual,Manual,Third Owner,Mahindra,11
CAR_001766,Chevrolet Sail Hatchback 1.2 LS,2015,Petrol,Individual,Manual,First Owner,Chevrolet,10
CAR_001767,Hyundai i20 Sportz 1.2,2013,Petrol,Individual,Manual,First Owner,Hyundai,12
CAR_001768,Mahindra XUV500 W6 2WD,2015,Diesel,Individual,Manual,First Owner,Mahindra,10
CAR_001769,Ford Fiesta Titanium 1.5 TDCi,2011,Diesel,Individual,Unknown,First Owner,Ford,14
CAR_001770,Ford Fiesta Titanium 1.5 TDCi,2011,Diesel,Individual,Manual,First Owner,Ford,14
CAR_001771,Renault Captur 1.5 Diesel RXT Mono,2018,Diesel,Individual,Manual,First Owner,Renault,7
CAR_001772,Mahindra Xylo D2 Maxx,2014,Diesel,Individual,Manual,First Owner,Mahindra,11
CAR_001773,Tata New Safari DICOR 2.2 EX 4x2,2011,Diesel,Individual,Manual,Second Owner,Tata,14
CAR_001774,Honda Civic 1.8 S MT,2007,Petrol,Individual,Manual,Third Owner,Honda,18
CAR_001775,Ford Aspire Titanium BSIV,2020,Petrol,Dealer,Manual,Test Drive Car,Ford,5
CAR_001776,Ford EcoSport 1.5 Ti VCT MT Titanium BE BSIV,2020,Petrol,Dealer,Manual,Test Drive Car,Ford,5
CAR_001777,Ford Figo Titanium,2020,Petrol,Dealer,Manual,Test Drive Car,Ford,5
CAR_001778,Ford Ecosport 1.5 Petrol Trend,2020,Petrol,Dealer,Manual,Test Drive Car,Ford,5
CAR_001779,Ford EcoSport 1.5 TDCi Titanium Plus BSIV,2020,Diesel,Dealer,Manual,Test Drive Car,Ford,5
CAR_001780,Ford Freestyle Titanium,2020,Petrol,Dealer,Manual,Test Drive Car,Ford,5
CAR_001781,Ford Ecosport Thunder Edition Diesel,2020,Diesel,Dealer,Manual,Test Drive Car,Ford,5
CAR_001782,Ford Freestyle Titanium Plus,2020,Diesel,Dealer,Manual,Test Drive Car,Ford,5
CAR_001783,Tata Indica DLE,2006,Diesel,Individual,Manual,Second Owner,Tata,19
CAR_001784,Renault Duster 85PS Diesel RxL Optional,2013,Diesel,Individual,Unknown,Third Owner,Renault,12
CAR_001785,Tata Indigo LX,2011,CNG,Individual,Manual,Second Owner,Tata,14
CAR_001786,Mahindra Scorpio S2 9 Seater,2015,Diesel,Individual,Unknown,First Owner,Mahindra,10
CAR_001787,Mahindra Scorpio VLS 2.2 mHawk,2009,CNG,Individual,Manual,Second Owner,Mahindra,16
CAR_001788,Maruti Swift VDI,2012,Diesel,Individual,Manual,Third Owner,Maruti,13
CAR_001789,Honda Accord VTi-L (MT),2007,Petrol,Individual,Manual,Second Owner,Honda,18
CAR_001790,Hyundai Accent GLX,2006,Petrol,Individual,Manual,Second Owner,Hyundai,19
CAR_001791,Mahindra Bolero Power Plus Plus AC BSIV PS,2019,Diesel,Individual,Manual,First Owner,Mahindra,6
CAR_001792,Tata Indigo CS LE (TDI) BS-III,2011,Diesel,Individual,Manual,Fourth & Above Owner,Tata,14
CAR_001793,Maruti Wagon R LXI BS IV,2013,Petrol,Individual,Manual,First Owner,Maruti,12
CAR_001794,Volkswagen Ameo 1.5 TDI Highline Plus 16,2018,Diesel,Individual,Manual,First Owner,Volkswagen,7
CAR_001795,Nissan Micra XL,2017,Petrol,Dealer,Manual,First Owner,Nissan,8
CAR_001796,Ford Ecosport 1.5 Petrol Titanium Plus,2019,Petrol,Dealer,Manual,Test Drive Car,Ford,6
CAR_001797,Mahindra XUV500 W8 4WD,2012,Diesel,Dealer,Manual,First Owner,Mahindra,13
CAR_001798,Mahindra XUV500 AT W10 AWD,2016,CNG,Individual,Automatic,Second Owner,Mahindra,9
CAR_001799,Mahindra XUV500 W10 2WD,2016,Diesel,Individual,Manual,First Owner,Mahindra,9
CAR_001800,Maruti Swift Dzire AMT VDI,2017,Diesel,Individual,Automatic,First Owner,Maruti,8
CAR_001801,Maruti Swift Dzire AMT VDI,2017,Diesel,Individual,Automatic,First Owner,Maruti,8
CAR_001802,Maruti Swift VDI,2016,Diesel,Dealer,Unknown,First Owner,Maruti,9
CAR_001803,Mahindra Thar 4X4,2013,Diesel,Individual,Manual,Second Owner,Mahindra,12
CAR_001804,Tata New Safari 4X4,2007,Diesel,Dealer,Manual,Second Owner,Tata,18
CAR_001805,Maruti Swift Vdi BSIII,2010,Diesel,Dealer,Manual,First Owner,Maruti,15
CAR_001806,Ford Figo Diesel EXI,2012,Diesel,Individual,Manual,First Owner,Ford,13
CAR_001807,Hyundai Verna SX CRDi AT,2012,Diesel,Dealer,Automatic,Second Owner,Hyundai,13
CAR_001808,Ford Figo Diesel LXI,2011,Diesel,Dealer,Manual,Second Owner,Ford,14
CAR_001809,Maruti Alto LX BSIII,2007,CNG,Individual,Manual,Second Owner,Maruti,18
CAR_001810,Renault Koleos 2.0 Diesel,2012,Diesel,Individual,Unknown,Second Owner,Renault,13
CAR_001811,Maruti Wagon R LXI DUO BSIII,2009,LPG,Individual,Manual,Second Owner,Maruti,16
CAR_001812,Volkswagen Polo Diesel Highline 1.2L,2012,Diesel,Dealer,Manual,Third Owner,Volkswagen,13
CAR_001813,Ford Ikon 1.8 D,2005,Diesel,Dealer,Manual,Fourth & Above Owner,Ford,20
CAR_001814,Mercedes-Benz New C-Class 200 CDI Classic,2007,Diesel,Dealer,Manual,Second Owner,Mercedes-Benz,18
CAR_001815,Mahindra Bolero DI,2004,Diesel,Individual,Manual,Fourth & Above Owner,Mahindra,21
CAR_001816,Hyundai i20 Asta 1.2,2012,Petrol,Individual,Unknown,First Owner,Hyundai,13
CAR_001817,Mahindra Scorpio S4 4WD,2014,Diesel,Individual,Manual,Second Owner,Mahindra,11
CAR_001818,Maruti Ertiga SHVS LDI Option,2017,Diesel,Individual,Manual,First Owner,Maruti,8
CAR_001819,Maruti Alto 800 LXI,2013,Petrol,Individual,Manual,Third Owner,Maruti,12
CAR_001820,Maruti Ertiga VDI,2012,Diesel,Individual,Unknown,Third Owner,Maruti,13
CAR_001821,Tata Manza Aura (ABS) Quadrajet BS IV,2012,Diesel,Individual,Unknown,Second Owner,Tata,13
CAR_001822,Maruti Wagon R VXi BSII,2011,Petrol,Individual,Unknown,Second Owner,Maruti,14
CAR_001823,Chevrolet Spark 1.0 LT,2009,Petrol,Individual,Manual,First Owner,Chevrolet,16
CAR_001824,Hyundai Creta 1.4 CRDi Base,2018,Diesel,Individual,Manual,Second Owner,Hyundai,7
CAR_001825,Ford Fiesta 1.5 TDCi Ambiente,2014,Diesel,Individual,Manual,First Owner,Ford,11
CAR_001826,Mahindra XUV500 W8 4WD,2012,Diesel,Individual,Unknown,Third Owner,Mahindra,13
CAR_001827,Renault KWID 1.0,2016,Petrol,Individual,Manual,First Owner,Renault,9
CAR_001828,Volkswagen Polo Diesel Trendline 1.2L,2011,Diesel,Individual,Manual,Third Owner,Volkswagen,14
CAR_001829,Mahindra Quanto C6,2012,Diesel,Individual,Manual,Second Owner,Mahindra,13
CAR_001830,Toyota Innova 2.5 VX (Diesel) 7 Seater,2013,Diesel,Individual,Manual,Third Owner,Toyota,12
CAR_001831,Maruti Swift Vdi BSIII,2009,Diesel,Individual,Unknown,Fourth & Above Owner,Maruti,16
CAR_001832,Mahindra Scorpio S10 7 Seater,2015,Diesel,Individual,Manual,First Owner,Mahindra,10
CAR_001833,Tata Nano LX SE,2012,Petrol,Individual,Manual,Third Owner,Tata,13
CAR_001834,Renault Duster 85PS Diesel RxL,2013,Diesel,Dealer,Unknown,Second Owner,Renault,12
CAR_001835,Mercedes-Benz C-Class Progressive C 220d,2018,Diesel,Dealer,Automatic,First Owner,Mercedes-Benz,7
CAR_001836,Audi A4 3.0 TDI Quattro,2013,Diesel,Dealer,Automatic,First Owner,Audi,12
CAR_001837,BMW X5 xDrive 30d xLine,2019,Diesel,Dealer,Automatic,First Owner,BMW,6
CAR_001838,Hyundai Creta 1.6 CRDi SX,2016,CNG,Individual,Unknown,First Owner,Hyundai,9
CAR_001839,Maruti SX4 Vxi BSIV,2012,Petrol,Individual,Unknown,Second Owner,Maruti,13
CAR_001840,Hyundai Grand i10 1.2 Kappa Magna AT,2017,CNG,Dealer,Automatic,First Owner,Hyundai,8
CAR_001841,Maruti Swift ZXI BSIV,2016,Petrol,Trustmark Dealer,Unknown,First Owner,Maruti,9
CAR_001842,Maruti Ertiga VXI,2015,Petrol,Trustmark Dealer,Manual,First Owner,Maruti,10
CAR_001843,Hyundai Grand i10 Magna AT,2017,Petrol,Dealer,Automatic,First Owner,Hyundai,8
CAR_001844,Chevrolet Beat LT Option,2016,Petrol,Dealer,Manual,First Owner,Chevrolet,9
CAR_001845,Toyota Fortuner 4x2 AT,2017,CNG,Trustmark Dealer,Automatic,First Owner,Toyota,8
CAR_001846,Maruti S-Cross Zeta DDiS 200 SH,2015,Diesel,Trustmark Dealer,Manual,First Owner,Maruti,10
CAR_001847,Hyundai i10 Magna,2012,CNG,Dealer,Manual,First Owner,Hyundai,13
CAR_001848,Audi A6 2.0 TDI Premium Plus,2013,Diesel,Dealer,Automatic,First Owner,Audi,12
CAR_001849,Hyundai Santro GS,2005,Petrol,Dealer,Manual,First Owner,Hyundai,20
CAR_001850,Skoda Laura Ambiente 2.0 TDI CR MT,2012,Diesel,Dealer,Manual,First Owner,Skoda,13
CAR_001851,Hyundai Verna 1.6 VTVT SX,2015,Petrol,Trustmark Dealer,Manual,First Owner,Hyundai,10
CAR_001852,Maruti Swift Dzire VDI,2017,Diesel,Trustmark Dealer,Manual,First Owner,Maruti,8
CAR_001853,Chevrolet Enjoy TCDi LS 8 Seater,2014,CNG,Individual,Manual,Third Owner,Chevrolet,11
CAR_001854,Maruti Alto LXi,2009,Petrol,Individual,Manual,First Owner,Maruti,16
CAR_001855,Tata Indigo LS,2008,Diesel,Individual,Manual,First Owner,Tata,17
CAR_001856,Tata Indica Vista TDI LX,2013,Diesel,Individual,Manual,First Owner,Tata,12
CAR_001857,Fiat Grande Punto EVO 1.3 Active,2014,Diesel,Individual,Manual,First Owner,Fiat,11
CAR_001858,Maruti Swift Dzire VDi,2012,Diesel,Individual,Manual,First Owner,Maruti,13
CAR_001859,Maruti Swift VXI Deca,2016,Petrol,Individual,Manual,First Owner,Maruti,9
CAR_001860,Maruti Alto K10 2010-2014 VXI,2012,Petrol,Individual,Manual,First Owner,Maruti,13
CAR_001861,Volkswagen Polo Diesel Trendline 1.2L,2012,Diesel,Individual,Manual,Second Owner,Volkswagen,13
CAR_001862,Mahindra Thar CRDe,2017,Diesel,Individual,Manual,Second Owner,Mahindra,8
CAR_001863,Tata Safari Storme VX Varicor 400,2016,Diesel,Individual,Manual,First Owner,Tata,9
CAR_001864,Maruti Baleno Alpha 1.2,2018,Petrol,Individual,Manual,First Owner,Maruti,7
CAR_001865,Mitsubishi Pajero 2.8 SFX BSIV Dual Tone,2011,Diesel,Individual,Manual,First Owner,Mitsubishi,14
CAR_001866,Maruti Alto LX BSIII,2006,Petrol,Individual,Manual,Second Owner,Maruti,19
CAR_001867,Mahindra Scorpio 2.6 SLX CRDe,2006,Diesel,Individual,Manual,Second Owner,Mahindra,19
CAR_001868,Maruti Wagon R VXI,2005,Petrol,Individual,Manual,Third Owner,Maruti,20
CAR_001869,Hyundai i20 Asta 1.4 CRDi,2015,Diesel,Individual,Manual,Second Owner,Hyundai,10
CAR_001870,Maruti Swift VXI Optional,2016,Petrol,Individual,Manual,First Owner,Maruti,9
CAR_001871,Maruti Swift 1.2 DLX,2015,Petrol,Individual,Manual,First Owner,Maruti,10
CAR_001872,Maruti Alto 800 LXI,2017,Petrol,Individual,Manual,First Owner,Maruti,8
CAR_001873,Mahindra Thar DI 4X2,2018,Diesel,Individual,Manual,First Owner,Mahindra,7
CAR_001874,Maruti Ritz VXi,2014,Petrol,Individual,Manual,First Owner,Maruti,11
CAR_001875,Tata Indigo LS,2008,Diesel,Individual,Manual,First Owner,Tata,17
CAR_001876,Tata Indica Vista TDI LX,2013,Diesel,Individual,Manual,First Owner,Tata,12
CAR_001877,Tata Indica Vista Quadrajet LS,2012,Diesel,Individual,Manual,Second Owner,Tata,13
CAR_001878,Fiat Grande Punto EVO 1.3 Active,2014,Diesel,Individual,Manual,First Owner,Fiat,11
CAR_001879,Maruti Swift Dzire VDi,2012,Diesel,Individual,Manual,First Owner,Maruti,13
CAR_001880,Maruti Swift VXI Deca,2016,Petrol,Individual,Manual,First Owner,Maruti,9
CAR_001881,Maruti Alto K10 2010-2014 VXI,2012,Petrol,Individual,Manual,First Owner,Maruti,13
CAR_001882,Volkswagen Polo Diesel Trendline 1.2L,2012,Diesel,Individual,Manual,Second Owner,Volkswagen,13
CAR_001883,Tata Nexon 1.2 Revotron XZ Plus Dual Tone,2017,Petrol,Individual,Manual,First Owner,Tata,8
CAR_001884,Mahindra Thar CRDe,2017,Diesel,Individual,Manual,Second Owner,Mahindra,8
CAR_001885,Tata Safari Storme VX Varicor 400,2016,Diesel,Individual,Manual,First Owner,Tata,9
CAR_001886,Toyota Innova 2.5 G1 BSIV,2012,Diesel,Individual,Manual,First Owner,Toyota,13
CAR_001887,Maruti Baleno Alpha 1.2,2018,Petrol,Individual,Manual,First Owner,Maruti,7
CAR_001888,Mitsubishi Pajero 2.8 SFX BSIV Dual Tone,2011,Diesel,Individual,Manual,First Owner,Mitsubishi,14
CAR_001889,Maruti 800 Std,2013,Petrol,Individual,Manual,First Owner,Maruti,12
CAR_001890,Maruti Alto LX BSIII,2006,Petrol,Individual,Manual,Second Owner,Maruti,19
CAR_001891,Mahindra Scorpio 2.6 SLX CRDe,2006,Diesel,Individual,Manual,Second Owner,Mahindra,19
CAR_001892,Datsun GO Plus A,2015,Petrol,Individual,Manual,Second Owner,Datsun,10
CAR_001893,Maruti 800 Std BSII,2006,Petrol,Individual,Manual,Second Owner,Maruti,19
CAR_001894,Maruti Wagon R VXI,2005,Petrol,Individual,Manual,Third Owner,Maruti,20
CAR_001895,Tata Indica GLS BS IV,2008,Petrol,Individual,Manual,Third Owner,Tata,17
CAR_001896,Hyundai Verna 1.6 CRDI,2012,Diesel,Individual,Unknown,Second Owner,Hyundai,13
CAR_001897,Maruti Vitara Brezza LDi,2018,Diesel,Individual,Manual,First Owner,Maruti,7
CAR_001898,Hyundai Santro Xing XL eRLX Euro III,2005,Petrol,Individual,Manual,First Owner,Hyundai,20
CAR_001899,Renault Fluence 1.5,2013,Diesel,Individual,Unknown,First Owner,Renault,12
CAR_001900,Hyundai Verna Transform CRDi VGT ABS,2010,CNG,Individual,Manual,Second Owner,Hyundai,15
CAR_001901,Maruti Swift Ldi BSIII,2008,Diesel,Individual,Unknown,First Owner,Maruti,17
CAR_001902,Maruti Swift Dzire VDi,2012,Diesel,Individual,Unknown,Second Owner,Maruti,13
CAR_001903,Ford Freestyle Titanium Plus Diesel,2019,CNG,Dealer,Manual,First Owner,Ford,6
CAR_001904,Ford Figo 1.5P Titanium AT,2017,Petrol,Dealer,Automatic,First Owner,Ford,8
CAR_001905,Ford Figo 1.5P Titanium AT,2018,Petrol,Dealer,Automatic,First Owner,Ford,7
CAR_001906,Ford Figo 1.5D Titanium MT,2017,Diesel,Dealer,Unknown,First Owner,Ford,8
CAR_001907,Maruti Swift Dzire VDI,2015,Diesel,Dealer,Manual,First Owner,Maruti,10
CAR_001908,Datsun GO T Petrol,2015,Petrol,Dealer,Manual,Second Owner,Datsun,10
CAR_001909,Maruti Swift Dzire VDI,2019,CNG,Individual,Manual,First Owner,Maruti,6
CAR_001910,Chevrolet Beat LT,2013,Petrol,Individual,Manual,First Owner,Chevrolet,12
CAR_001911,Hyundai Creta 1.6 CRDi AT SX Plus,2016,Diesel,Individual,Automatic,First Owner,Hyundai,9
CAR_001912,Skoda Rapid 1.5 TDI AT Ambition BSIV,2017,Diesel,Individual,Automatic,First Owner,Skoda,8
CAR_001913,Maruti Swift Dzire AMT VDI,2019,Diesel,Individual,Automatic,First Owner,Maruti,6
CAR_001914,Maruti Alto LXi,2007,Petrol,Individual,Manual,Second Owner,Maruti,18
CAR_001915,Tata Hexa XT,2019,Diesel,Individual,Manual,First Owner,Tata,6
CAR_001916,Ford Endeavour 3.2 Titanium AT 4X4,2017,Diesel,Individual,Automatic,First Owner,Ford,8
CAR_001917,Renault KWID RXT Optional,2016,CNG,Individual,Manual,First Owner,Renault,9
CAR_001918,Tata Indica Vista Aqua TDI BSIII,2009,Diesel,Individual,Manual,First Owner,Tata,16
CAR_001919,Tata Manza Aura Safire,2010,Petrol,Individual,Manual,First Owner,Tata,15
CAR_001920,Maruti Ritz VDi,2010,Diesel,Individual,Manual,Second Owner,Maruti,15
CAR_001921,Maruti Swift Dzire VXi,2011,Petrol,Individual,Manual,Second Owner,Maruti,14
CAR_001922,Maruti Swift Dzire ZXI,2013,Petrol,Individual,Manual,Second Owner,Maruti,12
CAR_001923,Maruti Alto LX,2006,CNG,Individual,Manual,Second Owner,Maruti,19
CAR_001924,Mahindra Bolero SLE BSIII,2007,Diesel,Individual,Manual,Second Owner,Mahindra,18
CAR_001925,Tata Indica Vista Quadrajet VX,2012,Diesel,Individual,Manual,First Owner,Tata,13
CAR_001926,Renault KWID RXL,2019,Petrol,Individual,Unknown,First Owner,Renault,6
CAR_001927,Hyundai Verna VTVT 1.6 SX,2018,Petrol,Individual,Manual,First Owner,Hyundai,7
CAR_001928,Maruti Zen LX,2000,Petrol,Individual,Manual,First Owner,Maruti,25
CAR_001929,Fiat Punto 1.2 Active,2010,Petrol,Individual,Manual,Second Owner,Fiat,15
CAR_001930,Hyundai Xcent 1.2 VTVT S,2018,Petrol,Individual,Manual,First Owner,Hyundai,7
CAR_001931,Hyundai EON Era Plus,2013,Petrol,Individual,Manual,First Owner,Hyundai,12
CAR_001932,Tata New Safari DICOR 2.2 EX 4x2,2010,Diesel,Individual,Manual,First Owner,Tata,15
CAR_001933,Maruti Wagon R LXI BSIII,2005,Petrol,Individual,Manual,Second Owner,Maruti,20
CAR_001934,Maruti Alto LXi BSII,2002,Petrol,Individual,Manual,Fourth & Above Owner,Maruti,23
CAR_001935,Mahindra Scorpio M2DI,2010,Diesel,Individual,Manual,First Owner,Mahindra,15
CAR_001936,Mahindra KUV 100 G80 K2,2018,Petrol,Individual,Manual,Second Owner,Mahindra,7
CAR_001937,Maruti A-Star Vxi,2010,Petrol,Individual,Unknown,Second Owner,Maruti,15
CAR_001938,Tata Indica DLS,2006,Diesel,Individual,Unknown,Second Owner,Tata,19
CAR_001939,Hyundai Santro GLS I - Euro I,2005,Petrol,Individual,Manual,First Owner,Hyundai,20
CAR_001940,Maruti 800 DX,2003,Petrol,Individual,Manual,First Owner,Maruti,22
CAR_001941,Maruti Alto LXi BSIII,2008,Petrol,Individual,Manual,First Owner,Maruti,17
CAR_001942,Honda City 1.5 EXI S,2004,Petrol,Individual,Manual,Third Owner,Honda,21
CAR_001943,Maruti Wagon R LXI DUO BSIII,2008,LPG,Individual,Manual,Second Owner,Maruti,17
CAR_001944,Maruti Zen LXI,1998,Petrol,Individual,Manual,Second Owner,Maruti,27
CAR_001945,Tata Indigo LX,2012,Diesel,Individual,Manual,Second Owner,Tata,13
CAR_001946,Maruti Baleno Zeta 1.2,2019,Petrol,Individual,Manual,First Owner,Maruti,6
CAR_001947,Honda Amaze E i-VTEC,2016,Petrol,Individual,Unknown,Second Owner,Honda,9
CAR_001948,Maruti Wagon R VXI BS IV,2014,Petrol,Individual,Manual,Second Owner,Maruti,11
CAR_001949,Hyundai Santro Xing XG eRLX Euro III,2006,Petrol,Individual,Manual,Third Owner,Hyundai,19
CAR_001950,Tata Safari Storme EX,2014,Diesel,Individual,Manual,First Owner,Tata,11
CAR_001951,Maruti Ertiga VDI,2014,Diesel,Individual,Manual,Second Owner,Maruti,11
CAR_001952,Hyundai Verna 1.6 SX CRDi (O),2013,Diesel,Individual,Manual,Second Owner,Hyundai,12
CAR_001953,Ford Fiesta Titanium 1.5 TDCi,2012,Diesel,Individual,Manual,First Owner,Ford,13
CAR_001954,Chevrolet Beat LS,2016,Petrol,Individual,Manual,First Owner,Chevrolet,9
CAR_001955,Maruti Baleno Delta 1.2,2018,Petrol,Individual,Manual,First Owner,Maruti,7
CAR_001956,Volkswagen Ameo 1.2 MPI Trendline,2018,Petrol,Individual,Unknown,First Owner,Volkswagen,7
CAR_001957,Tata Indica Vista Quadrajet LX,2012,Diesel,Individual,Manual,Third Owner,Tata,13
CAR_001958,Hyundai Verna 1.6 Xi ABS,2008,Petrol,Individual,Manual,First Owner,Hyundai,17
CAR_001959,Ford Figo Diesel LXI,2011,Diesel,Individual,Manual,Second Owner,Ford,14
CAR_001960,Chevrolet Aveo 1.6 LT,2006,CNG,Individual,Manual,Third Owner,Chevrolet,19
CAR_001961,Tata Zest Revotron 1.2T XMS,2016,Petrol,Individual,Manual,First Owner,Tata,9
CAR_001962,Tata Safari Storme EX,2013,CNG,Individual,Unknown,Third Owner,Tata,12
CAR_001963,Mahindra Bolero DI DX 8 Seater,2009,Diesel,Individual,Manual,Second Owner,Mahindra,16
CAR_001964,Hyundai Venue SX Opt Diesel,2020,Diesel,Individual,Manual,First Owner,Hyundai,5
CAR_001965,Honda WR-V i-DTEC VX,2017,CNG,Individual,Manual,First Owner,Honda,8
CAR_001966,Hyundai Verna 1.4 EX,2011,Diesel,Individual,Manual,First Owner,Hyundai,14
CAR_001967,Maruti Wagon R LXI BS IV,2011,Petrol,Individual,Manual,First Owner,Maruti,14
CAR_001968,Maruti Swift Dzire VDI,2018,Diesel,Individual,Unknown,First Owner,Maruti,7
CAR_001969,Ford Figo Petrol ZXI,2011,Petrol,Individual,Manual,Third Owner,Ford,14
CAR_001970,Maruti Ritz VDi,2011,Diesel,Individual,Manual,First Owner,Maruti,14
CAR_001971,Mahindra Bolero DI,2004,CNG,Individual,Manual,Third Owner,Mahindra,21
CAR_001972,Tata Hexa XT,2019,Diesel,Individual,Manual,First Owner,Tata,6
CAR_001973,Hyundai Santro LP zipPlus,2001,Petrol,Individual,Manual,Third Owner,Hyundai,24
CAR_001974,Hyundai i20 Active 1.2 S,2017,Petrol,Individual,Manual,First Owner,Hyundai,8
CAR_001975,Tata Harrier XZ BSIV,2019,CNG,Individual,Manual,First Owner,Tata,6
CAR_001976,Nissan Terrano XL Plus 85 PS,2015,Diesel,Individual,Manual,First Owner,Nissan,10
CAR_001977,Mahindra KUV 100 mFALCON G80 K8 5str,2016,Petrol,Individual,Manual,First Owner,Mahindra,9
CAR_001978,Ford Endeavour 3.2 Titanium AT 4X4,2017,Diesel,Individual,Automatic,First Owner,Ford,8
CAR_001979,Renault KWID RXT Optional,2016,Petrol,Individual,Manual,First Owner,Renault,9
CAR_001980,Maruti Wagon R VXI BS IV,2017,Petrol,Individual,Manual,First Owner,Maruti,8
CAR_001981,Hyundai i10 Sportz,2011,Petrol,Individual,Manual,First Owner,Hyundai,14
CAR_001982,Maruti Alto 800 LXI,2014,Petrol,Individual,Manual,Second Owner,Maruti,11
CAR_001983,Maruti Ignis 1.2 Delta BSIV,2019,Petrol,Individual,Manual,First Owner,Maruti,6
CAR_001984,Tata Indica Vista Aqua TDI BSIII,2009,Diesel,Individual,Manual,First Owner,Tata,16
CAR_001985,Chevrolet Spark 1.0 LS,2010,Petrol,Individual,Unknown,Second Owner,Chevrolet,15
CAR_001986,Chevrolet Spark 1.0 LS,2009,Petrol,Individual,Manual,Second Owner,Chevrolet,16
CAR_001987,Tata Manza Aura Safire,2010,Petrol,Individual,Manual,First Owner,Tata,15
CAR_001988,Hyundai Creta 1.4 E Plus,2018,Diesel,Individual,Manual,First Owner,Hyundai,7
CAR_001989,Tata Hexa XTA,2017,Diesel,Individual,Automatic,First Owner,Tata,8
CAR_001990,Toyota Corolla Altis 1.8 J,2008,CNG,Individual,Unknown,Second Owner,Toyota,17
CAR_001991,Maruti Ritz VDi,2010,Diesel,Individual,Manual,Second Owner,Maruti,15
CAR_001992,Tata Manza Club Class Quadrajet90 LS,2014,Diesel,Individual,Manual,First Owner,Tata,11
CAR_001993,Maruti Swift Dzire VDI,2016,Diesel,Individual,Manual,Second Owner,Maruti,9
CAR_001994,Maruti Wagon R VXI Minor,2007,Petrol,Individual,Unknown,Third Owner,Maruti,18
CAR_001995,Chevrolet Beat PS,2014,Petrol,Individual,Manual,First Owner,Chevrolet,11
CAR_001996,Hyundai Accent Executive,2011,Petrol,Individual,Manual,First Owner,Hyundai,14
CAR_001997,Tata Manza Aura (ABS) Safire BS IV,2010,Petrol,Individual,Manual,Second Owner,Tata,15
CAR_001998,Ford Figo Aspire 1.5 TDCi Titanium,2016,Diesel,Individual,Manual,First Owner,Ford,9
CAR_001999,Hyundai i10 Magna LPG,2013,LPG,Individual,Manual,Second Owner,Hyundai,12
CAR_002000,Toyota Innova 2.5 G (Diesel) 7 Seater,2013,Diesel,Individual,Manual,Third Owner,Toyota,12
CAR_002001,Mahindra Scorpio M2DI,2014,Diesel,Individual,Manual,First Owner,Mahindra,11
CAR_002002,Maruti Alto LX BSIII,2007,Petrol,Individual,Unknown,Second Owner,Maruti,18
CAR_002003,Chevrolet Beat LT,2010,Petrol,Individual,Manual,Second Owner,Chevrolet,15
CAR_002004,Mahindra Scorpio LX BSIV,2012,Diesel,Individual,Manual,First Owner,Mahindra,13
CAR_002005,Maruti Swift VDI BSIV,2014,Diesel,Individual,Manual,First Owner,Maruti,11
CAR_002006,Maruti Alto K10 VXI,2018,Petrol,Individual,Manual,First Owner,Maruti,7
CAR_002007,Maruti Alto LXi,2008,Petrol,Individual,Manual,First Owner,Maruti,17
CAR_002008,Maruti S-Cross Zeta DDiS 200 SH,2018,Diesel,Individual,Manual,First Owner,Maruti,7
CAR_002009,Ford Freestyle Titanium Diesel,2019,CNG,Individual,Manual,First Owner,Ford,6
CAR_002010,Ford Figo Diesel Celebration Edition,2013,Diesel,Individual,Manual,First Owner,Ford,12
CAR_002011,Maruti Wagon R LXI Minor,2009,Petrol,Individual,Manual,First Owner,Maruti,16
CAR_002012,Hyundai Accent GLE,2009,Petrol,Individual,Manual,Third Owner,Hyundai,16
CAR_002013,Toyota Innova 2.0 VX 7 Seater,2010,Petrol,Individual,Manual,Third Owner,Toyota,15
CAR_002014,Maruti Alto 800 CNG LXI Optional,2019,CNG,Individual,Unknown,First Owner,Maruti,6
CAR_002015,Maruti Ritz LXi,2016,Petrol,Individual,Manual,First Owner,Maruti,9
CAR_002016,Chevrolet Aveo 1.6 LT with ABS,2010,Petrol,Individual,Manual,Second Owner,Chevrolet,15
CAR_002017,Tata Altroz XZ,2020,Petrol,Individual,Manual,First Owner,Tata,5
CAR_002018,Volkswagen Polo SR Petrol 1.2L,2013,Petrol,Individual,Manual,First Owner,Volkswagen,12
CAR_002019,Hyundai i10 Magna 1.2,2010,Petrol,Individual,Manual,Second Owner,Hyundai,15
CAR_002020,Chevrolet Spark 1.0 LS,2008,Petrol,Individual,Manual,First Owner,Chevrolet,17
CAR_002021,Mahindra Bolero SLX,2008,Diesel,Individual,Manual,First Owner,Mahindra,17
CAR_002022,Mahindra Bolero SLX,2008,CNG,Individual,Manual,First Owner,Mahindra,17
CAR_002023,Skoda Superb 1.8 TFSI MT,2010,Petrol,Individual,Manual,First Owner,Skoda,15
CAR_002024,Maruti Alto 800 LXI,2018,CNG,Dealer,Manual,First Owner,Maruti,7
CAR_002025,Tata Tiago 2019-2020 XE Diesel,2016,Diesel,Dealer,Manual,First Owner,Tata,9
CAR_002026,Maruti Wagon R LXI,2010,Petrol,Dealer,Unknown,First Owner,Maruti,15
CAR_002027,Tata Tiago 1.05 Revotorq XE,2016,Diesel,Dealer,Manual,First Owner,Tata,9
CAR_002028,Maruti Alto 800 LXI,2015,Petrol,Dealer,Unknown,First Owner,Maruti,10
CAR_002029,Hyundai Santro LS zipPlus,2002,Petrol,Individual,Unknown,Third Owner,Hyundai,23
CAR_002030,Tata Tiago 1.05 Revotorq XE,2016,Diesel,Dealer,Manual,First Owner,Tata,9
CAR_002031,Skoda Laura L n K 1.9 PD,2008,Diesel,Individual,Manual,Third Owner,Skoda,17
CAR_002032,Maruti Ciaz ZDi Plus,2017,Diesel,Dealer,Manual,First Owner,Maruti,8
CAR_002033,Mahindra XUV500 AT W10 FWD,2015,Diesel,Dealer,Automatic,First Owner,Mahindra,10
CAR_002034,Hyundai EON 1.0 Era Plus,2014,Petrol,Dealer,Manual,First Owner,Hyundai,11
CAR_002035,Tata Safari Storme EX,2019,Diesel,Individual,Manual,First Owner,Tata,6
CAR_002036,Mahindra Scorpio VLX 2WD BSIV,2014,Diesel,Dealer,Manual,Second Owner,Mahindra,11
CAR_002037,Mahindra Scorpio VLX 2.2 mHawk Airbag BSIV,2014,CNG,Dealer,Manual,Second Owner,Mahindra,11
CAR_002038,Maruti Alto 800 LXI,2016,Petrol,Dealer,Manual,First Owner,Maruti,9
CAR_002039,Hyundai i20 1.4 CRDi Sportz,2011,CNG,Dealer,Manual,First Owner,Hyundai,14
CAR_002040,Hyundai Grand i10 1.2 CRDi Sportz Option,2017,Diesel,Dealer,Manual,First Owner,Hyundai,8
CAR_002041,Tata Nano CX SE,2015,Petrol,Dealer,Manual,First Owner,Tata,10
CAR_002042,Volkswagen Polo Diesel Highline 1.2L,2013,Diesel,Dealer,Manual,First Owner,Volkswagen,12
CAR_002043,Maruti Swift VXI,2013,Petrol,Individual,Unknown,First Owner,Maruti,12
CAR_002044,Hyundai Verna CRDi ABS,2007,Diesel,Individual,Manual,Second Owner,Hyundai,18
CAR_002045,Mercedes-Benz E-Class 230,1998,CNG,Individual,Automatic,Second Owner,Mercedes-Benz,27
CAR_002046,Maruti Alto 800 LXI,2013,Petrol,Individual,Manual,Second Owner,Maruti,12
CAR_002047,Tata Xenon XT EX 4X2,2014,Diesel,Individual,Manual,First Owner,Tata,11
CAR_002048,Maruti Alto 800 LXI,2013,Petrol,Individual,Manual,Second Owner,Maruti,12
CAR_002049,Hyundai Verna 1.6 SX CRDi (O),2013,Diesel,Individual,Manual,Third Owner,Hyundai,12
CAR_002050,Maruti Omni 8 Seater BSIV,2013,CNG,Individual,Manual,First Owner,Maruti,12
CAR_002051,Maruti Alto 800 LXI,2019,Petrol,Individual,Manual,First Owner,Maruti,6
CAR_002052,Renault KWID RXL,2019,CNG,Individual,Manual,First Owner,Renault,6
CAR_002053,Hyundai EON Era Plus,2012,Petrol,Individual,Manual,Second Owner,Hyundai,13
CAR_002054,Ford Fiesta 1.4 ZXi TDCi ABS,2009,Diesel,Individual,Manual,Second Owner,Ford,16
CAR_002055,Maruti Alto LXI,2003,Petrol,Individual,Manual,Second Owner,Maruti,22
CAR_002056,Maruti Alto LX,2006,Petrol,Individual,Manual,Third Owner,Maruti,19
CAR_002057,Maruti Omni LPG CARGO BSIII W IMMOBILISER,2009,LPG,Individual,Manual,Second Owner,Maruti,16
CAR_002058,Maruti Alto LX,2012,Petrol,Individual,Manual,Second Owner,Maruti,13
CAR_002059,Hyundai Verna i (Petrol),2008,Petrol,Individual,Manual,Second Owner,Hyundai,17
CAR_002060,Ford Fiesta Classic 1.4 SXI Duratorq,2006,Diesel,Individual,Manual,Third Owner,Ford,19
CAR_002061,Tata New Safari Dicor EX 4X2 BS IV,2012,Diesel,Individual,Manual,Fourth & Above Owner,Tata,13
CAR_002062,Toyota Etios VD,2016,Diesel,Individual,Manual,Second Owner,Toyota,9
CAR_002063,Mahindra XUV500 W7,2018,CNG,Individual,Manual,First Owner,Mahindra,7
CAR_002064,Maruti Baleno Delta 1.3,2018,Diesel,Individual,Manual,First Owner,Maruti,7
CAR_002065,Tata Zest Revotron 1.2T XE,2015,Petrol,Individual,Manual,Second Owner,Tata,10
CAR_002066,Tata Nano Twist XT,2015,Petrol,Individual,Manual,First Owner,Tata,10
CAR_002067,Maruti Swift VDI BSIV,2015,Diesel,Individual,Manual,Third Owner,Maruti,10
CAR_002068,Renault KWID 1.0 RXT Optional,2017,Petrol,Individual,Manual,First Owner,Renault,8
CAR_002069,Maruti Wagon R AX,2012,CNG,Individual,Automatic,Second Owner,Maruti,13
CAR_002070,Maruti Swift Dzire VDI,2012,Diesel,Individual,Manual,First Owner,Maruti,13
CAR_002071,Hyundai Santro Xing GLS,2009,Petrol,Individual,Manual,Second Owner,Hyundai,16
CAR_002072,Maruti Swift VXI,2019,Petrol,Individual,Manual,First Owner,Maruti,6
CAR_002073,Hyundai Grand i10 1.2 Kappa Asta,2017,Petrol,Individual,Manual,First Owner,Hyundai,8
CAR_002074,Mahindra Scorpio SLX 2.6 Turbo 8 Str,2007,Diesel,Individual,Manual,Second Owner,Mahindra,18
CAR_002075,Tata Tiago 1.05 Revotorq XT Option,2017,Diesel,Individual,Manual,First Owner,Tata,8
CAR_002076,Chevrolet Spark 1.0 LS,2014,Petrol,Individual,Manual,First Owner,Chevrolet,11
CAR_002077,Maruti SX4 ZXI MT BSIV,2012,Petrol,Dealer,Manual,First Owner,Maruti,13
CAR_002078,Hyundai Elite i20 Sportz Plus BSIV,2019,Petrol,Individual,Unknown,First Owner,Hyundai,6
CAR_002079,Maruti Wagon R Stingray VXI,2014,Petrol,Dealer,Manual,First Owner,Maruti,11
CAR_002080,Hyundai Accent Executive,2013,Petrol,Individual,Manual,First Owner,Hyundai,12
CAR_002081,Honda Brio S MT,2012,Petrol,Dealer,Manual,First Owner,Honda,13
CAR_002082,Honda Brio Exclusive Edition,2014,Petrol,Dealer,Manual,First Owner,Honda,11
CAR_002083,Hyundai Verna Transform SX VTVT,2011,Petrol,Individual,Manual,Second Owner,Hyundai,14
CAR_002084,Hyundai i20 1.2 Sportz,2013,Petrol,Dealer,Manual,First Owner,Hyundai,12
CAR_002085,Hyundai i10 Magna,2009,Petrol,Dealer,Manual,First Owner,Hyundai,16
CAR_002086,Hyundai i10 Sportz 1.2 AT,2013,Petrol,Dealer,Automatic,First Owner,Hyundai,12
CAR_002087,Mahindra Quanto C8,2013,Diesel,Dealer,Manual,First Owner,Mahindra,12
CAR_002088,Hyundai Grand i10 Sportz,2014,Petrol,Individual,Manual,First Owner,Hyundai,11
CAR_002089,Hyundai EON D Lite Plus,2015,Petrol,Individual,Manual,First Owner,Hyundai,10
CAR_002090,Hyundai Verna SX CRDi AT,2012,Diesel,Dealer,Automatic,First Owner,Hyundai,13
CAR_002091,Renault KWID RXT,2017,Petrol,Individual,Manual,First Owner,Renault,8
CAR_002092,Maruti Swift Dzire ZXI 1.2 BS IV,2018,Petrol,Individual,Manual,First Owner,Maruti,7
CAR_002093,Maruti Wagon R LXI CNG,2016,CNG,Individual,Manual,Second Owner,Maruti,9
CAR_002094,Hyundai i10 Sportz 1.2 AT,2015,Petrol,Dealer,Automatic,First Owner,Hyundai,10
CAR_002095,Hyundai Grand i10 AT Asta,2015,Petrol,Dealer,Automatic,First Owner,Hyundai,10
CAR_002096,Maruti Swift VDi BSIII W/ ABS,2008,Diesel,Individual,Unknown,First Owner,Maruti,17
CAR_002097,Maruti Omni MPI STD BSIV,2012,Petrol,Individual,Unknown,First Owner,Maruti,13
CAR_002098,Hyundai Accent GLE 1,1999,Petrol,Individual,Manual,Fourth & Above Owner,Hyundai,26
CAR_002099,Hyundai Getz GLX,2005,Petrol,Individual,Manual,Third Owner,Hyundai,20
CAR_002100,Chevrolet Sail Hatchback 1.2 LS,2016,Petrol,Individual,Manual,First Owner,Chevrolet,9
CAR_002101,Hyundai EON Magna Plus,2016,Petrol,Individual,Manual,First Owner,Hyundai,9
CAR_002102,Chevrolet Optra Magnum 2.0 LS,2011,Diesel,Individual,Manual,First Owner,Chevrolet,14
CAR_002103,Datsun RediGO S,2016,CNG,Individual,Manual,First Owner,Datsun,9
CAR_002104,Honda WR-V i-DTEC VX,2017,Diesel,Individual,Manual,First Owner,Honda,8
CAR_002105,Hyundai i20 Asta 1.4 CRDi,2014,Diesel,Individual,Unknown,Second Owner,Hyundai,11
CAR_002106,Maruti Swift VDI Optional,2016,Diesel,Individual,Manual,First Owner,Maruti,9
CAR_002107,Maruti Zen Estilo VXI BSIV,2011,CNG,Individual,Manual,First Owner,Maruti,14
CAR_002108,Maruti A-Star Vxi,2010,Petrol,Individual,Manual,First Owner,Maruti,15
CAR_002109,Renault KWID 1.0 RXT Optional,2018,Petrol,Individual,Unknown,First Owner,Renault,7
CAR_002110,Mahindra Bolero 2011-2019 SLX,2013,Diesel,Individual,Manual,First Owner,Mahindra,12
CAR_002111,Hyundai i10 Sportz 1.2,2010,Petrol,Individual,Manual,Second Owner,Hyundai,15
CAR_002112,Hyundai Santro Xing XG eRLX Euro III,2006,Petrol,Individual,Manual,Second Owner,Hyundai,19
CAR_002113,Maruti Wagon R LXI BS IV,2010,Petrol,Individual,Manual,First Owner,Maruti,15
CAR_002114,Maruti Alto 800 LXI,2015,CNG,Individual,Unknown,Second Owner,Maruti,10
CAR_002115,Toyota Etios Liva GD,2013,Diesel,Individual,Manual,Second Owner,Toyota,12
CAR_002116,Ford Ecosport 1.5 Petrol Ambiente,2017,Petrol,Individual,Manual,First Owner,Ford,8
CAR_002117,Hyundai Verna SX Diesel,2010,Diesel,Dealer,Manual,Second Owner,Hyundai,15
CAR_002118,Hyundai Verna SX Diesel,2011,Diesel,Dealer,Manual,Third Owner,Hyundai,14
CAR_002119,Tata Nano Cx BSIV,2011,Petrol,Dealer,Manual,First Owner,Tata,14
CAR_002120,Toyota Innova 2.5 G (Diesel) 8 Seater,2011,CNG,Dealer,Manual,First Owner,Toyota,14
CAR_002121,Hyundai i20 1.2 Sportz,2011,Petrol,Dealer,Manual,Second Owner,Hyundai,14
CAR_002122,Hyundai i20 Magna 1.4 CRDi (Diesel),2013,Diesel,Dealer,Manual,Second Owner,Hyundai,12
CAR_002123,Tata Zest Revotron 1.2T XE,2018,Petrol,Individual,Manual,First Owner,Tata,7
CAR_002124,Ford EcoSport 1.5 Diesel Titanium Plus BSIV,2017,Diesel,Individual,Manual,First Owner,Ford,8
CAR_002125,Hyundai Accent GLS,2007,Petrol,Dealer,Manual,Third Owner,Hyundai,18
CAR_002126,Mahindra Xylo D2 BS IV,2015,Diesel,Individual,Manual,Third Owner,Mahindra,10
CAR_002127,Mahindra Scorpio SLE BSIV,2011,Diesel,Individual,Manual,Second Owner,Mahindra,14
CAR_002128,Maruti Ritz VDi,2009,Diesel,Individual,Manual,Third Owner,Maruti,16
CAR_002129,Honda Civic 1.8 S MT,2006,CNG,Individual,Manual,Third Owner,Honda,19
CAR_002130,Honda BR-V i-VTEC VX MT,2020,Petrol,Dealer,Manual,First Owner,Honda,5
CAR_002131,Maruti Omni E MPI STD BS IV,2017,Petrol,Dealer,Manual,First Owner,Maruti,8
CAR_002132,Mahindra XUV500 W6 2WD,2014,Diesel,Dealer,Manual,First Owner,Mahindra,11
CAR_002133,Ford EcoSport 1.5 Diesel Titanium BSIV,2018,Diesel,Individual,Unknown,First Owner,Ford,7
CAR_002134,Chevrolet Beat Diesel PS,2012,Diesel,Dealer,Manual,First Owner,Chevrolet,13
CAR_002135,Tata Indigo CS eLX BS IV,2013,Diesel,Individual,Manual,First Owner,Tata,12
CAR_002136,Tata Indigo CR4,2011,Diesel,Individual,Manual,Second Owner,Tata,14
CAR_002137,Tata Indica Vista TDI LS,2011,Diesel,Individual,Manual,Third Owner,Tata,14
CAR_002138,Maruti Ertiga 1.5 VDI,2020,Diesel,Individual,Manual,First Owner,Maruti,5
CAR_002139,Isuzu D-Max V-Cross Standard,2018,Diesel,Individual,Manual,First Owner,Isuzu,7
CAR_002140,Skoda Superb 1.8 TFSI MT,2010,Petrol,Individual,Manual,Second Owner,Skoda,15
CAR_002141,Nissan Kicks XV Premium D BSIV,2019,Diesel,Individual,Manual,First Owner,Nissan,6
CAR_002142,Maruti Swift 1.2 DLX,2015,Petrol,Individual,Manual,First Owner,Maruti,10
CAR_002143,Maruti Swift VDI BSIV,2011,Diesel,Individual,Manual,Second Owner,Maruti,14
CAR_002144,Mahindra Bolero Power Plus SLX,2018,Diesel,Individual,Manual,First Owner,Mahindra,7
CAR_002145,Maruti Alto 800 Base,2014,Petrol,Individual,Manual,First Owner,Maruti,11
CAR_002146,Volkswagen Ameo 1.5 TDI Highline 16 Alloy,2017,Diesel,Individual,Manual,First Owner,Volkswagen,8
CAR_002147,Maruti Ritz LDi,2016,Diesel,Individual,Manual,Second Owner,Maruti,9
CAR_002148,Mahindra Xylo D4 BSIV,2013,Diesel,Individual,Manual,Second Owner,Mahindra,12
CAR_002149,Renault Duster 85PS Diesel RxL Optional,2012,Diesel,Individual,Manual,First Owner,Renault,13
CAR_002150,Hyundai Santro AT CNG,2005,CNG,Individual,Manual,Second Owner,Hyundai,20
CAR_002151,Maruti Swift VDI BSIV,2015,Diesel,Individual,Manual,First Owner,Maruti,10
CAR_002152,Mahindra XUV500 W6 2WD,2014,Diesel,Individual,Manual,First Owner,Mahindra,11
CAR_002153,Maruti Wagon R VXI BS IV,2015,Petrol,Individual,Manual,Second Owner,Maruti,10
CAR_002154,Chevrolet Beat LT,2010,Petrol,Individual,Manual,Second Owner,Chevrolet,15
CAR_002155,Ford Ecosport Sports Petrol,2020,CNG,Individual,Manual,First Owner,Ford,5
CAR_002156,Hyundai Tucson CRDi,2006,Diesel,Individual,Manual,First Owner,Hyundai,19
CAR_002157,Tata Indigo TDI,2008,Diesel,Individual,Manual,Third Owner,Tata,17
CAR_002158,Ford EcoSport 1.5 Diesel Titanium BSIV,2019,Diesel,Individual,Manual,First Owner,Ford,6
CAR_002159,Maruti Swift Dzire VDI,2014,Diesel,Individual,Manual,First Owner,Maruti,11
CAR_002160,Hyundai i20 Asta Option 1.4 CRDi,2015,Diesel,Individual,Manual,First Owner,Hyundai,10
CAR_002161,Hyundai Santro Xing XG eRLX Euro III,2005,Petrol,Individual,Manual,Third Owner,Hyundai,20
CAR_002162,Honda Amaze S i-Dtech,2013,Diesel,Individual,Manual,First Owner,Honda,12
CAR_002163,Hyundai i20 1.2 Sportz,2012,Petrol,Individual,Unknown,Third Owner,Hyundai,13
CAR_002164,Hyundai Santro Xing GLS,2010,Petrol,Individual,Manual,Third Owner,Hyundai,15
CAR_002165,Hyundai Verna 1.6 SX CRDi (O),2013,Diesel,Individual,Manual,Second Owner,Hyundai,12
CAR_002166,Maruti Swift VDI BSIV,2014,Diesel,Individual,Manual,First Owner,Maruti,11
CAR_002167,Nissan Micra Diesel XV Primo,2012,Diesel,Individual,Manual,First Owner,Nissan,13
CAR_002168,Mahindra Scorpio VLS AT 2.2 mHAWK,2010,Diesel,Individual,Automatic,Second Owner,Mahindra,15
CAR_002169,Tata Sumo LX,2009,Diesel,Individual,Manual,First Owner,Tata,16
CAR_002170,Hyundai EON Era Plus,2014,Petrol,Individual,Manual,First Owner,Hyundai,11
CAR_002171,Hyundai i20 Sportz 1.4 CRDi,2014,Diesel,Individual,Manual,Second Owner,Hyundai,11
CAR_002172,Hyundai Grand i10 CRDi Magna,2015,Diesel,Individual,Manual,Second Owner,Hyundai,10
CAR_002173,Renault KWID RXT,2016,Petrol,Individual,Manual,First Owner,Renault,9
CAR_002174,Hyundai Tucson 2.0 e-VGT 2WD MT,2017,Diesel,Dealer,Unknown,First Owner,Hyundai,8
CAR_002175,Hyundai EON Era Plus,2015,CNG,Dealer,Manual,Second Owner,Hyundai,10
CAR_002176,Jaguar XF 5.0 Litre V8 Petrol,2012,Petrol,Dealer,Automatic,Second Owner,Jaguar,13
CAR_002177,Hyundai Creta 1.6 VTVT AT SX Plus,2018,Petrol,Dealer,Automatic,First Owner,Hyundai,7
CAR_002178,Hyundai Verna VTVT 1.6 AT SX Option,2017,Petrol,Individual,Automatic,First Owner,Hyundai,8
CAR_002179,Mercedes-Benz GL-Class 350 CDI Blue Efficiency,2014,Diesel,Individual,Automatic,Second Owner,Mercedes-Benz,11
CAR_002180,Maruti Swift ZXI BSIV,2016,Petrol,Trustmark Dealer,Manual,First Owner,Maruti,9
CAR_002181,Maruti S-Cross Zeta DDiS 200 SH,2015,Diesel,Trustmark Dealer,Manual,First Owner,Maruti,10
CAR_002182,Hyundai Verna 1.6 VTVT SX,2015,Petrol,Trustmark Dealer,Manual,First Owner,Hyundai,10
CAR_002183,Volkswagen Polo GTI,2017,Petrol,Dealer,Automatic,Second Owner,Volkswagen,8
CAR_002184,Renault Pulse RxL,2015,Diesel,Trustmark Dealer,Manual,First Owner,Renault,10
CAR_002185,Maruti Celerio VXI AMT BSIV,2016,CNG,Trustmark Dealer,Automatic,Second Owner,Maruti,9
CAR_002186,Honda Brio V MT,2014,Petrol,Trustmark Dealer,Manual,First Owner,Honda,11
CAR_002187,Maruti Baleno Alpha 1.3,2016,Diesel,Trustmark Dealer,Manual,First Owner,Maruti,9
CAR_002188,Hyundai Creta 1.6 SX Automatic Diesel,2015,Diesel,Trustmark Dealer,Automatic,Second Owner,Hyundai,10
CAR_002189,Honda City i VTEC V,2015,Petrol,Trustmark Dealer,Manual,First Owner,Honda,10
CAR_002190,Hyundai Elite i20 Asta Option CVT BSIV,2019,Petrol,Individual,Automatic,First Owner,Hyundai,6
CAR_002191,Toyota Innova Crysta 2.4 GX AT,2018,Diesel,Dealer,Automatic,Second Owner,Toyota,7
CAR_002192,Tata Tiago 1.2 Revotron XZ,2018,Petrol,Individual,Manual,First Owner,Tata,7
CAR_002193,Maruti Celerio ZXI,2017,Petrol,Individual,Manual,First Owner,Maruti,8
CAR_002194,Maruti Omni E 8 Str STD,2001,CNG,Individual,Manual,Third Owner,Maruti,24
CAR_002195,OpelCorsa 1.6Gls,2004,Petrol,Individual,Manual,Fourth & Above Owner,OpelCorsa,21
CAR_002196,Hyundai EON D Lite,2014,Petrol,Individual,Manual,Second Owner,Hyundai,11
CAR_002197,Chevrolet Tavera Neo 3 Max 9 Str BSIII,2014,Diesel,Individual,Manual,Second Owner,Chevrolet,11
CAR_002198,Mahindra Scorpio VLX 2WD ABS AT BSIII,2009,Diesel,Individual,Automatic,Third Owner,Mahindra,16
CAR_002199,Hyundai Santro Xing XG,2003,Petrol,Individual,Manual,Second Owner,Hyundai,22
CAR_002200,Honda Brio 1.2 S MT,2016,Petrol,Individual,Manual,First Owner,Honda,9
CAR_002201,Datsun GO Plus T BSIV,2015,CNG,Individual,Unknown,First Owner,Datsun,10
CAR_002202,Hyundai i10 Era,2009,Petrol,Individual,Manual,Third Owner,Hyundai,16
CAR_002203,Maruti Wagon R VXI BS IV,2012,Petrol,Individual,Unknown,First Owner,Maruti,13
CAR_002204,Hyundai Santro Xing GL,2011,Petrol,Individual,Manual,First Owner,Hyundai,14
CAR_002205,Tata Indica Vista Quadrajet LS,2012,Diesel,Individual,Manual,Second Owner,Tata,13
CAR_002206,Maruti 800 Std BSII,2006,Petrol,Individual,Manual,Second Owner,Maruti,19
CAR_002207,Mahindra Bolero SLX 2WD,2007,Diesel,Individual,Manual,Second Owner,Mahindra,18
CAR_002208,Renault KWID RXT,2017,Petrol,Individual,Manual,First Owner,Renault,8
CAR_002209,Maruti Alto K10 2010-2014 VXI,2011,Petrol,Individual,Manual,First Owner,Maruti,14
CAR_002210,Chevrolet Aveo U-VA 1.2 LT WO ABS Airbag,2009,Petrol,Individual,Manual,Second Owner,Chevrolet,16
CAR_002211,Hyundai i10 Magna,2008,Petrol,Individual,Manual,Second Owner,Hyundai,17
CAR_002212,Hyundai Creta 1.4 EX Diesel,2020,Diesel,Individual,Manual,First Owner,Hyundai,5
CAR_002213,Honda City i-VTEC VX,2018,Petrol,Dealer,Manual,First Owner,Honda,7
CAR_002214,Honda BR-V i-DTEC VX MT,2016,CNG,Dealer,Manual,First Owner,Honda,9
CAR_002215,Ford Figo Diesel Titanium,2010,Diesel,Dealer,Manual,First Owner,Ford,15
CAR_002216,Maruti Zen LX,2004,Petrol,Individual,Manual,Second Owner,Maruti,21
CAR_002217,Skoda Octavia Elegance 2.0 TDI AT,2014,Diesel,Individual,Unknown,Third Owner,Skoda,11
CAR_002218,Renault KWID 1.0 RXT Optional,2018,Petrol,Individual,Manual,First Owner,Renault,7
CAR_002219,Maruti Wagon R LXI,2004,Petrol,Individual,Manual,Fourth & Above Owner,Maruti,21
CAR_002220,Chevrolet Beat Diesel,2012,Diesel,Individual,Manual,First Owner,Chevrolet,13
CAR_002221,Chevrolet Beat Diesel LS,2012,Diesel,Individual,Manual,First Owner,Chevrolet,13
CAR_002222,Chevrolet Sail Hatchback LT ABS,2013,Diesel,Individual,Unknown,First Owner,Chevrolet,12
CAR_002223,Honda Jazz 1.5 VX i DTEC,2018,Diesel,Dealer,Manual,First Owner,Honda,7
CAR_002224,Honda City 1.3 EXI,2002,Petrol,Individual,Manual,First Owner,Honda,23
CAR_002225,Honda City i-VTEC ZX,2018,Petrol,Dealer,Manual,First Owner,Honda,7
CAR_002226,Ford EcoSport 1.5 Diesel Titanium Plus BSIV,2018,Diesel,Individual,Manual,First Owner,Ford,7
CAR_002227,Hyundai EON D Lite,2016,Petrol,Individual,Manual,First Owner,Hyundai,9
CAR_002228,Hyundai Getz 1.5 CRDi GVS,2008,Diesel,Individual,Manual,Third Owner,Hyundai,17
CAR_002229,Maruti Swift LXI,2011,Petrol,Individual,Manual,First Owner,Maruti,14
CAR_002230,Maruti Vitara Brezza ZDi Plus AMT Dual Tone,2018,Diesel,Individual,Unknown,First Owner,Maruti,7
CAR_002231,Renault Lodgy Stepway 85PS RXZ 8S,2017,Diesel,Individual,Manual,First Owner,Renault,8
CAR_002232,Maruti Swift VXI,2019,Petrol,Individual,Manual,First Owner,Maruti,6
CAR_002233,Maruti Alto LX BSIII,2008,Petrol,Individual,Unknown,Second Owner,Maruti,17
CAR_002234,Maruti Celerio LXI MT BSIV,2019,Petrol,Individual,Manual,First Owner,Maruti,6
CAR_002235,Renault Captur 1.5 Diesel RXT,2017,Diesel,Individual,Manual,First Owner,Renault,8
CAR_002236,Toyota Etios 1.5 V,2016,Petrol,Individual,Manual,First Owner,Toyota,9
CAR_002237,Renault Duster 85PS Diesel RxL,2013,CNG,Dealer,Manual,Second Owner,Renault,12
CAR_002238,Mercedes-Benz C-Class Progressive C 220d,2018,Diesel,Dealer,Automatic,First Owner,Mercedes-Benz,7
CAR_002239,Audi A4 3.0 TDI Quattro,2013,CNG,Dealer,Automatic,First Owner,Audi,12
CAR_002240,BMW X5 xDrive 30d xLine,2019,Diesel,Dealer,Automatic,First Owner,BMW,6
CAR_002241,Hyundai Creta 1.6 CRDi SX,2016,Diesel,Individual,Manual,First Owner,Hyundai,9
CAR_002242,Maruti SX4 Vxi BSIV,2012,Petrol,Individual,Manual,Second Owner,Maruti,13
CAR_002243,Hyundai Grand i10 1.2 Kappa Magna AT,2017,Petrol,Dealer,Unknown,First Owner,Hyundai,8
CAR_002244,Maruti Swift ZXI BSIV,2016,Petrol,Trustmark Dealer,Manual,First Owner,Maruti,9
CAR_002245,Maruti Ertiga VXI,2015,Petrol,Trustmark Dealer,Manual,First Owner,Maruti,10
CAR_002246,Hyundai Grand i10 Magna AT,2017,Petrol,Dealer,Automatic,First Owner,Hyundai,8
CAR_002247,Chevrolet Beat LT Option,2016,Petrol,Dealer,Manual,First Owner,Chevrolet,9
CAR_002248,Toyota Fortuner 4x2 AT,2017,Diesel,Trustmark Dealer,Automatic,First Owner,Toyota,8
CAR_002249,Maruti S-Cross Zeta DDiS 200 SH,2015,Diesel,Trustmark Dealer,Manual,First Owner,Maruti,10
CAR_002250,Hyundai i10 Magna,2012,Petrol,Dealer,Manual,First Owner,Hyundai,13
CAR_002251,Audi A6 2.0 TDI Premium Plus,2013,Diesel,Dealer,Automatic,First Owner,Audi,12
CAR_002252,Hyundai Santro GS,2005,Petrol,Dealer,Manual,First Owner,Hyundai,20
CAR_002253,Skoda Laura Ambiente 2.0 TDI CR MT,2012,Diesel,Dealer,Manual,First Owner,Skoda,13
CAR_002254,Hyundai Verna 1.6 VTVT SX,2015,Petrol,Trustmark Dealer,Manual,First Owner,Hyundai,10
CAR_002255,Maruti Swift Dzire VDI,2017,Diesel,Trustmark Dealer,Manual,First Owner,Maruti,8
CAR_002256,Renault Duster 85PS Diesel RxL,2013,Diesel,Dealer,Manual,Second Owner,Renault,12
CAR_002257,Mercedes-Benz C-Class Progressive C 220d,2018,Diesel,Dealer,Automatic,First Owner,Mercedes-Benz,7
CAR_002258,Audi A4 3.0 TDI Quattro,2013,Diesel,Dealer,Automatic,First Owner,Audi,12
CAR_002259,BMW X5 xDrive 30d xLine,2019,Diesel,Dealer,Automatic,First Owner,BMW,6
CAR_002260,Hyundai Creta 1.6 CRDi SX,2016,CNG,Individual,Unknown,First Owner,Hyundai,9
CAR_002261,Maruti SX4 Vxi BSIV,2012,Petrol,Individual,Manual,Second Owner,Maruti,13
CAR_002262,Hyundai Grand i10 1.2 Kappa Magna AT,2017,Petrol,Dealer,Unknown,First Owner,Hyundai,8
CAR_002263,Maruti Swift ZXI BSIV,2016,Petrol,Trustmark Dealer,Manual,First Owner,Maruti,9
CAR_002264,Maruti Ertiga VXI,2015,Petrol,Trustmark Dealer,Manual,First Owner,Maruti,10
CAR_002265,Hyundai Grand i10 Magna AT,2017,Petrol,Dealer,Automatic,First Owner,Hyundai,8
CAR_002266,Chevrolet Beat LT Option,2016,Petrol,Dealer,Unknown,First Owner,Chevrolet,9
CAR_002267,Toyota Fortuner 4x2 AT,2017,Diesel,Trustmark Dealer,Automatic,First Owner,Toyota,8
CAR_002268,Maruti S-Cross Zeta DDiS 200 SH,2015,Diesel,Trustmark Dealer,Manual,First Owner,Maruti,10
CAR_002269,Hyundai i10 Magna,2012,Petrol,Dealer,Manual,First Owner,Hyundai,13
CAR_002270,Audi A6 2.0 TDI Premium Plus,2013,Diesel,Dealer,Automatic,First Owner,Audi,12
CAR_002271,Hyundai Santro GS,2005,Petrol,Dealer,Manual,First Owner,Hyundai,20
CAR_002272,Skoda Laura Ambiente 2.0 TDI CR MT,2012,Diesel,Dealer,Manual,First Owner,Skoda,13
CAR_002273,Hyundai Verna 1.6 VTVT SX,2015,Petrol,Trustmark Dealer,Manual,First Owner,Hyundai,10
CAR_002274,Maruti Swift Dzire VDI,2017,Diesel,Trustmark Dealer,Manual,First Owner,Maruti,8
CAR_002275,Maruti Baleno Alpha 1.3,2017,Diesel,Individual,Manual,First Owner,Maruti,8
CAR_002276,Chevrolet Spark 1.0 LS,2011,Petrol,Individual,Unknown,Second Owner,Chevrolet,14
CAR_002277,Maruti Alto LXi,2011,Petrol,Individual,Manual,First Owner,Maruti,14
CAR_002278,Datsun GO Plus A Option Petrol,2018,Petrol,Individual,Manual,Second Owner,Datsun,7
CAR_002279,Hyundai Accent CRDi,2006,Diesel,Individual,Manual,Fourth & Above Owner,Hyundai,19
CAR_002280,Renault KWID 1.0 RXT Optional,2017,Petrol,Individual,Manual,First Owner,Renault,8
CAR_002281,Tata Tiago 1.2 Revotron XE,2016,Petrol,Individual,Manual,First Owner,Tata,9
CAR_002282,Maruti Alto 800 Base,2012,Petrol,Individual,Manual,First Owner,Maruti,13
CAR_002283,Tata Tigor 1.2 Revotron XM,2019,Petrol,Individual,Unknown,First Owner,Tata,6
CAR_002284,Hyundai Accent CRDi,2002,CNG,Individual,Manual,Third Owner,Hyundai,23
CAR_002285,Nissan Sunny Diesel XL,2012,CNG,Individual,Unknown,First Owner,Nissan,13
CAR_002286,Hyundai Santro GS,2005,Petrol,Dealer,Manual,First Owner,Hyundai,20
CAR_002287,Mahindra XUV500 AT W8 FWD,2015,Diesel,Dealer,Automatic,First Owner,Mahindra,10
CAR_002288,Hyundai Santro Xing XG,2005,Petrol,Dealer,Unknown,First Owner,Hyundai,20
CAR_002289,Hyundai Santro Sportz AMT,2019,Petrol,Dealer,Automatic,First Owner,Hyundai,6
CAR_002290,Nissan Micra Active XV S,2013,Petrol,Individual,Manual,First Owner,Nissan,12
CAR_002291,Honda City 1.5 V AT,2008,Petrol,Individual,Automatic,First Owner,Honda,17
CAR_002292,Mercedes-Benz E-Class E250 CDI Elegance,2011,Diesel,Dealer,Automatic,First Owner,Mercedes-Benz,14
CAR_002293,Maruti Alto LXI,2005,Petrol,Individual,Manual,Second Owner,Maruti,20
CAR_002294,BMW 7 Series 730Ld,2006,Diesel,Dealer,Automatic,First Owner,BMW,19
CAR_002295,Hyundai Verna 1.6 VTVT,2010,Petrol,Dealer,Manual,First Owner,Hyundai,15
CAR_002296,Audi Q5 3.0 TDI Quattro Technology,2018,Diesel,Dealer,Automatic,First Owner,Audi,7
CAR_002297,Hyundai i10 Sportz 1.2,2011,Petrol,Dealer,Manual,First Owner,Hyundai,14
CAR_002298,Datsun GO Plus T,2017,Petrol,Dealer,Manual,First Owner,Datsun,8
CAR_002299,Renault Duster 110PS Diesel RxL,2015,Diesel,Dealer,Manual,First Owner,Renault,10
CAR_002300,Toyota Camry Hybrid 2.5,2017,CNG,Dealer,Automatic,First Owner,Toyota,8
CAR_002301,Honda City i DTec SV,2014,Diesel,Dealer,Manual,First Owner,Honda,11
CAR_002302,Volkswagen Jetta 2.0L TDI Highline,2015,Diesel,Dealer,Manual,First Owner,Volkswagen,10
CAR_002303,Mahindra Marazzo M2 8Str,2019,Diesel,Individual,Manual,First Owner,Mahindra,6
CAR_002304,Ford Ecosport 1.5 DV5 MT Titanium Optional,2014,Diesel,Dealer,Manual,First Owner,Ford,11
CAR_002305,Chevrolet Spark 1.0 LS,2009,Petrol,Individual,Manual,First Owner,Chevrolet,16
CAR_002306,Maruti Celerio ZXI MT BSIV,2019,Petrol,Individual,Unknown,First Owner,Maruti,6
CAR_002307,Tata Indica Vista Terra 1.4 TDI,2010,Diesel,Individual,Manual,First Owner,Tata,15
CAR_002308,Ford EcoSport 1.5 TDCi Titanium BSIV,2015,Diesel,Individual,Manual,Second Owner,Ford,10
CAR_002309,Tata Indica Vista Aqua 1.4 TDI,2011,Diesel,Individual,Manual,First Owner,Tata,14
CAR_002310,Hyundai EON Era Plus,2017,Petrol,Individual,Manual,First Owner,Hyundai,8
CAR_002311,Maruti Swift Dzire VDI,2014,CNG,Individual,Manual,First Owner,Maruti,11
CAR_002312,Maruti Wagon R VXI BS IV,2014,Petrol,Individual,Manual,First Owner,Maruti,11
CAR_002313,Honda BRV i-VTEC V MT,2017,Petrol,Individual,Manual,First Owner,Honda,8
CAR_002314,Renault KWID RXT,2016,Petrol,Individual,Manual,Second Owner,Renault,9
CAR_002315,Renault KWID RXT Optional,2016,Petrol,Individual,Unknown,Second Owner,Renault,9
CAR_002316,Skoda Octavia Elegance 2.0 TDI AT,2014,Diesel,Individual,Automatic,Third Owner,Skoda,11
CAR_002317,Chevrolet Beat Diesel LS,2012,Diesel,Individual,Manual,First Owner,Chevrolet,13
CAR_002318,Honda Jazz 1.5 VX i DTEC,2018,Diesel,Dealer,Manual,First Owner,Honda,7
CAR_002319,Honda City i-VTEC ZX,2018,Petrol,Dealer,Manual,First Owner,Honda,7
CAR_002320,Maruti Swift LXI,2011,CNG,Individual,Manual,First Owner,Maruti,14
CAR_002321,Maruti Vitara Brezza ZDi Plus AMT Dual Tone,2018,Diesel,Individual,Automatic,First Owner,Maruti,7
CAR_002322,Maruti Celerio LXI MT BSIV,2019,Petrol,Individual,Manual,First Owner,Maruti,6
CAR_002323,Renault Captur 1.5 Diesel RXT,2017,Diesel,Individual,Manual,First Owner,Renault,8
CAR_002324,Audi A4 30 TFSI Technology,2018,CNG,Individual,Automatic,First Owner,Audi,7
CAR_002325,Honda Amaze VX Diesel BSIV,2018,Diesel,Dealer,Manual,First Owner,Honda,7
CAR_002326,Toyota Corolla Altis 1.8 VL AT,2010,Petrol,Individual,Automatic,Third Owner,Toyota,15
CAR_002327,Honda Amaze VX Petrol BSIV,2018,Petrol,Dealer,Manual,First Owner,Honda,7
CAR_002328,Maruti Alto 800 VXI,2016,Petrol,Individual,Manual,First Owner,Maruti,9
CAR_002329,Honda Amaze VX Diesel BSIV,2018,Diesel,Dealer,Manual,First Owner,Honda,7
CAR_002330,Honda Amaze VX i-VTEC,2018,Petrol,Dealer,Manual,First Owner,Honda,7
CAR_002331,Hyundai Grand i10 Asta Option,2017,Petrol,Individual,Manual,Second Owner,Hyundai,8
CAR_002332,Mahindra KUV 100 mFALCON G80 K2,2016,Petrol,Individual,Manual,First Owner,Mahindra,9
CAR_002333,Maruti Zen Estilo Sports,2008,Petrol,Individual,Manual,First Owner,Maruti,17
CAR_002334,Maruti Ertiga ZDI Plus,2019,Diesel,Individual,Manual,First Owner,Maruti,6
CAR_002335,Renault Lodgy 85PS RxL,2015,Diesel,Individual,Manual,First Owner,Renault,10
CAR_002336,Maruti Swift VXI,2013,Petrol,Individual,Manual,First Owner,Maruti,12
CAR_002337,Hyundai Verna CRDi ABS,2007,Diesel,Individual,Manual,Second Owner,Hyundai,18
CAR_002338,Mercedes-Benz E-Class 230,1998,CNG,Individual,Automatic,Second Owner,Mercedes-Benz,27
CAR_002339,Maruti Alto 800 LXI,2013,Petrol,Individual,Manual,Second Owner,Maruti,12
CAR_002340,Tata Xenon XT EX 4X2,2014,Diesel,Individual,Manual,First Owner,Tata,11
CAR_002341,Maruti Alto 800 LXI,2013,CNG,Individual,Manual,Second Owner,Maruti,12
CAR_002342,Renault KWID 1.0 RXT Optional,2016,Petrol,Individual,Manual,First Owner,Renault,9
CAR_002343,Maruti Omni 5 Str STD,1998,Petrol,Dealer,Manual,Third Owner,Maruti,27
CAR_002344,Maruti Swift Dzire VDI,2015,Diesel,Individual,Manual,First Owner,Maruti,10
CAR_002345,Maruti Wagon R LX BS IV,2014,CNG,Dealer,Manual,First Owner,Maruti,11
CAR_002346,Maruti Wagon R LXI,2005,Petrol,Individual,Manual,Second Owner,Maruti,20
CAR_002347,Hyundai i20 Asta (o) 1.4 CRDi (Diesel),2012,Diesel,Dealer,Manual,First Owner,Hyundai,13
CAR_002348,Hyundai Santro Xing GLS,2013,Petrol,Individual,Manual,First Owner,Hyundai,12
CAR_002349,Toyota Innova 2.5 V Diesel 7-seater,2014,Diesel,Dealer,Manual,First Owner,Toyota,11
CAR_002350,Maruti Omni 8 Seater BSII,2015,Petrol,Dealer,Manual,First Owner,Maruti,10
CAR_002351,Mercedes-Benz B Class B180 Sports,2013,Petrol,Individual,Automatic,Second Owner,Mercedes-Benz,12
CAR_002352,Mahindra XUV500 W10 2WD,2015,Diesel,Dealer,Manual,Second Owner,Mahindra,10
CAR_002353,Skoda Fabia 1.2L Diesel Ambiente,2010,Diesel,Individual,Unknown,First Owner,Skoda,15
CAR_002354,Toyota Etios VD,2012,Diesel,Individual,Manual,Third Owner,Toyota,13
CAR_002355,Toyota Etios Liva VD,2015,CNG,Individual,Manual,First Owner,Toyota,10
CAR_002356,Toyota Etios Liva GD,2012,Diesel,Individual,Manual,Second Owner,Toyota,13
CAR_002357,Mahindra Scorpio M2DI,2013,Diesel,Individual,Manual,Second Owner,Mahindra,12
CAR_002358,Hyundai Grand i10 Asta Option,2017,Petrol,Dealer,Manual,First Owner,Hyundai,8
CAR_002359,Hyundai Verna CRDi 1.6 SX Option,2019,Diesel,Dealer,Manual,First Owner,Hyundai,6
CAR_002360,Volkswagen Vento 1.5 TDI Highline BSIV,2019,Diesel,Dealer,Manual,Test Drive Car,Volkswagen,6
CAR_002361,Renault KWID Climber 1.0 MT Opt BSIV,2020,Petrol,Dealer,Manual,Test Drive Car,Renault,5
CAR_002362,Hyundai Santro Asta,2018,Petrol,Dealer,Manual,First Owner,Hyundai,7
CAR_002363,Ford Figo Aspire Titanium Plus Diesel,2019,Diesel,Dealer,Manual,Test Drive Car,Ford,6
CAR_002364,Renault Pulse RxZ Optional,2012,Diesel,Dealer,Manual,First Owner,Renault,13
CAR_002365,Maruti Ciaz 1.4 Alpha,2018,Petrol,Individual,Manual,First Owner,Maruti,7
CAR_002366,Nissan Terrano XL P,2017,Petrol,Individual,Manual,First Owner,Nissan,8
CAR_002367,Maruti Ciaz 1.4 Alpha,2018,CNG,Individual,Manual,First Owner,Maruti,7
CAR_002368,Tata Manza Club Class Quadrajet90 LX,2013,Diesel,Individual,Unknown,First Owner,Tata,12
CAR_002369,Toyota Camry M/t,2008,Petrol,Individual,Manual,Second Owner,Toyota,17
CAR_002370,Maruti Alto K10 LXI,2010,Petrol,Dealer,Manual,First Owner,Maruti,15
CAR_002371,Maruti SX4 S Cross DDiS 320 Delta,2015,Diesel,Individual,Manual,First Owner,Maruti,10
CAR_002372,Renault Duster 85PS Diesel RxZ,2017,Diesel,Individual,Manual,First Owner,Renault,8
CAR_002373,Maruti Swift ZXI Plus,2018,Petrol,Individual,Manual,First Owner,Maruti,7
CAR_002374,Toyota Corolla H3,2003,Petrol,Individual,Automatic,Second Owner,Toyota,22
CAR_002375,Maruti Celerio ZXI,2019,Petrol,Dealer,Manual,First Owner,Maruti,6
CAR_002376,Tata Safari DICOR 2.2 EX 4x2,2013,Diesel,Individual,Manual,First Owner,Tata,12
CAR_002377,Hyundai Grand i10 1.2 Kappa Sportz Dual Tone,2018,Petrol,Dealer,Manual,First Owner,Hyundai,7
CAR_002378,Maruti Alto 800 LXI,2013,Petrol,Dealer,Manual,First Owner,Maruti,12
CAR_002379,Tata Nexon 1.2 Revotron XM,2018,Petrol,Individual,Manual,First Owner,Tata,7
CAR_002380,Maruti Alto 800 LXI,2018,Petrol,Dealer,Manual,First Owner,Maruti,7
CAR_002381,Maruti Wagon R Duo Lxi,2010,CNG,Dealer,Unknown,First Owner,Maruti,15
CAR_002382,Maruti Ertiga SHVS VDI,2015,Diesel,Dealer,Manual,First Owner,Maruti,10
CAR_002383,Maruti Omni E MPI STD BS IV,2018,CNG,Dealer,Unknown,First Owner,Maruti,7
CAR_002384,Mahindra Bolero B4,2017,Diesel,Dealer,Manual,First Owner,Mahindra,8
CAR_002385,Maruti Celerio VXI,2017,Petrol,Dealer,Manual,First Owner,Maruti,8
CAR_002386,Chevrolet Beat Diesel LT Option,2009,Diesel,Dealer,Manual,Second Owner,Chevrolet,16
CAR_002387,Maruti Eeco Smiles 5 Seater AC,2014,Petrol,Dealer,Manual,First Owner,Maruti,11
CAR_002388,Renault Duster 85PS Diesel RxE,2013,Diesel,Dealer,Manual,First Owner,Renault,12
CAR_002389,Maruti Swift Dzire VDI,2016,Diesel,Dealer,Manual,First Owner,Maruti,9
CAR_002390,Maruti Swift 1.3 VXi,2009,Petrol,Dealer,Manual,Second Owner,Maruti,16
CAR_002391,Hyundai Santro GLS I - Euro II,2007,Petrol,Dealer,Manual,First Owner,Hyundai,18
CAR_002392,Chevrolet Spark 1.0 PS,2010,Petrol,Individual,Manual,First Owner,Chevrolet,15
CAR_002393,Maruti Swift ZDi,2012,Diesel,Dealer,Manual,First Owner,Maruti,13
CAR_002394,Maruti Omni E MPI STD BS IV,2016,Petrol,Individual,Manual,Second Owner,Maruti,9
CAR_002395,Toyota Innova 2.5 V Diesel 8-seater,2009,CNG,Individual,Manual,First Owner,Toyota,16
CAR_002396,Maruti Swift ZXI Plus,2018,Petrol,Individual,Manual,First Owner,Maruti,7
CAR_002397,Maruti Swift Dzire VDI,2018,Diesel,Individual,Manual,First Owner,Maruti,7
CAR_002398,Hyundai EON Era Plus,2018,Petrol,Individual,Manual,First Owner,Hyundai,7
CAR_002399,Maruti Alto LXi,2007,Petrol,Individual,Manual,Second Owner,Maruti,18
CAR_002400,Maruti Wagon R Stingray VXI,2013,Petrol,Individual,Unknown,First Owner,Maruti,12
CAR_002401,Ford Figo Diesel Celebration Edition,2013,Diesel,Individual,Manual,Second Owner,Ford,12
CAR_002402,Toyota Innova 2.5 E Diesel MS 7-seater,2011,Diesel,Individual,Manual,Second Owner,Toyota,14
CAR_002403,Mahindra Scorpio 2.6 CRDe,2005,Diesel,Individual,Manual,Second Owner,Mahindra,20
CAR_002404,Mahindra Xylo D2,2011,Diesel,Individual,Manual,Second Owner,Mahindra,14
CAR_002405,Honda City i-VTEC CVT ZX,2018,Petrol,Dealer,Automatic,First Owner,Honda,7
CAR_002406,Honda Jazz Select Edition Active,2010,Petrol,Dealer,Manual,Second Owner,Honda,15
CAR_002407,Honda City i-VTEC VX,2018,Petrol,Dealer,Manual,First Owner,Honda,7
CAR_002408,Honda Amaze VX Diesel BSIV,2018,Diesel,Dealer,Manual,First Owner,Honda,7
CAR_002409,Maruti Celerio VXI,2014,Petrol,Dealer,Unknown,Second Owner,Maruti,11
CAR_002410,Maruti Swift VXI BSIII,2006,Petrol,Dealer,Unknown,Second Owner,Maruti,19
CAR_002411,Honda Amaze VX i-VTEC,2018,Petrol,Dealer,Manual,First Owner,Honda,7
CAR_002412,Maruti Ritz VXi,2010,Petrol,Individual,Unknown,First Owner,Maruti,15
CAR_002413,Honda City i DTEC V,2014,Diesel,Individual,Unknown,Second Owner,Honda,11
CAR_002414,Hyundai EON D Lite,2016,Petrol,Individual,Manual,First Owner,Hyundai,9
CAR_002415,Maruti Alto LXi,2009,Petrol,Individual,Manual,Second Owner,Maruti,16
CAR_002416,Toyota Innova 2.5 GX (Diesel) 7 Seater,2015,Diesel,Individual,Manual,First Owner,Toyota,10
CAR_002417,Nissan Terrano XV Premium 110 PS,2013,CNG,Individual,Manual,First Owner,Nissan,12
CAR_002418,Maruti Baleno Alpha 1.3,2016,Diesel,Individual,Manual,First Owner,Maruti,9
CAR_002419,Nissan Sunny XV D Premium Leather,2015,Diesel,Individual,Manual,First Owner,Nissan,10
CAR_002420,Toyota Etios Liva GD,2012,Diesel,Individual,Manual,First Owner,Toyota,13
CAR_002421,Hyundai EON 1.0 Era Plus,2018,Petrol,Individual,Manual,First Owner,Hyundai,7
CAR_002422,Hyundai i20 Active 1.4 SX,2016,Diesel,Individual,Manual,First Owner,Hyundai,9
CAR_002423,Mahindra TUV 300 T8,2017,Diesel,Individual,Manual,First Owner,Mahindra,8
CAR_002424,Hyundai Getz 1.3 GLS,2010,Petrol,Individual,Manual,First Owner,Hyundai,15
CAR_002425,Toyota Etios Liva 1.2 V,2018,Petrol,Individual,Manual,First Owner,Toyota,7
CAR_002426,Toyota Innova 2.5 GX 7 STR BSIV,2012,Diesel,Individual,Manual,Second Owner,Toyota,13
CAR_002427,Hyundai i20 Magna Optional 1.2,2013,Petrol,Individual,Manual,First Owner,Hyundai,12
CAR_002428,Hyundai Elite i20 Asta Option BSIV,2019,Petrol,Individual,Manual,First Owner,Hyundai,6
CAR_002429,Toyota Innova 2.5 G (Diesel) 8 Seater,2013,Diesel,Individual,Unknown,First Owner,Toyota,12
CAR_002430,Toyota Etios GD,2011,Diesel,Individual,Manual,Third Owner,Toyota,14
CAR_002431,Maruti Swift VDI BSIV,2016,Diesel,Individual,Manual,First Owner,Maruti,9
CAR_002432,Mahindra Scorpio VLX 2WD BSIV,2014,Diesel,Individual,Manual,Third Owner,Mahindra,11
CAR_002433,Renault KWID RXL,2019,Petrol,Individual,Unknown,First Owner,Renault,6
CAR_002434,Maruti Alto K10 VXI,2015,Petrol,Individual,Manual,Second Owner,Maruti,10
CAR_002435,Honda City 1.5 S MT,2011,Petrol,Individual,Manual,First Owner,Honda,14
CAR_002436,Honda City i DTEC VX,2014,CNG,Individual,Manual,First Owner,Honda,11
CAR_002437,Maruti Alto LXi BSIII,2009,Petrol,Individual,Manual,Second Owner,Maruti,16
CAR_002438,Maruti Swift Dzire VDi,2009,Diesel,Individual,Manual,Second Owner,Maruti,16
CAR_002439,Honda Amaze E i-Dtech,2015,CNG,Individual,Manual,Second Owner,Honda,10
CAR_002440,Maruti Swift Dzire LXi,2011,Petrol,Individual,Manual,Second Owner,Maruti,14
CAR_002441,Honda City 1.3 EXI,2003,Petrol,Individual,Manual,Second Owner,Honda,22
CAR_002442,Hyundai Creta 1.4 CRDi S Plus,2016,Diesel,Individual,Manual,Second Owner,Hyundai,9
CAR_002443,Maruti Wagon R VXI BS IV,2007,Petrol,Individual,Manual,Second Owner,Maruti,18
CAR_002444,Honda Jazz 1.5 SV i DTEC,2015,Diesel,Individual,Manual,First Owner,Honda,10
CAR_002445,Maruti 800 EX,2004,Petrol,Individual,Manual,Third Owner,Maruti,21
CAR_002446,Mahindra Renault Logan 1.6 Petrol GLSX,2009,Petrol,Individual,Manual,Second Owner,Mahindra,16
CAR_002447,Tata Indigo LS,2010,Diesel,Individual,Manual,Second Owner,Tata,15
CAR_002448,Mahindra Marazzo M8 8Str,2018,Diesel,Individual,Unknown,First Owner,Mahindra,7
CAR_002449,Toyota Etios Liva 1.4 VD,2017,Diesel,Dealer,Manual,First Owner,Toyota,8
CAR_002450,Honda Amaze VX O iDTEC,2017,CNG,Dealer,Manual,First Owner,Honda,8
CAR_002451,Maruti Ciaz 1.4 AT Zeta,2017,Petrol,Individual,Automatic,First Owner,Maruti,8
CAR_002452,Hyundai Verna CRDi 1.6 SX Option,2018,Diesel,Dealer,Manual,First Owner,Hyundai,7
CAR_002453,Maruti Swift 1.3 VXI ABS,2015,CNG,Dealer,Manual,First Owner,Maruti,10
CAR_002454,Maruti Wagon R LXI,2011,Petrol,Dealer,Manual,First Owner,Maruti,14
CAR_002455,Ford Ecosport 1.0 Ecoboost Titanium Optional,2013,CNG,Individual,Manual,First Owner,Ford,12
CAR_002456,Mahindra XUV500 W8 2WD,2013,Diesel,Dealer,Manual,First Owner,Mahindra,12
CAR_002457,Maruti Wagon R LXI,2009,Petrol,Dealer,Manual,First Owner,Maruti,16
CAR_002458,Renault KWID Climber 1.0 AMT BSIV,2017,Petrol,Dealer,Automatic,First Owner,Renault,8
CAR_002459,Maruti Swift Dzire VDI,2017,Diesel,Dealer,Manual,First Owner,Maruti,8
CAR_002460,Renault KWID RXL BSIV,2017,Petrol,Dealer,Manual,First Owner,Renault,8
CAR_002461,Maruti Alto VXi,2015,Petrol,Dealer,Manual,First Owner,Maruti,10
CAR_002462,Maruti Wagon R AMT VXI,2014,Petrol,Dealer,Automatic,First Owner,Maruti,11
CAR_002463,Mahindra XUV500 W8 2WD,2012,Diesel,Dealer,Unknown,First Owner,Mahindra,13
CAR_002464,Toyota Innova 2.5 G (Diesel) 8 Seater,2015,Diesel,Dealer,Manual,First Owner,Toyota,10
CAR_002465,Maruti Ritz VDi,2011,Diesel,Dealer,Manual,First Owner,Maruti,14
CAR_002466,Hyundai Verna SX Diesel,2013,Diesel,Dealer,Manual,Second Owner,Hyundai,12
CAR_002467,Mahindra XUV500 W10 1.99 mHawk,2016,Diesel,Dealer,Manual,First Owner,Mahindra,9
CAR_002468,Mahindra Scorpio EX,2012,Diesel,Dealer,Manual,First Owner,Mahindra,13
CAR_002469,Maruti Wagon R VXI BS IV,2014,Petrol,Individual,Manual,Second Owner,Maruti,11
CAR_002470,Maruti Wagon R VXI BS IV,2014,Petrol,Individual,Manual,Third Owner,Maruti,11
CAR_002471,Mahindra Xylo E8,2009,Diesel,Individual,Unknown,Second Owner,Mahindra,16
CAR_002472,Fiat 500 Lounge,2008,Diesel,Individual,Manual,First Owner,Fiat,17
CAR_002473,Renault Triber RXT BSIV,2019,Petrol,Individual,Manual,First Owner,Renault,6
CAR_002474,Fiat Grande Punto EVO 1.3 Active,2014,CNG,Individual,Manual,Second Owner,Fiat,11
CAR_002475,Tata New Safari 4X4 EX,2012,Diesel,Individual,Manual,First Owner,Tata,13
CAR_002476,Mahindra TUV 300 mHAWK100 T8,2017,Diesel,Individual,Manual,First Owner,Mahindra,8
CAR_002477,Tata Altroz XE,2020,Petrol,Individual,Manual,First Owner,Tata,5
CAR_002478,Hyundai Creta 1.6 CRDi SX,2016,Diesel,Individual,Manual,First Owner,Hyundai,9
CAR_002479,Hyundai Grand i10 1.2 Kappa Sportz BSIV,2016,Petrol,Dealer,Manual,First Owner,Hyundai,9
CAR_002480,Honda City i DTEC VX,2014,Diesel,Individual,Manual,First Owner,Honda,11
CAR_002481,Maruti Wagon R ZXI 1.2,2019,Petrol,Dealer,Manual,First Owner,Maruti,6
CAR_002482,Hyundai Santro Sportz BSIV,2020,Petrol,Individual,Manual,First Owner,Hyundai,5
CAR_002483,Mahindra XUV500 AT W10 FWD,2018,Diesel,Individual,Automatic,First Owner,Mahindra,7
CAR_002484,Maruti Baleno Delta Automatic,2018,CNG,Individual,Automatic,First Owner,Maruti,7
CAR_002485,Chevrolet Beat Diesel LS,2013,CNG,Dealer,Manual,First Owner,Chevrolet,12
CAR_002486,Maruti Alto K10 VXI AGS,2015,Petrol,Dealer,Automatic,Second Owner,Maruti,10
CAR_002487,Tata Indica GLS BS IV,2010,Petrol,Individual,Manual,Second Owner,Tata,15
CAR_002488,Hyundai Grand i10 Sportz,2014,Petrol,Individual,Manual,First Owner,Hyundai,11
CAR_002489,Tata Indica Vista Terra 1.4 TDI,2009,Diesel,Individual,Manual,Second Owner,Tata,16
CAR_002490,Hyundai i20 Active S Petrol,2016,Petrol,Dealer,Manual,First Owner,Hyundai,9
CAR_002491,Hyundai EON 1.0 Era Plus,2019,Petrol,Individual,Manual,First Owner,Hyundai,6
CAR_002492,Tata Tigor 1.2 Revotron XT,2018,Petrol,Individual,Manual,First Owner,Tata,7
CAR_002493,Hyundai Xcent 1.2 CRDi E,2017,Diesel,Individual,Manual,First Owner,Hyundai,8
CAR_002494,Maruti Alto Green LXi (CNG),2010,CNG,Dealer,Manual,Second Owner,Maruti,15
CAR_002495,Hyundai i20 1.2 Era,2010,Petrol,Individual,Manual,Second Owner,Hyundai,15
CAR_002496,Ford Ikon 1.4 ZXi,2000,CNG,Dealer,Manual,Third Owner,Ford,25
CAR_002497,Chevrolet Beat Diesel LS,2013,Diesel,Individual,Unknown,Second Owner,Chevrolet,12
CAR_002498,Maruti Zen VXi - BS III,2004,Petrol,Individual,Manual,First Owner,Maruti,21
CAR_002499,Chevrolet Beat Diesel LS,2012,Diesel,Individual,Manual,First Owner,Chevrolet,13
CAR_002500,BMW 7 Series 730Ld,2011,Diesel,Individual,Automatic,Second Owner,BMW,14
CAR_002501,Chevrolet Optra Magnum 2.0 LT,2012,Diesel,Individual,Manual,First Owner,Chevrolet,13
CAR_002502,Chevrolet Optra Magnum 2.0 LT,2012,Diesel,Individual,Manual,First Owner,Chevrolet,13
CAR_002503,Maruti A-Star Lxi,2009,Petrol,Individual,Manual,First Owner,Maruti,16
CAR_002504,Ford Endeavour 3.2 Titanium AT 4X4,2019,Diesel,Individual,Automatic,First Owner,Ford,6
CAR_002505,Chevrolet Spark 1.0 LT,2013,Petrol,Individual,Manual,First Owner,Chevrolet,12
CAR_002506,Honda WR-V i-DTEC VX,2018,Diesel,Individual,Manual,First Owner,Honda,7
CAR_002507,Hyundai Accent GLX,2010,Petrol,Individual,Manual,Second Owner,Hyundai,15
CAR_002508,Maruti Ertiga VDI Limited Edition,2014,Diesel,Individual,Manual,Second Owner,Maruti,11
CAR_002509,Mahindra KUV 100 mFALCON G80 K2 Plus,2016,CNG,Individual,Manual,First Owner,Mahindra,9
CAR_002510,Maruti Alto K10 VXI,2016,Petrol,Individual,Manual,First Owner,Maruti,9
CAR_002511,Maruti Swift VDI BSIV,2015,Diesel,Individual,Manual,First Owner,Maruti,10
CAR_002512,Mitsubishi Montero 3.2 MT,2007,Diesel,Individual,Manual,First Owner,Mitsubishi,18
CAR_002513,Tata Indica Vista Aqua 1.3 Quadrajet ABS BSIV,2012,Diesel,Individual,Manual,Second Owner,Tata,13
CAR_002514,Hyundai i20 Magna Optional 1.4 CRDi,2013,Diesel,Individual,Manual,First Owner,Hyundai,12
CAR_002515,Hyundai i20 Magna Optional 1.4 CRDi,2013,Diesel,Individual,Manual,First Owner,Hyundai,12
CAR_002516,Ford Endeavour 4x2 XLT,2004,Diesel,Individual,Manual,First Owner,Ford,21
CAR_002517,Hyundai EON Sportz,2012,Petrol,Individual,Unknown,Second Owner,Hyundai,13
CAR_002518,Nissan Micra XL,2011,CNG,Individual,Manual,Second Owner,Nissan,14
CAR_002519,Maruti 800 Std,2001,Petrol,Individual,Manual,Third Owner,Maruti,24
CAR_002520,Maruti Swift LXi BSIV,2008,Petrol,Individual,Manual,First Owner,Maruti,17
CAR_002521,Maruti Swift Dzire VDi,2010,Diesel,Individual,Unknown,Second Owner,Maruti,15
CAR_002522,Renault Duster 85PS Diesel RxL,2013,Diesel,Dealer,Manual,Second Owner,Renault,12
CAR_002523,Maruti Ignis 1.3 Delta,2018,Diesel,Dealer,Manual,First Owner,Maruti,7
CAR_002524,Maruti SX4 Vxi BSIV,2012,Petrol,Individual,Unknown,Second Owner,Maruti,13
CAR_002525,Tata Indigo CS LX (TDI) BS-III,2015,Diesel,Dealer,Manual,First Owner,Tata,10
CAR_002526,Maruti Alto 800 LXI,2006,Petrol,Individual,Manual,First Owner,Maruti,19
CAR_002527,Mahindra Bolero Power Plus SLX,2019,Diesel,Individual,Manual,First Owner,Mahindra,6
CAR_002528,Mahindra XUV500 W6 2WD,2016,Diesel,Individual,Manual,First Owner,Mahindra,9
CAR_002529,Tata Indigo TDI,2013,Diesel,Individual,Manual,First Owner,Tata,12
CAR_002530,Tata Indica Vista Terra 1.4 TDI,2010,Diesel,Individual,Manual,First Owner,Tata,15
CAR_002531,Hyundai Santro Xing XL eRLX Euro III,2006,Petrol,Individual,Manual,Second Owner,Hyundai,19
CAR_002532,Maruti Alto K10 VXI AGS,2017,Petrol,Dealer,Automatic,First Owner,Maruti,8
CAR_002533,Tata Tiago XZA AMT,2018,Petrol,Dealer,Automatic,First Owner,Tata,7
CAR_002534,Hyundai EON Era Plus,2016,Petrol,Dealer,Unknown,First Owner,Hyundai,9
CAR_002535,Maruti Swift Dzire VDI,2013,Diesel,Dealer,Manual,First Owner,Maruti,12
CAR_002536,Nissan Evalia XV,2014,Diesel,Dealer,Unknown,First Owner,Nissan,11
CAR_002537,Hyundai Grand i10 1.2 CRDi Sportz Option,2017,CNG,Dealer,Manual,First Owner,Hyundai,8
CAR_002538,Hyundai i10 Magna,2014,Petrol,Dealer,Manual,First Owner,Hyundai,11
CAR_002539,Mahindra KUV 100 D75 K4 Plus 5Str,2016,Diesel,Dealer,Manual,First Owner,Mahindra,9
CAR_002540,Maruti Wagon R LXI,2008,CNG,Dealer,Manual,First Owner,Maruti,17
CAR_002541,Hyundai Santro Xing GLS,2009,CNG,Dealer,Manual,First Owner,Hyundai,16
CAR_002542,Maruti Zen VX,2001,Petrol,Individual,Manual,Second Owner,Maruti,24
CAR_002543,Maruti Swift VDI,2013,Diesel,Individual,Manual,First Owner,Maruti,12
CAR_002544,Maruti Baleno Delta 1.3,2017,Diesel,Individual,Unknown,First Owner,Maruti,8
CAR_002545,Hyundai i10 Magna 1.2,2010,Petrol,Individual,Unknown,First Owner,Hyundai,15
CAR_002546,Tata Manza Aura (ABS) Quadrajet BS IV,2012,Diesel,Individual,Manual,Second Owner,Tata,13
CAR_002547,Maruti Omni LPG STD BSIV,2006,LPG,Individual,Unknown,Fourth & Above Owner,Maruti,19
CAR_002548,Maruti Zen D PS,2003,Diesel,Individual,Manual,Third Owner,Maruti,22
CAR_002549,Fiat Linea 1.3 Multijet Emotion,2015,Diesel,Individual,Manual,First Owner,Fiat,10
CAR_002550,Hyundai Santro Xing GLS,2008,Petrol,Individual,Manual,Third Owner,Hyundai,17
CAR_002551,Ford Aspire Titanium Plus Diesel BSIV,2018,Diesel,Dealer,Manual,First Owner,Ford,7
CAR_002552,Ford Aspire Titanium Plus BSIV,2018,Petrol,Dealer,Manual,First Owner,Ford,7
CAR_002553,Ford Freestyle Titanium Plus Diesel BSIV,2018,Diesel,Dealer,Manual,First Owner,Ford,7
CAR_002554,Honda City i VTEC V,2016,CNG,Dealer,Manual,First Owner,Honda,9
CAR_002555,Honda Jazz 1.5 VX i DTEC,2016,Diesel,Dealer,Manual,First Owner,Honda,9
CAR_002556,Honda Jazz 1.2 VX i VTEC,2016,Petrol,Dealer,Manual,First Owner,Honda,9
CAR_002557,Maruti Alto 800 LXI,2015,Petrol,Individual,Manual,First Owner,Maruti,10
CAR_002558,Tata Bolt Quadrajet XE,2017,Diesel,Individual,Manual,First Owner,Tata,8
CAR_002559,Maruti Swift ZXI Plus,2020,Petrol,Individual,Manual,First Owner,Maruti,5
CAR_002560,Chevrolet Aveo U-VA 1.2 LT,2008,Petrol,Individual,Unknown,Third Owner,Chevrolet,17
CAR_002561,Maruti Wagon R VXI,2000,Petrol,Individual,Unknown,First Owner,Maruti,25
CAR_002562,Maruti Vitara Brezza ZDi,2019,Diesel,Individual,Manual,First Owner,Maruti,6
CAR_002563,Tata Nexon 1.2 Revotron XZ Plus,2019,Petrol,Individual,Manual,First Owner,Tata,6
CAR_002564,Hyundai i20 Asta (o),2014,CNG,Dealer,Manual,Second Owner,Hyundai,11
CAR_002565,Volkswagen Jetta 2.0L TDI Highline AT,2012,Diesel,Dealer,Unknown,First Owner,Volkswagen,13
CAR_002566,Honda Amaze S i-VTEC,2016,CNG,Dealer,Manual,First Owner,Honda,9
CAR_002567,Hyundai Creta 1.6 SX Option,2017,Petrol,Dealer,Manual,First Owner,Hyundai,8
CAR_002568,Mahindra XUV500 W8 2WD,2015,Diesel,Individual,Manual,First Owner,Mahindra,10
CAR_002569,Renault Duster 85PS Diesel RxL Optional,2013,Diesel,Individual,Manual,First Owner,Renault,12
CAR_002570,Hyundai i20 Asta 1.2,2014,Petrol,Dealer,Unknown,Second Owner,Hyundai,11
CAR_002571,Hyundai Santro Xing XO,2007,Petrol,Dealer,Manual,Second Owner,Hyundai,18
CAR_002572,Mahindra Bolero 2011-2019 SLE,2013,CNG,Dealer,Manual,First Owner,Mahindra,12
CAR_002573,Audi A6 2.0 TDI Premium Plus,2014,Diesel,Dealer,Automatic,Second Owner,Audi,11
CAR_002574,Fiat Avventura MULTIJET Emotion,2015,Diesel,Individual,Unknown,Second Owner,Fiat,10
CAR_002575,Audi A8 4.2 TDI,2013,Diesel,Dealer,Unknown,First Owner,Audi,12
CAR_002576,Datsun RediGO 1.0 S,2017,Petrol,Dealer,Manual,Second Owner,Datsun,8
CAR_002577,Chevrolet Cruze LT,2012,CNG,Dealer,Manual,Second Owner,Chevrolet,13
CAR_002578,Volkswagen Jetta 1.4 TSI Comfortline,2013,Petrol,Individual,Manual,First Owner,Volkswagen,12
CAR_002579,Audi A4 2.0 TDI 177 Bhp Premium Plus,2013,Diesel,Dealer,Automatic,First Owner,Audi,12
CAR_002580,Honda Civic 1.8 V AT,2009,Petrol,Dealer,Automatic,First Owner,Honda,16
CAR_002581,Mercedes-Benz E-Class Exclusive E 200 BSIV,2018,Petrol,Dealer,Automatic,First Owner,Mercedes-Benz,7
CAR_002582,Volkswagen Polo GTI,2017,Petrol,Dealer,Automatic,First Owner,Volkswagen,8
CAR_002583,BMW X1 sDrive 20d xLine,2017,Diesel,Individual,Automatic,First Owner,BMW,8
CAR_002584,Chevrolet Beat Diesel,2012,Diesel,Individual,Unknown,First Owner,Chevrolet,13
CAR_002585,Mahindra Scorpio SLE BSIV,2014,Diesel,Individual,Manual,Second Owner,Mahindra,11
CAR_002586,Maruti Swift 1.3 VXI ABS,2006,Petrol,Individual,Manual,Third Owner,Maruti,19
CAR_002587,Toyota Innova 2.5 G (Diesel) 7 Seater,2014,Diesel,Individual,Manual,Second Owner,Toyota,11
CAR_002588,Tata Tigor 1.2 Revotron XZ Option,2019,Petrol,Individual,Manual,First Owner,Tata,6
CAR_002589,Maruti Alto LX,2008,Petrol,Individual,Unknown,First Owner,Maruti,17
CAR_002590,Mahindra Xylo D4,2015,Diesel,Individual,Manual,Second Owner,Mahindra,10
CAR_002591,Mahindra KUV 100 mFALCON G80 K8 5str,2017,Petrol,Individual,Manual,First Owner,Mahindra,8
CAR_002592,Maruti Wagon R VXI Optional,2017,Petrol,Individual,Manual,Second Owner,Maruti,8
CAR_002593,Chevrolet Beat Diesel LT,2012,Diesel,Individual,Manual,Second Owner,Chevrolet,13
CAR_002594,Hyundai Getz 1.5 CRDi GVS,2008,Diesel,Individual,Manual,Third Owner,Hyundai,17
CAR_002595,Hyundai EON Sportz,2012,Petrol,Individual,Manual,First Owner,Hyundai,13
CAR_002596,Maruti Zen D PS,2003,Diesel,Individual,Manual,Second Owner,Maruti,22
CAR_002597,Honda Amaze EX i-Dtech,2013,Diesel,Individual,Manual,Second Owner,Honda,12
CAR_002598,Toyota Innova Crysta 2.4 VX MT 8S BSIV,2018,Diesel,Individual,Unknown,First Owner,Toyota,7
CAR_002599,BMW X1 sDrive20d,2011,Diesel,Individual,Automatic,Second Owner,BMW,14
CAR_002600,Mahindra Scorpio M2DI,2014,Diesel,Individual,Unknown,First Owner,Mahindra,11
CAR_002601,Hyundai Elite i20 Sportz Plus Dual Tone BSIV,2019,Petrol,Individual,Unknown,First Owner,Hyundai,6
CAR_002602,Chevrolet Beat LS,2010,Petrol,Individual,Manual,Second Owner,Chevrolet,15
CAR_002603,Hyundai i10 Era 1.1 iTech SE,2011,Petrol,Individual,Manual,First Owner,Hyundai,14
CAR_002604,Tata Indigo GLX,2006,Petrol,Individual,Manual,Second Owner,Tata,19
CAR_002605,Honda City i DTEC VX,2014,CNG,Individual,Manual,Second Owner,Honda,11
CAR_002606,Hyundai Verna CRDi 1.6 SX,2019,Diesel,Individual,Manual,Second Owner,Hyundai,6
CAR_002607,Hyundai Verna 1.6 SX,2012,Diesel,Individual,Manual,First Owner,Hyundai,13
CAR_002608,Volkswagen Polo 1.5 TDI Highline,2015,Diesel,Individual,Manual,First Owner,Volkswagen,10
CAR_002609,Hyundai i20 1.2 Spotz,2017,Petrol,Individual,Manual,Second Owner,Hyundai,8
CAR_002610,Hyundai Elite i20 Magna Plus Diesel,2019,Diesel,Individual,Manual,Second Owner,Hyundai,6
CAR_002611,Hyundai Grand i10 1.2 Kappa Magna AT,2017,Petrol,Individual,Automatic,First Owner,Hyundai,8
CAR_002612,Maruti Ritz LDi,2011,Diesel,Individual,Manual,First Owner,Maruti,14
CAR_002613,Mahindra XUV500 W10 2WD,2018,Diesel,Individual,Manual,First Owner,Mahindra,7
CAR_002614,Renault KWID 1.0 RXT Optional,2018,Petrol,Individual,Manual,First Owner,Renault,7
CAR_002615,Ford EcoSport 1.5 Petrol Titanium BSIV,2017,Petrol,Individual,Manual,First Owner,Ford,8
CAR_002616,Fiat Grande Punto Active (Diesel),2009,Diesel,Individual,Manual,Second Owner,Fiat,16
CAR_002617,BMW X1 sDrive 20d xLine,2019,Diesel,Individual,Automatic,First Owner,BMW,6
CAR_002618,Skoda Fabia 1.2 MPI Ambition Plus,2012,Petrol,Individual,Manual,First Owner,Skoda,13
CAR_002619,Volkswagen Polo Diesel Trendline 1.2L,2012,CNG,Individual,Manual,First Owner,Volkswagen,13
CAR_002620,Ford Ecosport 1.0 Ecoboost Platinum Edition BSIV,2013,Petrol,Dealer,Manual,First Owner,Ford,12
CAR_002621,Chevrolet Aveo 1.4 LS,2010,Petrol,Dealer,Unknown,First Owner,Chevrolet,15
CAR_002622,Chevrolet Aveo U-VA 1.2 LS,2009,Petrol,Dealer,Manual,First Owner,Chevrolet,16
CAR_002623,Ford Figo Diesel EXI,2012,Diesel,Dealer,Manual,First Owner,Ford,13
CAR_002624,Ford Endeavour 2.5L 4X2 MT,2004,Diesel,Dealer,Unknown,First Owner,Ford,21
CAR_002625,Ford Aspire Titanium BSIV,2017,Petrol,Dealer,Manual,First Owner,Ford,8
CAR_002626,Hyundai EON 1.0 Kappa Magna Plus,2015,Petrol,Individual,Manual,Second Owner,Hyundai,10
CAR_002627,Tata Tiago 2019-2020 XZ,2019,Petrol,Individual,Manual,First Owner,Tata,6
CAR_002628,Maruti Swift ZXI,2013,Petrol,Individual,Manual,First Owner,Maruti,12
CAR_002629,Chevrolet Spark 1.0 LT,2011,Petrol,Dealer,Manual,First Owner,Chevrolet,14
CAR_002630,Chevrolet Beat Diesel LS,2012,CNG,Dealer,Manual,First Owner,Chevrolet,13
CAR_002631,Ford Ecosport 1.0 Ecoboost Titanium Optional,2014,Petrol,Dealer,Manual,First Owner,Ford,11
CAR_002632,Volkswagen Polo 1.2 MPI Comfortline,2015,Petrol,Dealer,Manual,First Owner,Volkswagen,10
CAR_002633,Ford Fiesta Diesel Trend,2012,Diesel,Dealer,Manual,First Owner,Ford,13
CAR_002634,Mahindra XUV500 W8 2WD,2013,Diesel,Dealer,Manual,First Owner,Mahindra,12
CAR_002635,Honda City 1.5 E MT,2010,Petrol,Individual,Unknown,First Owner,Honda,15
CAR_002636,Maruti Zen VXI,2000,Petrol,Individual,Manual,First Owner,Maruti,25
CAR_002637,Maruti Swift Dzire VDI,2014,CNG,Individual,Manual,First Owner,Maruti,11
CAR_002638,Maruti Swift VDI BSIV,2018,Diesel,Individual,Manual,First Owner,Maruti,7
CAR_002639,Maruti Wagon R LXI Minor,2007,Petrol,Individual,Manual,Second Owner,Maruti,18
CAR_002640,Tata Indigo TDI,2013,Diesel,Individual,Manual,First Owner,Tata,12
CAR_002641,Maruti Baleno Zeta 1.3,2018,CNG,Individual,Manual,First Owner,Maruti,7
CAR_002642,Mahindra Jeep MM 550 XDB,2002,Diesel,Individual,Manual,Third Owner,Mahindra,23
CAR_002643,Maruti Alto STD,2008,Petrol,Individual,Unknown,Second Owner,Maruti,17
CAR_002644,Maruti Celerio VDi,2016,Diesel,Individual,Manual,Third Owner,Maruti,9
CAR_002645,Maruti Esteem Lxi,2005,Petrol,Individual,Manual,Third Owner,Maruti,20
CAR_002646,Maruti Alto LX,2007,CNG,Individual,Unknown,Third Owner,Maruti,18
CAR_002647,Volkswagen Jetta 1.9 Highline TDI,2008,Diesel,Individual,Automatic,Second Owner,Volkswagen,17
CAR_002648,Maruti Swift VDI BSIV,2015,Diesel,Individual,Manual,Second Owner,Maruti,10
CAR_002649,Hyundai i20 Active 1.4 SX with AVN,2015,Diesel,Individual,Manual,Second Owner,Hyundai,10
CAR_002650,Ford Figo Diesel ZXI,2011,Diesel,Individual,Manual,Second Owner,Ford,14
CAR_002651,Hyundai i20 1.4 CRDi Magna,2012,Diesel,Individual,Manual,Second Owner,Hyundai,13
CAR_002652,Maruti Alto LXi BSIII,2006,Petrol,Individual,Manual,Third Owner,Maruti,19
CAR_002653,Mahindra Xylo E4 8S,2010,Diesel,Individual,Manual,Third Owner,Mahindra,15
CAR_002654,Mahindra XUV500 W8 2WD,2012,Diesel,Individual,Manual,Second Owner,Mahindra,13
CAR_002655,Mahindra Bolero SLE,2009,Diesel,Individual,Manual,Second Owner,Mahindra,16
CAR_002656,Toyota Innova 2.5 VX (Diesel) 8 Seater,2014,Diesel,Individual,Manual,Second Owner,Toyota,11
CAR_002657,Ford Fiesta Petrol Trend,2012,Petrol,Dealer,Manual,First Owner,Ford,13
CAR_002658,Tata Tiago 1.2 Revotron XE,2019,Petrol,Individual,Manual,First Owner,Tata,6
CAR_002659,Maruti Alto LXi,2006,Petrol,Individual,Manual,Second Owner,Maruti,19
CAR_002660,Maruti Ritz LDi,2013,Diesel,Individual,Unknown,Second Owner,Maruti,12
CAR_002661,Hyundai Xcent 1.2 Kappa Base,2014,CNG,Individual,Manual,Second Owner,Hyundai,11
CAR_002662,Chevrolet Optra 1.6,2006,Petrol,Dealer,Manual,Fourth & Above Owner,Chevrolet,19
CAR_002663,Ford Ikon 1.6 ZXI NXt,2005,Petrol,Individual,Manual,Second Owner,Ford,20
CAR_002664,Hyundai Getz GLS,2005,Petrol,Individual,Manual,First Owner,Hyundai,20
CAR_002665,Hyundai Santro Xing GL Plus,2008,CNG,Individual,Manual,Second Owner,Hyundai,17
CAR_002666,Maruti SX4 Vxi BSIV,2010,Petrol,Individual,Manual,First Owner,Maruti,15
CAR_002667,Tata Indigo LS,2012,Diesel,Individual,Manual,Second Owner,Tata,13
CAR_002668,Ford Ikon 1.3 Flair,2005,Petrol,Individual,Manual,Second Owner,Ford,20
CAR_002669,Maruti Swift VDI BSIV,2016,Diesel,Individual,Manual,First Owner,Maruti,9
CAR_002670,Maruti Swift Dzire LDIX Limited Edition,2014,LPG,Individual,Manual,Second Owner,Maruti,11
CAR_002671,Tata Indica Vista Aqua 1.3 Quadrajet,2009,Diesel,Individual,Manual,Second Owner,Tata,16
CAR_002672,Maruti Swift 1.3 DLX,2015,Diesel,Individual,Manual,Second Owner,Maruti,10
CAR_002673,Maruti Swift Vdi BSIII,2009,Diesel,Individual,Manual,First Owner,Maruti,16
CAR_002674,Renault KWID 1.0 RXT Optional,2018,Petrol,Individual,Manual,First Owner,Renault,7
CAR_002675,Ford EcoSport 1.5 Petrol Titanium BSIV,2017,Petrol,Individual,Manual,First Owner,Ford,8
CAR_002676,Fiat Grande Punto Active (Diesel),2009,Diesel,Individual,Manual,Second Owner,Fiat,16
CAR_002677,Mahindra KUV 100 mFALCON G80 K2,2017,Petrol,Individual,Unknown,First Owner,Mahindra,8
CAR_002678,Tata New Safari DICOR 2.2 VX 4x4,2012,Diesel,Individual,Manual,First Owner,Tata,13
CAR_002679,Renault KWID 1.0 RXL,2017,Petrol,Individual,Manual,Second Owner,Renault,8
CAR_002680,Toyota Innova 2.5 VX 8 STR BSIV,2012,Diesel,Individual,Manual,First Owner,Toyota,13
CAR_002681,Hyundai i20 Magna,2010,LPG,Individual,Manual,First Owner,Hyundai,15
CAR_002682,Fiat Punto 1.3 Active,2010,Diesel,Individual,Unknown,Second Owner,Fiat,15
CAR_002683,Renault KWID 1.0,2017,Petrol,Individual,Manual,First Owner,Renault,8
CAR_002684,Hyundai Xcent 1.2 VTVT E Plus,2018,Petrol,Individual,Manual,First Owner,Hyundai,7
CAR_002685,Maruti Ritz VDi,2012,Diesel,Individual,Manual,First Owner,Maruti,13
CAR_002686,Audi Q5 2.0 TFSI Quattro,2010,Petrol,Individual,Unknown,First Owner,Audi,15
CAR_002687,Hyundai i10 Sportz 1.2,2010,Petrol,Individual,Manual,Third Owner,Hyundai,15
CAR_002688,Tata Tiago 1.2 Revotron XZ,2018,Petrol,Individual,Manual,First Owner,Tata,7
CAR_002689,Renault Duster 85PS Diesel RxL,2013,Diesel,Individual,Manual,Second Owner,Renault,12
CAR_002690,Skoda Rapid 1.6 MPI Elegance,2012,Petrol,Individual,Manual,First Owner,Skoda,13
CAR_002691,Maruti 800 Std BSIII,2003,Petrol,Individual,Manual,First Owner,Maruti,22
CAR_002692,Hyundai Santro Xing GLS,2012,Petrol,Individual,Unknown,First Owner,Hyundai,13
CAR_002693,Hyundai i20 1.4 CRDi Asta,2012,Diesel,Individual,Manual,First Owner,Hyundai,13
CAR_002694,Ford Ecosport 1.5 DV5 MT Titanium,2014,Diesel,Individual,Manual,First Owner,Ford,11
CAR_002695,Nissan Sunny XL,2012,Petrol,Individual,Manual,Second Owner,Nissan,13
CAR_002696,Maruti Swift VDI,2012,Diesel,Individual,Manual,First Owner,Maruti,13
CAR_002697,Toyota Innova 2.5 GX 7 STR,2012,Diesel,Individual,Manual,First Owner,Toyota,13
CAR_002698,Maruti Eeco 5 Seater AC BSIV,2018,Petrol,Individual,Unknown,First Owner,Maruti,7
CAR_002699,Maruti Alto LX,2004,Petrol,Individual,Manual,First Owner,Maruti,21
CAR_002700,Mahindra Scorpio S5 BSIV,2020,Diesel,Individual,Unknown,First Owner,Mahindra,5
CAR_002701,Renault KWID AMT,2017,Petrol,Individual,Automatic,First Owner,Renault,8
CAR_002702,Maruti Swift Dzire VDI,2015,Diesel,Individual,Manual,First Owner,Maruti,10
CAR_002703,Hyundai Verna 1.6 CRDI,2012,Diesel,Individual,Unknown,First Owner,Hyundai,13
CAR_002704,Maruti Alto LXi,2008,Petrol,Individual,Unknown,First Owner,Maruti,17
CAR_002705,Toyota Fortuner 4x2 Manual,2014,Diesel,Individual,Manual,First Owner,Toyota,11
CAR_002706,Mahindra TUV 300 T6 Plus,2018,Diesel,Individual,Manual,First Owner,Mahindra,7
CAR_002707,Maruti Alto LXi BSIII,2008,Petrol,Individual,Manual,Second Owner,Maruti,17
CAR_002708,Maruti Alto LXi,2011,Petrol,Individual,Manual,First Owner,Maruti,14
CAR_002709,Maruti Wagon R VXI BS IV,2011,Petrol,Individual,Manual,Second Owner,Maruti,14
CAR_002710,Hyundai Verna 1.6 SX VTVT,2014,Petrol,Individual,Unknown,First Owner,Hyundai,11
CAR_002711,Honda City 1.5 V MT,2009,Petrol,Individual,Manual,Third Owner,Honda,16
CAR_002712,Hyundai Elantra CRDi SX,2014,Diesel,Individual,Manual,Second Owner,Hyundai,11
CAR_002713,Honda City 1.5 V AT Exclusive,2008,Petrol,Individual,Automatic,Third Owner,Honda,17
CAR_002714,Volkswagen Vento Diesel Highline,2011,Diesel,Individual,Manual,First Owner,Volkswagen,14
CAR_002715,Maruti Swift Dzire ZDI,2016,LPG,Individual,Manual,First Owner,Maruti,9
CAR_002716,Toyota Innova Crysta 2.8 GX AT BSIV,2016,Diesel,Individual,Automatic,First Owner,Toyota,9
CAR_002717,Maruti Ritz VDi,2012,Diesel,Individual,Manual,Second Owner,Maruti,13
CAR_002718,Hyundai Getz 1.3 GLS,2008,LPG,Individual,Manual,Second Owner,Hyundai,17
CAR_002719,Mahindra XUV500 AT W8 FWD,2017,LPG,Individual,Automatic,First Owner,Mahindra,8
CAR_002720,Mahindra Quanto C6,2013,Diesel,Individual,Manual,First Owner,Mahindra,12
CAR_002721,Tata Indigo LX Dicor,2009,Diesel,Individual,Manual,First Owner,Tata,16
CAR_002722,Hyundai i20 1.2 Magna,2012,Petrol,Individual,Manual,First Owner,Hyundai,13
CAR_002723,Honda City 1.5 S MT,2010,Petrol,Individual,Manual,Second Owner,Honda,15
CAR_002724,Hyundai Verna 1.6 SX VTVT (O),2014,LPG,Individual,Manual,Second Owner,Hyundai,11
CAR_002725,Hyundai i10 Magna,2012,Petrol,Individual,Manual,First Owner,Hyundai,13
CAR_002726,Chevrolet Enjoy TCDi LT 7 Seater,2014,Diesel,Individual,Manual,First Owner,Chevrolet,11
CAR_002727,Tata Tiago 1.2 Revotron XTA,2018,Petrol,Individual,Automatic,First Owner,Tata,7
CAR_002728,Maruti Alto K10 VXI,2015,Petrol,Individual,Manual,First Owner,Maruti,10
CAR_002729,Hyundai Xcent 1.2 Kappa SX,2016,LPG,Individual,Manual,Second Owner,Hyundai,9
CAR_002730,Hyundai Verna 1.6 SX,2012,Diesel,Individual,Manual,First Owner,Hyundai,13
CAR_002731,Tata Nano Lx,2010,Petrol,Individual,Manual,First Owner,Tata,15
CAR_002732,Honda City 1.5 S MT,2011,Petrol,Individual,Manual,Second Owner,Honda,14
CAR_002733,Maruti Wagon R VXI BS IV,2013,Petrol,Individual,Manual,Second Owner,Maruti,12
CAR_002734,Ford Ecosport 1.5 Petrol Titanium Plus AT,2018,Petrol,Individual,Automatic,First Owner,Ford,7
CAR_002735,Maruti Eeco 5 STR With AC Plus HTR CNG,2010,CNG,Individual,Manual,Fourth & Above Owner,Maruti,15
CAR_002736,Hyundai i20 Sportz 1.2,2015,Petrol,Individual,Manual,Second Owner,Hyundai,10
CAR_002737,Renault Duster 85PS Diesel RxL,2013,Diesel,Dealer,Manual,Second Owner,Renault,12
CAR_002738,Mercedes-Benz C-Class Progressive C 220d,2018,Diesel,Dealer,Automatic,First Owner,Mercedes-Benz,7
CAR_002739,Audi A4 3.0 TDI Quattro,2013,Diesel,Dealer,Automatic,First Owner,Audi,12
CAR_002740,BMW X5 xDrive 30d xLine,2019,Diesel,Dealer,Automatic,First Owner,BMW,6
CAR_002741,Hyundai Creta 1.6 CRDi SX,2016,Diesel,Individual,Manual,First Owner,Hyundai,9
CAR_002742,Maruti SX4 Vxi BSIV,2012,Petrol,Individual,Manual,Second Owner,Maruti,13
CAR_002743,Hyundai Grand i10 1.2 Kappa Magna AT,2017,Petrol,Dealer,Automatic,First Owner,Hyundai,8
CAR_002744,Maruti Swift ZXI BSIV,2016,Petrol,Trustmark Dealer,Manual,First Owner,Maruti,9
CAR_002745,Maruti Ertiga VXI,2015,Petrol,Trustmark Dealer,Manual,First Owner,Maruti,10
CAR_002746,Hyundai Grand i10 Magna AT,2017,Petrol,Dealer,Automatic,First Owner,Hyundai,8
CAR_002747,Chevrolet Beat LT Option,2016,Petrol,Dealer,Manual,First Owner,Chevrolet,9
CAR_002748,Toyota Fortuner 4x2 AT,2017,Diesel,Trustmark Dealer,Unknown,First Owner,Toyota,8
CAR_002749,Maruti S-Cross Zeta DDiS 200 SH,2015,Diesel,Trustmark Dealer,Manual,First Owner,Maruti,10
CAR_002750,Hyundai i10 Magna,2012,Petrol,Dealer,Manual,First Owner,Hyundai,13
CAR_002751,Audi A6 2.0 TDI Premium Plus,2013,Diesel,Dealer,Automatic,First Owner,Audi,12
CAR_002752,Hyundai Santro GS,2005,Petrol,Dealer,Manual,First Owner,Hyundai,20
CAR_002753,Skoda Laura Ambiente 2.0 TDI CR MT,2012,Diesel,Dealer,Manual,First Owner,Skoda,13
CAR_002754,Hyundai Verna 1.6 VTVT SX,2015,Petrol,Trustmark Dealer,Manual,First Owner,Hyundai,10
CAR_002755,Maruti Swift Dzire VDI,2017,LPG,Trustmark Dealer,Manual,First Owner,Maruti,8
CAR_002756,Maruti Ignis 1.2 Sigma BSIV,2019,Petrol,Individual,Manual,First Owner,Maruti,6
CAR_002757,Maruti Ignis 1.2 Sigma BSIV,2019,Petrol,Individual,Manual,First Owner,Maruti,6
CAR_002758,Maruti Ertiga VDI,2012,Diesel,Individual,Manual,Third Owner,Maruti,13
CAR_002759,Tata Manza Aura Safire BS IV,2013,Petrol,Individual,Manual,First Owner,Tata,12
CAR_002760,Tata Indica GLS BS IV,2008,Petrol,Individual,Manual,Second Owner,Tata,17
CAR_002761,Tata New Safari DICOR 2.2 EX 4x2,2010,Diesel,Individual,Manual,Second Owner,Tata,15
CAR_002762,Ford Aspire Titanium Plus Diesel BSIV,2019,LPG,Individual,Manual,First Owner,Ford,6
CAR_002763,Maruti Eeco 7 Seater Standard BSIV,2017,Petrol,Individual,Manual,First Owner,Maruti,8
CAR_002764,Hyundai Grand i10 1.2 Kappa Asta,2019,Petrol,Individual,Manual,First Owner,Hyundai,6
CAR_002765,Hyundai EON Sportz,2012,Petrol,Individual,Manual,Second Owner,Hyundai,13
CAR_002766,Maruti Alto LXi,2006,Petrol,Individual,Unknown,First Owner,Maruti,19
CAR_002767,Maruti Wagon R LXI,2001,Petrol,Individual,Manual,Second Owner,Maruti,24
CAR_002768,Maruti Alto LX,2004,Petrol,Individual,Manual,First Owner,Maruti,21
CAR_002769,Toyota Innova 2.5 VX (Diesel) 7 Seater,2012,Diesel,Individual,Manual,Second Owner,Toyota,13
CAR_002770,Nissan Terrano XL 85 PS,2016,Diesel,Individual,Manual,Second Owner,Nissan,9
CAR_002771,Nissan Terrano XL 85 PS,2016,Diesel,Individual,Manual,Second Owner,Nissan,9
CAR_002772,Toyota Innova 2.5 V Diesel 7-seater,2009,Diesel,Individual,Manual,Third Owner,Toyota,16
CAR_002773,Toyota Corolla Altis Diesel D4DJ,2012,LPG,Individual,Manual,Second Owner,Toyota,13
CAR_002774,Honda Amaze SX i-VTEC,2015,Petrol,Individual,Manual,First Owner,Honda,10
CAR_002775,Maruti Wagon R LXI Minor,2009,Petrol,Individual,Manual,Second Owner,Maruti,16
CAR_002776,Hyundai Verna 1.6 SX,2014,Diesel,Individual,Manual,Second Owner,Hyundai,11
CAR_002777,Chevrolet Beat Diesel LT,2013,Diesel,Individual,Manual,First Owner,Chevrolet,12
CAR_002778,Maruti Zen LX,1999,Petrol,Individual,Manual,First Owner,Maruti,26
CAR_002779,Hyundai Accent CRDi,2005,Diesel,Individual,Manual,Second Owner,Hyundai,20
CAR_002780,Toyota Innova Crysta 2.4 VX MT BSIV,2017,Diesel,Individual,Manual,First Owner,Toyota,8
CAR_002781,Maruti Esteem Lxi - BSIII,2006,Petrol,Individual,Unknown,First Owner,Maruti,19
CAR_002782,Hyundai Xcent 1.1 CRDi Base,2016,Diesel,Individual,Manual,First Owner,Hyundai,9
CAR_002783,Honda Jazz 1.5 VX i DTEC,2017,Diesel,Dealer,Manual,Test Drive Car,Honda,8
CAR_002784,Maruti Zen LX,2001,Petrol,Individual,Manual,First Owner,Maruti,24
CAR_002785,Toyota Etios GD SP,2011,Diesel,Individual,Manual,Third Owner,Toyota,14
CAR_002786,Hyundai Santro Magna CNG BSIV,2019,CNG,Individual,Manual,First Owner,Hyundai,6
CAR_002787,Fiat Linea Emotion,2010,Petrol,Individual,Manual,First Owner,Fiat,15
CAR_002788,Ford Figo Diesel Titanium,2011,Diesel,Individual,Manual,Second Owner,Ford,14
CAR_002789,Ford Figo Diesel Titanium,2011,Diesel,Individual,Manual,Second Owner,Ford,14
CAR_002790,Maruti Zen Estilo LXI BS IV,2009,Petrol,Individual,Manual,First Owner,Maruti,16
CAR_002791,Honda Amaze EX i-Dtech,2015,LPG,Individual,Manual,Third Owner,Honda,10
CAR_002792,Maruti Celerio X ZXI BSIV,2019,Petrol,Individual,Manual,First Owner,Maruti,6
CAR_002793,Tata Tigor 1.2 Revotron XZ Option,2017,Petrol,Individual,Unknown,First Owner,Tata,8
CAR_002794,Tata Zest Revotron 1.2T XE,2016,Petrol,Individual,Manual,First Owner,Tata,9
CAR_002795,Volkswagen Polo Diesel Trendline 1.2L,2012,Diesel,Individual,Manual,Second Owner,Volkswagen,13
CAR_002796,Ford Figo 1.5D Trend MT,2016,Diesel,Individual,Manual,First Owner,Ford,9
CAR_002797,Toyota Innova 2.5 Z Diesel 7 Seater BS IV,2014,Diesel,Individual,Manual,Third Owner,Toyota,11
CAR_002798,Mahindra XUV500 W6 2WD,2014,LPG,Individual,Manual,Second Owner,Mahindra,11
CAR_002799,Honda Brio S MT,2015,Petrol,Individual,Manual,First Owner,Honda,10
CAR_002800,Honda Amaze E i-VTEC,2017,Petrol,Individual,Manual,First Owner,Honda,8
CAR_002801,Honda Amaze E i-DTEC,2017,Diesel,Individual,Manual,First Owner,Honda,8
CAR_002802,Maruti Baleno Zeta 1.2,2019,LPG,Individual,Manual,First Owner,Maruti,6
CAR_002803,Maruti Alto K10 LXI CNG Optional,2016,CNG,Individual,Manual,First Owner,Maruti,9
CAR_002804,BMW X1 sDrive20d,2012,Diesel,Individual,Automatic,Second Owner,BMW,13
CAR_002805,Maruti Wagon R LXI DUO BSIII,2007,LPG,Individual,Manual,Third Owner,Maruti,18
CAR_002806,Hyundai Grand i10 Sportz,2015,Petrol,Individual,Manual,First Owner,Hyundai,10
CAR_002807,Tata Indica Vista Quadrajet VX,2012,Diesel,Individual,Manual,Second Owner,Tata,13
CAR_002808,Hyundai i20 Asta Option 1.4 CRDi,2016,Diesel,Individual,Manual,First Owner,Hyundai,9
CAR_002809,Maruti Swift VDI BSIV,2017,Diesel,Individual,Manual,First Owner,Maruti,8
CAR_002810,Toyota Innova 2.5 VX (Diesel) 7 Seater,2013,Diesel,Individual,Manual,Second Owner,Toyota,12
CAR_002811,Hyundai Verna CRDi SX,2010,Diesel,Individual,Unknown,Second Owner,Hyundai,15
CAR_002812,Maruti Swift DDiS VDI,2017,Diesel,Individual,Manual,First Owner,Maruti,8
CAR_002813,Skoda Rapid 1.6 TDI Ambition,2013,Diesel,Individual,Manual,Third Owner,Skoda,12
CAR_002814,Audi Q3 2.0 TDI Quattro Premium Plus,2014,Diesel,Individual,Automatic,Second Owner,Audi,11
CAR_002815,Hyundai EON Magna Plus,2018,Petrol,Individual,Unknown,First Owner,Hyundai,7
CAR_002816,Hyundai EON Magna Plus,2018,Petrol,Individual,Manual,First Owner,Hyundai,7
CAR_002817,Mahindra Scorpio S4 4WD,2015,Diesel,Individual,Manual,First Owner,Mahindra,10
CAR_002818,Hyundai Grand i10 Sportz,2016,Petrol,Individual,Manual,First Owner,Hyundai,9
CAR_002819,Mahindra Scorpio 1.99 S10,2015,Diesel,Individual,Manual,Second Owner,Mahindra,10
CAR_002820,Mahindra XUV500 W10 2WD,2018,LPG,Individual,Unknown,First Owner,Mahindra,7
CAR_002821,Maruti Ertiga VDI,2014,LPG,Individual,Manual,Second Owner,Maruti,11
CAR_002822,Maruti Alto LXi,2007,Petrol,Individual,Manual,Second Owner,Maruti,18
CAR_002823,Hyundai Sonata AT Leather,2006,Petrol,Individual,Unknown,Third Owner,Hyundai,19
CAR_002824,Hyundai Sonata 2.4L AT,2006,Petrol,Individual,Automatic,Fourth & Above Owner,Hyundai,19
CAR_002825,Mahindra Bolero Power Plus SLX,2018,Diesel,Individual,Manual,First Owner,Mahindra,7
CAR_002826,Nissan X-Trail SLX MT,2010,Diesel,Individual,Manual,Second Owner,Nissan,15
CAR_002827,Mahindra Xylo E8 ABS Airbag BSIV,2011,Diesel,Individual,Manual,First Owner,Mahindra,14
CAR_002828,Tata Indigo TDI,2013,LPG,Individual,Manual,First Owner,Tata,12
CAR_002829,Tata Indigo GLS,2011,Petrol,Individual,Manual,Second Owner,Tata,14
CAR_002830,Nissan Micra Diesel XV,2011,Diesel,Individual,Manual,Second Owner,Nissan,14
CAR_002831,Nissan Micra XL,2016,Petrol,Individual,Manual,Second Owner,Nissan,9
CAR_002832,Maruti Swift Dzire LDI,2013,Diesel,Individual,Manual,Fourth & Above Owner,Maruti,12
CAR_002833,Hyundai i20 1.4 Sportz,2017,Diesel,Individual,Manual,First Owner,Hyundai,8
CAR_002834,Hyundai Grand i10 CRDi Asta Option,2015,Diesel,Individual,Manual,First Owner,Hyundai,10
CAR_002835,Maruti Alto 800 Std Optional,2019,Petrol,Individual,Manual,First Owner,Maruti,6
CAR_002836,Hyundai Xcent 1.2 Kappa SX,2016,Petrol,Individual,Manual,First Owner,Hyundai,9
CAR_002837,Ford EcoSport 1.5 TDCi Titanium BSIV,2016,Diesel,Dealer,Manual,First Owner,Ford,9
CAR_002838,Hyundai Getz GLS ABS,2005,LPG,Individual,Manual,First Owner,Hyundai,20
CAR_002839,Maruti Swift VXI Optional,2015,Petrol,Individual,Manual,First Owner,Maruti,10
CAR_002840,Maruti Alto LXi BSIII,2008,LPG,Individual,Manual,Second Owner,Maruti,17
CAR_002841,Mahindra Scorpio 2.6 CRDe SLE,2013,Diesel,Individual,Unknown,Second Owner,Mahindra,12
CAR_002842,Nissan Kicks XL D BSIV,2019,Diesel,Individual,Manual,First Owner,Nissan,6
CAR_002843,BMW 3 Series 320d Luxury Line,2015,Diesel,Individual,Automatic,First Owner,BMW,10
CAR_002844,Honda Amaze VX i-VTEC,2018,LPG,Dealer,Manual,First Owner,Honda,7
CAR_002845,Maruti Ritz VDI (ABS) BS IV,2013,Diesel,Individual,Manual,First Owner,Maruti,12
CAR_002846,Honda Jazz 1.2 VX i VTEC,2018,Petrol,Dealer,Manual,First Owner,Honda,7
CAR_002847,Volkswagen Polo Petrol Comfortline 1.2L,2012,Petrol,Individual,Manual,Second Owner,Volkswagen,13
CAR_002848,Honda BR-V i-DTEC VX MT,2016,Diesel,Dealer,Manual,First Owner,Honda,9
CAR_002849,Honda WR-V i-DTEC VX,2019,LPG,Dealer,Manual,First Owner,Honda,6
CAR_002850,Tata Nano Std BSII,2009,Petrol,Individual,Manual,Third Owner,Tata,16
CAR_002851,Honda BR-V i-VTEC VX MT,2017,Petrol,Dealer,Manual,First Owner,Honda,8
CAR_002852,Honda BR-V i-DTEC VX MT,2017,LPG,Dealer,Manual,First Owner,Honda,8
CAR_002853,Hyundai Elite i20 Petrol Asta Option,2018,Petrol,Individual,Unknown,First Owner,Hyundai,7
CAR_002854,Maruti Alto K10 VXI,2016,Petrol,Individual,Manual,First Owner,Maruti,9
CAR_002855,Hyundai i10 Magna 1.2,2009,LPG,Individual,Manual,Second Owner,Hyundai,16
CAR_002856,Mahindra Scorpio 2.6 CRDe,2005,Diesel,Individual,Manual,Third Owner,Mahindra,20
CAR_002857,Hyundai i20 Asta Option 1.4 CRDi,2016,Diesel,Individual,Manual,First Owner,Hyundai,9
CAR_002858,Maruti Ritz VDi,2012,LPG,Individual,Manual,Second Owner,Maruti,13
CAR_002859,Toyota Innova 2.5 G4 Diesel 7-seater,2009,Diesel,Individual,Manual,Second Owner,Toyota,16
CAR_002860,Maruti Celerio ZXI AT,2017,Petrol,Individual,Automatic,First Owner,Maruti,8
CAR_002861,Nissan Micra XL,2013,Petrol,Individual,Manual,First Owner,Nissan,12
CAR_002862,Maruti Alto K10 LXI,2010,Petrol,Individual,Unknown,First Owner,Maruti,15
CAR_002863,Nissan Sunny XL,2012,Petrol,Individual,Manual,Second Owner,Nissan,13
CAR_002864,Maruti Swift VXI,2018,Petrol,Individual,Manual,First Owner,Maruti,7
CAR_002865,Tata Indica Vista TDI LX,2011,Diesel,Individual,Manual,Second Owner,Tata,14
CAR_002866,Volvo XC60 D5 Inscription,2014,LPG,Individual,Automatic,First Owner,Volvo,11
CAR_002867,Toyota Innova 2.5 G4 Diesel 7-seater,2008,Diesel,Individual,Manual,Second Owner,Toyota,17
CAR_002868,Hyundai Verna 1.6 SX CRDi (O),2011,Diesel,Individual,Unknown,First Owner,Hyundai,14
CAR_002869,Maruti Wagon R VXI Minor ABS,2010,LPG,Individual,Manual,First Owner,Maruti,15
CAR_002870,Maruti Omni BSIII 8-STR W/ IMMOBILISER,2008,Petrol,Individual,Manual,Second Owner,Maruti,17
CAR_002871,Maruti Esteem Vxi - BSIII,2006,Petrol,Individual,Manual,Second Owner,Maruti,19
CAR_002872,Maruti Alto 800 LXI,2015,Petrol,Individual,Manual,Second Owner,Maruti,10
CAR_002873,Maruti Celerio VXI,2015,Petrol,Individual,Manual,First Owner,Maruti,10
CAR_002874,Hyundai Santro Xing XG,2005,Petrol,Individual,Manual,Third Owner,Hyundai,20
CAR_002875,Maruti Wagon R AMT VXI Option,2018,Petrol,Individual,Automatic,First Owner,Maruti,7
CAR_002876,Maruti Swift Dzire VDI,2019,Diesel,Individual,Manual,First Owner,Maruti,6
CAR_002877,Maruti Alto 800 LX,2017,LPG,Individual,Manual,First Owner,Maruti,8
CAR_002878,Maruti Swift Dzire VDI,2016,Diesel,Individual,Manual,First Owner,Maruti,9
CAR_002879,Ambassador Classic 2000 Dsz,2002,Diesel,Individual,Manual,Fourth & Above Owner,Ambassador,23
CAR_002880,Maruti Ciaz Sigma BSIV,2018,Petrol,Individual,Manual,First Owner,Maruti,7
CAR_002881,Ford Figo 1.5D Titanium MT,2016,Diesel,Individual,Manual,First Owner,Ford,9
CAR_002882,Hyundai i20 1.2 Magna,2010,LPG,Individual,Unknown,Third Owner,Hyundai,15
CAR_002883,Hyundai i20 Asta (o),2014,Petrol,Dealer,Manual,Second Owner,Hyundai,11
CAR_002884,Chevrolet Spark 1.0 LT Option Pack w/ Airbag,2013,Petrol,Dealer,Manual,First Owner,Chevrolet,12
CAR_002885,Fiat Linea 1.3 Emotion,2010,LPG,Dealer,Unknown,First Owner,Fiat,15
CAR_002886,Chevrolet Beat LT,2015,Petrol,Dealer,Manual,First Owner,Chevrolet,10
CAR_002887,Ford Figo 1.2P Titanium Plus MT,2012,Petrol,Dealer,Manual,First Owner,Ford,13
CAR_002888,Skoda Superb Elegance 2.0 TDI CR AT,2011,Diesel,Dealer,Unknown,First Owner,Skoda,14
CAR_002889,Hyundai Grand i10 1.2 Kappa Era,2015,Petrol,Dealer,Manual,First Owner,Hyundai,10
CAR_002890,Tata Safari Storme EX,2013,Diesel,Dealer,Manual,First Owner,Tata,12
CAR_002891,Chevrolet Sail 1.2 Base,2014,Petrol,Individual,Manual,First Owner,Chevrolet,11
CAR_002892,Volkswagen Vento 1.0 TSI Highline Plus,2011,LPG,Dealer,Manual,Second Owner,Volkswagen,14
CAR_002893,Ford Classic 1.6 Duratec LXI,2011,Petrol,Dealer,Manual,First Owner,Ford,14
CAR_002894,Honda Brio 1.2 S MT,2014,LPG,Dealer,Manual,First Owner,Honda,11
CAR_002895,Chevrolet Cruze LTZ,2014,Diesel,Dealer,Manual,First Owner,Chevrolet,11
CAR_002896,Maruti Zen Estilo LXI BSIII,2008,LPG,Individual,Manual,First Owner,Maruti,17
CAR_002897,Honda Brio 1.2 S MT,2012,Petrol,Dealer,Manual,First Owner,Honda,13
CAR_002898,Honda City 1.5 V MT,2012,Petrol,Dealer,Manual,Second Owner,Honda,13
CAR_002899,Hyundai Verna 1.6 CRDi SX,2016,LPG,Dealer,Manual,First Owner,Hyundai,9
CAR_002900,Honda Brio V MT,2012,Petrol,Dealer,Manual,Second Owner,Honda,13
CAR_002901,Hyundai EON D Lite Plus,2012,Petrol,Dealer,Manual,Third Owner,Hyundai,13
CAR_002902,Chevrolet Beat Diesel LT,2012,Diesel,Individual,Manual,First Owner,Chevrolet,13
CAR_002903,Maruti Wagon R VXI Optional,2015,Petrol,Individual,Manual,First Owner,Maruti,10
CAR_002904,Maruti Alto LXi,2012,Petrol,Individual,Manual,First Owner,Maruti,13
CAR_002905,Maruti Zen LX,1999,Petrol,Individual,Manual,Fourth & Above Owner,Maruti,26
CAR_002906,Mahindra Bolero Power Plus SLX,2018,Diesel,Individual,Manual,First Owner,Mahindra,7
CAR_002907,Maruti Ertiga ZXI AT Petrol,2019,Petrol,Individual,Automatic,First Owner,Maruti,6
CAR_002908,Maruti Swift Dzire VXI,2013,Petrol,Individual,Manual,First Owner,Maruti,12
CAR_002909,Maruti 800 Std,1998,Petrol,Individual,Manual,Fourth & Above Owner,Maruti,27
CAR_002910,Ford Fiesta Titanium 1.5 TDCi,2013,Diesel,Individual,Unknown,Second Owner,Ford,12
CAR_002911,BMW 5 Series 525d Sedan,2009,Diesel,Individual,Automatic,Third Owner,BMW,16
CAR_002912,Mahindra Bolero SLX,2007,LPG,Individual,Manual,Second Owner,Mahindra,18
CAR_002913,Honda City i DTEC E,2014,Diesel,Individual,Manual,Second Owner,Honda,11
CAR_002914,Tata Indica Vista Quadrajet LS,2011,Diesel,Individual,Manual,Second Owner,Tata,14
CAR_002915,Hyundai Creta 1.6 Gamma SX Plus,2015,Petrol,Individual,Manual,First Owner,Hyundai,10
CAR_002916,Maruti Alto K10 VXI,2014,Petrol,Individual,Manual,Second Owner,Maruti,11
CAR_002917,Mahindra Scorpio 1.99 S10,2017,Diesel,Individual,Manual,Second Owner,Mahindra,8
CAR_002918,Maruti Alto 800 VXI,2016,Petrol,Individual,Manual,Second Owner,Maruti,9
CAR_002919,Ford Figo Aspire 1.5 TDCi Trend,2015,Diesel,Dealer,Manual,First Owner,Ford,10
CAR_002920,Maruti SX4 ZDI,2012,Diesel,Individual,Manual,Second Owner,Maruti,13
CAR_002921,Hyundai Elite i20 Diesel Asta Option,2018,Diesel,Individual,Manual,First Owner,Hyundai,7
CAR_002922,Hyundai Verna 1.6 CRDI SX Option,2017,Diesel,Individual,Manual,First Owner,Hyundai,8
CAR_002923,Chevrolet Optra Magnum 2.0 LT,2011,Diesel,Individual,Unknown,Second Owner,Chevrolet,14
CAR_002924,Maruti S-Cross Alpha DDiS 200 SH,2017,Diesel,Individual,Unknown,First Owner,Maruti,8
CAR_002925,Hyundai Santro Xing GLS,2010,Petrol,Individual,Manual,Fourth & Above Owner,Hyundai,15
CAR_002926,Mahindra TUV 300 T6 Plus,2017,Diesel,Individual,Manual,First Owner,Mahindra,8
CAR_002927,Mahindra Quanto C4,2016,Diesel,Individual,Manual,Second Owner,Mahindra,9
CAR_002928,Tata Indica Vista Aura 1.3 Quadrajet BSIV,2010,Diesel,Individual,Manual,Second Owner,Tata,15
CAR_002929,Tata Indigo GLX,2008,Petrol,Individual,Manual,Third Owner,Tata,17
CAR_002930,Hyundai Santro LP zipPlus,2002,Petrol,Individual,Manual,Second Owner,Hyundai,23
CAR_002931,Maruti SX4 ZXI AT,2009,Petrol,Individual,Automatic,Second Owner,Maruti,16
CAR_002932,Volkswagen Vento 1.5 TDI Comfortline AT,2014,Diesel,Individual,Automatic,First Owner,Volkswagen,11
CAR_002933,Volkswagen Jetta 2.0L TDI Highline AT,2012,Diesel,Dealer,Automatic,First Owner,Volkswagen,13
CAR_002934,Tata Indica Vista Quadrajet 90 VX,2012,Diesel,Dealer,Manual,First Owner,Tata,13
CAR_002935,Honda City VX MT,2010,Petrol,Dealer,Manual,First Owner,Honda,15
CAR_002936,Volkswagen Jetta 1.9 Highline TDI,2010,Diesel,Dealer,Automatic,First Owner,Volkswagen,15
CAR_002937,Volkswagen Vento 1.5 TDI Highline Plus AT,2017,Diesel,Dealer,Automatic,First Owner,Volkswagen,8
CAR_002938,Honda Jazz VX,2011,Petrol,Dealer,Unknown,First Owner,Honda,14
CAR_002939,Maruti Eeco 5 Seater AC BSIV,2017,Petrol,Dealer,Manual,First Owner,Maruti,8
CAR_002940,Maruti Wagon R VXI AMT1.2BSIV,2017,Petrol,Dealer,Automatic,First Owner,Maruti,8
CAR_002941,Hyundai Grand i10 Asta,2017,Petrol,Dealer,Manual,First Owner,Hyundai,8
CAR_002942,Volkswagen Polo 1.0 MPI Trendline,2012,Petrol,Dealer,Manual,First Owner,Volkswagen,13
CAR_002943,Hyundai Creta 1.6 CRDi SX Option,2018,LPG,Dealer,Manual,First Owner,Hyundai,7
CAR_002944,Hyundai Grand i10 Asta Option,2015,Petrol,Dealer,Manual,First Owner,Hyundai,10
CAR_002945,Hyundai EON Era Plus,2014,Petrol,Dealer,Manual,First Owner,Hyundai,11
CAR_002946,Hyundai Xcent 1.1 CRDi SX Option,2014,Diesel,Dealer,Manual,First Owner,Hyundai,11
CAR_002947,Tata Nano Lx BSIV,2010,Petrol,Dealer,Manual,First Owner,Tata,15
CAR_002948,Toyota Etios Cross 1.2L G,2015,Petrol,Dealer,Manual,First Owner,Toyota,10
CAR_002949,Maruti Swift DDiS LDI,2016,Diesel,Dealer,Manual,First Owner,Maruti,9
CAR_002950,Hyundai i10 Sportz 1.2 AT,2013,Petrol,Dealer,Automatic,First Owner,Hyundai,12
CAR_002951,Volkswagen Vento 1.5 TDI Comfortline,2012,Diesel,Dealer,Unknown,First Owner,Volkswagen,13
CAR_002952,Skoda Rapid 1.5 TDI AT Ambition,2015,Diesel,Dealer,Unknown,First Owner,Skoda,10
CAR_002953,Hyundai Elite i20 Sportz Plus CVT BSIV,2019,Petrol,Individual,Unknown,First Owner,Hyundai,6
CAR_002954,Maruti Alto K10 VXI,2016,LPG,Individual,Manual,First Owner,Maruti,9
CAR_002955,Tata Indica Vista Quadrajet LX,2012,Diesel,Individual,Manual,First Owner,Tata,13
CAR_002956,Toyota Innova 2.5 G4 Diesel 7-seater,2007,LPG,Individual,Unknown,Fourth & Above Owner,Toyota,18
CAR_002957,Volkswagen Vento IPL II Diesel Trendline,2011,Diesel,Individual,Manual,First Owner,Volkswagen,14
CAR_002958,Hyundai Santro GS,2006,Petrol,Individual,Manual,Second Owner,Hyundai,19
CAR_002959,Maruti Swift VXi BSIV,2008,LPG,Individual,Manual,Second Owner,Maruti,17
CAR_002960,Maruti Swift Dzire VDI,2014,Diesel,Individual,Unknown,Second Owner,Maruti,11
CAR_002961,Maruti Alto LX,2006,Petrol,Individual,Manual,Second Owner,Maruti,19
CAR_002962,Mahindra Scorpio VLS 2.2 mHawk,2008,Diesel,Individual,Manual,Third Owner,Mahindra,17
CAR_002963,Skoda Fabia 1.2 TDI Active,2011,Diesel,Individual,Unknown,Second Owner,Skoda,14
CAR_002964,Maruti Zen Estilo Sports,2009,Petrol,Individual,Manual,First Owner,Maruti,16
CAR_002965,Maruti Swift VDI,2012,Diesel,Individual,Manual,First Owner,Maruti,13
CAR_002966,Maruti Alto 800 LXI,2014,Petrol,Individual,Unknown,First Owner,Maruti,11
CAR_002967,Toyota Corolla Altis G,2011,Petrol,Individual,Unknown,Second Owner,Toyota,14
CAR_002968,Ford Fiesta 1.6 Duratec S,2010,Petrol,Individual,Manual,Second Owner,Ford,15
CAR_002969,Hyundai Verna 1.6 CRDi SX,2015,Diesel,Individual,Manual,Second Owner,Hyundai,10
CAR_002970,Maruti Swift Dzire VDI,2017,Diesel,Individual,Unknown,First Owner,Maruti,8
CAR_002971,Maruti Wagon R VXI Plus Optional,2017,Petrol,Individual,Manual,First Owner,Maruti,8
CAR_002972,Maruti Swift Dzire VDI,2014,Diesel,Individual,Manual,Second Owner,Maruti,11
CAR_002973,Mahindra Jeep MM 540,1996,Diesel,Individual,Unknown,First Owner,Mahindra,29
CAR_002974,Maruti Wagon R VXI Plus Optional,2017,LPG,Individual,Manual,First Owner,Maruti,8
CAR_002975,Maruti Zen Estilo LXI Green (CNG),2010,CNG,Individual,Manual,Second Owner,Maruti,15
CAR_002976,Maruti Ritz VDi,2011,Diesel,Individual,Manual,Second Owner,Maruti,14
CAR_002977,Maruti Swift Dzire VDI,2014,Diesel,Individual,Manual,First Owner,Maruti,11
CAR_002978,Tata Bolt Revotron XE,2016,Petrol,Individual,Manual,Second Owner,Tata,9
CAR_002979,Maruti Swift VDI BSIV,2015,Diesel,Individual,Manual,Third Owner,Maruti,10
CAR_002980,Skoda Rapid Monte Carlo 1.6 MPI AT BSIV,2017,Petrol,Individual,Automatic,First Owner,Skoda,8
CAR_002981,Hyundai i20 Asta 1.4 CRDi,2014,Diesel,Individual,Manual,Second Owner,Hyundai,11
CAR_002982,Hyundai i20 Active 1.2 SX,2016,Petrol,Individual,Manual,First Owner,Hyundai,9
CAR_002983,Hyundai i20 Active 1.2 SX,2016,Petrol,Individual,Manual,First Owner,Hyundai,9
CAR_002984,Tata New Safari 4X2,2007,Petrol,Individual,Manual,Second Owner,Tata,18
CAR_002985,Maruti Celerio VXI,2015,Petrol,Individual,Manual,First Owner,Maruti,10
CAR_002986,Maruti Swift 1.3 VXi,2008,LPG,Individual,Manual,Second Owner,Maruti,17
CAR_002987,Hyundai Grand i10 Sportz,2014,Petrol,Individual,Manual,First Owner,Hyundai,11
CAR_002988,Hyundai Santro Xing XG,2004,Petrol,Individual,Manual,First Owner,Hyundai,21
CAR_002989,Tata Manza Club Class Quadrajet90 LS,2014,Diesel,Individual,Manual,First Owner,Tata,11
CAR_002990,Hyundai EON Magna Plus,2016,Petrol,Individual,Manual,First Owner,Hyundai,9
CAR_002991,Tata Indica GLS BS IV,2009,Petrol,Individual,Manual,Second Owner,Tata,16
CAR_002992,Tata Manza ELAN Quadrajet BS IV,2011,Diesel,Individual,Manual,Third Owner,Tata,14
CAR_002993,Hyundai EON Era Plus,2017,Petrol,Individual,Manual,First Owner,Hyundai,8
CAR_002994,Maruti Eeco 5 Seater AC BSIV,2018,Petrol,Individual,Manual,First Owner,Maruti,7
CAR_002995,Honda City i DTec SV,2014,Diesel,Dealer,Manual,First Owner,Honda,11
CAR_002996,Maruti Swift LXI,2019,LPG,Individual,Manual,First Owner,Maruti,6
CAR_002997,Hyundai i10 Sportz 1.2,2008,Petrol,Individual,Manual,First Owner,Hyundai,17
CAR_002998,Maruti Swift VVT VXI,2017,Petrol,Individual,Manual,First Owner,Maruti,8
CAR_002999,Ford Fiesta 1.4 ZXi TDCi ABS,2009,Diesel,Individual,Manual,Fourth & Above Owner,Ford,16
CAR_003000,Maruti Alto 800 LXI,2014,Petrol,Dealer,Manual,Second Owner,Maruti,11
CAR_003001,Hyundai i20 Sportz Petrol,2010,Petrol,Individual,Manual,First Owner,Hyundai,15
CAR_003002,Maruti Zen LXI,2006,Petrol,Individual,Manual,First Owner,Maruti,19
CAR_003003,Honda WR-V i-VTEC VX,2018,Petrol,Individual,Manual,First Owner,Honda,7
CAR_003004,Hyundai Grand i10 Sportz,2015,Petrol,Individual,Manual,First Owner,Hyundai,10
CAR_003005,Maruti Alto 800 LXI,2019,Petrol,Individual,Manual,First Owner,Maruti,6
CAR_003006,Honda Amaze VX i-DTEC,2016,Diesel,Individual,Manual,First Owner,Honda,9
CAR_003007,Maruti Zen Estilo VXI BSIV,2010,Petrol,Individual,Manual,Second Owner,Maruti,15
CAR_003008,Maruti Ertiga SHVS ZDI Plus,2017,Diesel,Individual,Manual,Second Owner,Maruti,8
CAR_003009,Maruti Swift Dzire ZDI,2017,Diesel,Individual,Manual,First Owner,Maruti,8
CAR_003010,Renault Duster Petrol RxL,2013,Petrol,Individual,Manual,Second Owner,Renault,12
CAR_003011,Mahindra TUV 300 mHAWK100 T8,2017,Diesel,Individual,Manual,First Owner,Mahindra,8
CAR_003012,Mahindra Bolero Power Plus SLX,2017,Diesel,Individual,Manual,First Owner,Mahindra,8
CAR_003013,Maruti Omni E MPI STD BS IV,2017,Petrol,Individual,Manual,Fourth & Above Owner,Maruti,8
CAR_003014,Tata New Safari DICOR 2.2 EX 4x2,2009,Diesel,Individual,Manual,Third Owner,Tata,16
CAR_003015,Maruti Omni CNG,2007,CNG,Individual,Unknown,Fourth & Above Owner,Maruti,18
CAR_003016,Hyundai i20 Sportz 1.2,2015,Petrol,Individual,Manual,First Owner,Hyundai,10
CAR_003017,Hyundai i20 Sportz 1.2,2014,Petrol,Individual,Manual,First Owner,Hyundai,11
CAR_003018,Chevrolet Spark 1.0 LS,2012,Petrol,Individual,Manual,Second Owner,Chevrolet,13
CAR_003019,Toyota Etios VD,2014,Diesel,Individual,Manual,Second Owner,Toyota,11
CAR_003020,Volkswagen Polo 1.2 MPI Comfortline,2016,Petrol,Individual,Manual,First Owner,Volkswagen,9
CAR_003021,Maruti Zen Estilo 1.1 LXI BSIII,2008,Petrol,Individual,Manual,Fourth & Above Owner,Maruti,17
CAR_003022,Maruti Swift ZDi BSIV,2015,Diesel,Individual,Manual,First Owner,Maruti,10
CAR_003023,Hyundai Elite i20 Sportz Plus BSIV,2015,Petrol,Individual,Manual,First Owner,Hyundai,10
CAR_003024,Tata Indica Vista Terra TDI BSIII,2009,Diesel,Individual,Unknown,First Owner,Tata,16
CAR_003025,Maruti Alto 800 LXI,2020,Petrol,Individual,Manual,First Owner,Maruti,5
CAR_003026,Tata Indica Vista Quadrajet VX,2013,Diesel,Individual,Manual,First Owner,Tata,12
CAR_003027,Toyota Innova 2.5 V Diesel 8-seater,2010,Diesel,Individual,Manual,Third Owner,Toyota,15
CAR_003028,Chevrolet Beat Diesel,2012,Diesel,Individual,Manual,Second Owner,Chevrolet,13
CAR_003029,Fiat Grande Punto 1.3 Dynamic (Diesel),2010,Diesel,Individual,Manual,Third Owner,Fiat,15
CAR_003030,Honda Mobilio S i VTEC,2015,Petrol,Individual,Manual,First Owner,Honda,10
CAR_003031,Mahindra Quanto C6,2013,Diesel,Individual,Manual,First Owner,Mahindra,12
CAR_003032,Mahindra Bolero DI DX 8 Seater,2004,Diesel,Individual,Manual,Fourth & Above Owner,Mahindra,21
CAR_003033,Tata Indica Vista Aqua 1.4 TDI,2008,Diesel,Individual,Manual,Third Owner,Tata,17
CAR_003034,Maruti Wagon R LXI Minor,2008,LPG,Individual,Manual,Third Owner,Maruti,17
CAR_003035,Renault KWID RXE,2018,Petrol,Individual,Manual,Second Owner,Renault,7
CAR_003036,Maruti Alto K10 VXI,2014,Petrol,Individual,Manual,Second Owner,Maruti,11
CAR_003037,Maruti Wagon R VXI BS IV,2014,Petrol,Individual,Manual,Second Owner,Maruti,11
CAR_003038,Hyundai i20 Magna,2010,Petrol,Individual,Manual,First Owner,Hyundai,15
CAR_003039,Tata Indigo TDI,2010,Diesel,Individual,Manual,First Owner,Tata,15
CAR_003040,Maruti 800 AC BSII,2004,Petrol,Individual,Manual,Third Owner,Maruti,21
CAR_003041,Skoda Laura L n K 1.9 PD,2006,Diesel,Individual,Manual,Second Owner,Skoda,19
CAR_003042,Mahindra Quanto C4,2013,Diesel,Individual,Unknown,Fourth & Above Owner,Mahindra,12
CAR_003043,Hyundai Santro Magna AMT BSIV,2019,Petrol,Individual,Automatic,First Owner,Hyundai,6
CAR_003044,Maruti Alto STD,2009,Petrol,Individual,Manual,First Owner,Maruti,16
CAR_003045,Maruti Ritz VDi,2014,Diesel,Individual,Manual,First Owner,Maruti,11
CAR_003046,Maruti Swift AMT VXI,2019,Petrol,Individual,Automatic,First Owner,Maruti,6
CAR_003047,Kia Seltos HTK Plus AT D,2019,Diesel,Individual,Automatic,First Owner,Kia,6
CAR_003048,Hyundai Santro Magna BSIV,2019,Petrol,Individual,Manual,First Owner,Hyundai,6
CAR_003049,Maruti Eeco CNG 5 Seater AC BSIV,2019,CNG,Individual,Manual,First Owner,Maruti,6
CAR_003050,Toyota Etios VX,2012,Petrol,Individual,Manual,Third Owner,Toyota,13
CAR_003051,Maruti Alto 800 LXI,2020,Petrol,Individual,Manual,First Owner,Maruti,5
CAR_003052,Ford Figo 1.5D Trend MT,2016,Diesel,Dealer,Manual,First Owner,Ford,9
CAR_003053,Volkswagen Vento Diesel Comfortline,2012,Diesel,Individual,Manual,First Owner,Volkswagen,13
CAR_003054,Hyundai EON Magna Plus,2018,Petrol,Individual,Unknown,First Owner,Hyundai,7
CAR_003055,Maruti Ciaz ZDi Plus SHVS,2017,Diesel,Individual,Manual,First Owner,Maruti,8
CAR_003056,Tata New Safari DICOR 2.2 EX 4x2,2009,Diesel,Individual,Manual,Second Owner,Tata,16
CAR_003057,Maruti Swift 1.3 VXi,2010,Petrol,Individual,Manual,First Owner,Maruti,15
CAR_003058,Maruti Alto LXi,2012,Petrol,Individual,Manual,Second Owner,Maruti,13
CAR_003059,Mahindra Renault Logan 1.5 DLE Diesel,2007,Diesel,Individual,Manual,Second Owner,Mahindra,18
CAR_003060,Maruti Swift VDI BSIV,2014,LPG,Individual,Manual,First Owner,Maruti,11
CAR_003061,Maruti Alto K10 LXI,2011,Petrol,Individual,Manual,Second Owner,Maruti,14
CAR_003062,Maruti Alto K10 2010-2014 VXI,2010,Petrol,Individual,Unknown,Third Owner,Maruti,15
CAR_003063,Ford Ikon 1.4 TDCi DuraTorq,2009,Diesel,Individual,Manual,Third Owner,Ford,16
CAR_003064,Tata Tiago XT,2016,Petrol,Dealer,Manual,First Owner,Tata,9
CAR_003065,Ford Endeavour Titanium Plus 4X4,2017,Diesel,Dealer,Automatic,First Owner,Ford,8
CAR_003066,Ford Endeavour 3.2 Titanium AT 4X4,2018,LPG,Dealer,Automatic,First Owner,Ford,7
CAR_003067,Ford Endeavour Titanium Plus 4X4,2017,Diesel,Dealer,Automatic,First Owner,Ford,8
CAR_003068,Honda City V AT,2011,Petrol,Dealer,Unknown,Second Owner,Honda,14
CAR_003069,Honda City i VTEC S,2014,Petrol,Individual,Manual,First Owner,Honda,11
CAR_003070,Maruti Alto K10 VXI Airbag,2017,Petrol,Individual,Manual,First Owner,Maruti,8
CAR_003071,Ford Ecosport 1.5 Ti VCT AT Titanium,2014,LPG,Dealer,Automatic,Second Owner,Ford,11
CAR_003072,Maruti Swift Dzire VDi,2009,Diesel,Individual,Manual,Third Owner,Maruti,16
CAR_003073,Hyundai Xcent 1.2 VTVT S,2019,Petrol,Individual,Manual,First Owner,Hyundai,6
CAR_003074,Hyundai i20 Asta 1.4 CRDi,2013,Diesel,Individual,Manual,Second Owner,Hyundai,12
CAR_003075,Volkswagen Jetta 2.0L TDI Comfortline,2012,LPG,Individual,Manual,Second Owner,Volkswagen,13
CAR_003076,Maruti Vitara Brezza ZDi Plus AMT,2018,Diesel,Individual,Automatic,Second Owner,Maruti,7
CAR_003077,Hyundai Grand i10 Sportz,2016,LPG,Individual,Manual,Second Owner,Hyundai,9
CAR_003078,Hyundai Creta 1.6 CRDi SX Plus,2018,Diesel,Individual,Manual,First Owner,Hyundai,7
CAR_003079,Maruti Swift VDI BSIV,2011,Diesel,Individual,Manual,First Owner,Maruti,14
CAR_003080,Hyundai Grand i10 CRDi Sportz,2015,Diesel,Individual,Manual,Second Owner,Hyundai,10
CAR_003081,Skoda Laura Ambiente 2.0 TDI CR MT,2012,Diesel,Individual,Manual,First Owner,Skoda,13
CAR_003082,Ford Fiesta 1.4 ZXi Leather,2007,Petrol,Individual,Manual,First Owner,Ford,18
CAR_003083,Audi A6 2.7 TDI,2010,Diesel,Individual,Automatic,First Owner,Audi,15
CAR_003084,Chevrolet Cruze LTZ AT,2012,Diesel,Individual,Automatic,Third Owner,Chevrolet,13
CAR_003085,Maruti Swift Dzire ZDI,2015,Diesel,Dealer,Unknown,First Owner,Maruti,10
CAR_003086,Maruti Swift Dzire VDI,2013,Diesel,Dealer,Manual,Second Owner,Maruti,12
CAR_003087,Maruti Ertiga VDI,2013,Diesel,Individual,Manual,First Owner,Maruti,12
CAR_003088,Tata Nano Lx BSIV,2012,LPG,Individual,Manual,Second Owner,Tata,13
CAR_003089,Maruti Wagon R VXI BSII,2006,Petrol,Individual,Manual,Second Owner,Maruti,19
CAR_003090,Maruti Swift Dzire VDI,2013,Diesel,Dealer,Manual,First Owner,Maruti,12
CAR_003091,Maruti Wagon R CNG LXI,2013,CNG,Dealer,Manual,First Owner,Maruti,12
CAR_003092,Honda Jazz 1.2 V i VTEC,2016,Petrol,Dealer,Manual,First Owner,Honda,9
CAR_003093,Maruti Ciaz VDi Plus SHVS,2016,Diesel,Dealer,Manual,First Owner,Maruti,9
CAR_003094,Hyundai i20 Magna 1.4 CRDi (Diesel),2013,Diesel,Dealer,Unknown,Second Owner,Hyundai,12
CAR_003095,Audi A4 2.0 TDI,2011,Diesel,Dealer,Automatic,First Owner,Audi,14
CAR_003096,Maruti Ciaz VDI SHVS,2016,Diesel,Dealer,Manual,First Owner,Maruti,9
CAR_003097,Maruti Vitara Brezza ZDi Plus Dual Tone,2018,Diesel,Individual,Manual,First Owner,Maruti,7
CAR_003098,Chevrolet Beat Diesel LS,2014,LPG,Individual,Manual,First Owner,Chevrolet,11
CAR_003099,Maruti Ritz VXI,2011,Petrol,Individual,Manual,Second Owner,Maruti,14
CAR_003100,Maruti Baleno Zeta 1.3,2016,Diesel,Individual,Manual,First Owner,Maruti,9
CAR_003101,Hyundai Xcent 1.2 Kappa S,2016,Petrol,Individual,Manual,First Owner,Hyundai,9
CAR_003102,Chevrolet Beat Diesel LS,2014,Diesel,Individual,Manual,First Owner,Chevrolet,11
CAR_003103,Tata New Safari DICOR 2.2 GX 4x2 BS IV,2012,Diesel,Individual,Manual,Second Owner,Tata,13
CAR_003104,Renault Fluence 1.5,2012,Diesel,Individual,Manual,First Owner,Renault,13
CAR_003105,Maruti Wagon R LXI Minor,2009,Petrol,Individual,Manual,First Owner,Maruti,16
CAR_003106,Hyundai Accent GLS 1.6 ABS,2006,Petrol,Individual,Manual,Third Owner,Hyundai,19
CAR_003107,Tata Tiago 1.2 Revotron XZ,2019,Petrol,Individual,Manual,First Owner,Tata,6
CAR_003108,Ford Fiesta 1.4 ZXi TDCi ABS,2009,Diesel,Individual,Manual,Fourth & Above Owner,Ford,16
CAR_003109,Hyundai EON Era Plus Option,2016,Petrol,Individual,Manual,Second Owner,Hyundai,9
CAR_003110,Hyundai i20 Asta (o),2009,Petrol,Individual,Unknown,First Owner,Hyundai,16
CAR_003111,Mahindra Scorpio BSIV,2018,Diesel,Individual,Manual,First Owner,Mahindra,7
CAR_003112,Hyundai Getz GLS,2007,LPG,Individual,Unknown,Fourth & Above Owner,Hyundai,18
CAR_003113,Maruti Eeco CNG 5 Seater AC BSIV,2020,CNG,Individual,Manual,First Owner,Maruti,5
CAR_003114,Tata Indigo TDI,2012,Diesel,Individual,Manual,First Owner,Tata,13
CAR_003115,Maruti A-Star Vxi,2009,Petrol,Individual,Manual,Fourth & Above Owner,Maruti,16
CAR_003116,Maruti Alto LXi,2008,Petrol,Individual,Manual,Fourth & Above Owner,Maruti,17
CAR_003117,Maruti Alto 800 LX,2016,Petrol,Individual,Manual,Second Owner,Maruti,9
CAR_003118,Toyota Etios 1.5 V,2016,Petrol,Individual,Manual,First Owner,Toyota,9
CAR_003119,Ford Ikon 1.3 Flair,2005,Petrol,Individual,Unknown,Third Owner,Ford,20
CAR_003120,Chevrolet Aveo 1.4,2007,Petrol,Individual,Manual,Second Owner,Chevrolet,18
CAR_003121,Hyundai Grand i10 1.2 Kappa Magna BSIV,2018,LPG,Individual,Unknown,First Owner,Hyundai,7
CAR_003122,Volkswagen Polo 1.2 MPI Highline,2014,Petrol,Individual,Manual,First Owner,Volkswagen,11
CAR_003123,BMW 5 Series 530i,2006,Petrol,Individual,Automatic,Second Owner,BMW,19
CAR_003124,Maruti S-Cross Delta DDiS 200 SH,2019,Diesel,Individual,Unknown,First Owner,Maruti,6
CAR_003125,Maruti Swift Dzire VDI,2015,Diesel,Individual,Manual,First Owner,Maruti,10
CAR_003126,Hyundai Verna CRDi SX ABS,2009,Diesel,Individual,Manual,Third Owner,Hyundai,16
CAR_003127,Maruti Wagon R Stingray VXI,2013,Petrol,Individual,Manual,Third Owner,Maruti,12
CAR_003128,Maruti Celerio VXI,2015,Petrol,Individual,Manual,Third Owner,Maruti,10
CAR_003129,Volkswagen Vento Diesel Trendline,2011,Diesel,Individual,Manual,First Owner,Volkswagen,14
CAR_003130,Tata New Safari DICOR 2.2 EX 4x2,2010,Diesel,Individual,Manual,First Owner,Tata,15
CAR_003131,Hyundai Verna CRDi SX,2008,LPG,Individual,Manual,Third Owner,Hyundai,17
CAR_003132,Maruti Swift Dzire LDi,2012,Diesel,Individual,Manual,Second Owner,Maruti,13
CAR_003133,Maruti Wagon R LXI,2005,Petrol,Individual,Manual,Second Owner,Maruti,20
CAR_003134,Skoda Laura Ambiente,2008,Diesel,Individual,Manual,Third Owner,Skoda,17
CAR_003135,Chevrolet Cruze LTZ,2011,Diesel,Individual,Manual,First Owner,Chevrolet,14
CAR_003136,Mahindra Scorpio 1.99 S10,2016,Diesel,Individual,Manual,First Owner,Mahindra,9
CAR_003137,Maruti Alto 800 LXI,2012,Petrol,Individual,Manual,First Owner,Maruti,13
CAR_003138,Maruti Alto LXi BSIII,2009,Petrol,Individual,Manual,Second Owner,Maruti,16
CAR_003139,Honda City 1.5 S MT,2009,Petrol,Individual,Manual,Second Owner,Honda,16
CAR_003140,Maruti Celerio VXI,2016,Petrol,Dealer,Manual,First Owner,Maruti,9
CAR_003141,Maruti Wagon R LXI,2005,LPG,Individual,Manual,Second Owner,Maruti,20
CAR_003142,Maruti Alto LX,2006,LPG,Individual,Manual,First Owner,Maruti,19
CAR_003143,Maruti Alto K10 2010-2014 VXI,2010,Petrol,Individual,Manual,First Owner,Maruti,15
CAR_003144,Toyota Etios Liva 1.4 VD,2017,Diesel,Dealer,Unknown,First Owner,Toyota,8
CAR_003145,Honda Amaze VX O iDTEC,2017,Diesel,Dealer,Manual,First Owner,Honda,8
CAR_003146,Maruti Ciaz 1.4 AT Zeta,2017,Petrol,Individual,Automatic,First Owner,Maruti,8
CAR_003147,Mahindra Quanto C8,2013,Diesel,Individual,Manual,Second Owner,Mahindra,12
CAR_003148,Hyundai Verna CRDi 1.6 SX Option,2018,Diesel,Dealer,Manual,First Owner,Hyundai,7
CAR_003149,Maruti Swift 1.3 VXI ABS,2015,Petrol,Dealer,Manual,First Owner,Maruti,10
CAR_003150,Maruti Wagon R LXI,2011,Petrol,Dealer,Manual,First Owner,Maruti,14
CAR_003151,Ford Ecosport 1.0 Ecoboost Titanium Optional,2013,Petrol,Individual,Manual,First Owner,Ford,12
CAR_003152,Mahindra XUV500 W8 2WD,2013,Diesel,Dealer,Manual,First Owner,Mahindra,12
CAR_003153,Renault KWID Climber 1.0 AMT BSIV,2017,Petrol,Dealer,Automatic,First Owner,Renault,8
CAR_003154,Maruti Wagon R LXI,2009,Petrol,Dealer,Manual,First Owner,Maruti,16
CAR_003155,Maruti Swift Dzire VDI,2017,Diesel,Dealer,Manual,First Owner,Maruti,8
CAR_003156,Renault KWID RXL BSIV,2017,Petrol,Dealer,Manual,First Owner,Renault,8
CAR_003157,Hyundai EON 1.0 Era Plus,2012,Petrol,Dealer,Manual,First Owner,Hyundai,13
CAR_003158,Maruti Wagon R AMT VXI,2014,LPG,Dealer,Automatic,First Owner,Maruti,11
CAR_003159,Mahindra Bolero Power Plus SLX,2017,Diesel,Individual,Manual,Second Owner,Mahindra,8
CAR_003160,Mahindra XUV500 W8 2WD,2012,Diesel,Dealer,Manual,First Owner,Mahindra,13
CAR_003161,Toyota Innova 2.5 G (Diesel) 8 Seater,2015,Diesel,Dealer,Manual,First Owner,Toyota,10
CAR_003162,Maruti Wagon R VXI,2016,Petrol,Dealer,Unknown,Second Owner,Maruti,9
CAR_003163,Maruti Zen Estilo LXI BSIII,2007,Petrol,Individual,Manual,First Owner,Maruti,18
CAR_003164,Mahindra Scorpio 2.6 SLX Turbo 7 Seater,2005,Diesel,Individual,Manual,Third Owner,Mahindra,20
CAR_003165,Maruti Celerio ZDi,2015,Diesel,Individual,Manual,First Owner,Maruti,10
CAR_003166,Maruti Celerio ZXI,2017,Petrol,Individual,Manual,First Owner,Maruti,8
CAR_003167,Hyundai Verna 1.6 SX,2012,Diesel,Individual,Manual,First Owner,Hyundai,13
CAR_003168,Nissan Sunny Diesel XL,2013,Diesel,Individual,Manual,Second Owner,Nissan,12
CAR_003169,Ford Fiesta 1.6 Duratec EXI Ltd,2008,Petrol,Individual,Manual,Second Owner,Ford,17
CAR_003170,Hyundai Santro Xing XK,2007,Petrol,Individual,Manual,Second Owner,Hyundai,18
CAR_003171,Maruti Swift Dzire ZXI Plus,2017,Petrol,Individual,Manual,First Owner,Maruti,8
CAR_003172,Maruti Swift Dzire VDI,2014,LPG,Individual,Manual,Second Owner,Maruti,11
CAR_003173,Mahindra Scorpio SLE BSIV,2012,Diesel,Individual,Manual,First Owner,Mahindra,13
CAR_003174,Datsun GO Plus Remix Limited Edition,2016,Petrol,Individual,Manual,First Owner,Datsun,9
CAR_003175,Hyundai i10 Magna,2008,Petrol,Individual,Manual,Second Owner,Hyundai,17
CAR_003176,Ford Fiesta Classic 1.4 SXI Duratorq,2007,Diesel,Individual,Manual,Second Owner,Ford,18
CAR_003177,Toyota Etios VD,2011,Diesel,Individual,Manual,Second Owner,Toyota,14
CAR_003178,Maruti Alto VXi,2002,LPG,Individual,Unknown,Third Owner,Maruti,23
CAR_003179,Toyota Innova 2.5 G3,2010,Diesel,Individual,Manual,Third Owner,Toyota,15
CAR_003180,Tata Indigo LS,2010,Diesel,Individual,Manual,Second Owner,Tata,15
CAR_003181,Mahindra Bolero Power Plus Plus AC BSIV PS,2018,Diesel,Individual,Manual,First Owner,Mahindra,7
CAR_003182,Maruti 800 AC,2013,Petrol,Individual,Manual,First Owner,Maruti,12
CAR_003183,Volkswagen Polo GTI,2017,Petrol,Dealer,Automatic,First Owner,Volkswagen,8
CAR_003184,Maruti Alto 800 LXI,2015,Petrol,Dealer,Manual,First Owner,Maruti,10
CAR_003185,Maruti Wagon R LXI,2008,Petrol,Dealer,Manual,First Owner,Maruti,17
CAR_003186,Maruti Omni 8 Seater BSIV,2014,Petrol,Dealer,Manual,First Owner,Maruti,11
CAR_003187,Hyundai Xcent 1.2 VTVT S AT,2015,Petrol,Dealer,Automatic,First Owner,Hyundai,10
CAR_003188,Maruti Swift Dzire LDI,2019,Diesel,Individual,Manual,First Owner,Maruti,6
CAR_003189,Maruti Swift Dzire LDI,2019,Diesel,Individual,Manual,First Owner,Maruti,6
CAR_003190,Hyundai EON Magna,2012,Petrol,Dealer,Manual,Second Owner,Hyundai,13
CAR_003191,Maruti Alto 800 LXI CNG,2013,CNG,Dealer,Manual,First Owner,Maruti,12
CAR_003192,Maruti Ritz LXi,2011,Petrol,Dealer,Manual,First Owner,Maruti,14
CAR_003193,Hyundai i20 1.2 Asta,2011,Petrol,Dealer,Manual,First Owner,Hyundai,14
CAR_003194,Maruti Wagon R VXI,2012,Petrol,Dealer,Unknown,First Owner,Maruti,13
CAR_003195,Maruti Swift VXi BSIV,2017,LPG,Dealer,Manual,First Owner,Maruti,8
CAR_003196,Volkswagen Vento 1.6 Highline,2012,Petrol,Dealer,Manual,First Owner,Volkswagen,13
CAR_003197,Tata Nano LX SE,2012,Petrol,Dealer,Manual,First Owner,Tata,13
CAR_003198,Maruti Ertiga VDI,2015,LPG,Dealer,Manual,First Owner,Maruti,10
CAR_003199,Honda Amaze S i-Vtech,2015,Petrol,Dealer,Manual,First Owner,Honda,10
CAR_003200,Tata Nano Twist XE,2014,LPG,Dealer,Manual,First Owner,Tata,11
CAR_003201,Maruti Ciaz VDi Plus SHVS,2016,Diesel,Dealer,Manual,First Owner,Maruti,9
CAR_003202,Nissan Micra Diesel XV,2011,Diesel,Dealer,Manual,Second Owner,Nissan,14
CAR_003203,Maruti Baleno Delta Automatic,2018,LPG,Individual,Automatic,First Owner,Maruti,7
CAR_003204,Ford Figo Aspire 1.5 TDCi Ambiente ABS,2017,Diesel,Individual,Manual,First Owner,Ford,8
CAR_003205,Volkswagen Vento Diesel Highline,2011,Diesel,Individual,Manual,Third Owner,Volkswagen,14
CAR_003206,Renault Pulse RxZ,2015,Diesel,Individual,Manual,First Owner,Renault,10
CAR_003207,OpelCorsa 1.4 GL,2002,Petrol,Individual,Manual,Third Owner,OpelCorsa,23
CAR_003208,Mahindra XUV500 W7 BSIV,2018,Diesel,Individual,Unknown,First Owner,Mahindra,7
CAR_003209,Maruti Ciaz 1.4 Zeta,2017,Petrol,Individual,Manual,First Owner,Maruti,8
CAR_003210,Maruti Swift VDI,2012,Diesel,Individual,Manual,First Owner,Maruti,13
CAR_003211,Maruti Swift Dzire LDI,2014,Diesel,Individual,Manual,Second Owner,Maruti,11
CAR_003212,Toyota Innova 2.5 GX (Diesel) 8 Seater BS IV,2008,Diesel,Individual,Unknown,Third Owner,Toyota,17
CAR_003213,Volkswagen Jetta 1.4 TSI Comfortline,2017,Petrol,Individual,Manual,First Owner,Volkswagen,8
CAR_003214,Honda Mobilio S i DTEC,2015,Diesel,Individual,Manual,Second Owner,Honda,10
CAR_003215,Volkswagen Polo 1.5 TDI Highline,2014,Diesel,Individual,Manual,Second Owner,Volkswagen,11
CAR_003216,Maruti 800 AC,2004,Petrol,Individual,Manual,Third Owner,Maruti,21
CAR_003217,Toyota Innova 2.5 G (Diesel) 8 Seater,2014,Diesel,Individual,Manual,Second Owner,Toyota,11
CAR_003218,Maruti 800 AC,2007,Petrol,Individual,Manual,First Owner,Maruti,18
CAR_003219,Tata Nano CX,2014,Petrol,Individual,Manual,First Owner,Tata,11
CAR_003220,Mahindra Bolero DI DX 7 Seater,2001,Diesel,Individual,Manual,Third Owner,Mahindra,24
CAR_003221,Maruti Alto 800 LXI,2019,Petrol,Individual,Manual,First Owner,Maruti,6
CAR_003222,Ford Figo Petrol Titanium,2015,LPG,Individual,Manual,Second Owner,Ford,10
CAR_003223,Tata Tiago 1.05 Revotorq XM,2017,Diesel,Individual,Manual,First Owner,Tata,8
CAR_003224,Tata Zest Quadrajet 1.3,2016,Diesel,Individual,Manual,First Owner,Tata,9
CAR_003225,Tata Indica Vista Aqua TDI BSIII,2008,Diesel,Individual,Manual,First Owner,Tata,17
CAR_003226,Toyota Innova 2.5 GX (Diesel) 7 Seater BS IV,2010,Diesel,Individual,Unknown,Second Owner,Toyota,15
CAR_003227,Toyota Innova 2.5 G (Diesel) 8 Seater BS IV,2005,Diesel,Individual,Manual,Second Owner,Toyota,20
CAR_003228,Toyota Innova 2.5 GX (Diesel) 8 Seater,2012,Diesel,Individual,Manual,First Owner,Toyota,13
CAR_003229,Maruti Ertiga SHVS VDI,2016,Diesel,Individual,Manual,Second Owner,Maruti,9
CAR_003230,Hyundai Creta 1.6 CRDi SX,2016,LPG,Individual,Manual,Second Owner,Hyundai,9
CAR_003231,Honda Amaze S i-Vtech,2016,Petrol,Individual,Manual,First Owner,Honda,9
CAR_003232,Tata Indica Vista Aqua 1.4 TDI,2010,Diesel,Individual,Manual,Second Owner,Tata,15
CAR_003233,Chevrolet Tavera Neo 2 LS B4 7 Str BSIII,2012,Diesel,Individual,Manual,Third Owner,Chevrolet,13
CAR_003234,Chevrolet Cruze LTZ,2015,Diesel,Dealer,Manual,First Owner,Chevrolet,10
CAR_003235,Ford Figo Aspire 1.2 Ti-VCT Titanium Plus,2015,Petrol,Dealer,Manual,First Owner,Ford,10
CAR_003236,Ford EcoSport 1.5 Diesel Titanium Plus BSIV,2017,Diesel,Dealer,Manual,First Owner,Ford,8
CAR_003237,Hyundai i10 Sportz 1.1L,2015,Petrol,Individual,Manual,First Owner,Hyundai,10
CAR_003238,Maruti 800 Std,1998,Petrol,Individual,Manual,Fourth & Above Owner,Maruti,27
CAR_003239,Chevrolet Spark 1.0 LS,2012,Petrol,Individual,Manual,First Owner,Chevrolet,13
CAR_003240,Hyundai EON Era Plus,2015,LPG,Individual,Manual,First Owner,Hyundai,10
CAR_003241,Tata Indica Vista Aqua TDI BSIII,2011,Diesel,Individual,Manual,First Owner,Tata,14
CAR_003242,Hyundai Santro LP zipPlus,2003,Petrol,Individual,Manual,First Owner,Hyundai,22
CAR_003243,Tata Bolt Quadrajet XE,2016,Diesel,Individual,Manual,First Owner,Tata,9
CAR_003244,Maruti 800 AC BSIII,2005,Petrol,Individual,Manual,First Owner,Maruti,20
CAR_003245,Hyundai EON Era Plus,2013,Petrol,Individual,Unknown,Second Owner,Hyundai,12
CAR_003246,Hyundai i20 Magna 1.2,2015,Petrol,Individual,Manual,First Owner,Hyundai,10
CAR_003247,Hyundai i20 1.2 Asta,2018,Petrol,Individual,Manual,First Owner,Hyundai,7
CAR_003248,Ford Figo Petrol EXI,2014,Petrol,Individual,Manual,Second Owner,Ford,11
CAR_003249,Maruti SX4 VDI,2011,Diesel,Individual,Unknown,First Owner,Maruti,14
CAR_003250,Honda Amaze S i-DTEC,2016,Diesel,Individual,Manual,First Owner,Honda,9
CAR_003251,Tata Manza Aura (ABS) Quadrajet BS IV,2011,Diesel,Individual,Unknown,Second Owner,Tata,14
CAR_003252,Nissan Micra Diesel XV Premium,2013,Diesel,Individual,Manual,First Owner,Nissan,12
CAR_003253,Ford Ikon 1.3 Flair,2005,Petrol,Individual,Manual,Second Owner,Ford,20
CAR_003254,Skoda Superb Elegance 2.0 TDI CR AT,2009,Diesel,Individual,Automatic,Second Owner,Skoda,16
CAR_003255,Chevrolet Beat Diesel LT,2012,Diesel,Individual,Manual,First Owner,Chevrolet,13
CAR_003256,Tata Indica Vista Quadrajet LX,2011,LPG,Individual,Manual,First Owner,Tata,14
CAR_003257,Chevrolet Cruze LTZ AT,2015,LPG,Individual,Unknown,First Owner,Chevrolet,10
CAR_003258,Nissan Micra XL,2014,Petrol,Individual,Manual,Second Owner,Nissan,11
CAR_003259,Chevrolet Beat Diesel LS,2013,Diesel,Individual,Manual,Second Owner,Chevrolet,12
CAR_003260,Maruti 800 AC,2007,Petrol,Individual,Manual,First Owner,Maruti,18
CAR_003261,Mahindra Scorpio 2.6 SLX Turbo 7 Seater,2005,Diesel,Individual,Manual,Third Owner,Mahindra,20
CAR_003262,BMW 5 Series 520d Luxury Line,2017,LPG,Individual,Automatic,First Owner,BMW,8
CAR_003263,Hyundai Accent CRDi,2005,Diesel,Individual,Unknown,Second Owner,Hyundai,20
CAR_003264,Maruti Zen VXi - BS III,2004,Petrol,Individual,Manual,First Owner,Maruti,21
CAR_003265,Chevrolet Beat Diesel LS,2012,Diesel,Individual,Manual,First Owner,Chevrolet,13
CAR_003266,Maruti Zen LXi - BS III,2005,Petrol,Dealer,Manual,First Owner,Maruti,20
CAR_003267,Chevrolet Enjoy 1.3 TCDi LS 8,2013,Diesel,Dealer,Manual,First Owner,Chevrolet,12
CAR_003268,Maruti Wagon R LXI,2001,Petrol,Individual,Manual,Second Owner,Maruti,24
CAR_003269,Maruti Swift VXI,2020,Petrol,Individual,Unknown,First Owner,Maruti,5
CAR_003270,Nissan Micra XL,2017,Petrol,Dealer,Manual,First Owner,Nissan,8
CAR_003271,Hyundai EON Era Plus Option,2014,LPG,Dealer,Manual,First Owner,Hyundai,11
CAR_003272,Tata Indica GLS BS IV,2008,Petrol,Individual,Unknown,First Owner,Tata,17
CAR_003273,Chevrolet Sail Hatchback 1.3 TCDi,2015,Diesel,Individual,Manual,First Owner,Chevrolet,10
CAR_003274,Tata Indigo Grand Dicor,2013,Diesel,Individual,Manual,First Owner,Tata,12
CAR_003275,Hyundai Elite i20 Petrol Magna Exective,2018,Petrol,Individual,Manual,First Owner,Hyundai,7
CAR_003276,Chevrolet Enjoy TCDi LT 8 Seater,2014,Diesel,Individual,Manual,First Owner,Chevrolet,11
CAR_003277,Maruti Wagon R VXI AMT,2017,Petrol,Dealer,Automatic,First Owner,Maruti,8
CAR_003278,Renault KWID RXT,2015,Petrol,Dealer,Unknown,First Owner,Renault,10
CAR_003279,Maruti Celerio VXI,2016,Petrol,Dealer,Manual,First Owner,Maruti,9
CAR_003280,Ford Figo Trend,2016,Petrol,Dealer,Manual,First Owner,Ford,9
CAR_003281,Hyundai EON Magna,2012,Petrol,Dealer,Manual,First Owner,Hyundai,13
CAR_003282,Ford Ecosport 1.5 Diesel Titanium,2016,Diesel,Dealer,Manual,First Owner,Ford,9
CAR_003283,Maruti Alto K10 VXI,2015,Petrol,Dealer,Manual,First Owner,Maruti,10
CAR_003284,Ford Figo Trend,2016,Petrol,Dealer,Manual,First Owner,Ford,9
CAR_003285,Mahindra XUV500 W10 2WD,2018,Diesel,Individual,Manual,First Owner,Mahindra,7
CAR_003286,Maruti 800 AC,2014,Petrol,Individual,Manual,First Owner,Maruti,11
CAR_003287,Mahindra XUV500 W8 2WD,2015,Diesel,Individual,Manual,Second Owner,Mahindra,10
CAR_003288,Hyundai Tucson 2.0 e-VGT 2WD AT GL,2018,Diesel,Individual,Automatic,First Owner,Hyundai,7
CAR_003289,Tata Nexon 1.2 Revotron XZ Plus Dual Tone,2019,Petrol,Individual,Manual,First Owner,Tata,6
CAR_003290,Honda Amaze E i-Dtech,2013,LPG,Individual,Manual,First Owner,Honda,12
CAR_003291,Maruti Alto 800 LXI,2016,Petrol,Individual,Manual,First Owner,Maruti,9
CAR_003292,Hyundai i20 1.2 Asta Dual Tone,2018,Petrol,Individual,Manual,First Owner,Hyundai,7
CAR_003293,Datsun RediGO SV 1.0,2019,Petrol,Individual,Manual,First Owner,Datsun,6
CAR_003294,Datsun GO T BSIV,2014,Petrol,Individual,Manual,First Owner,Datsun,11
CAR_003295,Maruti Swift Dzire AMT VDI,2018,Diesel,Individual,Automatic,First Owner,Maruti,7
CAR_003296,Hyundai i10 Era 1.1 iTech SE,2011,Petrol,Individual,Manual,First Owner,Hyundai,14
CAR_003297,Chevrolet Captiva 2.0L VCDi,2011,Diesel,Individual,Manual,Third Owner,Chevrolet,14
CAR_003298,Mahindra Scorpio VLX 2WD BSIV,2010,Diesel,Individual,Manual,Third Owner,Mahindra,15
CAR_003299,Tata New Safari 3L Dicor LX 4x2,2008,Diesel,Individual,Manual,First Owner,Tata,17
CAR_003300,Maruti Wagon R VXI Minor,2010,Petrol,Individual,Manual,First Owner,Maruti,15
CAR_003301,Hyundai EON Era Plus,2014,Petrol,Individual,Manual,Third Owner,Hyundai,11
CAR_003302,Maruti Ertiga VDI,2015,Diesel,Individual,Unknown,Second Owner,Maruti,10
CAR_003303,Maruti Wagon R VXI BS IV,2014,LPG,Individual,Manual,Second Owner,Maruti,11
CAR_003304,Tata Nano Twist XT,2015,Petrol,Individual,Manual,First Owner,Tata,10
CAR_003305,Mahindra TUV 300 T8,2016,LPG,Individual,Manual,First Owner,Mahindra,9
CAR_003306,Hyundai Grand i10 CRDi Asta,2015,Diesel,Individual,Manual,First Owner,Hyundai,10
CAR_003307,Honda BRV i-DTEC V MT,2017,Diesel,Individual,Unknown,First Owner,Honda,8
CAR_003308,Hyundai Verna CRDi 1.6 EX,2017,Diesel,Individual,Manual,First Owner,Hyundai,8
CAR_003309,Toyota Fortuner 3.0 Diesel,2010,Diesel,Individual,Manual,First Owner,Toyota,15
CAR_003310,Maruti Alto 800 LXI,2014,Petrol,Individual,Manual,Second Owner,Maruti,11
CAR_003311,Mahindra Verito 1.5 D2 BSIII,2014,LPG,Individual,Manual,First Owner,Mahindra,11
CAR_003312,Hyundai Verna 1.6 i ABS,2009,Petrol,Individual,Manual,First Owner,Hyundai,16
CAR_003313,Mahindra Bolero DI,2005,Diesel,Individual,Unknown,Second Owner,Mahindra,20
CAR_003314,Tata Zest Revotron 1.2T XMS,2015,LPG,Individual,Manual,Second Owner,Tata,10
CAR_003315,Maruti 800 AC,2008,Petrol,Individual,Unknown,Third Owner,Maruti,17
CAR_003316,Hyundai Santro LE zipPlus,2001,Petrol,Individual,Manual,First Owner,Hyundai,24
CAR_003317,Hyundai Grand i10 1.2 Kappa Asta,2017,Petrol,Individual,Manual,First Owner,Hyundai,8
CAR_003318,Hyundai Verna CRDi 1.6 SX,2017,Diesel,Individual,Manual,First Owner,Hyundai,8
CAR_003319,Maruti Alto LX,2007,Petrol,Individual,Manual,Second Owner,Maruti,18
CAR_003320,Renault Duster 85PS Diesel RxL,2016,Diesel,Individual,Manual,First Owner,Renault,9
CAR_003321,Volvo XC60 D3 Kinetic,2012,Diesel,Dealer,Automatic,Third Owner,Volvo,13
CAR_003322,Maruti Wagon R VXI Optional,2017,LPG,Individual,Manual,Second Owner,Maruti,8
CAR_003323,Toyota Innova 2.5 Z Diesel 7 Seater BS IV,2014,Diesel,Individual,Unknown,Second Owner,Toyota,11
CAR_003324,Tata Indigo LX Dicor,2008,LPG,Individual,Manual,Third Owner,Tata,17
CAR_003325,Maruti Swift ZDi BSIV,2016,Diesel,Individual,Manual,First Owner,Maruti,9
CAR_003326,Tata Indigo LS,2012,Diesel,Individual,Manual,First Owner,Tata,13
CAR_003327,Hyundai i10 Magna 1.1,2008,Petrol,Individual,Manual,First Owner,Hyundai,17
CAR_003328,Hyundai i20 Asta Option 1.2,2016,Petrol,Individual,Manual,First Owner,Hyundai,9
CAR_003329,Tata Xenon XT EX 4X4,2010,LPG,Individual,Manual,Second Owner,Tata,15
CAR_003330,Volkswagen Vento Petrol Highline,2011,Petrol,Individual,Manual,First Owner,Volkswagen,14
CAR_003331,Maruti Alto 800 LXI,2015,LPG,Individual,Manual,Second Owner,Maruti,10
CAR_003332,Maruti Baleno Alpha 1.2,2015,Petrol,Individual,Manual,First Owner,Maruti,10
CAR_003333,Hyundai i20 Asta Option 1.4 CRDi,2016,Diesel,Individual,Manual,First Owner,Hyundai,9
CAR_003334,Hyundai Grand i10 CRDi Magna,2013,Diesel,Individual,Manual,First Owner,Hyundai,12
CAR_003335,Maruti 800 AC BSII,1992,Petrol,Individual,Manual,Fourth & Above Owner,Maruti,33
CAR_003336,Hyundai Grand i10 1.2 Kappa Asta,2018,Petrol,Individual,Unknown,First Owner,Hyundai,7
CAR_003337,Renault KWID RXT,2018,Petrol,Individual,Manual,First Owner,Renault,7
CAR_003338,Maruti Vitara Brezza VDi Option,2017,Diesel,Individual,Manual,Second Owner,Maruti,8
CAR_003339,Maruti Ertiga VDI,2012,Diesel,Individual,Manual,Second Owner,Maruti,13
CAR_003340,Hyundai i20 1.4 Sportz,2017,Diesel,Dealer,Manual,First Owner,Hyundai,8
CAR_003341,Maruti Vitara Brezza VDi Option,2017,Diesel,Individual,Manual,Second Owner,Maruti,8
CAR_003342,Chevrolet Beat LT LPG,2011,LPG,Individual,Manual,First Owner,Chevrolet,14
CAR_003343,Renault Duster 85PS Diesel RxL Optional,2012,Diesel,Individual,Manual,First Owner,Renault,13
CAR_003344,Hyundai Verna 1.6 SX,2012,LPG,Dealer,Manual,First Owner,Hyundai,13
CAR_003345,Maruti Ciaz VDi,2015,Diesel,Dealer,Manual,First Owner,Maruti,10
CAR_003346,Honda Amaze VX i-DTEC,2014,Diesel,Individual,Manual,Second Owner,Honda,11
CAR_003347,Datsun GO T Option BSIV,2015,Petrol,Individual,Unknown,First Owner,Datsun,10
CAR_003348,Maruti Eeco 7 Seater Standard BSIV,2018,Petrol,Individual,Unknown,First Owner,Maruti,7
CAR_003349,Skoda Superb 1.8 TFSI MT,2010,LPG,Individual,Manual,First Owner,Skoda,15
CAR_003350,Maruti Wagon R VXI Minor,2007,Petrol,Individual,Manual,Third Owner,Maruti,18
CAR_003351,Mercedes-Benz E-Class E250 Edition E,2013,LPG,Dealer,Automatic,First Owner,Mercedes-Benz,12
CAR_003352,Tata Safari Storme VX Varicor 400,2018,Diesel,Individual,Manual,First Owner,Tata,7
CAR_003353,Hyundai Verna SX AT Diesel,2009,Diesel,Dealer,Automatic,First Owner,Hyundai,16
CAR_003354,Honda WR-V i-VTEC VX,2017,Petrol,Dealer,Manual,Second Owner,Honda,8
CAR_003355,Hyundai EON Magna Plus,2018,Petrol,Individual,Manual,First Owner,Hyundai,7
CAR_003356,Hyundai Xcent 1.2 CRDi E,2017,Diesel,Individual,Manual,First Owner,Hyundai,8
CAR_003357,Hyundai Elite i20 Asta Option CVT BSIV,2017,Petrol,Dealer,Automatic,First Owner,Hyundai,8
CAR_003358,Honda City S,2012,Petrol,Individual,Manual,First Owner,Honda,13
CAR_003359,Mahindra XUV500 AT W10 1.99 mHawk,2017,Diesel,Dealer,Unknown,First Owner,Mahindra,8
CAR_003360,Tata Indigo GLE BSIII,2008,LPG,Dealer,Manual,First Owner,Tata,17
CAR_003361,Honda City 1.5 V MT,2018,Petrol,Dealer,Manual,First Owner,Honda,7
CAR_003362,Maruti Swift 1.3 LXI,2007,Petrol,Individual,Manual,Second Owner,Maruti,18
CAR_003363,Chevrolet Beat PS,2014,Petrol,Individual,Manual,First Owner,Chevrolet,11
CAR_003364,Maruti Ciaz ZXi Plus,2016,Petrol,Dealer,Manual,First Owner,Maruti,9
CAR_003365,Hyundai EON 1.0 Era Plus,2017,Petrol,Individual,Manual,First Owner,Hyundai,8
CAR_003366,Maruti Baleno Alpha 1.2,2018,Petrol,Dealer,Manual,First Owner,Maruti,7
CAR_003367,Tata Indigo GLS,2008,LPG,Individual,Manual,First Owner,Tata,17
CAR_003368,Maruti Swift 1.3 LXI,2007,Petrol,Individual,Manual,Second Owner,Maruti,18
CAR_003369,Hyundai Santro Xing GLS,2007,Petrol,Individual,Unknown,Second Owner,Hyundai,18
CAR_003370,Hyundai Elantra 2.0 SX AT,2018,Petrol,Individual,Automatic,First Owner,Hyundai,7
CAR_003371,Nissan Sunny Diesel XV,2013,Diesel,Individual,Manual,First Owner,Nissan,12
CAR_003372,Honda City 1.3 EXI,1998,Petrol,Individual,Manual,Second Owner,Honda,27
CAR_003373,Hyundai Verna 1.6 CRDI SX Option,2018,Diesel,Dealer,Manual,Second Owner,Hyundai,7
CAR_003374,Maruti S-Cross Sigma DDiS 200 SH,2017,Diesel,Individual,Manual,First Owner,Maruti,8
CAR_003375,Hyundai Elantra CRDi S,2013,Diesel,Dealer,Manual,First Owner,Hyundai,12
CAR_003376,Chevrolet Sail LS ABS,2014,Diesel,Individual,Manual,First Owner,Chevrolet,11
CAR_003377,Hyundai Verna 1.6 SX CRDi (O),2013,Diesel,Dealer,Manual,First Owner,Hyundai,12
CAR_003378,Maruti Eeco Smiles 5 Seater AC,2016,Petrol,Dealer,Manual,First Owner,Maruti,9
CAR_003379,Maruti Eeco Smiles 5 Seater AC,2013,Petrol,Dealer,Unknown,First Owner,Maruti,12
CAR_003380,Maruti Swift ZXI,2014,Petrol,Individual,Manual,First Owner,Maruti,11
CAR_003381,Volkswagen Polo Diesel Trendline 1.2L,2011,LPG,Individual,Manual,First Owner,Volkswagen,14
CAR_003382,Honda City 1.5 V Elegance,2012,Petrol,Dealer,Manual,First Owner,Honda,13
CAR_003383,Hyundai Verna 1.6 CRDi SX,2016,Diesel,Individual,Unknown,First Owner,Hyundai,9
CAR_003384,Datsun GO T BSIV,2014,Petrol,Individual,Manual,First Owner,Datsun,11
CAR_003385,Chevrolet Spark 1.0,2010,Petrol,Individual,Manual,Second Owner,Chevrolet,15
CAR_003386,Hyundai i20 Magna Optional 1.4 CRDi,2012,Diesel,Individual,Manual,First Owner,Hyundai,13
CAR_003387,Maruti Wagon R LX Minor,2013,Petrol,Individual,Manual,Second Owner,Maruti,12
CAR_003388,Hyundai i20 1.2 Sportz,2011,LPG,Individual,Manual,Fourth & Above Owner,Hyundai,14
CAR_003389,Honda Mobilio S i DTEC,2016,Diesel,Individual,Manual,Second Owner,Honda,9
CAR_003390,Tata New Safari DICOR 2.2 EX 4x2,2008,Diesel,Individual,Manual,Second Owner,Tata,17
CAR_003391,Volkswagen Vento 1.5 TDI Highline,2015,Diesel,Individual,Unknown,First Owner,Volkswagen,10
CAR_003392,Maruti Swift Vdi BSIII,2010,Diesel,Individual,Manual,Second Owner,Maruti,15
CAR_003393,Maruti Wagon R VXI BS IV,2018,LPG,Individual,Manual,First Owner,Maruti,7
CAR_003394,Tata Indica GLS BS IV,2008,Petrol,Individual,Manual,Third Owner,Tata,17
CAR_003395,Hyundai EON LPG Magna Plus,2012,LPG,Individual,Manual,Third Owner,Hyundai,13
CAR_003396,Datsun RediGO T Option,2016,Petrol,Individual,Manual,Second Owner,Datsun,9
CAR_003397,Maruti 800 Std,1999,Petrol,Individual,Manual,Third Owner,Maruti,26
CAR_003398,Maruti Grand Vitara MT,2007,Petrol,Individual,Manual,Third Owner,Maruti,18
CAR_003399,Mahindra KUV 100 mFALCON G80 K8 5str,2016,Petrol,Individual,Manual,First Owner,Mahindra,9
CAR_003400,Hyundai EON Sportz,2016,Petrol,Individual,Manual,First Owner,Hyundai,9
CAR_003401,Maruti Swift Dzire ZXI,2016,Petrol,Individual,Unknown,First Owner,Maruti,9
CAR_003402,Tata Manza Club Class Quadrajet90 EX,2012,Diesel,Individual,Manual,First Owner,Tata,13
CAR_003403,Tata Tiago 1.05 Revotorq XZ Plus,2018,Diesel,Individual,Manual,First Owner,Tata,7
CAR_003404,Maruti Wagon R VXI Optional,2015,Petrol,Individual,Manual,First Owner,Maruti,10
CAR_003405,Hyundai Santro LE zipPlus,2003,Petrol,Individual,Manual,Fourth & Above Owner,Hyundai,22
CAR_003406,Tata Nano Twist XE,2015,Petrol,Individual,Manual,Second Owner,Tata,10
CAR_003407,Nissan Terrano XL Plus 85 PS,2015,Diesel,Individual,Manual,First Owner,Nissan,10
CAR_003408,Maruti Wagon R Duo Lxi,2010,LPG,Individual,Unknown,Second Owner,Maruti,15
CAR_003409,Hyundai i10 Era,2008,Petrol,Individual,Manual,Second Owner,Hyundai,17
CAR_003410,Hyundai EON Era Plus,2013,Petrol,Individual,Manual,First Owner,Hyundai,12
CAR_003411,Maruti Alto 800 LXI,2019,Petrol,Individual,Manual,First Owner,Maruti,6
CAR_003412,Tata Harrier XZ BSIV,2019,LPG,Individual,Manual,First Owner,Tata,6
CAR_003413,Hyundai i10 Sportz,2011,Petrol,Individual,Manual,First Owner,Hyundai,14
CAR_003414,Maruti Ignis 1.2 Delta BSIV,2019,Petrol,Individual,Manual,First Owner,Maruti,6
CAR_003415,Toyota Corolla Altis 1.8 J,2008,Petrol,Individual,Manual,Second Owner,Toyota,17
CAR_003416,Fiat Linea T Jet Plus,2011,Petrol,Individual,Manual,First Owner,Fiat,14
CAR_003417,Toyota Fortuner 4x2 AT,2014,Diesel,Individual,Automatic,First Owner,Toyota,11
CAR_003418,Honda Civic 1.8 V MT,2008,LPG,Individual,Manual,First Owner,Honda,17
CAR_003419,Honda Civic 1.8 S AT,2007,Petrol,Dealer,Automatic,First Owner,Honda,18
CAR_003420,Ford Figo Diesel Titanium,2010,Diesel,Individual,Manual,Third Owner,Ford,15
CAR_003421,Hyundai i20 Active 1.2 SX,2018,Petrol,Individual,Manual,First Owner,Hyundai,7
CAR_003422,Hyundai Grand i10 1.2 Kappa Sportz AT,2019,Petrol,Individual,Unknown,First Owner,Hyundai,6
CAR_003423,Maruti Alto 800 VXI,2020,Petrol,Individual,Manual,First Owner,Maruti,5
CAR_003424,Maruti Alto 800 LXI Airbag,2012,LPG,Individual,Manual,First Owner,Maruti,13
CAR_003425,Maruti Alto LXi,2009,Petrol,Individual,Manual,First Owner,Maruti,16
CAR_003426,Hyundai i10 Era 1.1,2008,Petrol,Individual,Manual,First Owner,Hyundai,17
CAR_003427,Maruti Celerio VXI,2016,Petrol,Individual,Manual,First Owner,Maruti,9
CAR_003428,Maruti Baleno Delta 1.2,2019,Petrol,Individual,Manual,First Owner,Maruti,6
CAR_003429,Maruti Swift VXI Deca,2016,Petrol,Individual,Manual,First Owner,Maruti,9
CAR_003430,Maruti Swift Dzire LDI,2018,Diesel,Individual,Manual,Second Owner,Maruti,7
CAR_003431,Maruti Wagon R VXI BS IV,2015,Electric,Individual,Manual,First Owner,Maruti,10
CAR_003432,Hyundai Venue SX Opt Turbo BSIV,2020,Petrol,Individual,Manual,First Owner,Hyundai,5
CAR_003433,Maruti Wagon R LX Minor,2007,Petrol,Individual,Unknown,First Owner,Maruti,18
CAR_003434,Ford Figo Diesel ZXI,2014,Diesel,Individual,Manual,Second Owner,Ford,11
CAR_003435,Maruti Wagon R LX BSIII,2007,Petrol,Individual,Manual,First Owner,Maruti,18
CAR_003436,Ford Figo 1.5D Ambiente ABS MT,2016,Diesel,Individual,Manual,Second Owner,Ford,9
CAR_003437,Renault Duster 110PS Diesel RxZ Plus,2012,Diesel,Individual,Manual,Second Owner,Renault,13
CAR_003438,Maruti Zen VXi - BS III,2004,Petrol,Individual,Manual,Second Owner,Maruti,21
CAR_003439,Ford Figo Aspire 1.5 Ti-VCT Titanium,2017,Petrol,Dealer,Automatic,First Owner,Ford,8
CAR_003440,Maruti Ertiga SHVS VDI,2017,Diesel,Individual,Manual,First Owner,Maruti,8
CAR_003441,Maruti Ciaz S 1.3,2018,Diesel,Individual,Manual,First Owner,Maruti,7
CAR_003442,Maruti Wagon R VXI BS IV,2016,Petrol,Individual,Manual,Second Owner,Maruti,9
CAR_003443,Maruti Baleno Alpha 1.2,2017,Petrol,Individual,Manual,First Owner,Maruti,8
CAR_003444,Chevrolet Cruze LTZ,2011,Diesel,Individual,Manual,Second Owner,Chevrolet,14
CAR_003445,Toyota Innova 2.5 G (Diesel) 8 Seater BS IV,2006,Diesel,Individual,Manual,First Owner,Toyota,19
CAR_003446,Maruti Wagon R LX,2003,Petrol,Individual,Manual,Second Owner,Maruti,22
CAR_003447,Maruti Zen Estilo VXI BSIV,2010,Petrol,Individual,Manual,Second Owner,Maruti,15
CAR_003448,Mahindra Ingenio CRDe,2015,Diesel,Individual,Manual,First Owner,Mahindra,10
CAR_003449,Toyota Innova Crysta 2.4 VX MT 8S BSIV,2019,Diesel,Individual,Unknown,First Owner,Toyota,6
CAR_003450,Tata Indigo TDI,2013,Diesel,Individual,Unknown,Second Owner,Tata,12
CAR_003451,Maruti Wagon R LXI Minor,2010,Petrol,Individual,Manual,Second Owner,Maruti,15
CAR_003452,Maruti SX4 ZXI MT BSIV,2011,Petrol,Individual,Manual,Second Owner,Maruti,14
CAR_003453,Chevrolet Beat Diesel LT,2013,Diesel,Individual,Manual,First Owner,Chevrolet,12
CAR_003454,BMW 5 Series 520d Luxury Line,2018,Diesel,Individual,Automatic,First Owner,BMW,7
CAR_003455,Volkswagen Vento 1.5 Highline Plus AT 16 Alloy,2017,Diesel,Individual,Automatic,First Owner,Volkswagen,8
CAR_003456,Toyota Corolla Altis 1.8 GL,2019,Petrol,Individual,Manual,First Owner,Toyota,6
CAR_003457,Maruti Baleno Zeta 1.2,2017,Electric,Individual,Manual,First Owner,Maruti,8
CAR_003458,Maruti 800 AC BSIII,2008,Petrol,Individual,Manual,Second Owner,Maruti,17
CAR_003459,Audi A4 1.8 TFSI,2012,Petrol,Individual,Automatic,Third Owner,Audi,13
CAR_003460,Mahindra Scorpio M2DI,2013,Diesel,Individual,Manual,First Owner,Mahindra,12
CAR_003461,Maruti Swift LXi BSIV,2009,Petrol,Individual,Manual,Second Owner,Maruti,16
CAR_003462,Toyota Innova 2.5 EV Diesel PS 7 Seater BSIII,2012,Diesel,Individual,Manual,First Owner,Toyota,13
CAR_003463,Hyundai EON Era Plus,2018,Electric,Individual,Unknown,First Owner,Hyundai,7
CAR_003464,Datsun GO Plus T Option BSIV,2015,Petrol,Individual,Manual,First Owner,Datsun,10
CAR_003465,Maruti Ertiga VXI CNG,2018,CNG,Individual,Manual,First Owner,Maruti,7
CAR_003466,Ambassador Grand 1800 ISZ MPFI PW CL,2012,Petrol,Individual,Manual,Second Owner,Ambassador,13
CAR_003467,Hyundai Verna i (Petrol),2007,Petrol,Individual,Manual,Second Owner,Hyundai,18
CAR_003468,Skoda Laura Ambiente 2.0 TDI CR AT,2012,Diesel,Individual,Automatic,Second Owner,Skoda,13
CAR_003469,Maruti Wagon R LXI Minor,2007,Electric,Individual,Manual,Third Owner,Maruti,18
CAR_003470,Tata Indica Vista Aqua 1.4 TDI,2010,Diesel,Individual,Manual,Second Owner,Tata,15
CAR_003471,Mahindra Xylo Celebration Edition BSIV,2010,Diesel,Individual,Manual,Third Owner,Mahindra,15
CAR_003472,Hyundai Grand i10 Magna,2015,Petrol,Individual,Manual,Second Owner,Hyundai,10
CAR_003473,Maruti Wagon R LXI BS IV,2014,Electric,Individual,Manual,First Owner,Maruti,11
CAR_003474,Volkswagen CrossPolo 1.2 MPI,2016,Petrol,Individual,Manual,First Owner,Volkswagen,9
CAR_003475,Maruti Ertiga VXI Petrol,2018,Electric,Individual,Manual,First Owner,Maruti,7
CAR_003476,Hyundai Xcent 1.1 CRDi S,2016,Diesel,Individual,Manual,First Owner,Hyundai,9
CAR_003477,Hyundai i20 1.2 Magna Executive,2017,Petrol,Individual,Manual,First Owner,Hyundai,8
CAR_003478,Maruti Wagon R LXI CNG,2011,CNG,Individual,Manual,Second Owner,Maruti,14
CAR_003479,Maruti SX4 VDI,2013,Diesel,Individual,Manual,Second Owner,Maruti,12
CAR_003480,Maruti Eeco 5 Seater AC BSIV,2017,Petrol,Individual,Manual,Second Owner,Maruti,8
CAR_003481,Volkswagen Vento Diesel Style Limited Edition,2011,Diesel,Individual,Manual,First Owner,Volkswagen,14
CAR_003482,Maruti Ritz VDi,2013,Diesel,Individual,Unknown,First Owner,Maruti,12
CAR_003483,Maruti Wagon R LXI CNG,2016,CNG,Individual,Manual,Second Owner,Maruti,9
CAR_003484,Maruti Swift Dzire VDI,2013,Electric,Individual,Manual,First Owner,Maruti,12
CAR_003485,Maruti Swift Star VDI,2013,Diesel,Individual,Unknown,First Owner,Maruti,12
CAR_003486,Chevrolet Beat LT Option,2015,Petrol,Individual,Unknown,First Owner,Chevrolet,10
CAR_003487,Hyundai Grand i10 1.2 Kappa Magna BSIV,2020,Electric,Individual,Unknown,First Owner,Hyundai,5
CAR_003488,Hyundai i10 Magna 1.1 iTech SE,2015,Electric,Dealer,Manual,First Owner,Hyundai,10
CAR_003489,Chevrolet Beat LT,2010,Petrol,Individual,Manual,Second Owner,Chevrolet,15
CAR_003490,Renault KWID RXT,2017,Petrol,Individual,Manual,First Owner,Renault,8
CAR_003491,Renault KWID 1.0 RXT Optional,2018,Petrol,Individual,Manual,First Owner,Renault,7
CAR_003492,Hyundai i20 1.4 CRDi Magna,2012,Diesel,Individual,Manual,First Owner,Hyundai,13
CAR_003493,Skoda Laura Elegance 2.0 TDI CR AT,2019,Diesel,Dealer,Automatic,First Owner,Skoda,6
CAR_003494,Hyundai i20 Asta Option 1.4 CRDi,2016,Diesel,Individual,Manual,Second Owner,Hyundai,9
CAR_003495,Tata Indigo CR4,2010,Diesel,Individual,Manual,Second Owner,Tata,15
CAR_003496,Ford EcoSport 1.5 Diesel Trend BSIV,2017,Diesel,Individual,Manual,First Owner,Ford,8
CAR_003497,Mahindra XUV500 W6 2WD,2016,Diesel,Individual,Manual,First Owner,Mahindra,9
CAR_003498,Hyundai Santro Xing XG,2004,Electric,Individual,Manual,First Owner,Hyundai,21
CAR_003499,Hyundai Grand i10 Sportz,2015,Petrol,Individual,Manual,First Owner,Hyundai,10
CAR_003500,Maruti Celerio ZXI AMT BSIV,2018,Petrol,Individual,Automatic,First Owner,Maruti,7
CAR_003501,Hyundai Santro Xing GLS,2012,Petrol,Individual,Manual,Second Owner,Hyundai,13
CAR_003502,Honda City i VTEC V,2015,Petrol,Individual,Manual,First Owner,Honda,10
CAR_003503,Maruti Wagon R LXI Minor,2008,Petrol,Individual,Manual,First Owner,Maruti,17
CAR_003504,Maruti 800 AC,2002,Petrol,Individual,Unknown,Fourth & Above Owner,Maruti,23
CAR_003505,Ford Figo Diesel EXI,2010,Diesel,Individual,Manual,Third Owner,Ford,15
CAR_003506,Ford Figo Diesel EXI,2012,Diesel,Individual,Manual,Second Owner,Ford,13
CAR_003507,Mahindra Xylo D2 BS IV,2011,Diesel,Individual,Manual,Second Owner,Mahindra,14
CAR_003508,Maruti Zen Estilo VXI BSIII,2008,Petrol,Individual,Manual,First Owner,Maruti,17
CAR_003509,Tata Nano Cx BSIII,2010,Petrol,Individual,Manual,First Owner,Tata,15
CAR_003510,Maruti Ritz VDi,2013,Diesel,Individual,Manual,Second Owner,Maruti,12
CAR_003511,Mahindra Xylo E8,2010,Diesel,Individual,Manual,Second Owner,Mahindra,15
CAR_003512,Maruti Ritz VDi,2013,Diesel,Individual,Unknown,Second Owner,Maruti,12
CAR_003513,Hyundai Santro Xing XO,2006,Petrol,Individual,Manual,First Owner,Hyundai,19
CAR_003514,Hyundai i10 Era,2013,Petrol,Individual,Manual,First Owner,Hyundai,12
CAR_003515,Hyundai EON Magna Plus Option,2018,Petrol,Individual,Manual,First Owner,Hyundai,7
CAR_003516,Nissan Terrano XL 110 PS,2014,Diesel,Individual,Manual,Third Owner,Nissan,11
CAR_003517,Hyundai Creta 1.6 CRDi SX Option,2016,Diesel,Individual,Manual,First Owner,Hyundai,9
CAR_003518,Mahindra Scorpio S11 BSIV,2018,Diesel,Individual,Manual,First Owner,Mahindra,7
CAR_003519,Toyota Innova Crysta 2.8 ZX AT BSIV,2016,Electric,Individual,Automatic,First Owner,Toyota,9
CAR_003520,Mahindra XUV500 W6 2WD,2014,Diesel,Individual,Manual,Second Owner,Mahindra,11
CAR_003521,Tata Tiago 1.2 Revotron XT,2018,Petrol,Individual,Unknown,First Owner,Tata,7
CAR_003522,Maruti Zen Estilo LXI BS IV,2009,Petrol,Individual,Manual,First Owner,Maruti,16
CAR_003523,Skoda Laura Ambiente 2.0 TDI CR MT,2010,Diesel,Individual,Manual,Second Owner,Skoda,15
CAR_003524,Hyundai Santro Xing XL eRLX Euro III,2006,Petrol,Dealer,Manual,Second Owner,Hyundai,19
CAR_003525,Maruti Alto K10 VXI,2017,Petrol,Dealer,Manual,First Owner,Maruti,8
CAR_003526,Ford EcoSport 1.5 Ti VCT MT Titanium BE BSIV,2018,Petrol,Dealer,Unknown,First Owner,Ford,7
CAR_003527,Maruti Alto LX,2008,Petrol,Dealer,Manual,First Owner,Maruti,17
CAR_003528,Ford Aspire Titanium Plus BSIV,2015,Petrol,Dealer,Manual,Second Owner,Ford,10
CAR_003529,Hyundai Grand i10 Asta Option AT,2017,Petrol,Dealer,Unknown,First Owner,Hyundai,8
CAR_003530,Ford Ecosport 1.5 DV5 MT Titanium,2015,Diesel,Dealer,Manual,First Owner,Ford,10
CAR_003531,Ford Endeavour 3.0L 4X4 AT,2013,Diesel,Dealer,Automatic,First Owner,Ford,12
CAR_003532,Ford Endeavour 2.5L 4X2,2011,Diesel,Dealer,Unknown,Second Owner,Ford,14
CAR_003533,Maruti Zen LXI,1998,Petrol,Individual,Manual,Second Owner,Maruti,27
CAR_003534,Mahindra Verito 1.5 D2 BSIII,2011,Diesel,Individual,Manual,First Owner,Mahindra,14
CAR_003535,Mahindra XUV500 AT W10 AWD,2017,Diesel,Individual,Unknown,Second Owner,Mahindra,8
CAR_003536,Renault Duster 110PS Diesel RxZ,2017,Diesel,Individual,Manual,First Owner,Renault,8
CAR_003537,Datsun RediGO 1.0 S,2017,Petrol,Individual,Manual,First Owner,Datsun,8
CAR_003538,Maruti Ignis 1.2 AMT Alpha BSIV,2018,Electric,Individual,Automatic,First Owner,Maruti,7
CAR_003539,Tata Nexon 1.5 Revotorq XM,2019,Diesel,Individual,Manual,First Owner,Tata,6
CAR_003540,Mahindra XUV500 W6 2WD,2013,Diesel,Individual,Manual,First Owner,Mahindra,12
CAR_003541,Maruti Swift VDI BSIV,2015,Diesel,Individual,Manual,Third Owner,Maruti,10
CAR_003542,Mahindra Scorpio 2.6 CRDe,2006,Electric,Individual,Manual,Second Owner,Mahindra,19
CAR_003543,Maruti Swift Dzire VDI,2017,Diesel,Individual,Manual,Third Owner,Maruti,8
CAR_003544,Ford Fiesta 1.4 ZXi Duratec,2010,Petrol,Individual,Manual,First Owner,Ford,15
CAR_003545,Hyundai Verna 1.6 SX,2014,Diesel,Individual,Manual,Second Owner,Hyundai,11
CAR_003546,Hyundai Elite i20 Sportz Plus BSIV,2019,Electric,Individual,Manual,First Owner,Hyundai,6
CAR_003547,Maruti Swift 1.2 DLX,2018,Petrol,Individual,Unknown,First Owner,Maruti,7
CAR_003548,Mahindra Scorpio BSIV,2019,Diesel,Individual,Manual,First Owner,Mahindra,6
CAR_003549,Renault KWID RXT,2016,Petrol,Individual,Manual,First Owner,Renault,9
CAR_003550,Mahindra Scorpio LX,2013,Diesel,Individual,Manual,First Owner,Mahindra,12
CAR_003551,Maruti Esteem AX,1997,Petrol,Individual,Automatic,First Owner,Maruti,28
CAR_003552,Ford Figo 1.5D Trend MT,2017,Diesel,Individual,Manual,First Owner,Ford,8
CAR_003553,Honda Amaze V Diesel BSIV,2018,Diesel,Individual,Manual,First Owner,Honda,7
CAR_003554,Skoda Rapid 1.5 TDI Ambition,2016,Diesel,Individual,Manual,First Owner,Skoda,9
CAR_003555,Toyota Etios VD,2016,Diesel,Individual,Unknown,First Owner,Toyota,9
CAR_003556,Ford Ecosport 1.5 DV5 MT Titanium,2014,Diesel,Individual,Manual,Second Owner,Ford,11
CAR_003557,Ford Fiesta Classic 1.4 SXI Duratorq,2006,Diesel,Individual,Manual,Third Owner,Ford,19
CAR_003558,Tata Indica Vista Aqua 1.3 Quadrajet BSIV,2011,Diesel,Individual,Manual,First Owner,Tata,14
CAR_003559,Hyundai i10 Era,2012,Petrol,Individual,Manual,Second Owner,Hyundai,13
CAR_003560,Renault KWID 1.0 RXT Optional,2019,Petrol,Individual,Unknown,First Owner,Renault,6
CAR_003561,Mahindra XUV500 W8 4WD,2012,Diesel,Individual,Manual,Second Owner,Mahindra,13
CAR_003562,Volkswagen Vento 1.5 TDI Highline,2015,Diesel,Individual,Manual,First Owner,Volkswagen,10
CAR_003563,Maruti Swift VDI Optional,2017,Diesel,Individual,Manual,First Owner,Maruti,8
CAR_003564,Mahindra Bolero DI,2010,Diesel,Individual,Manual,First Owner,Mahindra,15
CAR_003565,Honda Civic 1.8 V AT,2007,Petrol,Individual,Automatic,First Owner,Honda,18
CAR_003566,Honda Mobilio V i VTEC,2014,Petrol,Individual,Manual,First Owner,Honda,11
CAR_003567,Hyundai Creta 1.6 SX,2019,Petrol,Individual,Manual,First Owner,Hyundai,6
CAR_003568,Renault KWID RXT,2016,Petrol,Individual,Manual,First Owner,Renault,9
CAR_003569,Tata Manza ELAN Quadrajet BS IV,2011,Diesel,Individual,Manual,Third Owner,Tata,14
CAR_003570,Hyundai i10 Sportz AT,2011,Petrol,Individual,Automatic,Second Owner,Hyundai,14
CAR_003571,Maruti Alto LXi,2009,Petrol,Individual,Unknown,Second Owner,Maruti,16
CAR_003572,Nissan Micra Diesel XV Premium,2011,Diesel,Individual,Manual,First Owner,Nissan,14
CAR_003573,Mahindra Scorpio VLX 2WD AIRBAG BSIV,2014,Diesel,Individual,Manual,First Owner,Mahindra,11
CAR_003574,Maruti Wagon R LXI Minor,2008,Petrol,Individual,Manual,Second Owner,Maruti,17
CAR_003575,Mahindra Bolero SLX 4WD BSIII,2011,Diesel,Individual,Manual,Second Owner,Mahindra,14
CAR_003576,Mahindra Scorpio S9 BSIV,2019,Diesel,Individual,Unknown,First Owner,Mahindra,6
CAR_003577,Honda City 1.3 DX,2003,Petrol,Individual,Manual,Second Owner,Honda,22
CAR_003578,Honda BR-V i-DTEC VX MT,2018,Electric,Individual,Manual,First Owner,Honda,7
CAR_003579,Hyundai Grand i10 CRDi Sportz,2014,Diesel,Individual,Manual,Second Owner,Hyundai,11
CAR_003580,Tata Nano Lx BSIII,2011,Electric,Individual,Manual,Second Owner,Tata,14
CAR_003581,Volkswagen Polo Diesel Highline 1.2L,2013,Diesel,Individual,Manual,Third Owner,Volkswagen,12
CAR_003582,Volkswagen Ameo 1.5 TDI Highline,2017,Diesel,Individual,Unknown,First Owner,Volkswagen,8
CAR_003583,Maruti Swift ZXI ABS,2007,Petrol,Individual,Manual,Second Owner,Maruti,18
CAR_003584,Maruti Wagon R LXI BS IV,2011,Electric,Dealer,Manual,First Owner,Maruti,14
CAR_003585,Tata Manza Aura (ABS) Quadrajet BS IV,2010,Diesel,Individual,Unknown,Second Owner,Tata,15
CAR_003586,Toyota Etios GD,2015,Diesel,Dealer,Manual,Second Owner,Toyota,10
CAR_003587,Ford Figo Diesel Titanium,2012,Diesel,Individual,Manual,First Owner,Ford,13
CAR_003588,Honda Amaze VX i-DTEC,2018,Diesel,Individual,Manual,First Owner,Honda,7
CAR_003589,Ford Endeavour 2.5L 4X2 MT,2009,Electric,Individual,Manual,Second Owner,Ford,16
CAR_003590,Renault Duster 85PS Diesel RxE,2016,Diesel,Individual,Manual,First Owner,Renault,9
CAR_003591,Maruti Ritz LDi,2016,Diesel,Individual,Unknown,Second Owner,Maruti,9
CAR_003592,Toyota Corolla Altis D-4D J,2015,Diesel,Dealer,Manual,Second Owner,Toyota,10
CAR_003593,Maruti Swift Dzire VDI,2018,Diesel,Individual,Manual,First Owner,Maruti,7
CAR_003594,Maruti 800 AC Uniq,2009,Petrol,Individual,Manual,Second Owner,Maruti,16
CAR_003595,Mahindra Scorpio VLX 2WD AIRBAG BSIV,2014,Diesel,Individual,Unknown,Second Owner,Mahindra,11
CAR_003596,Mahindra Scorpio VLX 2WD AT BSIV,2009,Electric,Individual,Automatic,Third Owner,Mahindra,16
CAR_003597,Land Rover Range Rover Evoque 2.2L Dynamic,2012,Diesel,Individual,Unknown,Second Owner,Land,13
CAR_003598,Hyundai i20 1.4 Sportz,2017,Diesel,Individual,Manual,First Owner,Hyundai,8
CAR_003599,Maruti Baleno Alpha 1.3,2017,Diesel,Individual,Manual,First Owner,Maruti,8
CAR_003600,Hyundai Verna CRDi 1.6 SX Option,2019,Diesel,Individual,Manual,First Owner,Hyundai,6
CAR_003601,BMW X1 sDrive20d,2012,Diesel,Individual,Automatic,Second Owner,BMW,13
CAR_003602,Maruti Alto K10 2010-2014 VXI,2012,Electric,Individual,Manual,Second Owner,Maruti,13
CAR_003603,Tata Spacio SA 6 Seater,2009,Diesel,Individual,Manual,First Owner,Tata,16
CAR_003604,Maruti Swift VDI BSIV,2009,Diesel,Individual,Manual,Second Owner,Maruti,16
CAR_003605,Toyota Etios 1.4 VXD,2016,Diesel,Individual,Manual,Second Owner,Toyota,9
CAR_003606,Hyundai Xcent 1.2 Kappa S,2015,Petrol,Individual,Manual,First Owner,Hyundai,10
CAR_003607,Mahindra Xylo D2,2010,Diesel,Individual,Manual,First Owner,Mahindra,15
CAR_003608,Mahindra Bolero Power Plus SLX,2016,Diesel,Individual,Manual,Second Owner,Mahindra,9
CAR_003609,Hyundai Verna 1.4 CRDi,2014,Diesel,Individual,Manual,First Owner,Hyundai,11
CAR_003610,Maruti Ciaz ZDi Plus SHVS,2016,Diesel,Individual,Unknown,First Owner,Maruti,9
CAR_003611,Maruti Omni E MPI STD BS IV,2014,Petrol,Individual,Manual,First Owner,Maruti,11
CAR_003612,Hyundai Verna 1.6 SX,2012,Diesel,Individual,Manual,Second Owner,Hyundai,13
CAR_003613,Mercedes-Benz E-Class 280 CDI,2007,Diesel,Dealer,Automatic,First Owner,Mercedes-Benz,18
CAR_003614,Maruti Swift ZDI,2016,Diesel,Dealer,Manual,First Owner,Maruti,9
CAR_003615,Maruti Swift VDI BSIV,2014,Diesel,Dealer,Manual,First Owner,Maruti,11
CAR_003616,Honda City i-VTEC CVT ZX,2018,Petrol,Dealer,Automatic,Test Drive Car,Honda,7
CAR_003617,Ford Ecosport 1.5 DV5 MT Titanium Optional,2014,Diesel,Dealer,Manual,First Owner,Ford,11
CAR_003618,Hyundai EON Era,2011,Petrol,Dealer,Manual,First Owner,Hyundai,14
CAR_003619,Nissan Micra Active XV,2014,Petrol,Dealer,Manual,First Owner,Nissan,11
CAR_003620,Tata Tiago 1.2 Revotron XT,2017,Petrol,Individual,Manual,First Owner,Tata,8
CAR_003621,Tata New Safari DICOR 2.2 EX 4x2,2011,Diesel,Individual,Manual,Second Owner,Tata,14
CAR_003622,Maruti Zen LX,1998,Petrol,Individual,Manual,Third Owner,Maruti,27
CAR_003623,Maruti Zen LX,1998,Petrol,Individual,Manual,Third Owner,Maruti,27
CAR_003624,Fiat Linea Active (Diesel),2011,Electric,Individual,Manual,Third Owner,Fiat,14
CAR_003625,Fiat Punto 1.4 Emotion,2010,Petrol,Individual,Manual,Fourth & Above Owner,Fiat,15
CAR_003626,Ford EcoSport 1.5 Diesel Trend Plus BSIV,2017,Diesel,Individual,Unknown,First Owner,Ford,8
CAR_003627,Hyundai Creta 1.6 SX Option,2018,Electric,Individual,Manual,First Owner,Hyundai,7
CAR_003628,Maruti Zen Estilo LXI BS IV,2011,Electric,Individual,Unknown,First Owner,Maruti,14
CAR_003629,Renault KWID RXT,2018,Petrol,Individual,Manual,First Owner,Renault,7
CAR_003630,Maruti Wagon R VXI BS IV,2015,Petrol,Individual,Manual,First Owner,Maruti,10
CAR_003631,Maruti 800 AC,2006,Petrol,Individual,Manual,First Owner,Maruti,19
CAR_003632,Hyundai Verna CRDi,2009,Diesel,Individual,Manual,First Owner,Hyundai,16
CAR_003633,Maruti 800 AC BSIII,2007,Petrol,Individual,Manual,First Owner,Maruti,18
CAR_003634,Tata Indigo LS,2012,Diesel,Individual,Manual,Third Owner,Tata,13
CAR_003635,Chevrolet Beat Diesel LT,2016,Diesel,Individual,Manual,Second Owner,Chevrolet,9
CAR_003636,Renault Duster 110PS Diesel RxZ AWD,2017,Diesel,Individual,Manual,First Owner,Renault,8
CAR_003637,Maruti Alto K10 VXI,2017,Petrol,Individual,Manual,First Owner,Maruti,8
CAR_003638,Hyundai i20 1.4 Asta Option,2018,Diesel,Individual,Manual,First Owner,Hyundai,7
CAR_003639,Mahindra Quanto C6,2013,Diesel,Individual,Manual,First Owner,Mahindra,12
CAR_003640,Tata Indigo LX Dicor,2009,Diesel,Individual,Manual,First Owner,Tata,16
CAR_003641,Hyundai i20 1.2 Magna,2012,Petrol,Individual,Manual,First Owner,Hyundai,13
CAR_003642,Honda City 1.5 S MT,2010,Petrol,Individual,Unknown,Second Owner,Honda,15
CAR_003643,Hyundai Verna 1.6 SX VTVT (O),2014,Petrol,Individual,Manual,Second Owner,Hyundai,11
CAR_003644,Hyundai i10 Magna,2012,Petrol,Individual,Manual,First Owner,Hyundai,13
CAR_003645,Maruti Zen Estilo 1.1 LXI BSIII,2007,Petrol,Individual,Manual,First Owner,Maruti,18
CAR_003646,Maruti Esteem Vxi - BSIII,2006,Petrol,Individual,Manual,First Owner,Maruti,19
CAR_003647,Toyota Innova 2.5 G (Diesel) 8 Seater BS IV,2006,Diesel,Individual,Manual,First Owner,Toyota,19
CAR_003648,Hyundai Verna Transform VTVT,2010,Petrol,Individual,Manual,First Owner,Hyundai,15
CAR_003649,Hyundai i20 Magna Optional 1.4 CRDi,2013,Diesel,Individual,Manual,First Owner,Hyundai,12
CAR_003650,Maruti Gypsy King Hard Top Ambulance BSIV,2005,Electric,Individual,Manual,Second Owner,Maruti,20
CAR_003651,Ford Figo Diesel Celebration Edition,2013,Diesel,Individual,Manual,First Owner,Ford,12
CAR_003652,Ford Fiesta 1.4 SXi TDCi,2009,Diesel,Individual,Manual,Second Owner,Ford,16
CAR_003653,Maruti 800 AC,2008,Petrol,Individual,Manual,Second Owner,Maruti,17
CAR_003654,Maruti Esteem Vxi,2007,Petrol,Individual,Manual,Second Owner,Maruti,18
CAR_003655,Tata Indica Vista Quadrajet LS,2012,Diesel,Individual,Manual,First Owner,Tata,13
CAR_003656,Maruti Baleno Zeta Automatic,2018,Petrol,Individual,Automatic,First Owner,Maruti,7
CAR_003657,Maruti Vitara Brezza ZDi Plus,2016,Diesel,Individual,Manual,First Owner,Maruti,9
CAR_003658,Chevrolet Captiva LT,2009,Diesel,Individual,Manual,First Owner,Chevrolet,16
CAR_003659,Renault Duster 85PS Diesel RxL Optional,2013,Diesel,Individual,Manual,Second Owner,Renault,12
CAR_003660,Nissan Terrano XV Premium 110 PS,2014,Diesel,Individual,Manual,Second Owner,Nissan,11
CAR_003661,Maruti Alto K10 2010-2014 VXI,2014,Petrol,Individual,Manual,First Owner,Maruti,11
CAR_003662,Maruti 800 Std,1997,Petrol,Individual,Manual,Second Owner,Maruti,28
CAR_003663,Tata Indica Vista Aura 1.2 Safire,2009,Petrol,Individual,Unknown,Second Owner,Tata,16
CAR_003664,Maruti Alto 800 LXI,2013,Petrol,Individual,Manual,Second Owner,Maruti,12
CAR_003665,Honda City 1.5 V MT,2009,Petrol,Individual,Manual,Second Owner,Honda,16
CAR_003666,Renault KWID 1.0 RXT Optional,2017,Petrol,Individual,Manual,First Owner,Renault,8
CAR_003667,Tata Indica Vista Terra Quadrajet 1.3L BS IV,2010,Diesel,Individual,Manual,First Owner,Tata,15
CAR_003668,Tata Indica Vista Terra 1.4 TDI,2011,Diesel,Individual,Manual,First Owner,Tata,14
CAR_003669,Chevrolet Enjoy TCDi LT 8 Seater,2015,Diesel,Individual,Manual,First Owner,Chevrolet,10
CAR_003670,Maruti 800 Std,2013,Petrol,Individual,Manual,First Owner,Maruti,12
CAR_003671,Renault KWID RXT,2015,Petrol,Individual,Manual,First Owner,Renault,10
CAR_003672,Maruti Swift Dzire VDI,2014,Diesel,Individual,Manual,Third Owner,Maruti,11
CAR_003673,Hyundai i10 Magna 1.1,2008,Petrol,Individual,Manual,Second Owner,Hyundai,17
CAR_003674,Toyota Etios VXD,2015,Diesel,Individual,Manual,First Owner,Toyota,10
CAR_003675,Mahindra Quanto C8,2012,Diesel,Individual,Manual,First Owner,Mahindra,13
CAR_003676,Mahindra Xylo E9,2012,Diesel,Individual,Manual,First Owner,Mahindra,13
CAR_003677,Hyundai EON Era Plus,2015,Petrol,Individual,Manual,First Owner,Hyundai,10
CAR_003678,Maruti Alto K10 VXI,2017,Electric,Individual,Manual,Second Owner,Maruti,8
CAR_003679,Tata Indigo CR4,2012,Electric,Individual,Manual,Third Owner,Tata,13
CAR_003680,Toyota Innova 2.5 G (Diesel) 7 Seater BS IV,2006,Diesel,Individual,Manual,Third Owner,Toyota,19
CAR_003681,Maruti Wagon R VXI BS IV,2016,Petrol,Individual,Manual,First Owner,Maruti,9
CAR_003682,Hyundai i20 Active 1.2 S,2017,Petrol,Individual,Manual,First Owner,Hyundai,8
CAR_003683,Maruti Ignis 1.2 Zeta BSIV,2018,Petrol,Individual,Manual,First Owner,Maruti,7
CAR_003684,Maruti Omni MPI STD BSIV,2015,Petrol,Individual,Manual,First Owner,Maruti,10
CAR_003685,Tata Tiago 1.2 Revotron XZ,2018,Electric,Individual,Manual,First Owner,Tata,7
CAR_003686,Ford Figo Aspire 1.2 Ti-VCT Trend,2017,Petrol,Dealer,Manual,First Owner,Ford,8
CAR_003687,Hyundai i10 Era,2009,Petrol,Individual,Manual,First Owner,Hyundai,16
CAR_003688,Nissan Sunny XL,2016,Petrol,Dealer,Manual,First Owner,Nissan,9
CAR_003689,Renault Duster 85PS Diesel RxL Plus,2013,Diesel,Dealer,Manual,First Owner,Renault,12
CAR_003690,Mahindra XUV500 W6 2WD,2013,Diesel,Dealer,Manual,First Owner,Mahindra,12
CAR_003691,Ford Figo Diesel EXI,2011,Diesel,Dealer,Manual,Second Owner,Ford,14
CAR_003692,Ford Ecosport 1.5 DV5 MT Titanium,2014,Diesel,Dealer,Manual,Second Owner,Ford,11
CAR_003693,Toyota Fortuner 3.0 Diesel,2012,Diesel,Dealer,Manual,First Owner,Toyota,13
CAR_003694,Chevrolet Spark 1.0 LT,2010,Petrol,Individual,Manual,First Owner,Chevrolet,15
CAR_003695,Tata Tiago 1.2 Revotron XE,2017,Petrol,Individual,Manual,First Owner,Tata,8
CAR_003696,Toyota Etios Liva VX,2012,Petrol,Individual,Manual,Second Owner,Toyota,13
CAR_003697,Maruti Alto K10 VXI,2018,Petrol,Individual,Manual,First Owner,Maruti,7
CAR_003698,Chevrolet Beat LS,2011,Petrol,Individual,Manual,Third Owner,Chevrolet,14
CAR_003699,Hyundai Grand i10 Asta Option,2017,Petrol,Individual,Manual,First Owner,Hyundai,8
CAR_003700,Maruti Ciaz VXi,2014,Petrol,Individual,Manual,First Owner,Maruti,11
CAR_003701,Datsun GO Plus T BSIV,2018,Petrol,Individual,Manual,Second Owner,Datsun,7
CAR_003702,Mahindra Xylo H4,2019,Diesel,Individual,Manual,Third Owner,Mahindra,6
CAR_003703,Renault Duster 85PS Diesel RxL Optional,2013,Diesel,Individual,Manual,First Owner,Renault,12
CAR_003704,Ford EcoSport 1.5 Diesel Trend BSIV,2018,Diesel,Individual,Manual,First Owner,Ford,7
CAR_003705,Hyundai i10 Magna 1.1L,2014,Petrol,Individual,Manual,First Owner,Hyundai,11
CAR_003706,Hyundai i10 Sportz,2011,Petrol,Individual,Unknown,First Owner,Hyundai,14
CAR_003707,Ford Classic 1.4 Duratorq LXI,2013,Electric,Individual,Manual,First Owner,Ford,12
CAR_003708,Toyota Fortuner 3.0 Diesel,2009,Diesel,Individual,Unknown,Second Owner,Toyota,16
CAR_003709,Hyundai Verna 1.6 VTVT,2012,Petrol,Individual,Unknown,First Owner,Hyundai,13
CAR_003710,Chevrolet Aveo U-VA 1.2,2007,Petrol,Individual,Unknown,Second Owner,Chevrolet,18
CAR_003711,Chevrolet Beat Diesel LT,2013,Diesel,Individual,Manual,Third Owner,Chevrolet,12
CAR_003712,Hyundai EON Magna Plus,2012,Electric,Dealer,Manual,First Owner,Hyundai,13
CAR_003713,Ford EcoSport 1.5 TDCi Titanium BSIV,2016,Diesel,Dealer,Manual,First Owner,Ford,9
CAR_003714,Ford Ecosport 1.5 Diesel Titanium,2017,Diesel,Dealer,Manual,First Owner,Ford,8
CAR_003715,Honda Amaze S i-Dtech,2014,Diesel,Dealer,Manual,First Owner,Honda,11
CAR_003716,Ford Figo Diesel EXI,2014,Diesel,Dealer,Manual,Second Owner,Ford,11
CAR_003717,Honda Jazz 1.5 S i DTEC,2016,Diesel,Dealer,Manual,First Owner,Honda,9
CAR_003718,Honda Jazz 1.5 VX i DTEC,2016,Diesel,Dealer,Manual,First Owner,Honda,9
CAR_003719,Toyota Innova 2.5 GX 8 STR BSIV,2009,Diesel,Dealer,Manual,First Owner,Toyota,16
CAR_003720,Tata New Safari DICOR 2.2 VX 4x2,2010,Diesel,Individual,Unknown,First Owner,Tata,15
CAR_003721,Hyundai i20 Active 1.2 S,2018,Petrol,Individual,Unknown,First Owner,Hyundai,7
CAR_003722,BMW 3 Series 320d Luxury Line,2018,Diesel,Individual,Automatic,First Owner,BMW,7
CAR_003723,Ford Freestyle Titanium Plus Diesel BSIV,2019,Diesel,Individual,Manual,First Owner,Ford,6
CAR_003724,Maruti Wagon R LXI CNG,2010,CNG,Individual,Manual,Second Owner,Maruti,15
CAR_003725,Maruti Ertiga SHVS VDI,2016,Diesel,Individual,Manual,First Owner,Maruti,9
CAR_003726,Mahindra TUV 300 T6 Plus,2015,Diesel,Individual,Manual,First Owner,Mahindra,10
CAR_003727,Maruti Alto 800 LXI,2014,Petrol,Individual,Unknown,First Owner,Maruti,11
CAR_003728,Mahindra Bolero Power Plus ZLX,2017,Diesel,Individual,Manual,First Owner,Mahindra,8
CAR_003729,Maruti Ertiga SHVS ZDI Plus,2018,Diesel,Individual,Manual,First Owner,Maruti,7
CAR_003730,Fiat Grande Punto EVO 90HP 1.3 Sport,2014,Electric,Individual,Manual,First Owner,Fiat,11
CAR_003731,Hyundai Grand i10 1.2 Kappa Sportz AT,2018,Petrol,Individual,Automatic,First Owner,Hyundai,7
CAR_003732,Volkswagen Vento 1.6 Highline,2015,Petrol,Individual,Unknown,Second Owner,Volkswagen,10
CAR_003733,Maruti Alto K10 LXI,2017,Petrol,Individual,Manual,First Owner,Maruti,8
CAR_003734,Hyundai EON D Lite,2016,Petrol,Individual,Manual,First Owner,Hyundai,9
CAR_003735,Mahindra XUV500 W8 2WD,2013,Diesel,Individual,Manual,First Owner,Mahindra,12
CAR_003736,Maruti Wagon R VXI Minor,2009,Petrol,Individual,Manual,Second Owner,Maruti,16
CAR_003737,Fiat Grande Punto Emotion 90Hp,2013,Diesel,Individual,Manual,First Owner,Fiat,12
CAR_003738,Hyundai Verna 1.6 SX,2012,Diesel,Individual,Manual,First Owner,Hyundai,13
CAR_003739,Maruti Alto LXi,2007,Petrol,Individual,Manual,Second Owner,Maruti,18
CAR_003740,Toyota Innova 2.5 V Diesel 7-seater,2011,Diesel,Individual,Manual,Third Owner,Toyota,14
CAR_003741,Maruti 800 AC,2006,Petrol,Individual,Manual,Second Owner,Maruti,19
CAR_003742,Honda City i DTEC VX,2014,Electric,Individual,Unknown,First Owner,Honda,11
CAR_003743,Volkswagen Vento New Diesel Highline,2013,Diesel,Individual,Manual,Second Owner,Volkswagen,12
CAR_003744,Maruti Swift Dzire VDI,2015,Diesel,Individual,Manual,First Owner,Maruti,10
CAR_003745,Maruti Swift ZDi,2013,Diesel,Individual,Manual,First Owner,Maruti,12
CAR_003746,Hyundai EON Magna Plus,2013,Petrol,Individual,Manual,Second Owner,Hyundai,12
CAR_003747,Maruti Wagon R VXI BS IV,2017,Petrol,Individual,Manual,First Owner,Maruti,8
CAR_003748,Maruti Swift VDI,2013,Diesel,Individual,Manual,Second Owner,Maruti,12
CAR_003749,Maruti Swift Dzire ZXI,2015,Electric,Individual,Manual,Second Owner,Maruti,10
CAR_003750,Ford Figo Diesel Titanium,2011,Diesel,Individual,Manual,Second Owner,Ford,14
CAR_003751,Ford Figo Diesel ZXI,2014,Diesel,Individual,Manual,First Owner,Ford,11
CAR_003752,Mahindra Scorpio S10 7 Seater,2014,Diesel,Individual,Manual,First Owner,Mahindra,11
CAR_003753,Hyundai EON LPG Magna Plus,2015,LPG,Individual,Manual,First Owner,Hyundai,10
CAR_003754,Ford Ecosport 1.5 DV5 MT Titanium,2014,Diesel,Individual,Manual,Second Owner,Ford,11
CAR_003755,Mahindra Scorpio LX,2014,Diesel,Individual,Manual,First Owner,Mahindra,11
CAR_003756,Hyundai EON 1.0 Kappa Magna Plus,2015,Petrol,Individual,Manual,First Owner,Hyundai,10
CAR_003757,Ford Fiesta Classic 1.6 Duratec CLXI,2012,Petrol,Individual,Manual,First Owner,Ford,13
CAR_003758,Honda City 1.5 V MT,2011,Petrol,Individual,Manual,Second Owner,Honda,14
CAR_003759,Tata Sumo Gold EX BSIII,2015,Diesel,Individual,Manual,First Owner,Tata,10
CAR_003760,Mahindra Bolero DI,2011,Diesel,Individual,Manual,First Owner,Mahindra,14
CAR_003761,Maruti A-Star AT VXI,2012,Petrol,Individual,Automatic,First Owner,Maruti,13
CAR_003762,Chevrolet Cruze LTZ,2010,Diesel,Individual,Manual,Third Owner,Chevrolet,15
CAR_003763,Tata Hexa XM,2018,Diesel,Individual,Manual,First Owner,Tata,7
CAR_003764,Renault KWID 1.0 RXT Optional,2017,Petrol,Individual,Manual,Second Owner,Renault,8
CAR_003765,Nissan Terrano XL Plus ICC WT20 SE,2016,Diesel,Individual,Manual,First Owner,Nissan,9
CAR_003766,Mitsubishi Pajero Sport 4X4,2012,Diesel,Individual,Manual,Second Owner,Mitsubishi,13
CAR_003767,Tata New Safari DICOR 2.2 GX 4x2 BS IV,2012,Electric,Individual,Manual,Second Owner,Tata,13
CAR_003768,Tata Indica GLS BS IV,2007,Electric,Individual,Manual,Second Owner,Tata,18
CAR_003769,Maruti Swift Dzire ZXI,2013,Petrol,Individual,Manual,First Owner,Maruti,12
CAR_003770,Tata Indigo CR4,2012,Diesel,Individual,Manual,Second Owner,Tata,13
CAR_003771,Ford Ecosport 1.5 DV5 MT Titanium,2015,Diesel,Individual,Manual,First Owner,Ford,10
CAR_003772,Maruti Alto LXi,2006,Petrol,Individual,Manual,Second Owner,Maruti,19
CAR_003773,Maruti Ertiga VDI,2013,Diesel,Individual,Manual,First Owner,Maruti,12
CAR_003774,Hyundai Accent Executive CNG,2012,Electric,Dealer,Manual,Second Owner,Hyundai,13
CAR_003775,Maruti Alto K10 VXI,2015,Petrol,Individual,Unknown,First Owner,Maruti,10
CAR_003776,Maruti Swift VXI,2019,Petrol,Individual,Unknown,First Owner,Maruti,6
CAR_003777,Renault KWID RXE,2016,Petrol,Individual,Manual,First Owner,Renault,9
CAR_003778,Hyundai Creta 1.6 E Plus,2018,Petrol,Individual,Manual,First Owner,Hyundai,7
CAR_003779,Maruti Eeco CNG 5 Seater AC BSIV,2019,CNG,Individual,Unknown,First Owner,Maruti,6
CAR_003780,Ford Figo 1.2P Titanium MT,2019,Petrol,Individual,Manual,First Owner,Ford,6
CAR_003781,Toyota Innova 2.5 G (Diesel) 7 Seater,2013,Diesel,Individual,Manual,Second Owner,Toyota,12
CAR_003782,Maruti Wagon R LXI DUO BSIII,2007,LPG,Individual,Manual,First Owner,Maruti,18
CAR_003783,Toyota Fortuner 3.0 Diesel,2010,Diesel,Individual,Manual,Second Owner,Toyota,15
CAR_003784,Audi A6 2.8 FSI,2008,Petrol,Individual,Automatic,Third Owner,Audi,17
CAR_003785,Hyundai Xcent 1.2 CRDi S,2018,Diesel,Individual,Manual,Second Owner,Hyundai,7
CAR_003786,Mahindra XUV500 W8 2WD,2014,Diesel,Individual,Manual,Second Owner,Mahindra,11
CAR_003787,Toyota Innova 2.5 G (Diesel) 7 Seater,2013,Electric,Individual,Manual,Second Owner,Toyota,12
CAR_003788,Hyundai Santa Fe 4X4,2011,Diesel,Individual,Manual,First Owner,Hyundai,14
CAR_003789,Honda Amaze E i-Vtech,2015,Petrol,Individual,Manual,Second Owner,Honda,10
CAR_003790,Toyota Corolla Altis Diesel D4DG,2010,Diesel,Individual,Manual,First Owner,Toyota,15
CAR_003791,Jeep Compass 2.0 Longitude Option BSIV,2017,Diesel,Individual,Manual,First Owner,Jeep,8
CAR_003792,Nissan Terrano XL 110 PS,2013,Diesel,Individual,Manual,First Owner,Nissan,12
CAR_003793,Maruti Alto LX,2010,Petrol,Individual,Manual,First Owner,Maruti,15
CAR_003794,Tata New Safari DICOR 2.2 EX 4x2,2012,Diesel,Individual,Manual,Second Owner,Tata,13
CAR_003795,Mahindra Thar 4X2,2011,Diesel,Individual,Manual,Second Owner,Mahindra,14
CAR_003796,Maruti Swift Dzire ZDI,2015,Diesel,Individual,Manual,First Owner,Maruti,10
CAR_003797,Chevrolet Beat Diesel LT,2011,Diesel,Individual,Manual,Second Owner,Chevrolet,14
CAR_003798,Maruti Swift Dzire LXI Option,2014,Petrol,Individual,Manual,Second Owner,Maruti,11
CAR_003799,Tata Indica Vista Aura Plus 1.3 Quadrajet,2012,Diesel,Individual,Manual,Second Owner,Tata,13
CAR_003800,Toyota Innova 2.5 G1 BSIV,2012,Diesel,Individual,Manual,First Owner,Toyota,13
CAR_003801,Maruti Swift Vdi BSIII,2008,Diesel,Individual,Manual,Second Owner,Maruti,17
CAR_003802,Mahindra XUV500 W7 BSIV,2019,Diesel,Individual,Manual,First Owner,Mahindra,6
CAR_003803,Hyundai i20 1.2 Asta Option,2017,Petrol,Individual,Manual,First Owner,Hyundai,8
CAR_003804,Toyota Innova 2.5 GX 8 STR BSIV,2012,Diesel,Individual,Manual,First Owner,Toyota,13
CAR_003805,Maruti Alto LXi,2007,Petrol,Individual,Manual,First Owner,Maruti,18
CAR_003806,Hyundai Grand i10 1.2 Kappa Sportz BSIV,2018,Petrol,Individual,Unknown,First Owner,Hyundai,7
CAR_003807,Honda Amaze VX i-DTEC,2016,Diesel,Individual,Manual,First Owner,Honda,9
CAR_003808,Chevrolet Beat Diesel LT,2012,Diesel,Individual,Manual,First Owner,Chevrolet,13
CAR_003809,Maruti Baleno RS 1.0 Petrol,2018,Petrol,Individual,Manual,First Owner,Maruti,7
CAR_003810,Skoda Superb Ambition 2.0 TDI CR AT,2013,Diesel,Dealer,Automatic,First Owner,Skoda,12
CAR_003811,Nissan Terrano XL Plus 85 PS,2015,Diesel,Dealer,Manual,First Owner,Nissan,10
CAR_003812,Chevrolet Enjoy TCDi LT 7 Seater,2014,Diesel,Dealer,Manual,First Owner,Chevrolet,11
CAR_003813,Renault Scala Diesel RxL,2015,Diesel,Dealer,Manual,First Owner,Renault,10
CAR_003814,Skoda Rapid 1.5 TDI Ambition,2014,Diesel,Individual,Manual,First Owner,Skoda,11
CAR_003815,Skoda Superb LK 1.8 TSI AT,2012,Petrol,Dealer,Automatic,First Owner,Skoda,13
CAR_003816,Ford Fiesta 1.5 TDCi Titanium,2012,Diesel,Dealer,Manual,Third Owner,Ford,13
CAR_003817,Mahindra Quanto C6,2014,Electric,Individual,Manual,First Owner,Mahindra,11
CAR_003818,Volkswagen Jetta 1.9 TDI Comfortline DSG,2009,Diesel,Individual,Automatic,First Owner,Volkswagen,16
CAR_003819,Maruti Ciaz 1.4 AT Zeta,2019,Petrol,Dealer,Automatic,First Owner,Maruti,6
CAR_003820,Hyundai Grand i10 1.2 CRDi Magna,2016,Diesel,Dealer,Manual,First Owner,Hyundai,9
CAR_003821,Chevrolet Cruze LTZ AT,2012,Diesel,Dealer,Automatic,First Owner,Chevrolet,13
CAR_003822,Mahindra XUV500 AT W8 FWD,2015,Diesel,Individual,Automatic,Second Owner,Mahindra,10
CAR_003823,Honda City 1.5 EXI,2004,Petrol,Individual,Manual,Third Owner,Honda,21
CAR_003824,Fiat Linea 1.3 Emotion,2014,Diesel,Individual,Manual,First Owner,Fiat,11
CAR_003825,Volkswagen Vento 1.5 TDI Highline AT,2016,Diesel,Dealer,Automatic,First Owner,Volkswagen,9
CAR_003826,Honda Amaze VX AT i-Vtech,2014,Petrol,Dealer,Automatic,First Owner,Honda,11
CAR_003827,Chevrolet Spark 1.0 LS,2009,Petrol,Individual,Manual,Third Owner,Chevrolet,16
CAR_003828,Maruti Baleno Delta Diesel,2015,Diesel,Dealer,Manual,First Owner,Maruti,10
CAR_003829,Maruti S-Cross Alpha DDiS 200 SH,2016,Diesel,Dealer,Manual,First Owner,Maruti,9
CAR_003830,Hyundai i20 1.2 Asta Option,2017,Petrol,Individual,Manual,First Owner,Hyundai,8
CAR_003831,Hyundai Santro Xing GLS,2009,Petrol,Individual,Manual,Fourth & Above Owner,Hyundai,16
CAR_003832,Chevrolet Beat Diesel LT,2012,Diesel,Individual,Unknown,Third Owner,Chevrolet,13
CAR_003833,Chevrolet Beat Diesel LT,2012,Diesel,Individual,Manual,First Owner,Chevrolet,13
CAR_003834,Mahindra TUV 300 T4 Plus,2017,Diesel,Individual,Manual,First Owner,Mahindra,8
CAR_003835,Hyundai Grand i10 Asta,2014,Petrol,Individual,Manual,Second Owner,Hyundai,11
CAR_003836,Maruti Zen Estilo LXI Green (CNG),2010,CNG,Individual,Manual,Fourth & Above Owner,Maruti,15
CAR_003837,Mahindra Bolero Power Plus Plus AC BSIV PS,2017,Diesel,Individual,Manual,First Owner,Mahindra,8
CAR_003838,Mahindra XUV500 W8 4WD,2012,Electric,Individual,Unknown,Second Owner,Mahindra,13
CAR_003839,Ford Ecosport 1.5 DV5 MT Titanium,2014,Diesel,Individual,Manual,First Owner,Ford,11
CAR_003840,Mahindra Bolero Power Plus ZLX,2018,Diesel,Individual,Manual,First Owner,Mahindra,7
CAR_003841,Tata Winger Deluxe - Hi Roof (AC),2011,Diesel,Individual,Unknown,Third Owner,Tata,14
CAR_003842,Renault Lodgy 85PS RxL,2015,Diesel,Individual,Manual,First Owner,Renault,10
CAR_003843,Audi A4 3.0 TDI Quattro,2013,Diesel,Dealer,Automatic,First Owner,Audi,12
CAR_003844,Audi Q3 2.0 TDI Quattro Premium Plus,2015,Diesel,Dealer,Automatic,First Owner,Audi,10
CAR_003845,Tata Hexa XTA,2018,Diesel,Individual,Automatic,First Owner,Tata,7
CAR_003846,Mahindra Xylo D4,2014,Diesel,Individual,Manual,First Owner,Mahindra,11
CAR_003847,Datsun RediGO AMT 1.0 S,2018,Petrol,Individual,Automatic,First Owner,Datsun,7
CAR_003848,Tata Zest Revotron 1.2T XMS,2018,Petrol,Dealer,Manual,Second Owner,Tata,7
CAR_003849,Audi A6 2.0 TDI  Design Edition,2014,Diesel,Dealer,Automatic,First Owner,Audi,11
CAR_003850,Maruti Zen LX,1999,Petrol,Individual,Manual,Fourth & Above Owner,Maruti,26
CAR_003851,Nissan Sunny XL D,2018,Diesel,Individual,Manual,First Owner,Nissan,7
CAR_003852,Audi Q3 35 TDI Quattro Technology,2017,Diesel,Dealer,Unknown,First Owner,Audi,8
CAR_003853,Honda Brio VX,2014,Petrol,Dealer,Manual,First Owner,Honda,11
CAR_003854,Tata Indigo CR4,2013,Diesel,Individual,Manual,First Owner,Tata,12
CAR_003855,Audi Q5 2.0 TFSI Quattro Premium Plus,2014,Petrol,Dealer,Automatic,First Owner,Audi,11
CAR_003856,Hyundai Santro Xing XL eRLX Euro III,2005,Petrol,Dealer,Manual,Second Owner,Hyundai,20
CAR_003857,Maruti 800 AC,1999,Petrol,Individual,Manual,Second Owner,Maruti,26
CAR_003858,Honda Jazz Select Edition,2017,Petrol,Dealer,Manual,First Owner,Honda,8
CAR_003859,Ford EcoSport 1.5 TDCi Titanium BSIV,2018,Diesel,Dealer,Manual,First Owner,Ford,7
CAR_003860,Maruti Swift Dzire AMT VXI,2018,Petrol,Individual,Automatic,First Owner,Maruti,7
CAR_003861,Hyundai Creta 1.6 SX Automatic,2017,Petrol,Dealer,Automatic,First Owner,Hyundai,8
CAR_003862,Datsun GO T Petrol,2015,Petrol,Dealer,Unknown,First Owner,Datsun,10
CAR_003863,Mahindra Xylo D4,2017,Diesel,Individual,Manual,First Owner,Mahindra,8
CAR_003864,Toyota Fortuner 2.8 4WD AT BSIV,2019,Diesel,Individual,Automatic,First Owner,Toyota,6
CAR_003865,Honda City i-DTEC SV,2014,Diesel,Dealer,Manual,First Owner,Honda,11
CAR_003866,Hyundai Grand i10 Asta,2016,Petrol,Dealer,Manual,First Owner,Hyundai,9
CAR_003867,Hyundai Creta 1.6 CRDi SX,2017,Diesel,Dealer,Manual,First Owner,Hyundai,8
CAR_003868,Hyundai i20 Sportz 1.2,2016,Petrol,Dealer,Manual,First Owner,Hyundai,9
CAR_003869,Hyundai i20 Sportz 1.2,2017,Petrol,Dealer,Manual,First Owner,Hyundai,8
CAR_003870,Hyundai Getz 1.5 CRDi GVS,2008,Electric,Dealer,Manual,First Owner,Hyundai,17
CAR_003871,Volkswagen Vento 1.5 TDI Highline,2013,Diesel,Dealer,Manual,First Owner,Volkswagen,12
CAR_003872,Mercedes-Benz E-Class 280 CDI Elegance,2008,Diesel,Dealer,Automatic,First Owner,Mercedes-Benz,17
CAR_003873,Audi RS7 2015-2019 Sportback Performance,2016,Petrol,Dealer,Automatic,First Owner,Audi,9
CAR_003874,Audi Q5 3.0 TDI Quattro Technology,2015,Diesel,Dealer,Automatic,First Owner,Audi,10
CAR_003875,MG Hector Smart AT,2019,Electric,Dealer,Automatic,First Owner,MG,6
CAR_003876,Land Rover Range Rover 4.4 Diesel LWB Vogue SE,2010,Diesel,Dealer,Automatic,First Owner,Land,15
CAR_003877,Honda City VX CVT,2015,Electric,Dealer,Automatic,First Owner,Honda,10
CAR_003878,Mahindra Xylo D4,2017,Diesel,Dealer,Manual,First Owner,Mahindra,8
CAR_003879,Mahindra Verito 1.5 D4 BSIV,2015,Diesel,Dealer,Manual,First Owner,Mahindra,10
CAR_003880,Maruti Swift Dzire VDI,2019,Diesel,Individual,Manual,First Owner,Maruti,6
CAR_003881,Maruti Swift ZXI Plus,2018,Petrol,Individual,Manual,First Owner,Maruti,7
CAR_003882,Nissan Micra Active XV,2017,Electric,Dealer,Manual,First Owner,Nissan,8
CAR_003883,Volkswagen Vento 1.5 TDI Highline,2013,Diesel,Dealer,Manual,First Owner,Volkswagen,12
CAR_003884,BMW 5 Series 520d Luxury Line,2019,Diesel,Dealer,Automatic,First Owner,BMW,6
CAR_003885,Chevrolet Aveo U-VA 1.2 LS,2008,Petrol,Individual,Manual,First Owner,Chevrolet,17
CAR_003886,Maruti Zen Estilo 1.1 LXI BSIII,2007,Petrol,Individual,Manual,Second Owner,Maruti,18
CAR_003887,Chevrolet Spark 1.0 LT,2012,Petrol,Individual,Manual,First Owner,Chevrolet,13
CAR_003888,Mahindra Bolero Power Plus Plus AC BSIV PS,2015,Diesel,Individual,Manual,First Owner,Mahindra,10
CAR_003889,Hyundai Creta 1.6 VTVT S,2017,Petrol,Individual,Manual,First Owner,Hyundai,8
CAR_003890,Maruti Alto LX,2000,Electric,Individual,Manual,Second Owner,Maruti,25
CAR_003891,Maruti Wagon R LXI BS IV,2017,Petrol,Individual,Manual,First Owner,Maruti,8
CAR_003892,Hyundai Santro Xing XS,2009,Petrol,Individual,Manual,Second Owner,Hyundai,16
CAR_003893,Volkswagen Polo GT 1.0 TSI,2019,Petrol,Individual,Automatic,First Owner,Volkswagen,6
CAR_003894,Tata Indigo CR4,2013,Diesel,Individual,Manual,First Owner,Tata,12
CAR_003895,Hyundai Getz GLX,2007,Electric,Individual,Manual,First Owner,Hyundai,18
CAR_003896,Tata Bolt Revotron XM,2015,Petrol,Individual,Manual,First Owner,Tata,10
CAR_003897,Datsun GO Plus T Option,2017,Petrol,Individual,Manual,First Owner,Datsun,8
CAR_003898,Hyundai i20 Magna 1.4 CRDi (Diesel),2012,Diesel,Dealer,Manual,Second Owner,Hyundai,13
CAR_003899,Tata Indica GLS BS IV,2010,Petrol,Individual,Manual,Third Owner,Tata,15
CAR_003900,Volkswagen Vento Petrol Highline,2011,Petrol,Individual,Manual,Second Owner,Volkswagen,14
CAR_003901,Hyundai Santro LS zipPlus,2003,Petrol,Individual,Manual,First Owner,Hyundai,22
CAR_003902,Mahindra XUV500 AT W6 2WD,2017,Diesel,Individual,Automatic,First Owner,Mahindra,8
CAR_003903,Maruti Wagon R LXI,2004,Petrol,Individual,Manual,Fourth & Above Owner,Maruti,21
CAR_003904,Chevrolet Sail Hatchback LT ABS,2013,Electric,Individual,Manual,First Owner,Chevrolet,12
CAR_003905,Honda City 1.3 EXI,2002,Petrol,Individual,Manual,First Owner,Honda,23
CAR_003906,Ford EcoSport 1.5 Diesel Titanium Plus BSIV,2018,Diesel,Individual,Manual,First Owner,Ford,7
CAR_003907,Maruti Swift VXI,2019,Petrol,Individual,Manual,First Owner,Maruti,6
CAR_003908,Maruti Alto LX BSIII,2008,Petrol,Individual,Manual,Second Owner,Maruti,17
CAR_003909,Hyundai EON Era Plus Sports Edition,2014,Petrol,Individual,Manual,First Owner,Hyundai,11
CAR_003910,Hyundai EON Magna Plus,2018,Petrol,Individual,Manual,First Owner,Hyundai,7
CAR_003911,Maruti Alto LXi,2011,Petrol,Individual,Manual,Second Owner,Maruti,14
CAR_003912,Skoda Rapid 1.6 MPI AT Ambition BSIV,2017,Petrol,Individual,Automatic,First Owner,Skoda,8
CAR_003913,Ambassador CLASSIC 1500 DSL AC,2005,Diesel,Individual,Unknown,Second Owner,Ambassador,20
CAR_003914,Fiat Linea T Jet Emotion,2010,Petrol,Individual,Manual,Second Owner,Fiat,15
CAR_003915,Renault Scala Diesel RxL,2013,Diesel,Individual,Manual,First Owner,Renault,12
CAR_003916,Tata Nexon 1.2 Revotron XZ Plus Dual Tone,2018,Petrol,Individual,Manual,First Owner,Tata,7
CAR_003917,Maruti Gypsy King HT BSIV,2001,Petrol,Individual,Manual,Third Owner,Maruti,24
CAR_003918,Maruti 800 AC Uniq,2005,Petrol,Individual,Manual,Second Owner,Maruti,20
CAR_003919,Maruti Wagon R LXI Minor,2008,Petrol,Individual,Manual,Second Owner,Maruti,17
CAR_003920,Maruti Wagon R VXI BS IV,2010,Petrol,Individual,Manual,Second Owner,Maruti,15
CAR_003921,Toyota Innova 2.5 VX 8 STR,2012,Diesel,Individual,Manual,First Owner,Toyota,13
CAR_003922,Toyota Innova 2.5 EV Diesel MS 7 Str BSIII,2010,Electric,Individual,Manual,First Owner,Toyota,15
CAR_003923,Tata Sumo Gold EX BSIII,2016,Diesel,Individual,Manual,First Owner,Tata,9
CAR_003924,Mahindra Renault Logan 1.5 DLX Diesel,2007,Diesel,Individual,Manual,Third Owner,Mahindra,18
CAR_003925,Toyota Etios GD,2014,Diesel,Individual,Manual,Second Owner,Toyota,11
CAR_003926,Hyundai EON Magna Plus,2014,Petrol,Individual,Manual,First Owner,Hyundai,11
CAR_003927,Nissan Micra Diesel XV,2013,Diesel,Individual,Manual,First Owner,Nissan,12
CAR_003928,Renault Lodgy Stepway 85PS RXZ 8S,2017,Electric,Individual,Manual,First Owner,Renault,8
CAR_003929,Maruti Alto 800 LXI,2018,Electric,Individual,Manual,First Owner,Maruti,7
CAR_003930,Tata Aria Pleasure 4x2,2012,Diesel,Individual,Manual,Second Owner,Tata,13
CAR_003931,Honda Accord 2.4 MT,2009,Petrol,Individual,Manual,Second Owner,Honda,16
CAR_003932,Maruti Alto LXi,2011,Petrol,Individual,Manual,Third Owner,Maruti,14
CAR_003933,Chevrolet Cruze LT,2011,Diesel,Individual,Manual,Second Owner,Chevrolet,14
CAR_003934,Ford Figo Aspire 1.5 TDCi Titanium,2020,Diesel,Dealer,Manual,First Owner,Ford,5
CAR_003935,Honda City i-DTEC ZX,2017,Diesel,Dealer,Manual,First Owner,Honda,8
CAR_003936,Honda BR-V i-DTEC VX MT,2017,Diesel,Dealer,Manual,First Owner,Honda,8
CAR_003937,Honda WR-V i-VTEC VX,2017,Petrol,Dealer,Manual,First Owner,Honda,8
CAR_003938,Honda City i VTEC VX,2017,Petrol,Dealer,Manual,First Owner,Honda,8
CAR_003939,Honda Jazz 1.5 V i DTEC,2018,Electric,Dealer,Manual,First Owner,Honda,7
CAR_003940,Honda Jazz 1.5 VX i DTEC,2017,Diesel,Dealer,Manual,First Owner,Honda,8
CAR_003941,Honda BR-V i-VTEC VX MT,2017,Electric,Dealer,Manual,First Owner,Honda,8
CAR_003942,Maruti Wagon R VXI BS IV,2015,Petrol,Dealer,Manual,First Owner,Maruti,10
CAR_003943,Honda City i DTEC SV,2014,Diesel,Dealer,Manual,First Owner,Honda,11
CAR_003944,Maruti 800 Std,2003,Petrol,Individual,Manual,First Owner,Maruti,22
CAR_003945,Hyundai EON Era Plus,2014,Petrol,Individual,Unknown,First Owner,Hyundai,11
CAR_003946,Hyundai i10 Era,2012,Petrol,Individual,Manual,Second Owner,Hyundai,13
CAR_003947,Hyundai Santro Xing GL,2008,Petrol,Individual,Manual,First Owner,Hyundai,17
CAR_003948,Ford Figo Aspire Facelift,2018,Diesel,Dealer,Manual,First Owner,Ford,7
CAR_003949,Hyundai Verna 1.4 VTVT,2015,Petrol,Individual,Manual,First Owner,Hyundai,10
CAR_003950,Ford EcoSport 1.5 Ti VCT MT Titanium BSIV,2017,Petrol,Dealer,Manual,First Owner,Ford,8
CAR_003951,Honda City i DTEC VX,2015,Diesel,Individual,Manual,First Owner,Honda,10
CAR_003952,Hyundai i10 Sportz,2011,Petrol,Individual,Manual,First Owner,Hyundai,14
CAR_003953,Hyundai Xcent 1.1 CRDi Base,2017,Diesel,Individual,Manual,First Owner,Hyundai,8
CAR_003954,Hyundai i20 Asta 1.4 CRDi,2016,Diesel,Individual,Manual,First Owner,Hyundai,9
CAR_003955,Mahindra TUV 300 T8,2016,Diesel,Individual,Manual,First Owner,Mahindra,9
CAR_003956,Tata Indigo CS eLS BS IV,2011,Diesel,Individual,Unknown,First Owner,Tata,14
CAR_003957,Ford Fiesta 1.4 SXi TDCi ABS,2008,Diesel,Individual,Manual,Second Owner,Ford,17
CAR_003958,Maruti Swift Dzire VXi,2010,Petrol,Individual,Manual,Second Owner,Maruti,15
CAR_003959,Mahindra Xylo H8 ABS with Airbags,2018,Diesel,Individual,Unknown,First Owner,Mahindra,7
CAR_003960,Hyundai Accent CRDi,2004,Diesel,Individual,Unknown,Second Owner,Hyundai,21
CAR_003961,Skoda Rapid 1.6 TDI PRESTIGE,2013,Diesel,Individual,Manual,Second Owner,Skoda,12
CAR_003962,Maruti Swift ZDi,2014,Diesel,Dealer,Unknown,First Owner,Maruti,11
CAR_003963,Hyundai Santro Xing GLS,2014,Petrol,Dealer,Manual,First Owner,Hyundai,11
CAR_003964,Maruti Wagon R VXI BS IV,2015,Petrol,Dealer,Manual,First Owner,Maruti,10
CAR_003965,Renault Duster 85PS Diesel RxE,2014,Diesel,Dealer,Manual,First Owner,Renault,11
CAR_003966,Maruti Swift VXI,2012,Petrol,Dealer,Manual,First Owner,Maruti,13
CAR_003967,Maruti Alto LXi BSIII,2010,Electric,Dealer,Manual,First Owner,Maruti,15
CAR_003968,Renault Duster 110PS Diesel RxZ,2013,Diesel,Dealer,Manual,First Owner,Renault,12
CAR_003969,Honda City S,2013,Petrol,Dealer,Manual,First Owner,Honda,12
CAR_003970,Mercedes-Benz GLS 2016-2020 350d 4MATIC,2016,Diesel,Dealer,Automatic,First Owner,Mercedes-Benz,9
CAR_003971,Maruti Swift Dzire VDI,2015,Diesel,Dealer,Manual,First Owner,Maruti,10
CAR_003972,Mahindra Xylo E6,2009,Diesel,Dealer,Manual,First Owner,Mahindra,16
CAR_003973,Ford EcoSport 1.5 TDCi Titanium BSIV,2015,Diesel,Dealer,Unknown,First Owner,Ford,10
CAR_003974,Hyundai Grand i10 1.2 Kappa Asta,2019,Petrol,Individual,Manual,First Owner,Hyundai,6
CAR_003975,Maruti Ciaz ZXi,2015,Petrol,Individual,Manual,First Owner,Maruti,10
CAR_003976,Maruti Swift Vdi BSIII,2009,Diesel,Individual,Manual,Second Owner,Maruti,16
CAR_003977,Ford Figo Diesel Titanium,2012,Diesel,Individual,Manual,First Owner,Ford,13
CAR_003978,Fiat Palio 1.2 Sport,2007,Petrol,Individual,Unknown,Second Owner,Fiat,18
CAR_003979,Tata Manza Aqua Quadrajet BS IV,2010,Diesel,Individual,Manual,First Owner,Tata,15
CAR_003980,Mahindra Verito 1.5 D2 BSIII,2011,Diesel,Individual,Manual,First Owner,Mahindra,14
CAR_003981,Hyundai Creta 1.6 CRDi SX Option,2015,Diesel,Individual,Manual,Second Owner,Hyundai,10
CAR_003982,Toyota Innova 2.5 VX (Diesel) 8 Seater,2014,Diesel,Individual,Unknown,Second Owner,Toyota,11
CAR_003983,Chevrolet Cruze LT,2012,Electric,Individual,Manual,Fourth & Above Owner,Chevrolet,13
CAR_003984,Maruti Swift Dzire LDi,2010,Diesel,Individual,Manual,Third Owner,Maruti,15
CAR_003985,Maruti Zen LX,2000,Petrol,Individual,Manual,Second Owner,Maruti,25
CAR_003986,Fiat Punto EVO 1.3 Dynamic,2016,Diesel,Individual,Manual,First Owner,Fiat,9
CAR_003987,Hyundai EON Era Plus,2018,Petrol,Individual,Manual,First Owner,Hyundai,7
CAR_003988,Maruti Alto LXi BSIII,2010,Petrol,Individual,Manual,Second Owner,Maruti,15
CAR_003989,Volkswagen Jetta 1.9 TDI Trendline,2009,Diesel,Individual,Manual,First Owner,Volkswagen,16
CAR_003990,Maruti Swift VXI,2013,Petrol,Individual,Manual,Second Owner,Maruti,12
CAR_003991,Maruti Alto 800 LXI,2018,Petrol,Individual,Manual,First Owner,Maruti,7
CAR_003992,Chevrolet Beat LS,2016,Petrol,Individual,Manual,Third Owner,Chevrolet,9
CAR_003993,Maruti Zen LX,2001,Petrol,Individual,Unknown,Fourth & Above Owner,Maruti,24
CAR_003994,Ford Figo Diesel ZXI,2012,Diesel,Individual,Unknown,Second Owner,Ford,13
CAR_003995,Tata Indica GLS BS IV,2010,Petrol,Individual,Manual,Third Owner,Tata,15
CAR_003996,Mahindra XUV500 W8 2WD,2015,Diesel,Individual,Manual,Second Owner,Mahindra,10
CAR_003997,Hyundai i20 Asta 1.4 CRDi,2015,Diesel,Individual,Manual,First Owner,Hyundai,10
CAR_003998,Fiat Punto 1.3 Emotion,2010,Diesel,Individual,Manual,Third Owner,Fiat,15
CAR_003999,Tata Indigo Grand Petrol,2014,Petrol,Individual,Manual,Second Owner,Tata,11
CAR_004000,Hyundai Creta 1.6 VTVT S,2015,Petrol,Individual,Manual,First Owner,Hyundai,10
CAR_004001,Hyundai i20 Active 1.2 SX,2016,Petrol,Individual,Manual,First Owner,Hyundai,9
CAR_004002,Maruti Celerio Green VXI,2017,CNG,Individual,Manual,First Owner,Maruti,8
CAR_004003,Hyundai i20 Active 1.2 SX,2016,Petrol,Individual,Manual,First Owner,Hyundai,9
CAR_004004,Chevrolet Sail 1.2 Base,2015,Petrol,Individual,Manual,First Owner,Chevrolet,10
CAR_004005,Tata Indigo Grand Petrol,2014,Petrol,Individual,Manual,First Owner,Tata,11
CAR_004006,Tata New Safari 4X2,2007,Petrol,Individual,Unknown,Second Owner,Tata,18
CAR_004007,Maruti Wagon R LXI,2004,Electric,Individual,Manual,Fourth & Above Owner,Maruti,21
CAR_004008,Chevrolet Sail Hatchback LT ABS,2013,Diesel,Individual,Manual,First Owner,Chevrolet,12
CAR_004009,Honda City 1.3 EXI,2002,Petrol,Individual,Manual,First Owner,Honda,23
CAR_004010,Ford EcoSport 1.5 Diesel Titanium Plus BSIV,2018,Diesel,Individual,Manual,First Owner,Ford,7
CAR_004011,Maruti Swift VXI,2019,Petrol,Individual,Manual,First Owner,Maruti,6
CAR_004012,Maruti Alto LX BSIII,2008,Petrol,Individual,Manual,Second Owner,Maruti,17
CAR_004013,Hyundai EON Era Plus Sports Edition,2014,Petrol,Individual,Manual,First Owner,Hyundai,11
CAR_004014,Hyundai EON Magna Plus,2018,Petrol,Individual,Unknown,First Owner,Hyundai,7
CAR_004015,Maruti Alto LXi,2011,Petrol,Individual,Manual,Second Owner,Maruti,14
CAR_004016,Skoda Rapid 1.6 MPI AT Ambition BSIV,2017,Petrol,Individual,Automatic,First Owner,Skoda,8
CAR_004017,Ambassador CLASSIC 1500 DSL AC,2005,Diesel,Individual,Manual,Second Owner,Ambassador,20
CAR_004018,Fiat Linea T Jet Emotion,2010,Petrol,Individual,Manual,Second Owner,Fiat,15
CAR_004019,Renault Scala Diesel RxL,2013,Diesel,Individual,Manual,First Owner,Renault,12
CAR_004020,Tata Nexon 1.2 Revotron XZ Plus Dual Tone,2018,Petrol,Individual,Unknown,First Owner,Tata,7
CAR_004021,Maruti Gypsy King HT BSIV,2001,Petrol,Individual,Manual,Third Owner,Maruti,24
CAR_004022,Maruti 800 AC Uniq,2005,Petrol,Individual,Manual,Second Owner,Maruti,20
CAR_004023,Maruti Wagon R LXI Minor,2008,Petrol,Individual,Manual,Second Owner,Maruti,17
CAR_004024,Maruti Wagon R VXI BS IV,2010,Petrol,Individual,Manual,Second Owner,Maruti,15
CAR_004025,Toyota Innova 2.5 VX 8 STR,2012,Diesel,Individual,Manual,First Owner,Toyota,13
CAR_004026,Toyota Innova 2.5 EV Diesel MS 7 Str BSIII,2010,Diesel,Individual,Manual,First Owner,Toyota,15
CAR_004027,Maruti Wagon R VXI BSIII,2012,Petrol,Individual,Manual,Second Owner,Maruti,13
CAR_004028,Ford Ecosport 1.5 DV5 MT Titanium,2014,Diesel,Individual,Manual,First Owner,Ford,11
CAR_004029,Toyota Corolla H2,2005,Electric,Individual,Manual,Fourth & Above Owner,Toyota,20
CAR_004030,Maruti Ritz VDi,2012,Electric,Individual,Manual,Fourth & Above Owner,Maruti,13
CAR_004031,Hyundai EON Magna Plus,2014,Petrol,Individual,Manual,First Owner,Hyundai,11
CAR_004032,Nissan Micra Diesel XV,2013,Diesel,Individual,Manual,First Owner,Nissan,12
CAR_004033,Mahindra TUV 300 mHAWK100 T8,2017,Diesel,Individual,Manual,First Owner,Mahindra,8
CAR_004034,Hyundai Verna SX AT Diesel,2009,Diesel,Dealer,Automatic,First Owner,Hyundai,16
CAR_004035,Hyundai EON Magna Plus,2018,Petrol,Individual,Manual,First Owner,Hyundai,7
CAR_004036,Hyundai Xcent 1.2 CRDi E,2017,Diesel,Individual,Manual,First Owner,Hyundai,8
CAR_004037,Maruti Zen LX - BS III,2006,Electric,Individual,Manual,First Owner,Maruti,19
CAR_004038,Maruti Celerio VXI Optional,2017,Petrol,Dealer,Unknown,First Owner,Maruti,8
CAR_004039,Chevrolet Spark 1.0,2010,Petrol,Individual,Manual,First Owner,Chevrolet,15
CAR_004040,Maruti Alto 800 LXI Optional,2019,Petrol,Dealer,Manual,First Owner,Maruti,6
CAR_004041,Maruti Eeco 7 Seater Standard BSIV,2017,Petrol,Dealer,Manual,First Owner,Maruti,8
CAR_004042,Maruti Alto 800 LXI Opt BSIV,2018,Petrol,Dealer,Manual,First Owner,Maruti,7
CAR_004043,Volkswagen Vento 1.5 TDI Highline Plus AT BSIV,2019,Diesel,Individual,Automatic,First Owner,Volkswagen,6
CAR_004044,Maruti Esteem Lxi - BSIII,2005,Petrol,Individual,Manual,First Owner,Maruti,20
CAR_004045,Maruti Alto K10 VXI Optional,2014,Petrol,Dealer,Manual,Second Owner,Maruti,11
CAR_004046,Tata Indigo TDI,2009,Diesel,Individual,Manual,Third Owner,Tata,16
CAR_004047,Maruti Alto LXi,2011,Petrol,Individual,Manual,First Owner,Maruti,14
CAR_004048,Volvo XC 90 D5 Inscription BSIV,2017,Diesel,Individual,Automatic,First Owner,Volvo,8
CAR_004049,Maruti Alto K10 VXI,2018,Electric,Individual,Manual,Third Owner,Maruti,7
CAR_004050,Hyundai Creta 1.6 CRDi SX Plus,2016,Diesel,Individual,Manual,Third Owner,Hyundai,9
CAR_004051,Maruti Wagon R LXI Minor,2008,Petrol,Individual,Manual,Third Owner,Maruti,17
CAR_004052,Volkswagen Vento Diesel Trendline,2011,Diesel,Individual,Manual,Second Owner,Volkswagen,14
CAR_004053,Hyundai Creta 1.6 CRDi SX,2016,Diesel,Individual,Manual,First Owner,Hyundai,9
CAR_004054,Tata Indica Vista Quadrajet LS,2012,Diesel,Individual,Manual,First Owner,Tata,13
CAR_004055,Renault KWID RXT,2017,Petrol,Individual,Manual,First Owner,Renault,8
CAR_004056,Tata Nexon 1.2 Revotron XZ Plus Dual Tone,2017,Petrol,Individual,Manual,First Owner,Tata,8
CAR_004057,Mahindra TUV 300 T10 Dual Tone,2018,Diesel,Individual,Manual,First Owner,Mahindra,7
CAR_004058,Honda Jazz 1.2 S i VTEC,2017,Petrol,Individual,Manual,First Owner,Honda,8
CAR_004059,Hyundai EON Era Plus,2018,Petrol,Individual,Manual,First Owner,Hyundai,7
CAR_004060,Mahindra XUV500 W7 AT BSIV,2018,Diesel,Individual,Automatic,First Owner,Mahindra,7
CAR_004061,Mahindra Thar CRDe AC,2014,Diesel,Individual,Manual,Second Owner,Mahindra,11
CAR_004062,Hyundai Grand i10 1.2 Kappa Magna BSIV,2019,Petrol,Individual,Manual,First Owner,Hyundai,6
CAR_004063,Ford EcoSport 1.5 Diesel Titanium Plus BSIV,2017,Diesel,Individual,Manual,First Owner,Ford,8
CAR_004064,Maruti Eeco 5 STR With AC Plus HTR CNG,2017,CNG,Dealer,Manual,First Owner,Maruti,8
CAR_004065,Maruti Celerio ZXI,2016,Petrol,Dealer,Manual,First Owner,Maruti,9
CAR_004066,Hyundai i10 Magna,2011,Petrol,Dealer,Manual,First Owner,Hyundai,14
CAR_004067,Maruti Ertiga SHVS ZDI Plus,2017,Diesel,Dealer,Manual,First Owner,Maruti,8
CAR_004068,Hyundai Verna 1.6 CRDi AT SX,2017,Diesel,Dealer,Automatic,First Owner,Hyundai,8
CAR_004069,Maruti Ertiga SHVS ZDI,2016,Diesel,Dealer,Manual,First Owner,Maruti,9
CAR_004070,Maruti Wagon R VXI Minor,2012,Electric,Individual,Manual,First Owner,Maruti,13
CAR_004071,Hyundai i20 1.2 Asta,2011,Petrol,Dealer,Manual,First Owner,Hyundai,14
CAR_004072,Maruti Ertiga ZDI,2013,Diesel,Dealer,Manual,First Owner,Maruti,12
CAR_004073,Toyota Innova 2.5 V Diesel 8-seater,2012,Diesel,Dealer,Manual,First Owner,Toyota,13
CAR_004074,Ford Figo Petrol ZXI,2012,Petrol,Individual,Manual,Third Owner,Ford,13
CAR_004075,Hyundai i10 Sportz 1.1L,2014,Petrol,Dealer,Manual,First Owner,Hyundai,11
CAR_004076,Maruti Wagon R VXI BS IV,2018,Petrol,Dealer,Unknown,First Owner,Maruti,7
CAR_004077,Maruti Ertiga VXI CNG,2014,CNG,Dealer,Manual,First Owner,Maruti,11
CAR_004078,Mahindra Scorpio EX,2013,Diesel,Individual,Unknown,First Owner,Mahindra,12
CAR_004079,Maruti Vitara Brezza VDi Option,2017,Diesel,Individual,Manual,First Owner,Maruti,8
CAR_004080,Maruti Alto 800 VXI,2019,Petrol,Individual,Manual,First Owner,Maruti,6
CAR_004081,Chevrolet Sail 1.2 Base,2014,Petrol,Individual,Manual,Second Owner,Chevrolet,11
CAR_004082,Toyota Etios Liva GD SP,2012,Diesel,Individual,Manual,First Owner,Toyota,13
CAR_004083,Maruti Swift VXI BSIII,2009,Petrol,Individual,Manual,Second Owner,Maruti,16
CAR_004084,Hyundai Santro Xing GLS,2009,Petrol,Individual,Manual,Third Owner,Hyundai,16
CAR_004085,Maruti Esteem Lxi,2004,Petrol,Individual,Manual,First Owner,Maruti,21
CAR_004086,Ford Figo Diesel Titanium,2014,Diesel,Individual,Manual,Second Owner,Ford,11
CAR_004087,Mahindra Scorpio 2.6 Turbo 7 Str,2008,Diesel,Individual,Manual,Second Owner,Mahindra,17
CAR_004088,Hyundai Verna CRDi SX,2010,Diesel,Individual,Manual,Second Owner,Hyundai,15
CAR_004089,Maruti 800 AC,2009,Petrol,Individual,Manual,Second Owner,Maruti,16
CAR_004090,Hyundai Creta 1.6 CRDi SX,2016,Diesel,Individual,Manual,First Owner,Hyundai,9
CAR_004091,Honda City i DTEC S,2014,Diesel,Individual,Manual,First Owner,Honda,11
CAR_004092,Hyundai Grand i10 1.2 Kappa Magna AT,2017,Petrol,Dealer,Automatic,First Owner,Hyundai,8
CAR_004093,Mahindra Verito Vibe 1.5 dCi D6,2015,Diesel,Individual,Unknown,First Owner,Mahindra,10
CAR_004094,Nissan Sunny XL D,2013,Diesel,Dealer,Unknown,First Owner,Nissan,12
CAR_004095,Ford EcoSport 1.5 Petrol Titanium Plus AT BSIV,2015,Petrol,Trustmark Dealer,Automatic,First Owner,Ford,10
CAR_004096,Hyundai i20 1.2 Magna Executive,2016,Petrol,Dealer,Manual,First Owner,Hyundai,9
CAR_004097,Mahindra XUV500 W10 1.99 mHawk,2016,Diesel,Trustmark Dealer,Manual,First Owner,Mahindra,9
CAR_004098,Maruti Baleno Zeta 1.2,2017,Electric,Trustmark Dealer,Manual,First Owner,Maruti,8
CAR_004099,Honda Brio S MT,2013,Petrol,Trustmark Dealer,Manual,First Owner,Honda,12
CAR_004100,Maruti Swift DDiS VDI,2015,Diesel,Trustmark Dealer,Manual,First Owner,Maruti,10
CAR_004101,Honda City i DTEC SV,2015,Diesel,Trustmark Dealer,Manual,First Owner,Honda,10
CAR_004102,Mahindra Scorpio 1.99 S4,2016,Electric,Individual,Manual,First Owner,Mahindra,9
CAR_004103,Maruti Alto LXi,2008,Petrol,Individual,Manual,First Owner,Maruti,17
CAR_004104,Tata Manza Aura Safire BS IV,2013,Petrol,Individual,Manual,First Owner,Tata,12
CAR_004105,Toyota Innova 2.5 GX 8 STR BSIV,2012,Diesel,Individual,Manual,First Owner,Toyota,13
CAR_004106,Tata Harrier XE,2020,Diesel,Individual,Manual,First Owner,Tata,5
CAR_004107,Ford Ecosport 1.5 Petrol Ambiente,2017,Petrol,Individual,Manual,First Owner,Ford,8
CAR_004108,Tata Tiago 1.05 Revotorq XM,2017,Diesel,Individual,Manual,First Owner,Tata,8
CAR_004109,Mahindra Bolero Power Plus Plus AC BSIV PS,2015,Diesel,Individual,Manual,Third Owner,Mahindra,10
CAR_004110,Maruti Eeco 5 Seater AC BSIV,2017,Petrol,Dealer,Manual,First Owner,Maruti,8
CAR_004111,Tata Indica Vista Quadrajet LS,2012,Diesel,Individual,Manual,First Owner,Tata,13
CAR_004112,Hyundai Verna SX,2007,Petrol,Dealer,Manual,First Owner,Hyundai,18
CAR_004113,Honda Jazz 1.5 VX i DTEC,2015,Diesel,Individual,Manual,First Owner,Honda,10
CAR_004114,Tata New Safari DICOR 2.2 GX 4x2 BS IV,2012,Diesel,Individual,Manual,First Owner,Tata,13
CAR_004115,Hyundai Verna i (Petrol),2007,Petrol,Individual,Manual,Second Owner,Hyundai,18
CAR_004116,Hyundai Santro Xing XO,2006,Electric,Individual,Manual,First Owner,Hyundai,19
CAR_004117,Maruti SX4 Celebration Petrol,2012,Petrol,Individual,Manual,Second Owner,Maruti,13
CAR_004118,Hyundai i20 Active S Diesel,2018,Diesel,Dealer,Manual,First Owner,Hyundai,7
CAR_004119,Maruti Alto 800 LXI,2018,Petrol,Dealer,Manual,First Owner,Maruti,7
CAR_004120,Honda Amaze V CVT Petrol BSIV,2018,Petrol,Dealer,Automatic,First Owner,Honda,7
CAR_004121,Tata Indica Vista Aqua 1.2 Safire BSIV,2010,Electric,Individual,Manual,First Owner,Tata,15
CAR_004122,Maruti Ciaz ZXi,2016,Petrol,Dealer,Manual,First Owner,Maruti,9
CAR_004123,Hyundai i20 Active SX Petrol,2016,Petrol,Dealer,Manual,First Owner,Hyundai,9
CAR_004124,Tata Indigo CR4,2012,Diesel,Individual,Unknown,First Owner,Tata,13
CAR_004125,Hyundai i10 Magna,2012,Petrol,Dealer,Manual,First Owner,Hyundai,13
CAR_004126,Nissan Terrano XL 85 PS,2014,Diesel,Dealer,Manual,First Owner,Nissan,11
CAR_004127,Tata New Safari DICOR 2.2 EX 4x2,2012,Diesel,Dealer,Manual,First Owner,Tata,13
CAR_004128,Hyundai EON Magna Plus,2015,Petrol,Dealer,Manual,First Owner,Hyundai,10
CAR_004129,Maruti Swift 1.3 VXi,2009,Electric,Individual,Manual,First Owner,Maruti,16
CAR_004130,Mahindra Xylo E4,2011,Diesel,Individual,Manual,Second Owner,Mahindra,14
CAR_004131,Maruti Ritz VXI,2009,Petrol,Individual,Manual,First Owner,Maruti,16
CAR_004132,Hyundai Creta 1.6 CRDi SX,2016,Diesel,Individual,Manual,First Owner,Hyundai,9
CAR_004133,Maruti Zen LXI,2003,Petrol,Individual,Manual,Fourth & Above Owner,Maruti,22
CAR_004134,Hyundai Xcent 1.2 CRDi SX,2015,Diesel,Dealer,Manual,First Owner,Hyundai,10
CAR_004135,Maruti Swift VDI Optional,2015,Diesel,Individual,Manual,First Owner,Maruti,10
CAR_004136,Mahindra Scorpio 2.6 CRDe,2006,Diesel,Individual,Unknown,Second Owner,Mahindra,19
CAR_004137,Hyundai Santro Xing XS,2008,Electric,Individual,Manual,Second Owner,Hyundai,17
CAR_004138,Hyundai EON Era Plus,2015,Petrol,Individual,Manual,First Owner,Hyundai,10
CAR_004139,Hyundai Verna 1.6 SX CRDi (O),2014,Diesel,Dealer,Unknown,First Owner,Hyundai,11
CAR_004140,Maruti S-Cross Alpha DDiS 200 SH,2018,Electric,Individual,Unknown,First Owner,Maruti,7
CAR_004141,Maruti Eeco 5 STR With AC Plus HTR CNG,2018,CNG,Individual,Manual,First Owner,Maruti,7
CAR_004142,Fiat Linea Emotion (Diesel),2011,Diesel,Individual,Manual,First Owner,Fiat,14
CAR_004143,Honda Civic 1.8 V MT,2008,Petrol,Individual,Unknown,Second Owner,Honda,17
CAR_004144,Tata Indica LSI,2005,Petrol,Individual,Manual,Third Owner,Tata,20
CAR_004145,Chevrolet Sail 1.3 LS,2013,Diesel,Dealer,Manual,First Owner,Chevrolet,12
CAR_004146,Toyota Camry Hybrid,2006,Electric,Dealer,Automatic,Second Owner,Toyota,19
CAR_004147,Hyundai Verna CRDi SX,2007,Diesel,Dealer,Manual,Second Owner,Hyundai,18
CAR_004148,Skoda Octavia Elegance 2.0 TDI AT,2013,Diesel,Dealer,Unknown,Second Owner,Skoda,12
CAR_004149,Chevrolet Beat Diesel LT,2011,Diesel,Dealer,Manual,Second Owner,Chevrolet,14
CAR_004150,Toyota Innova 2.5 G (Diesel) 7 Seater,2013,Diesel,Dealer,Manual,First Owner,Toyota,12
CAR_004151,Honda Amaze S i-Dtech,2014,Diesel,Dealer,Manual,First Owner,Honda,11
CAR_004152,Maruti SX4 Zxi BSIII,2008,Petrol,Individual,Manual,First Owner,Maruti,17
CAR_004153,Hyundai Accent Executive CNG,2010,CNG,Individual,Manual,First Owner,Hyundai,15
CAR_004154,Skoda Octavia Ambiente 1.9 TDI MT,2002,Diesel,Individual,Manual,Second Owner,Skoda,23
CAR_004155,Honda City Edge Edition Diesel SV,2018,Diesel,Individual,Manual,First Owner,Honda,7
CAR_004156,Maruti Wagon R LXI Minor,2009,Petrol,Individual,Manual,First Owner,Maruti,16
CAR_004157,Maruti Swift Vdi BSIII,2009,Diesel,Individual,Manual,Second Owner,Maruti,16
CAR_004158,Maruti SX4 S Cross DDiS 320 Zeta,2017,Diesel,Individual,Manual,First Owner,Maruti,8
CAR_004159,Tata Nano Cx BSIII,2014,Petrol,Individual,Manual,Second Owner,Tata,11
CAR_004160,Tata Indigo LX,2012,Electric,Individual,Manual,First Owner,Tata,13
CAR_004161,Hyundai Verna 1.6 VTVT S,2017,Electric,Individual,Manual,First Owner,Hyundai,8
CAR_004162,Ford Ecosport 1.5 DV5 MT Trend,2018,Diesel,Dealer,Manual,First Owner,Ford,7
CAR_004163,Maruti Baleno Zeta 1.2,2016,Petrol,Individual,Manual,First Owner,Maruti,9
CAR_004164,Audi Q3 2.0 TDI Quattro Premium Plus,2012,Diesel,Individual,Automatic,Second Owner,Audi,13
CAR_004165,Renault KWID 1.0 RXL,2018,Electric,Individual,Manual,First Owner,Renault,7
CAR_004166,Renault KWID RXT Optional,2016,Petrol,Individual,Manual,First Owner,Renault,9
CAR_004167,Maruti Ciaz ZDi SHVS,2015,Diesel,Individual,Manual,First Owner,Maruti,10
CAR_004168,Nissan Sunny XL,2012,Petrol,Individual,Manual,Third Owner,Nissan,13
CAR_004169,Chevrolet Tavera Neo 3 9 Str BSIII,2016,Electric,Individual,Manual,First Owner,Chevrolet,9
CAR_004170,Honda Accord 2.4 AT,2009,Petrol,Individual,Automatic,Third Owner,Honda,16
CAR_004171,Tata Harrier XZ BSIV,2019,Electric,Individual,Manual,First Owner,Tata,6
CAR_004172,Hyundai EON Era Plus,2013,Petrol,Individual,Manual,Third Owner,Hyundai,12
CAR_004173,Maruti Ertiga SHVS LDI,2017,Diesel,Individual,Manual,First Owner,Maruti,8
CAR_004174,Honda City i DTEC S,2014,Electric,Individual,Manual,First Owner,Honda,11
CAR_004175,Mahindra Scorpio 1.99 S4,2016,Electric,Individual,Unknown,First Owner,Mahindra,9
CAR_004176,Maruti Baleno Alpha 1.2,2019,Electric,Individual,Manual,First Owner,Maruti,6
CAR_004177,Tata Indigo Grand Dicor,2014,Diesel,Individual,Manual,First Owner,Tata,11
CAR_004178,Honda Amaze EX i-Dtech,2013,Diesel,Dealer,Manual,First Owner,Honda,12
CAR_004179,Maruti Swift VDI,2013,Electric,Dealer,Manual,First Owner,Maruti,12
CAR_004180,Hyundai Creta 1.6 CRDi SX Plus,2015,Diesel,Dealer,Manual,First Owner,Hyundai,10
CAR_004181,Toyota Etios GD SP,2013,Diesel,Dealer,Unknown,First Owner,Toyota,12
CAR_004182,Maruti Swift VDI,2007,Diesel,Dealer,Manual,First Owner,Maruti,18
CAR_004183,Maruti Alto LX,2011,Petrol,Individual,Manual,First Owner,Maruti,14
CAR_004184,Maruti Wagon R LXI Minor,2007,Petrol,Dealer,Unknown,First Owner,Maruti,18
CAR_004185,Maruti SX4 S Cross DDiS 320 Delta,2016,Diesel,Dealer,Manual,First Owner,Maruti,9
CAR_004186,Renault KWID RXT,2015,Petrol,Dealer,Manual,First Owner,Renault,10
CAR_004187,Toyota Fortuner 2.8 4WD AT BSIV,2017,Diesel,Individual,Automatic,First Owner,Toyota,8
CAR_004188,Hyundai Verna 1.6 SX,2013,Diesel,Dealer,Manual,First Owner,Hyundai,12
CAR_004189,Maruti Ciaz VDi Option SHVS,2015,Diesel,Dealer,Unknown,First Owner,Maruti,10
CAR_004190,Maruti Swift Dzire VDI,2013,Diesel,Dealer,Manual,First Owner,Maruti,12
CAR_004191,Toyota Innova 2.5 VX (Diesel) 8 Seater,2013,Diesel,Individual,Manual,First Owner,Toyota,12
CAR_004192,Mahindra Scorpio VLX 2WD AIRBAG SE BSIV,2012,Diesel,Dealer,Manual,First Owner,Mahindra,13
CAR_004193,Renault Duster 110PS Diesel RxL,2014,Diesel,Dealer,Unknown,First Owner,Renault,11
CAR_004194,Honda City 1.5 S MT,2010,Petrol,Individual,Manual,First Owner,Honda,15
CAR_004195,Tata Tigor 1.2 Revotron XZ Option,2018,Petrol,Individual,Manual,First Owner,Tata,7
CAR_004196,Maruti SX4 Zxi BSIII,2007,Electric,Individual,Manual,Third Owner,Maruti,18
CAR_004197,Maruti Ciaz ZDi Plus SHVS,2017,Diesel,Individual,Manual,Second Owner,Maruti,8
CAR_004198,Maruti Swift Dzire VDi,2010,Diesel,Individual,Manual,Third Owner,Maruti,15
CAR_004199,Ford EcoSport 1.5 Diesel Titanium Plus BSIV,2014,Diesel,Dealer,Manual,First Owner,Ford,11
CAR_004200,Ford EcoSport 1.5 Diesel Titanium Plus BSIV,2015,Diesel,Dealer,Manual,Second Owner,Ford,10
CAR_004201,Ford Ecosport 1.5 Diesel Titanium Plus,2019,Diesel,Dealer,Manual,First Owner,Ford,6
CAR_004202,Ford Figo Aspire 1.5 TDCi Titanium,2017,Diesel,Dealer,Manual,First Owner,Ford,8
CAR_004203,Ford Figo 1.5 Sports Edition MT,2017,Diesel,Dealer,Manual,First Owner,Ford,8
CAR_004204,Ford EcoSport 1.5 TDCi Titanium Plus BE BSIV,2018,Diesel,Dealer,Manual,First Owner,Ford,7
CAR_004205,Ford Endeavour 3.2 Titanium AT 4X4,2016,Diesel,Dealer,Automatic,First Owner,Ford,9
CAR_004206,Ford Figo Aspire 1.5 TDCi Titanium Plus,2015,Diesel,Dealer,Manual,Second Owner,Ford,10
CAR_004207,Hyundai i20 Active 1.2 SX,2015,Petrol,Individual,Manual,First Owner,Hyundai,10
CAR_004208,Hyundai EON Era Plus,2013,Electric,Individual,Manual,Third Owner,Hyundai,12
CAR_004209,Toyota Qualis FS B3,2001,Diesel,Dealer,Manual,First Owner,Toyota,24
CAR_004210,Mahindra Scorpio VLX 2WD BSIII,2008,Electric,Individual,Manual,First Owner,Mahindra,17
CAR_004211,Hyundai i20 Active 1.4 SX,2018,Diesel,Individual,Manual,First Owner,Hyundai,7
CAR_004212,Hyundai Elite i20 Diesel Asta Option,2019,Diesel,Individual,Manual,First Owner,Hyundai,6
CAR_004213,Maruti Ritz VXi,2015,Petrol,Individual,Manual,First Owner,Maruti,10
CAR_004214,Ford Ecosport 1.5 DV5 MT Titanium,2015,Diesel,Individual,Manual,Second Owner,Ford,10
CAR_004215,Mahindra Bolero 2011-2019 SLX,2015,Diesel,Individual,Unknown,First Owner,Mahindra,10
CAR_004216,Volkswagen Ameo 1.5 TDI Comfortline,2017,Diesel,Individual,Manual,First Owner,Volkswagen,8
CAR_004217,Toyota Innova 2.5 VX (Diesel) 8 Seater,2014,Diesel,Individual,Manual,First Owner,Toyota,11
CAR_004218,Honda City i DTec V,2017,Diesel,Individual,Manual,First Owner,Honda,8
CAR_004219,Honda City i-DTEC VX,2017,Diesel,Individual,Manual,First Owner,Honda,8
CAR_004220,Nissan Terrano XE 85 PS,2013,Diesel,Individual,Manual,First Owner,Nissan,12
CAR_004221,Fiat Punto EVO 1.3 Emotion,2017,Diesel,Individual,Manual,First Owner,Fiat,8
CAR_004222,Maruti Swift Dzire VDI Optional,2017,Diesel,Individual,Manual,First Owner,Maruti,8
CAR_004223,Maruti Celerio VDi,2015,Diesel,Individual,Manual,Second Owner,Maruti,10
CAR_004224,Mahindra Thar 4X2,2014,Diesel,Individual,Manual,First Owner,Mahindra,11
CAR_004225,Toyota Fortuner 2.7 2WD AT,2016,Petrol,Individual,Automatic,Second Owner,Toyota,9
CAR_004226,Hyundai i20 1.4 Asta Option,2017,Diesel,Individual,Manual,First Owner,Hyundai,8
CAR_004227,Maruti Swift Dzire ZDI,2015,Diesel,Individual,Manual,Second Owner,Maruti,10
CAR_004228,Volkswagen Vento Diesel Highline,2012,Diesel,Individual,Unknown,Second Owner,Volkswagen,13
CAR_004229,Mahindra XUV500 W10 AWD,2015,Diesel,Individual,Manual,First Owner,Mahindra,10
CAR_004230,Tata Indica Vista TDI LX,2015,Diesel,Individual,Manual,Second Owner,Tata,10
CAR_004231,Mahindra Verito 1.5 D4 BSIV,2015,Diesel,Individual,Manual,Third Owner,Mahindra,10
CAR_004232,Toyota Innova 2.5 G (Diesel) 8 Seater BS IV,2011,Diesel,Individual,Manual,First Owner,Toyota,14
CAR_004233,Hyundai Santro Xing XG AT,2004,Petrol,Individual,Automatic,Second Owner,Hyundai,21
CAR_004234,Tata Indica V2 DLS BSII,2010,Diesel,Individual,Unknown,Third Owner,Tata,15
CAR_004235,Mahindra KUV 100 G80 K4 Plus,2018,Petrol,Individual,Manual,First Owner,Mahindra,7
CAR_004236,Tata Indigo Classic Dicor,2014,Diesel,Individual,Manual,Third Owner,Tata,11
CAR_004237,Hyundai Grand i10 1.2 CRDi Asta,2018,Diesel,Individual,Manual,First Owner,Hyundai,7
CAR_004238,Maruti Baleno Alpha 1.2,2017,Petrol,Dealer,Manual,First Owner,Maruti,8
CAR_004239,Hyundai Grand i10 CRDi Magna,2017,Diesel,Dealer,Manual,First Owner,Hyundai,8
CAR_004240,Maruti Ertiga SHVS ZDI,2017,Diesel,Dealer,Manual,First Owner,Maruti,8
CAR_004241,Hyundai Santro Xing GL Plus,2013,Petrol,Individual,Manual,First Owner,Hyundai,12
CAR_004242,Tata Sumo GX TC 7 Str BSIII,2006,Diesel,Individual,Manual,Second Owner,Tata,19
CAR_004243,Maruti Vitara Brezza LDi Option,2017,Diesel,Dealer,Manual,First Owner,Maruti,8
CAR_004244,Honda Jazz S,2009,Petrol,Individual,Manual,First Owner,Honda,16
CAR_004245,Hyundai i20 1.4 Sportz,2017,Diesel,Dealer,Unknown,First Owner,Hyundai,8
CAR_004246,Maruti Swift Dzire VDI,2014,Diesel,Dealer,Manual,First Owner,Maruti,11
CAR_004247,Maruti Swift VDI,2016,Diesel,Dealer,Unknown,First Owner,Maruti,9
CAR_004248,Honda City 1.5 GXI,2007,Petrol,Dealer,Unknown,Second Owner,Honda,18
CAR_004249,Maruti Swift VDI,2015,Diesel,Dealer,Manual,First Owner,Maruti,10
CAR_004250,Volkswagen Jetta 2.0L TDI Comfortline,2014,Diesel,Dealer,Manual,Second Owner,Volkswagen,11
CAR_004251,Maruti SX4 ZDI,2011,Diesel,Dealer,Manual,First Owner,Maruti,14
CAR_004252,Renault Duster 85PS Diesel RxE,2013,Diesel,Dealer,Manual,First Owner,Renault,12
CAR_004253,Maruti Swift VDI BSIV,2015,Diesel,Dealer,Unknown,First Owner,Maruti,10
CAR_004254,Maruti Ertiga SHVS VDI,2017,Diesel,Individual,Manual,Second Owner,Maruti,8
CAR_004255,Hyundai Verna CRDi 1.6 AT EX,2018,Diesel,Individual,Unknown,Second Owner,Hyundai,7
CAR_004256,Mahindra XUV500 W8 2WD,2014,Electric,Individual,Manual,Second Owner,Mahindra,11
CAR_004257,Hyundai Grand i10 1.2 CRDi Asta,2018,Diesel,Individual,Manual,First Owner,Hyundai,7
CAR_004258,Maruti Baleno Alpha 1.2,2017,Petrol,Dealer,Manual,First Owner,Maruti,8
CAR_004259,Hyundai Grand i10 CRDi Magna,2017,Diesel,Dealer,Manual,First Owner,Hyundai,8
CAR_004260,Maruti Ertiga SHVS ZDI,2017,Electric,Dealer,Unknown,First Owner,Maruti,8
CAR_004261,Hyundai Santro Xing GL Plus,2013,Petrol,Individual,Manual,First Owner,Hyundai,12
CAR_004262,Tata Sumo GX TC 7 Str BSIII,2006,Electric,Individual,Manual,Second Owner,Tata,19
CAR_004263,Maruti Vitara Brezza LDi Option,2017,Diesel,Dealer,Manual,First Owner,Maruti,8
CAR_004264,Honda Jazz S,2009,Petrol,Individual,Manual,First Owner,Honda,16
CAR_004265,Hyundai i20 1.4 Sportz,2017,Diesel,Dealer,Manual,First Owner,Hyundai,8
CAR_004266,Maruti Swift Dzire VDI,2014,Diesel,Dealer,Manual,First Owner,Maruti,11
CAR_004267,Maruti Swift VDI,2016,Diesel,Dealer,Manual,First Owner,Maruti,9
CAR_004268,Honda City 1.5 GXI,2007,Petrol,Dealer,Manual,Second Owner,Honda,18
CAR_004269,Maruti Swift VDI,2015,Diesel,Dealer,Unknown,First Owner,Maruti,10
CAR_004270,Volkswagen Jetta 2.0L TDI Comfortline,2014,Diesel,Dealer,Unknown,Second Owner,Volkswagen,11
CAR_004271,Maruti SX4 ZDI,2011,Diesel,Dealer,Manual,First Owner,Maruti,14
CAR_004272,Renault Duster 85PS Diesel RxE,2013,Diesel,Dealer,Manual,First Owner,Renault,12
CAR_004273,Maruti Swift VDI BSIV,2015,Diesel,Dealer,Manual,First Owner,Maruti,10
CAR_004274,Maruti Ertiga SHVS VDI,2017,Diesel,Individual,Manual,Second Owner,Maruti,8
CAR_004275,Hyundai Verna CRDi 1.6 AT EX,2018,Diesel,Individual,Automatic,Second Owner,Hyundai,7
CAR_004276,Mahindra XUV500 W8 2WD,2014,Diesel,Individual,Manual,Second Owner,Mahindra,11
CAR_004277,Ford Fiesta 1.6 ZXi Duratec,2009,Petrol,Individual,Manual,Third Owner,Ford,16
CAR_004278,Tata Indigo CS LS (TDI) BS-III,2015,Diesel,Individual,Manual,Second Owner,Tata,10
CAR_004279,Honda Amaze S Petrol BSIV,2020,Petrol,Individual,Manual,First Owner,Honda,5
CAR_004280,Hyundai i10 Sportz 1.2,2010,Petrol,Individual,Manual,Second Owner,Hyundai,15
CAR_004281,Hyundai i10 Sportz 1.2,2010,Petrol,Individual,Manual,Second Owner,Hyundai,15
CAR_004282,Maruti Alto LXi,2011,Petrol,Individual,Manual,First Owner,Maruti,14
CAR_004283,Maruti Wagon R LX Minor,2013,Petrol,Individual,Manual,First Owner,Maruti,12
CAR_004284,Maruti Wagon R LXI BS IV,2013,Petrol,Individual,Manual,Second Owner,Maruti,12
CAR_004285,Hyundai Santro Xing XS eRLX Euro III,2006,Petrol,Individual,Manual,Second Owner,Hyundai,19
CAR_004286,Maruti Alto LXI,2005,Petrol,Individual,Manual,Second Owner,Maruti,20
CAR_004287,Fiat Punto 1.3 Emotion,2010,Diesel,Individual,Manual,Second Owner,Fiat,15
CAR_004288,Hyundai Santro AT,2006,Petrol,Individual,Automatic,Second Owner,Hyundai,19
CAR_004289,Maruti Alto LX BSIII,2008,Petrol,Individual,Manual,Third Owner,Maruti,17
CAR_004290,Maruti Swift Dzire VDI,2019,Diesel,Individual,Manual,First Owner,Maruti,6
CAR_004291,Maruti 800 Std,2004,Petrol,Individual,Manual,Second Owner,Maruti,21
CAR_004292,Maruti Ritz VDi,2011,Diesel,Individual,Manual,Second Owner,Maruti,14
CAR_004293,Nissan Sunny Diesel XL,2012,Diesel,Individual,Manual,First Owner,Nissan,13
CAR_004294,Hyundai Santro GS,2005,Petrol,Dealer,Manual,First Owner,Hyundai,20
CAR_004295,Mahindra XUV500 AT W8 FWD,2015,Electric,Dealer,Automatic,First Owner,Mahindra,10
CAR_004296,Mahindra Scorpio S10 7 Seater,2015,Electric,Individual,Manual,First Owner,Mahindra,10
CAR_004297,Hyundai Santro Xing XG,2005,Petrol,Dealer,Unknown,First Owner,Hyundai,20
CAR_004298,Hyundai Santro Sportz AMT,2019,Petrol,Dealer,Automatic,First Owner,Hyundai,6
CAR_004299,Nissan Micra Active XV S,2013,Petrol,Individual,Manual,First Owner,Nissan,12
CAR_004300,Honda City 1.5 V AT,2008,Petrol,Individual,Automatic,First Owner,Honda,17
CAR_004301,Mercedes-Benz E-Class E250 CDI Elegance,2011,Diesel,Dealer,Automatic,First Owner,Mercedes-Benz,14
CAR_004302,Maruti Alto LXI,2005,Petrol,Individual,Manual,Second Owner,Maruti,20
CAR_004303,BMW 7 Series 730Ld,2006,Diesel,Dealer,Automatic,First Owner,BMW,19
CAR_004304,Hyundai Verna 1.6 VTVT,2010,Electric,Dealer,Manual,First Owner,Hyundai,15
CAR_004305,Audi Q5 3.0 TDI Quattro Technology,2018,Electric,Dealer,Automatic,First Owner,Audi,7
CAR_004306,Maruti Ritz VDi,2011,Diesel,Individual,Manual,Second Owner,Maruti,14
CAR_004307,Hyundai i10 Sportz 1.2,2011,Petrol,Dealer,Manual,First Owner,Hyundai,14
CAR_004308,Mahindra Xylo H4,2019,Diesel,Individual,Manual,Third Owner,Mahindra,6
CAR_004309,Maruti Alto 800 LXI,2018,Petrol,Individual,Unknown,First Owner,Maruti,7
CAR_004310,Datsun GO Plus T,2017,Petrol,Dealer,Manual,First Owner,Datsun,8
CAR_004311,Renault Duster 110PS Diesel RxL,2015,Diesel,Dealer,Manual,First Owner,Renault,10
CAR_004312,Toyota Camry Hybrid 2.5,2017,Petrol,Dealer,Automatic,First Owner,Toyota,8
CAR_004313,Maruti Ertiga 1.5 VDI,2019,Diesel,Individual,Manual,First Owner,Maruti,6
CAR_004314,Ford Endeavour 2.2 Titanium AT 4X2,2019,Diesel,Individual,Automatic,First Owner,Ford,6
CAR_004315,Maruti Swift Dzire VDI,2015,Diesel,Individual,Manual,First Owner,Maruti,10
CAR_004316,Maruti Celerio ZXI,2017,Petrol,Individual,Manual,First Owner,Maruti,8
CAR_004317,Nissan Terrano XL 85 PS,2014,Diesel,Individual,Manual,First Owner,Nissan,11
CAR_004318,Chevrolet Spark 1.0 LT BS3,2013,Electric,Individual,Manual,Second Owner,Chevrolet,12
CAR_004319,Maruti Alto STD,2005,Petrol,Individual,Manual,Second Owner,Maruti,20
CAR_004320,Maruti Swift LDI,2012,Diesel,Individual,Manual,First Owner,Maruti,13
CAR_004321,Maruti Alto LX,2008,Petrol,Individual,Manual,Second Owner,Maruti,17
CAR_004322,Maruti Alto LX,2006,Petrol,Individual,Manual,First Owner,Maruti,19
CAR_004323,Hyundai Verna 1.6 SX CRDi (O),2013,Diesel,Individual,Manual,First Owner,Hyundai,12
CAR_004324,Maruti 800 AC,2014,Petrol,Individual,Manual,Second Owner,Maruti,11
CAR_004325,Maruti Alto 800 Base,2015,Electric,Individual,Manual,First Owner,Maruti,10
CAR_004326,Maruti Alto LXi,2000,Petrol,Individual,Manual,Second Owner,Maruti,25
CAR_004327,Honda City 1.5 GXI,2005,Petrol,Individual,Manual,Third Owner,Honda,20
CAR_004328,Tata Nano XM,2015,Petrol,Individual,Manual,Second Owner,Tata,10
CAR_004329,Mahindra Verito 1.5 D6 BSIII,2012,Diesel,Individual,Manual,Second Owner,Mahindra,13
CAR_004330,Tata Manza Aura Safire BS IV,2010,Petrol,Individual,Manual,Second Owner,Tata,15
CAR_004331,Tata Indica Vista Aqua 1.4 TDI,2010,Diesel,Individual,Manual,Second Owner,Tata,15
CAR_004332,Ford EcoSport 1.5 TDCi Titanium BSIV,2015,Diesel,Individual,Manual,Third Owner,Ford,10
CAR_004333,Mahindra Scorpio S2 7 Seater,2015,Diesel,Individual,Unknown,First Owner,Mahindra,10
CAR_004334,Maruti Ritz VDi,2012,Electric,Individual,Manual,Second Owner,Maruti,13
CAR_004335,Toyota Innova 2.5 VX (Diesel) 8 Seater BS IV,2012,Diesel,Individual,Manual,First Owner,Toyota,13
CAR_004336,Hyundai i20 Magna 1.4 CRDi (Diesel),2014,Diesel,Individual,Manual,Second Owner,Hyundai,11
CAR_004337,Hyundai i20 Magna 1.4 CRDi,2014,Diesel,Individual,Unknown,Second Owner,Hyundai,11
CAR_004338,Maruti 800 AC BSIII,2009,Petrol,Individual,Manual,Second Owner,Maruti,16
CAR_004339,Hyundai Creta 1.6 CRDi SX Option,2016,Diesel,Individual,Manual,First Owner,Hyundai,9
CAR_004340,Renault KWID RXT,2016,Petrol,Individual,Manual,First Owner,Renault,9
